Nama Bank,Provinsi,Kabupaten/Kota,Jenis,Latitude,Longitude
PT Bank Perekonomian Rakyat Cikarang Raharja,Provinsi Jawa Barat,Kab. Bekasi,Konvensional,-6.2584032,107.1336666
PT Bank Perekonomian Rakyat Dana Multi Guna,Provinsi Jawa Barat,Kab. Bekasi,Konvensional,-6.249312,107.1556541
PT. BPR Siwa Raharja Utama,Provinsi Jawa Barat,Kab. Bekasi,Konvensional,-6.2675266,107.1271288
PT Bank Perekonomian Rakyat Binadana Makmur,Provinsi Jawa Barat,Kab. Bekasi,Konvensional,-6.2647617,107.0548284
PT Bank Perekonomian Rakyat Sentral Mandiri,Provinsi Jawa Barat,Kab. Bekasi,Konvensional,-6.2795851,106.9108747
PT Bank Perekonomian Rakyat Antar Guna,Provinsi Jawa Barat,Kab. Bekasi,Konvensional,-6.2638911,107.0523962
PT Bank Perekonomian Rakyat Artha Sentana Hardja,Provinsi Jawa Barat,Kab. Bekasi,Konvensional,-6.2782804,106.9107089
PT Bank Perekonomian Rakyat Karya Kurniautama,Provinsi Jawa Barat,Kab. Bekasi,Konvensional,-6.3185767,107.1335439
PT. BPR Artaprima Danajasa,Provinsi Jawa Barat,Kab. Bekasi,Konvensional,-6.271834,107.0464293
PT Bank Perekonomian Rakyat Olympindo Primadana,Provinsi Jawa Barat,Kab. Bekasi,Konvensional,-6.2712604,106.9092317
PD. BPR LPK Cibitung,Provinsi Jawa Barat,Kab. Bekasi,Konvensional,-6.331167,107.0393225
PD. BPR LPK Sukatani,Provinsi Jawa Barat,Kab. Bekasi,Konvensional,-6.249604,107.027521
PD. BPR LPK Setu,Provinsi Jawa Barat,Kab. Bekasi,Konvensional,-6.331167,107.0393225
PD. BPR LPK Cibarusah,Provinsi Jawa Barat,Kab. Bekasi,Konvensional,-6.331167,107.0393225
PD. BPR LPK Pondok Gede,Provinsi Jawa Barat,Kab. Bekasi,Konvensional,-6.331167,107.0393225
PT. BPR Wibawa Mukti Jabar,Provinsi Jawa Barat,Kab. Bekasi,Konvensional,-6.2193948,106.9705187
PT Bank Perekonomian Rakyat Talabumi Ekapersada,Provinsi Jawa Barat,Kab. Bekasi,Konvensional,-6.3111487,107.173465
PT Bank Perekonomian Rakyat Prabu Mitra,Provinsi Jawa Barat,Kab. Bekasi,Konvensional,-6.2525046,107.0288638
PT. BPR Arthamutiara Permai,Provinsi Jawa Barat,Kab. Bekasi,Konvensional,-6.2388071,106.7913684
PT Bank Perekonomian Rakyat Usaha Rakyat,Provinsi Jawa Barat,Kab. Bekasi,Konvensional,-6.2668786,107.0765189
PT. BPR Sekar,Provinsi Jawa Barat,Kab. Bekasi,Konvensional,-6.3381924,107.1196835
PT Bank Perekonomian Rakyat Artha Sarana Abadi,Provinsi Jawa Barat,Kab. Bekasi,Konvensional,-6.245838,106.9897588
PT. BPR Trisurya Binaartha,Provinsi Jawa Barat,Kab. Bekasi,Konvensional,-6.2931124,107.0717569
PT Bank Perekonomian Rakyat Cakradana Tirtamas Reksa,Provinsi Jawa Barat,Kab. Bekasi,Konvensional,-6.2540071,106.9144362
PT Bank Perekonomian Rakyat Prismaberlian Danarta,Provinsi Jawa Barat,Kab. Bekasi,Konvensional,-6.1763582,106.6401428
PT Bank Perekonomian Rakyat Gracia Mandiri,Provinsi Jawa Barat,Kab. Bekasi,Konvensional,-6.2619821,107.0206217
PT. BPR Citra Artha Sedana,Provinsi Jawa Barat,Kab. Bekasi,Konvensional,-6.2479081,107.1504434
PT Bank Perekonomian Rakyat Harapan Saudara,Provinsi Jawa Barat,Kab. Bekasi,Konvensional,-6.2630297,107.0610166
PT Bank Perekonomian Rakyat Parasahabat Bekasi,Provinsi Jawa Barat,Kab. Bekasi,Konvensional,-6.2386172,106.7089556
PT Bank Perekonomian Rakyat Prima Nusatama,Provinsi Jawa Barat,Kab. Bekasi,Konvensional,-6.2158956,107.0744788
PT Bank Perekonomian Rakyat Harta Tanamas,Provinsi Jawa Barat,Kab. Bekasi,Konvensional,-6.2614687,107.018709
PT Bank Perekonomian Rakyat Handalan Danagraha,Provinsi Jawa Barat,Kab. Bekasi,Konvensional,-6.2274566,107.0023929
PT. BPR Sinarenam Permai Jatiasih,Provinsi Jawa Barat,Kab. Bekasi,Konvensional,-6.2391953,106.9837035
PT BPR BOJONEGORO SURYAPERSADA,Provinsi Jawa Barat,Kab. Bekasi,Konvensional,-6.7489372,106.9247138
PT BPR INTI DAYA MASYARAKAT,Provinsi Jawa Barat,Kab. Bekasi,Konvensional,-6.2098677,106.8135004
PD BPR Banyuresmi,Provinsi Jawa Barat,Kab. Bekasi,Konvensional,-6.2510913,107.0152827
PD BPR Cadasngampar,Provinsi Jawa Barat,Kab. Bekasi,Konvensional,-6.2388071,106.7913684
PD BPR Cibatu,Provinsi Jawa Barat,Kab. Bekasi,Konvensional,-6.3185767,107.1335439
PD BPR Cilawu,Provinsi Jawa Barat,Kab. Bekasi,Konvensional,-6.1763582,106.6401428
PD BPR Conggeang,Provinsi Jawa Barat,Kab. Bekasi,Konvensional,-6.2388071,106.7913684
PD BPR Pakenjang,Provinsi Jawa Barat,Kab. Bekasi,Konvensional,-6.2546772,106.5418182
PD BPR Situraja,Provinsi Jawa Barat,Kab. Bekasi,Konvensional,-6.2675266,107.1271288
PD BPR Sumedang Utara,Provinsi Jawa Barat,Kab. Bekasi,Konvensional,-6.9315827,107.7760701
PD BPR Sumedang Selatan,Provinsi Jawa Barat,Kab. Bekasi,Konvensional,-6.9315827,107.7760701
PD BPR Tanjungkerta,Provinsi Jawa Barat,Kab. Bekasi,Konvensional,-6.2388071,106.7913684
PD BPR Wanaraja,Provinsi Jawa Barat,Kab. Bekasi,Konvensional,-6.2386172,106.7089556
PD BPR Majalengka,Provinsi Jawa Barat,Kab. Bekasi,Konvensional,-6.8021026,108.1740272
PD BPR Talaga,Provinsi Jawa Barat,Kab. Bekasi,Konvensional,-6.2388071,106.7913684
PD BPR Argapura,Provinsi Jawa Barat,Kab. Bekasi,Konvensional,-6.287015,107.0398616
PD BPR Cibingbin,Provinsi Jawa Barat,Kab. Bekasi,Konvensional,-6.2386172,106.7089556
PD BPR Ciledug,Provinsi Jawa Barat,Kab. Bekasi,Konvensional,-6.226846,106.7125776
PD BPR Cilimus,Provinsi Jawa Barat,Kab. Bekasi,Konvensional,-6.5956053,107.1567447
PD BPR Ciniru,Provinsi Jawa Barat,Kab. Bekasi,Konvensional,-6.2386172,106.7089556
PD BPR Ciwaru,Provinsi Jawa Barat,Kab. Bekasi,Konvensional,-6.2388071,106.7913684
PD BPR Dawuan,Provinsi Jawa Barat,Kab. Bekasi,Konvensional,-6.2386172,106.7089556
PD BPR Indramayu,Provinsi Jawa Barat,Kab. Bekasi,Konvensional,-6.3633607,108.2874323
PD BPR Jalaksana,Provinsi Jawa Barat,Kab. Bekasi,Konvensional,-6.2388071,106.7913684
PD BPR Jatibarang,Provinsi Jawa Barat,Kab. Bekasi,Konvensional,-6.1763582,106.6401428
PD BPR Jatiwangi,Provinsi Jawa Barat,Kab. Bekasi,Konvensional,-6.2386172,106.7089556
PD BPR Lelea,Provinsi Jawa Barat,Kab. Bekasi,Konvensional,-6.2386172,106.7089556
PD BPR Lemahsugih,Provinsi Jawa Barat,Kab. Bekasi,Konvensional,-6.2675266,107.1271288
PD BPR Losari,Provinsi Jawa Barat,Kab. Bekasi,Konvensional,-6.2386172,106.7089556
PD BPR Luragung,Provinsi Jawa Barat,Kab. Bekasi,Konvensional,-6.6320236,107.2400175
PD BPR Maja,Provinsi Jawa Barat,Kab. Bekasi,Konvensional,-6.2481109,106.9842622
PD BPR Subang,Provinsi Jawa Barat,Kab. Bekasi,Konvensional,-6.5599385,107.7646046
PD BPR Sumberjaya,Provinsi Jawa Barat,Kab. Bekasi,Konvensional,-6.2663567,107.0779818
PT BPR LINGGARTI MAKMUR,Provinsi Jawa Barat,Kab. Bekasi,Konvensional,-6.2386172,106.7089556
PT BD ARTHA SARI SEDANA,Provinsi Jawa Barat,Kab. Bekasi,Konvensional,-6.245838,106.9897588
PT BD. BALI RESPATI,Provinsi Jawa Barat,Kab. Bekasi,Konvensional,-7.4088844,106.0390434
MAI BP. CATUR KARYA,Provinsi Jawa Barat,Kab. Bekasi,Konvensional,-6.273252,107.0544996
MAI BP. FAJAR HARAPAN BHUWANA JAYA,Provinsi Jawa Barat,Kab. Bekasi,Konvensional,-6.2386172,106.7089556
MAI BP. KAMBOJA,Provinsi Jawa Barat,Kab. Bekasi,Konvensional,-6.2386172,106.7089556
MAI BP. MAJURE,Provinsi Jawa Barat,Kab. Bekasi,Konvensional,-6.1127655,107.1451426
PT BPR MERTHA ADIBHUWANA,Provinsi Jawa Barat,Kab. Bekasi,Konvensional,-6.2663887,106.9967854
MAI BP. PARA SEMETON,Provinsi Jawa Barat,Kab. Bekasi,Konvensional,-6.2386172,106.7089556
MAI BP. PELITA KENCANA JA,Provinsi Jawa Barat,Kab. Bekasi,Konvensional,-6.2388071,106.7913684
PT BPR SARWA SEDANA,Provinsi Jawa Barat,Kab. Bekasi,Konvensional,-6.3194099,106.8321214
PT BPR BUMI WAHANA ARTHA,Provinsi Jawa Barat,Kab. Bekasi,Konvensional,-6.2388071,106.7913684
PT BPR CENTRALBHAKTI NIAGATAMA,Provinsi Jawa Barat,Kab. Bekasi,Konvensional,-6.2388071,106.7913684
PT BPR SATRIA PERTIWI,Provinsi Jawa Barat,Kab. Bekasi,Konvensional,-6.2388071,106.7913684
PT BPR SARI DANA MERTA,Provinsi Jawa Barat,Kab. Bekasi,Konvensional,-6.2388071,106.7913684
PT BPR REJEKI MURAH BINAGUNA,Provinsi Jawa Barat,Kab. Bekasi,Konvensional,-6.2388071,106.7913684
PT BPR ARTHAKUTAMAS,Provinsi Jawa Barat,Kab. Bekasi,Konvensional,-6.5343933,106.9855828
PT BPR Gunung Barisan,Provinsi Jawa Barat,Kab. Bekasi,Konvensional,-6.2388071,106.7913684
PT BPR Cikupa Jaya,Provinsi Jawa Barat,Kab. Bekasi,Konvensional,-6.2340809,106.5085877
PT BPR Artha Mitra Dhananugraha,Provinsi Jawa Barat,Kab. Bekasi,Konvensional,-6.2521453,107.0092113
PT BP TRIDAYA BHAKTI,Provinsi Jawa Barat,Kab. Bekasi,Konvensional,-6.2388071,106.7913684
PT BPR MITRA PEMBANGUNAN,Provinsi Jawa Barat,Kab. Bekasi,Konvensional,-6.2770275,106.9707018
PT BPR ARTHAMAS MITRASEJATI,Provinsi Jawa Barat,Kab. Bekasi,Konvensional,-6.2527921,106.9766806
PT BPR Bintang Rahardjo,Provinsi Jawa Barat,Kab. Bekasi,Konvensional,-6.2594621,107.0633977
PT BPR DARMAGA RAYA,Provinsi Jawa Barat,Kab. Bekasi,Konvensional,-6.2388071,106.7913684
PT BPR Rizki Makmur,Provinsi Jawa Barat,Kab. Bekasi,Konvensional,-6.2504911,107.0249053
PT BPR MULTIJAYA ARTAPRIMA,Provinsi Jawa Barat,Kab. Bekasi,Konvensional,-6.2711616,106.72919
PT BPR Roda Mekar Jaya,Provinsi Jawa Barat,Kab. Bekasi,Konvensional,-6.2193948,106.9705187
PT. BPR MITRAKARYA ARTAMULIA,Provinsi Jawa Barat,Kab. Bekasi,Konvensional,-6.2543757,106.9870061
PT BPR Dana Pratama Maju,Provinsi Jawa Barat,Kab. Bekasi,Konvensional,-6.2388071,106.7913684
PT BPR MITRA PERDAGANGAN,Provinsi Jawa Barat,Kab. Bekasi,Konvensional,-6.2388071,106.7913684
PT BPR DANA KITA,Provinsi Jawa Barat,Kab. Bekasi,Konvensional,-6.2388071,106.7913684
PT BPR INDRA ARTHA,Provinsi Jawa Barat,Kab. Bekasi,Konvensional,-6.2388071,106.7913684
PT BPR INTI EKONOMI,Provinsi Jawa Barat,Kab. Bekasi,Konvensional,-6.2388071,106.7913684
PT BPR ADIDHANA,Provinsi Jawa Barat,Kab. Bekasi,Konvensional,-6.2388071,106.7913684
PT BPR Diana Sapta Surya,Provinsi Jawa Barat,Kab. Bekasi,Konvensional,-6.249043,106.935584
PT BPR PRAWITASARANA UTAMA,Provinsi Jawa Barat,Kab. Bekasi,Konvensional,-6.2386172,106.7089556
BKPD Batujaya,Provinsi Jawa Barat,Kab. Bekasi,Konvensional,-6.3126485,107.1049113
BKPD Cikampek,Provinsi Jawa Barat,Kab. Bekasi,Konvensional,-6.2388071,106.7913684
BKPD Klari,Provinsi Jawa Barat,Kab. Bekasi,Konvensional,-6.3177751,107.1977022
BKPD Lemahabang Wadas,Provinsi Jawa Barat,Kab. Bekasi,Konvensional,-6.3257082,107.1485343
BKPD Pangkalan,Provinsi Jawa Barat,Kab. Bekasi,Konvensional,-6.3643811,107.1698137
BKPD Pedes,Provinsi Jawa Barat,Kab. Bekasi,Konvensional,-6.2381989,106.5440989
BKPD Rawamerta,Provinsi Jawa Barat,Kab. Bekasi,Konvensional,-6.3643811,107.1698137
Rengasdengklok,Provinsi Jawa Barat,Kab. Bekasi,Konvensional,-6.1760064,107.2496441
BKPD Telukjambe,Provinsi Jawa Barat,Kab. Bekasi,Konvensional,-6.29821,107.2961968
PT BPR TUGUHARTA,Provinsi Jawa Barat,Kab. Bekasi,Konvensional,-6.2388071,106.7913684
PT BPR ANEKADANA MANDIRI,Provinsi Jawa Barat,Kab. Bekasi,Konvensional,-6.2543757,106.9870061
PT BPR GHANESA MATRAARTHA,Provinsi Jawa Barat,Kab. Bekasi,Konvensional,-6.2388071,106.7913684
PT BPR WIRADANA RAHARJA,Provinsi Jawa Barat,Kab. Bekasi,Konvensional,-6.2386172,106.7089556
PT BPR MAKARTI MAKMUR,Provinsi Jawa Barat,Kab. Bekasi,Konvensional,-6.2504911,107.0249053
PT BPR KUMARA ABADI,Provinsi Jawa Barat,Kab. Bekasi,Konvensional,-6.2564127,107.1435421
PT BPR HAKIMAH,Provinsi Jawa Barat,Kab. Bekasi,Konvensional,-6.2388071,106.7913684
PT BPR BERLIAN DHANARTA,Provinsi Jawa Barat,Kab. Bekasi,Konvensional,-6.2381989,106.5440989
PT BPR MANDRADANA MANDIRI,Provinsi Jawa Barat,Kab. Bekasi,Konvensional,-6.2386172,106.7089556
PT BPR KARSA USAHA NIAGA JAYA,Provinsi Jawa Barat,Kab. Bekasi,Konvensional,-6.2386172,106.7089556
PT BPR CARAKARAHAYU LANGGENG,Provinsi Jawa Barat,Kab. Bekasi,Konvensional,-6.2388071,106.7913684
PT BPR GEBU MINSI UTAMA,Provinsi Jawa Barat,Kab. Bekasi,Konvensional,-6.2386172,106.7089556
PT BPR GRAHA PURNAMANDIRI,Provinsi Jawa Barat,Kab. Bekasi,Konvensional,-6.2619821,107.0206217
PT BPR DAYA PERPENSI,Provinsi Jawa Barat,Kab. Bekasi,Konvensional,-6.2388071,106.7913684
PT BPR Dion Sumber Dana,Provinsi Jawa Barat,Kab. Bekasi,Konvensional,-6.2386172,106.7089556
PT BPR Kandiarta Rejeki,Provinsi Jawa Barat,Kab. Bekasi,Konvensional,-6.3129789,106.9624924
PT BPR MUTIARA SEMESTA,Provinsi Jawa Barat,Kab. Bekasi,Konvensional,-6.2388071,106.7913684
PT BPR GEBU LUMBUNG ANDALAS,Provinsi Jawa Barat,Kab. Bekasi,Konvensional,-6.2413281,106.9906718
PT BPR Citra Rekadana,Provinsi Jawa Barat,Kab. Bekasi,Konvensional,-6.2386172,106.7089556
PT BPR BERLIAN INTIDANA,Provinsi Jawa Barat,Kab. Bekasi,Konvensional,-6.2597831,107.1420029
PT BPR SENTRAPRIMA INSANDANA,Provinsi Jawa Barat,Kab. Bekasi,Konvensional,-6.2388071,106.7913684
PT BPR BERLIAN PANCADANA,Provinsi Jawa Barat,Kab. Bekasi,Konvensional,-6.2597831,107.1420029
PT BPR GATRA ARTHA,Provinsi Jawa Barat,Kab. Bekasi,Konvensional,-6.2388071,106.7913684
PT BPR TIMOR ALFA DHANA,Provinsi Jawa Barat,Kab. Bekasi,Konvensional,-6.2388071,106.7913684
PT BPR JARI JAWA,Provinsi Jawa Barat,Kab. Bekasi,Konvensional,-6.2388071,106.7913684
PT BPR LAWANG MAKMUR,Provinsi Jawa Barat,Kab. Bekasi,Konvensional,-6.2576103,107.032142
PT BPR SUMBER REJEKI LANCARJAYA,Provinsi Jawa Barat,Kab. Bekasi,Konvensional,-6.2681237,106.9521113
PT BPR HIDUP PROVITAMAS,Provinsi Jawa Barat,Kab. Bekasi,Konvensional,-6.2388071,106.7913684
PD BPR KURK KETAPANG,Provinsi Jawa Barat,Kab. Bekasi,Konvensional,-6.2386172,106.7089556
MAI BP ABDI ARTHA PEMBANGUNAN,Provinsi Jawa Barat,Kab. Bekasi,Konvensional,-6.2386172,106.7089556
KOP.BP NIAGA RAKYAT,Provinsi Jawa Barat,Kab. Bekasi,Konvensional,-6.2668786,107.0765189
PT BPR MITRA ARTHA NIAGA,Provinsi Jawa Barat,Kab. Bekasi,Konvensional,-6.2807601,106.9582286
PT BPR NUSAGRIYA ARTHAPARIPURNA,Provinsi Jawa Barat,Kab. Bekasi,Konvensional,-6.2388071,106.7913684
PT BPR DELTA SEJAHTERA MAKMUR,Provinsi Jawa Barat,Kab. Bekasi,Konvensional,-6.2504911,107.0249053
KOP BPR SUKODADI,Provinsi Jawa Barat,Kab. Bekasi,Konvensional,-6.2388071,106.7913684
PT BPR GAMANA KRIDABHAKTI,Provinsi Jawa Barat,Kab. Bekasi,Konvensional,-6.2861809,106.8274092
KOP BPR USAHA JAYA,Provinsi Jawa Barat,Kab. Bekasi,Konvensional,-6.2668786,107.0765189
PD BPR Banjar,Provinsi Jawa Barat,Kab. Bekasi,Konvensional,-6.2386172,106.7089556
PD BPR Banjarsari,Provinsi Jawa Barat,Kab. Bekasi,Konvensional,-6.1683845,107.1753748
PD BPR Ciamis Selatan,Provinsi Jawa Barat,Kab. Bekasi,Konvensional,-6.7839479,107.0185837
PD BPR Ciamis Utara,Provinsi Jawa Barat,Kab. Bekasi,Konvensional,-7.3320843,108.3506893
PD BPR Cigugur,Provinsi Jawa Barat,Kab. Bekasi,Konvensional,-6.2386172,106.7089556
PD BPR Cihaurbeuti,Provinsi Jawa Barat,Kab. Bekasi,Konvensional,-6.2388071,106.7913684
PD BPR Cijeungjing,Provinsi Jawa Barat,Kab. Bekasi,Konvensional,-6.2386172,106.7089556
PD BPR Cikoneng,Provinsi Jawa Barat,Kab. Bekasi,Konvensional,-6.2458317,107.0602146
PD BPR Cimaragas,Provinsi Jawa Barat,Kab. Bekasi,Konvensional,-6.2388071,106.7913684
PD BPR Cipaku,Provinsi Jawa Barat,Kab. Bekasi,Konvensional,-6.2386172,106.7089556
PD BPR Cisaga,Provinsi Jawa Barat,Kab. Bekasi,Konvensional,-6.2388071,106.7913684
PD BPR Kalipucang,Provinsi Jawa Barat,Kab. Bekasi,Konvensional,-6.2388071,106.7913684
PD BPR Kawali,Provinsi Jawa Barat,Kab. Bekasi,Konvensional,-6.2386172,106.7089556
PD BPR langkaplancar,Provinsi Jawa Barat,Kab. Bekasi,Konvensional,-6.2386172,106.7089556
PD BPR Pamarican,Provinsi Jawa Barat,Kab. Bekasi,Konvensional,-6.2388071,106.7913684
PD BPR Panawangan,Provinsi Jawa Barat,Kab. Bekasi,Konvensional,-6.2433088,106.963422
PD BPR Padaherang,Provinsi Jawa Barat,Kab. Bekasi,Konvensional,-6.2386172,106.7089556
PD BPR Panjalu,Provinsi Jawa Barat,Kab. Bekasi,Konvensional,-6.2386172,106.7089556
PD BPR Parigi,Provinsi Jawa Barat,Kab. Bekasi,Konvensional,-6.2388071,106.7913684
PD BPR Pataruman,Provinsi Jawa Barat,Kab. Bekasi,Konvensional,-6.2388071,106.7913684
PD BPR Rajadesa,Provinsi Jawa Barat,Kab. Bekasi,Konvensional,-6.2357528,107.0469255
PD BPR Rancah,Provinsi Jawa Barat,Kab. Bekasi,Konvensional,-6.2386172,106.7089556
PT BPR ARTHA MASYARAKAT,Provinsi Jawa Barat,Kab. Bekasi,Konvensional,-6.2388071,106.7913684
PT Bank Perekonomian Rakyat Dana Karunia Sejahtera,Provinsi Jawa Barat,Kab. Bekasi,Konvensional,-6.2682977,107.0730881
PT Bank Perekonomian Rakyat Nusamba Plered,Provinsi Jawa Barat,Kab. Purwakarta,Konvensional,-6.6457747,107.3802411
Perumda BPR Purwakarta,Provinsi Jawa Barat,Kab. Purwakarta,Konvensional,-6.5302237,107.4439985
PT BPR KHARISMABARKAH UTAMA,Provinsi Jawa Barat,Kab. Purwakarta,Konvensional,-6.5445914,107.4334382
PT BPR USWATUN HASANAH,Provinsi Jawa Barat,Kab. Purwakarta,Konvensional,-6.5472509,107.4233797
PT BPR CAPITANUSA CITRAGUNA,Provinsi Jawa Barat,Kab. Purwakarta,Konvensional,-6.5457725,107.446372
PT BPR ERASKA MAKMOER,Provinsi Jawa Barat,Kab. Purwakarta,Konvensional,-6.5302237,107.4439985
PT BPR BEKASI MAKIN MAJU,Provinsi Jawa Barat,Kab. Purwakarta,Konvensional,-6.5197747,107.4611913
PT Bank Perekonomian Rakyat Pantura Abadi,Provinsi Jawa Barat,Kab. Karawang,Konvensional,-6.1745384,107.2945037
PT Bank Perekonomian Rakyat Sanggabuana Agung,Provinsi Jawa Barat,Kab. Karawang,Konvensional,-6.3053642,107.2899485
PT BPR Akar Budaya Dana Indonesia,Provinsi Jawa Barat,Kab. Karawang,Konvensional,-6.2381989,106.5440989
PT Bank Perekonomian Rakyat Gema Esamas Abadi,Provinsi Jawa Barat,Kab. Karawang,Konvensional,-6.3135513,107.3171776
PT Bank Perekonomian Rakyat Sayma Karya,Provinsi Jawa Barat,Kab. Karawang,Konvensional,-6.4210456,107.4735172
PT Bank Perekonomian Rakyat Hagati Wiradana Sejahtera,Provinsi Jawa Barat,Kab. Karawang,Konvensional,-6.2381989,106.5440989
PT Bank Perekonomian Rakyat Karawang Jabar (Perseroda),Provinsi Jawa Barat,Kab. Karawang,Konvensional,-6.2381989,106.5440989
PT Bank Perekonomian Rakyat Trisurya Tata Artha,Provinsi Jawa Barat,Kab. Karawang,Konvensional,-6.3360773,107.2782638
PT Bank Perekonomian Rakyat Saudarakita,Provinsi Jawa Barat,Kab. Karawang,Konvensional,-6.3571273,107.2992519
PT Bank Perekonomian Rakyat Setia Natapala,Provinsi Jawa Barat,Kab. Karawang,Konvensional,-6.3191305,107.288994
PT. BPR Polin Jaya,Provinsi Jawa Barat,Kab. Karawang,Konvensional,-6.5540167,107.4344041
PT Bank Perekonomian Rakyat Bangun Mitrawadas,Provinsi Jawa Barat,Kab. Karawang,Konvensional,-6.3232939,107.2892975
PT. BPR Sumber Lumbanmual,Provinsi Jawa Barat,Kab. Karawang,Konvensional,-6.3585903,106.8882603
PT Bank Perekonomian Rakyat Nusantara Bona Pasogit Tiga Puluh Dua,Provinsi Jawa Barat,Kab. Karawang,Konvensional,-6.2950812,106.6857965
PT Bank Perekonomian Rakyat Laksana Luhurcilamaya,Provinsi Jawa Barat,Kab. Karawang,Konvensional,-6.2598658,107.5719739
PT BPR BUKIT ROMASA,Provinsi Jawa Barat,Kab. Karawang,Konvensional,-6.2997345,107.289495
PT Bank Perekonomian Rakyat Multi Artha Bersama,Provinsi Jawa Barat,Kab. Bogor,Konvensional,-6.4425257,106.8214665
PT Bank Perekonomian Rakyat Dana Raya Jakarta,Provinsi Jawa Barat,Kab. Bogor,Konvensional,-6.2388071,106.7913684
Bank Perekonomian Rakyat Dana Mandiri Bogor,Provinsi Jawa Barat,Kab. Bogor,Konvensional,-6.5989291,106.640438
PT Bank Perekonomian Rakyat Tentram Optimis Pusaka,Provinsi Jawa Barat,Kab. Bogor,Konvensional,-6.4912976,106.8775949
PT Bank Perekonomian Rakyat Artha Kurnia Raharja,Provinsi Jawa Barat,Kab. Bogor,Konvensional,-6.4795415,106.8619258
PT Bank Perekonomian Rakyat Indomitra Artha Pertiwi,Provinsi Jawa Barat,Kab. Bogor,Konvensional,-6.4695396,106.8579311
PT Bank Perekonomian Rakyat Sinar Mas Pelita,Provinsi Jawa Barat,Kab. Bogor,Konvensional,-6.2381989,106.5440989
PT. BPR Sebaru Sejahtera Lestari,Provinsi Jawa Barat,Kab. Bogor,Konvensional,-6.3868637,106.8236091
PT Bank Perekonomian Rakyat Bogor Jabar (Perseroda),Provinsi Jawa Barat,Kab. Bogor,Konvensional,-6.2381989,106.5440989
PD. BPR LPK Pancoran Mas,Provinsi Jawa Barat,Kab. Bogor,Konvensional,-6.4697488,106.8120418
PD. BPR LPK Leuwiliang,Provinsi Jawa Barat,Kab. Bogor,Konvensional,-6.2381989,106.5440989
PD. BPR LPK Citeureup,Provinsi Jawa Barat,Kab. Bogor,Konvensional,-6.4705337,106.8586922
PT Bank Perekonomian Rakyat Cileungsi Krida Sejahtera,Provinsi Jawa Barat,Kab. Bogor,Konvensional,-6.4069066,106.9657091
PT Bank Perekonomian Rakyat Nusantara Bona Pasogit Dua,Provinsi Jawa Barat,Kab. Bogor,Konvensional,-6.2386172,106.7089556
PT Bank Perekonomian Rakyat Datagita Mustika,Provinsi Jawa Barat,Kab. Bogor,Konvensional,-6.57393,106.6295628
PT Bank Perekonomian Rakyat Mitra Daya Mandiri,Provinsi Jawa Barat,Kab. Bogor,Konvensional,-6.2381989,106.5440989
PT Bank Perekonomian Rakyat Surya Kencana,Provinsi Jawa Barat,Kab. Bogor,Konvensional,-6.5828922,106.7865372
PT Bank Perekonomian Rakyat Berfasi Raharja,Provinsi Jawa Barat,Kab. Bogor,Konvensional,-6.5614738,106.8089453
PT. BPR Hitamajaya Argamandiri,Provinsi Jawa Barat,Kab. Bogor,Konvensional,-6.4055599,106.9588047
PT Bank Perekonomian Rakyat Nusantara Bona Pasogit Empat Belas,Provinsi Jawa Barat,Kab. Bogor,Konvensional,-6.2386172,106.7089556
PT. BPR Nature Primadana Capital,Provinsi Jawa Barat,Kab. Bogor,Konvensional,-6.438883,106.864826
PT Bank Perekonomian Rakyat Artha Karya Sejahtera,Provinsi Jawa Barat,Kab. Bogor,Konvensional,-6.4128223,106.9671695
PT Bank Perekonomian Rakyat Nusamba Sukaraja,Provinsi Jawa Barat,Kab. Sukabumi,Konvensional,-6.9078959,106.9781214
PT Bank Perekonomian Rakyat Nusantara Bona Pasogit Sebelas,Provinsi Jawa Barat,Kab. Sukabumi,Konvensional,-6.2386172,106.7089556
PT Bank Perekonomian Rakyat Supra Artapersada,Provinsi Jawa Barat,Kab. Sukabumi,Konvensional,-6.9089203,106.8907386
PT Bank Perekonomian Rakyat Semesta Megadana,Provinsi Jawa Barat,Kab. Sukabumi,Konvensional,-6.9121687,106.8957481
PT. BPR Cipanas Artha,Provinsi Jawa Barat,Kab. Cianjur,Konvensional,-6.7361742,107.0375182
PT Bank Perekonomian Rakyat Cianjur Jabar,Provinsi Jawa Barat,Kab. Cianjur,Konvensional,-6.2372083,106.2142554
PT Bank Perekonomian Rakyat Bumi Pendawa Raharja,Provinsi Jawa Barat,Kab. Cianjur,Konvensional,-6.7421414,107.0435434
PT Bank Perekonomian Rakyat Arta Gandhita,Provinsi Jawa Barat,Kab. Cianjur,Konvensional,-6.8740767,107.1055408
PT Bank Perekonomian Rakyat Nusa,Provinsi Jawa Barat,Kab. Cianjur,Konvensional,-6.8759081,107.0909144
PT Bank Perekonomian Rakyat Dana Pos,Provinsi Jawa Barat,Kab. Cianjur,Konvensional,-6.832356,107.0645921
PT BPR ARTHABUMI CITRASATYA,Provinsi Jawa Barat,Kab. Cianjur,Konvensional,-7.0964086,106.8176858
PT. BPR Kredit Mandiri Jabar,Provinsi Jawa Barat,Kab. Bandung,Konvensional,-7.0308201,107.6980848
PT Bank Perekonomian Rakyat Panjawan Mitra Usaha,Provinsi Jawa Barat,Kab. Bandung,Konvensional,-6.9765751,107.6327749
PT Bank Perekonomian Rakyat Muria Harta Nusantara,Provinsi Jawa Barat,Kab. Bandung,Konvensional,-6.9400563,107.7397617
PT Bank Perekonomian Rakyat Hayura Artalola,Provinsi Jawa Barat,Kab. Bandung,Konvensional,-7.0611915,107.4569055
PT Bank Perekonomian Rakyat Kertamulia,Provinsi Jawa Barat,Kab. Bandung,Konvensional,-6.9029849,107.6518121
PT. BPR Pangandaran,Provinsi Jawa Barat,Kab. Bandung,Konvensional,-7.1794215,107.5783864
PT Bank Perekonomian Rakyat Sarikusuma Surya,Provinsi Jawa Barat,Kab. Bandung,Konvensional,-6.963439,107.6459457
PT Bank Perekonomian Rakyat Mitra Kanaka Santosa,Provinsi Jawa Barat,Kab. Bandung,Konvensional,-6.9800893,107.5532329
PT Bank Perekonomian Rakyat Jujur Arghadana,Provinsi Jawa Barat,Kab. Bandung,Konvensional,-6.9784403,107.6321328
PT Bank Perekonomian Rakyat Halden Prime,Provinsi Jawa Barat,Kab. Bandung,Konvensional,-6.9808649,107.5593025
PT Bank Perekonomian Rakyat Bandung Kidul,Provinsi Jawa Barat,Kab. Bandung,Konvensional,-6.2372083,106.2142554
PT BPR Nusantara Bona Pasogit 26,Provinsi Jawa Barat,Kab. Bandung,Konvensional,-6.6291493,106.6337553
PT Bank Perekonomian Rakyat Ukabima Lumbung Sejahtera,Provinsi Jawa Barat,Kab. Bandung,Konvensional,-6.9378258,107.5439713
PT BPR Brata Nusantara,Provinsi Jawa Barat,Kab. Bandung,Konvensional,-6.9632314,107.5904929
PT Bank Perekonomian Rakyat Baleendah Rahayu,Provinsi Jawa Barat,Kab. Bandung,Konvensional,-7.0016514,107.6196402
PT Bank Perekonomian Rakyat Jelita Arta,Provinsi Jawa Barat,Kab. Bandung,Konvensional,-6.9650624,107.5737383
PT Bank Perekonomian Rakyat Mitra Rukun Mandiri,Provinsi Jawa Barat,Kab. Bandung,Konvensional,-6.2372083,106.2142554
PT Bank Perekonomian Rakyat Nusantara Bona Pasogit Dua Puluh Tujuh,Provinsi Jawa Barat,Kab. Bandung,Konvensional,-6.6291493,106.6337553
PT BPR Nusantara Bona Pasogit 30,Provinsi Jawa Barat,Kab. Bandung,Konvensional,-6.2386172,106.7089556
PT Bank Perekonomian Rakyat Duta Artha Sejahtera,Provinsi Jawa Barat,Kab. Bandung,Konvensional,-7.0367787,107.6592488
PT Bank Perekonomian Rakyat Kerta Raharja Perseroda,Provinsi Jawa Barat,Kab. Bandung,Konvensional,-6.2372083,106.2142554
PT Bank Perekonomian Rakyat Nusamba Tanjungsari,Provinsi Jawa Barat,Kab. Sumedang,Konvensional,-6.9093458,107.7922996
PT Bank Perekonomian Rakyat Tutur Ganda,Provinsi Jawa Barat,Kab. Sumedang,Konvensional,-6.2372083,106.2142554
PT Bank Perekonomian Rakyat Karpana Tasia,Provinsi Jawa Barat,Kab. Sumedang,Konvensional,-6.8149526,107.9451463
Perumda BPR Bank Sumedang,Provinsi Jawa Barat,Kab. Sumedang,Konvensional,-6.8843811,107.7712273
PT Bank Perekonomian Rakyat Nusamba Singaparna,Provinsi Jawa Barat,Kab. Tasikmalaya,Konvensional,-7.3489415,108.1318293
PT Bank Perekonomian Rakyat Cipatujah Jawa Barat Perseroda,Provinsi Jawa Barat,Kab. Tasikmalaya,Konvensional,-7.5479589,107.9545657
PT. BPR Sahat Sentosa,Provinsi Jawa Barat,Kab. Tasikmalaya,Konvensional,-7.344847,108.1827595
PT Bank Perekonomian Rakyat Mitra Kopjaya Mandiri,Provinsi Jawa Barat,Kab. Tasikmalaya,Konvensional,-7.3405435,108.1241256
PT. BPR Nusumma Singaparna,Provinsi Jawa Barat,Kab. Tasikmalaya,Konvensional,-7.3455446,108.1246783
PT Bank Perekonomian Rakyat Nusantara Bona Pasogit Tiga Puluh Satu,Provinsi Jawa Barat,Kab. Tasikmalaya,Konvensional,-6.2386172,106.7089556
PD. BPR Artha Sukapura,Provinsi Jawa Barat,Kab. Tasikmalaya,Konvensional,-7.3227749,108.2250729
PT Bank Perekonomian Rakyat Nusumma Jawa Barat,Provinsi Jawa Barat,Kab. Tasikmalaya,Konvensional,-7.3470883,108.1317561
PT Bank Perekonomian Rakyat Intan Jabar,Provinsi Jawa Barat,Kab. Garut,Konvensional,-7.2122414,107.899784
PT. BPR Mustika Permai,Provinsi Jawa Barat,Kab. Garut,Konvensional,-7.186132,107.8868208
Perumda BPR Garut,Provinsi Jawa Barat,Kab. Garut,Konvensional,-7.2059377,107.9440327
PT. BPR Sehat Ekonomi,Provinsi Jawa Barat,Kab. Ciamis,Konvensional,-7.3506243,108.3604109
PT BPR Artha Galuh Mandiri Jawa Barat Perseroda,Provinsi Jawa Barat,Kab. Ciamis,Konvensional,-7.8087283,108.4361184
Perumda BPR Galuh Ciamis,Provinsi Jawa Barat,Kab. Ciamis,Konvensional,-7.3319996,108.3586882
PD. BPR Arjawinangun,Provinsi Jawa Barat,Kab. Cirebon,Konvensional,-6.6443229,108.4057464
PT Bank Perekonomian Rakyat Cirebon Jabar (Perseroda),Provinsi Jawa Barat,Kab. Cirebon,Konvensional,-6.7488021,108.4142478
PERUMDA Bank Perekonomian Rakyat Kabupaten Cirebon,Provinsi Jawa Barat,Kab. Cirebon,Konvensional,-6.7879896,108.5149847
PD. BPR Beber,Provinsi Jawa Barat,Kab. Cirebon,Konvensional,-6.7955168,108.4775172
PD. BPR Cirebon Barat,Provinsi Jawa Barat,Kab. Cirebon,Konvensional,-6.7202121,108.5672905
PD. BPR Cirebon Selatan,Provinsi Jawa Barat,Kab. Cirebon,Konvensional,-6.7541694,108.5109805
PD. BPR Cirebon Utara,Provinsi Jawa Barat,Kab. Cirebon,Konvensional,-6.7202121,108.5672905
PD. BPR Ciwaringin,Provinsi Jawa Barat,Kab. Cirebon,Konvensional,-6.6947718,108.375871
PD. BPR Gegesik,Provinsi Jawa Barat,Kab. Cirebon,Konvensional,-6.5986774,108.4192483
PD. BPR Kapetakan,Provinsi Jawa Barat,Kab. Cirebon,Konvensional,-6.6515476,108.353502
PD. BPR Karangsembung,Provinsi Jawa Barat,Kab. Cirebon,Konvensional,-6.8522723,108.6388939
PD. BPR Klangenan,Provinsi Jawa Barat,Kab. Cirebon,Konvensional,-6.7068802,108.4411416
PD. BPR Lemahabang,Provinsi Jawa Barat,Kab. Cirebon,Konvensional,-6.8302319,108.6260207
PD. BPR Palimanan,Provinsi Jawa Barat,Kab. Cirebon,Konvensional,-6.7032939,108.4299646
PD. BPR Plumbon,Provinsi Jawa Barat,Kab. Cirebon,Konvensional,-6.7877583,108.5149847
PD. BPR Sumber,Provinsi Jawa Barat,Kab. Cirebon,Konvensional,-6.7608195,108.4830466
PD. BPR Susukan,Provinsi Jawa Barat,Kab. Cirebon,Konvensional,-6.6318668,108.3756604
PD. BPR Waled,Provinsi Jawa Barat,Kab. Cirebon,Konvensional,-6.9164042,108.711928
PD. BPR Weru,Provinsi Jawa Barat,Kab. Cirebon,Konvensional,-6.7047845,108.503026
PT. BPR Dipon Sejahtera,Provinsi Jawa Barat,Kab. Cirebon,Konvensional,-6.7098647,108.4368791
PT Bank Perekonomian Rakyat Sahabat Sejati,Provinsi Jawa Barat,Kab. Cirebon,Konvensional,-6.804267,108.4323887
PT. BPR Harapganda,Provinsi Jawa Barat,Kab. Cirebon,Konvensional,-6.7115704,108.5399748
PT Bank Perekonomian Rakyat Baldah Sentosa,Provinsi Jawa Barat,Kab. Cirebon,Konvensional,-6.7341533,108.4433046
PT Bank Perekonomian Rakyat Nusantara Bona Pasogit Dua Puluh Delapan,Provinsi Jawa Barat,Kab. Cirebon,Konvensional,-6.5353494,107.0100913
PD. BPR BKPD Kec. Ciawigebang,Provinsi Jawa Barat,Kab. Kuningan,Konvensional,-6.9715517,108.5747149
PERUMDA BPR Kuningan,Provinsi Jawa Barat,Kab. Kuningan,Konvensional,-6.982576,108.4831023
PT Bank Perekonomian Rakyat Raksa Wacana Agri Purnama,Provinsi Jawa Barat,Kab. Kuningan,Konvensional,-6.8762194,108.4938257
PT Bank Perekonomian Rakyat Danatama Artha Kassiti,Provinsi Jawa Barat,Kab. Kuningan,Konvensional,-6.9803155,108.4700668
PT Bank Perekonomian Rakyat Mitra Harmoni Indramayu,Provinsi Jawa Barat,Kab. Indramayu,Konvensional,-6.3953527,108.0316614
PD. BPR Anjatan,Provinsi Jawa Barat,Kab. Indramayu,Konvensional,-6.3418477,107.9543444
PD. BPR LPK Cantigi Kulon,Provinsi Jawa Barat,Kab. Indramayu,Konvensional,-6.3501075,108.2669938
PD. BPR LPK Arahan Kidul,Provinsi Jawa Barat,Kab. Indramayu,Konvensional,-6.3663156,108.2808648
PD. BPR Bangodua,Provinsi Jawa Barat,Kab. Indramayu,Konvensional,-6.4519371,108.2471309
PD. BPR LPK Kroya,Provinsi Jawa Barat,Kab. Indramayu,Konvensional,-6.4074976,108.0182395
PD. BPR LPK Sukra,Provinsi Jawa Barat,Kab. Indramayu,Konvensional,-6.307233,107.9419122
PD. BPR LPK Bongas,Provinsi Jawa Barat,Kab. Indramayu,Konvensional,-6.3679217,108.010555
PT Bank Perekonomian Rakyat Indramayu Jabar (Perseroda),Provinsi Jawa Barat,Kab. Indramayu,Konvensional,-6.3786856,108.2967028
PD. BPR Cikedung,Provinsi Jawa Barat,Kab. Indramayu,Konvensional,-6.4852361,108.1515992
PD. BPR Gabuswetan,Provinsi Jawa Barat,Kab. Indramayu,Konvensional,-6.4360996,108.075674
PD. BPR Haurgeulis,Provinsi Jawa Barat,Kab. Indramayu,Konvensional,-6.4423532,107.9422843
PD. BPR Juntinyuat,Provinsi Jawa Barat,Kab. Indramayu,Konvensional,-6.4306872,108.434212
PD. BPR Kandanghaur,Provinsi Jawa Barat,Kab. Indramayu,Konvensional,-6.3293348,108.0825818
PD. BPR Karangampel,Provinsi Jawa Barat,Kab. Indramayu,Konvensional,-6.4682561,108.4439743
PD. BPR Kertasemaya,Provinsi Jawa Barat,Kab. Indramayu,Konvensional,-6.5203347,108.3465761
PD. BPR Krangkeng,Provinsi Jawa Barat,Kab. Indramayu,Konvensional,-6.5007296,108.4786391
PD. BPR Lohbener,Provinsi Jawa Barat,Kab. Indramayu,Konvensional,-6.4010711,108.2744284
PD. BPR Losarang,Provinsi Jawa Barat,Kab. Indramayu,Konvensional,-6.3943428,108.1540491
PD. BPR Sindang,Provinsi Jawa Barat,Kab. Indramayu,Konvensional,-6.3334082,108.3158051
PD. BPR Sliyeg,Provinsi Jawa Barat,Kab. Indramayu,Konvensional,-6.4543598,108.3551188
PD. BPR Widasari,Provinsi Jawa Barat,Kab. Indramayu,Konvensional,-6.4701348,108.2901152
PT Bank Perekonomian Rakyat Dana Agung Internusa,Provinsi Jawa Barat,Kab. Indramayu,Konvensional,-6.4131412,108.2796766
Perumda BPR Karya Remaja Indramayu,Provinsi Jawa Barat,Kab. Indramayu,Konvensional,-6.3257693,108.3215593
PD. BPR LPK Banjaran,Provinsi Jawa Barat,Kab. Majalengka,Konvensional,-6.8021026,108.1740272
PD. BPR LPK Cingambul,Provinsi Jawa Barat,Kab. Majalengka,Konvensional,-7.0428342,108.3505248
PD. BPR LPK Cigasong,Provinsi Jawa Barat,Kab. Majalengka,Konvensional,-6.8264126,108.2292656
PT BPR Majalengka Jabar (Perseroda),Provinsi Jawa Barat,Kab. Majalengka,Konvensional,-6.8597072,108.0958237
PERUMDA BPR Majalengka,Provinsi Jawa Barat,Kab. Majalengka,Konvensional,-6.8341904,108.2364905
PT. BPR Wahana Sentra Artha,Provinsi Jawa Barat,Kab. Majalengka,Konvensional,-6.8607003,108.2296446
PT BPR Nusumma Cisalak,Provinsi Jawa Barat,Kab. Subang,Konvensional,-6.7002264,107.738965
PT. BPR Nauli Danaraya,Provinsi Jawa Barat,Kab. Subang,Konvensional,-6.5693247,107.7567504
PT Bank Perekonomian Rakyat Karyautama Jabar Perseroda,Provinsi Jawa Barat,Kab. Subang,Konvensional,-6.6782997,107.6846843
PT Bank Perekonomian Rakyat Gede Arthaguna,Provinsi Jawa Barat,Kab. Subang,Konvensional,-6.7711967,107.4063929
PT Bank Perekonomian Rakyat Markoni Saranajaya,Provinsi Jawa Barat,Kab. Subang,Konvensional,-6.3345715,107.7680397
PT Bank Perekonomian Rakyat Bangunarta,Provinsi Jawa Barat,Kab. Subang,Konvensional,-6.2372083,106.2142554
PT Bank Perekonomian Rakyat Nusantara Bona Pasogit Dua Puluh Sembilan,Provinsi Jawa Barat,Kab. Subang,Konvensional,-6.2897432,107.0446827
PT Bank Perekonomian Rakyat Subang Gemi Nastiti (Perseroda),Provinsi Jawa Barat,Kab. Subang,Konvensional,-6.5595902,107.7677226
PT Bank Perekonomian Rakyat Mulya Arta,Provinsi Jawa Barat,Kab. Bandung Barat,Konvensional,-6.8144189,107.6208842
PT Bank Perekonomian Rakyat Nehemia,Provinsi Jawa Barat,Kab. Bandung Barat,Konvensional,-6.8429322,107.4828626
PT Bank Perekonomian Rakyat Arthaguna Mandiri,Provinsi Jawa Barat,Kab. Bandung Barat,Konvensional,-6.9383766,107.4513063
PT BPR Kredit Mandiri Indonesia,Provinsi Jawa Barat,Kab./Kota Lainnya - Provinsi Jawa Barat,Konvensional,-6.2386172,106.7089556
PT Bank Perekonomian Rakyat Rheksa Berkah,Provinsi Jawa Barat,Kota Bandung,Konvensional,-6.9136697,107.6017123
Koperasi Jasa Bank Perekonomian Rakyat Tanjung Raya,Provinsi Jawa Barat,Kota Bandung,Konvensional,-6.9278107,107.5961136
KOPERASI JASA BANK PEREKONOMIAN RAKYAT BARA UJUNGBERUNG,Provinsi Jawa Barat,Kota Bandung,Konvensional,-6.9076816,107.6390229
PT Bank Perekonomian Rakyat Bina Sono Artha,Provinsi Jawa Barat,Kota Bandung,Konvensional,-6.9030997,107.6090269
PT Bank Perekonomian Rakyat Vima,Provinsi Jawa Barat,Kota Bandung,Konvensional,-6.2372083,106.2142554
PT Bank Perekonomian Rakyat Karyajatnika Sadaya,Provinsi Jawa Barat,Kota Bandung,Konvensional,-6.9081108,107.5791373
PT Bank Perekonomian Rakyat Bina Maju Usaha,Provinsi Jawa Barat,Kota Bandung,Konvensional,-6.9000699,107.560539
PT Bank Perekonomian Rakyat Ratna Artha Pusaka,Provinsi Jawa Barat,Kota Bandung,Konvensional,-6.902092,107.6015258
PT BPR Utama Kita Mandiri,Provinsi Jawa Barat,Kota Bandung,Konvensional,-6.9071041,107.5951845
PT Bank Perekonomian Rakyat Tata Asia,Provinsi Jawa Barat,Kota Bandung,Konvensional,-6.2372083,106.2142554
PT Bank Perekonomian Rakyat Artha Mitra Kencana,Provinsi Jawa Barat,Kota Bandung,Konvensional,-6.6126986,106.9302546
PT Bank Perekonomian Rakyat Artha Niaga Finatama,Provinsi Jawa Barat,Kota Bandung,Konvensional,-6.9368691,107.5787278
PT. BPR Kop. Jawa Barat,Provinsi Jawa Barat,Kota Bandung,Konvensional,-6.2386172,106.7089556
PT Bank Perekonomian Rakyat Nata Citraperdana,Provinsi Jawa Barat,Kota Bandung,Konvensional,-6.9256065,107.5983376
PT Bank Perekonomian Rakyat Permata Dhanawira,Provinsi Jawa Barat,Kota Bandung,Konvensional,-6.8934997,107.5112212
PT Bank Perekonomian Rakyat Mangun Pundiyasa,Provinsi Jawa Barat,Kota Bandung,Konvensional,-6.9364392,107.6176513
PT BPR Mutiara Artha Pratama,Provinsi Jawa Barat,Kota Bandung,Konvensional,-6.9443071,107.7009075
PT Bank Perekonomian Rakyat Parinama Simfoni Indonesia,Provinsi Jawa Barat,Kota Bandung,Konvensional,-6.9396983,107.6036684
PT Bank Perekonomian Rakyat Emasnusantara Sentosa,Provinsi Jawa Barat,Kota Bandung,Konvensional,-6.5833463,106.8855174
PT Bank Perekonomian Rakyat Lima Padma Mandiri,Provinsi Jawa Barat,Kota Bandung,Konvensional,-6.9119107,107.6034846
PT Bank Perekonomian Rakyat Mitra Parahyangan,Provinsi Jawa Barat,Kota Bandung,Konvensional,-6.9095814,107.4779911
PT Bank Perekonomian Rakyat Mulia Yuganta Indonesia,Provinsi Jawa Barat,Kota Bandung,Konvensional,-6.9657286,107.5738062
PT Bank Perekonomian Rakyat Mekar Adidana,Provinsi Jawa Barat,Kota Bandung,Konvensional,-6.9151487,107.5844919
PT Bank Perekonomian Rakyat Pundi Kencana Makmur,Provinsi Jawa Barat,Kota Bandung,Konvensional,-6.9464399,107.6060331
PT Bank Perekonomian Rakyat Sentral Investasi Prima,Provinsi Jawa Barat,Kota Bandung,Konvensional,-6.9285132,107.6035165
PT Bank Perekonomian Rakyat Karya Guna Mandiri,Provinsi Jawa Barat,Kota Bandung,Konvensional,-6.9155671,107.5975869
PT Bank Perekonomian Rakyat Citradana Rahayu,Provinsi Jawa Barat,Kota Bandung,Konvensional,-6.9235721,107.615137
PT Bank Perekonomian Rakyat Gunadhana Mitrasembada,Provinsi Jawa Barat,Kota Bandung,Konvensional,-6.920962,107.6132486
Perumda BPR Kota Bandung,Provinsi Jawa Barat,Kota Bandung,Konvensional,-6.9195777,107.6085001
PT Bank Perekonomian Rakyat Cemara Artha Pratama,Provinsi Jawa Barat,Kota Bandung,Konvensional,-6.9065302,107.6313604
PT Bank Perekonomian Rakyat Daya Lumbung Asia,Provinsi Jawa Barat,Kota Bandung,Konvensional,-6.9277542,107.6008633
PT Bank Perekonomian Rakyat Metro Asia Mandiri,Provinsi Jawa Barat,Kota Bandung,Konvensional,-6.9413486,107.655615
PT Bank Perekonomian Rakyat Artha Karya Usaha,Provinsi Jawa Barat,Kota Bandung,Konvensional,-6.916334,107.6030558
Perumda BPR Bank Kota Bogor,Provinsi Jawa Barat,Kota Bogor,Konvensional,-6.5831202,106.7864918
PT. BPR Sumber Ekonomi,Provinsi Jawa Barat,Kota Bogor,Konvensional,-6.5869288,106.7796938
PT Bank Perekonomian Rakyat Duta Pakuan Mandiri,Provinsi Jawa Barat,Kota Bogor,Konvensional,-6.6042637,106.7845477
PT. BPR Universal Jabar,Provinsi Jawa Barat,Kota Bogor,Konvensional,-6.5812299,106.8046817
PT Bank Perekonomian Rakyat Rama Ganda,Provinsi Jawa Barat,Kota Bogor,Konvensional,-6.5467888,106.7841753
PT. BPR Kujang Artha Sembada,Provinsi Jawa Barat,Kota Bogor,Konvensional,-6.2386172,106.7089556
PT BPR Supra Wahana Arta,Provinsi Jawa Barat,Kota Bogor,Konvensional,-6.5227441,106.7875384
Perumda BPR Kota Sukabumi,Provinsi Jawa Barat,Kota Sukabumi,Konvensional,-6.9590156,106.8878909
Perumda BPR Sukabumi,Provinsi Jawa Barat,Kota Sukabumi,Konvensional,-6.9599764,106.886791
PT. BPR Bumitani Mandiri,Provinsi Jawa Barat,Kota Sukabumi,Konvensional,-6.8106693,106.7280847
PT Bank Perekonomian Rakyat Artha Prima Inti,Provinsi Jawa Barat,Kota Cirebon,Konvensional,-6.7207162,108.5600929
PERUMDA BPR Bank Cirebon,Provinsi Jawa Barat,Kota Cirebon,Konvensional,-6.7203017,108.5673143
PT Bank Perekonomian Rakyat Triastra Sejahtera,Provinsi Jawa Barat,Kota Cirebon,Konvensional,-6.7726808,108.4797349
PT Bank Perekonomian Rakyat Arthia Sere,Provinsi Jawa Barat,Kota Cirebon,Konvensional,-6.8245396,108.5700659
PT Bank Perekonomian Rakyat Sumber Sibapudung,Provinsi Jawa Barat,Kota Cirebon,Konvensional,-6.7567964,108.5546331
PT Bank Perekonomian Rakyat Cahaya Fajar,Provinsi Jawa Barat,Kota Cirebon,Konvensional,-6.8113402,108.5615685
PT. BPR Pola Dana,Provinsi Jawa Barat,Kota Tasikmalaya,Konvensional,-7.3139873,108.2263083
PT Bank Perekonomian Rakyat Banjar Arthasariguna,Provinsi Jawa Barat,Kota Tasikmalaya,Konvensional,-7.3435057,108.2013157
PT Bank Perekonomian Rakyat Artha Jaya Mandiri,Provinsi Jawa Barat,Kota Tasikmalaya,Konvensional,-7.3227495,108.1259519
PT Bank Perekonomian Rakyat Siliwangi Kota Tasikmalaya,Provinsi Jawa Barat,Kota Tasikmalaya,Konvensional,-7.3490451,108.2188646
PT Bank Perekonomian Rakyat Artha Galunggung Perseroda,Provinsi Jawa Barat,Kota Tasikmalaya,Konvensional,-7.3424228,108.214867
PT Bank Perekonomian Rakyat Tata Artha Sadaya,Provinsi Jawa Barat,Kota Cimahi,Konvensional,-6.8892747,107.5539297
PT Bank Perekonomian Rakyat Bumi Bandung Kencana,Provinsi Jawa Barat,Kota Cimahi,Konvensional,-6.9162854,107.5647767
PT BPR Kencana,Provinsi Jawa Barat,Kota Cimahi,Konvensional,-6.8927883,107.5554252
PT Bank Perekonomian Rakyat Danamasa Cimahi,Provinsi Jawa Barat,Kota Cimahi,Konvensional,-6.8808661,107.5332316
PT Bank Perekonomian Rakyat Hasamitra Jawa Barat,Provinsi Jawa Barat,Kota Depok,Konvensional,-6.3639637,106.7648817
PT Bank Perekonomian Rakyat Muliatama Dananjaya,Provinsi Jawa Barat,Kota Depok,Konvensional,-6.3762581,106.8969242
PT Bank Perekonomian Rakyat Cibitung Permai,Provinsi Jawa Barat,Kota Depok,Konvensional,-6.3246129,106.7821263
PT BPR Mega Karsa Mandiri,Provinsi Jawa Barat,Kota Depok,Konvensional,-6.3930466,106.8156187
PT Bank Perekonomian Rakyat Tridharma Depok,Provinsi Jawa Barat,Kota Depok,Konvensional,-6.3914122,106.8193342
PT. BPR Cinere Artha Raya,Provinsi Jawa Barat,Kota Depok,Konvensional,-6.1763582,106.6401428
PT Bank Perekonomian Rakyat Panca Dana,Provinsi Jawa Barat,Kota Depok,Konvensional,-6.3926329,106.8219899
PT Bank Perekonomian Rakyat Amara Madina Sejahtera,Provinsi Jawa Barat,Kota Depok,Konvensional,-6.3953514,106.8261703
PD. BPR LPK Sawangan,Provinsi Jawa Barat,Kota Depok,Konvensional,-6.4051856,106.7568474
PT BANK PEREKONOMIAN RAKYAT NARIBI PERKASA,Provinsi Jawa Barat,Kota Depok,Konvensional,-6.3911793,106.8236827
PT Bank Perekonomian Rakyat Danaberkah Lestari,Provinsi Jawa Barat,Kota Depok,Konvensional,-6.3755813,106.7582592
PT Bank Perekonomian Rakyat Artha Bersama,Provinsi Jawa Barat,Kota Depok,Konvensional,-6.3902548,106.7961558
PT Bank Perekonomian Rakyat Karunia,Provinsi Jawa Barat,Kota Depok,Konvensional,-6.3742619,106.8967629
PT Bank Perekonomian Rakyat Sukma Hitamajaya,Provinsi Jawa Barat,Kota Depok,Konvensional,-6.4035802,106.8336245
PT BANK PEREKONOMIAN RAKYAT BANTORU PERINTIS,Provinsi Jawa Barat,Kota Depok,Konvensional,-6.3922724,106.8364087
PT Bank Perekonomian Rakyat Difobutama,Provinsi Jawa Barat,Kota Depok,Konvensional,-6.3871009,106.8195015
PT Bank Perekonomian Rakyat Dana Lestari,Provinsi Jawa Barat,Kota Depok,Konvensional,-6.3809683,106.8527115
PT Bank Perekonomian Rakyat Xen,Provinsi Jawa Barat,Kota Depok,Konvensional,-6.3907421,106.816141
PT Bank Perekonomian Rakyat Laksana Binacimanggis,Provinsi Jawa Barat,Kota Depok,Konvensional,-6.3655336,106.8592138
PT Bank Perekonomian Rakyat Arthaguna Sejahtera,Provinsi Jawa Barat,Kota Depok,Konvensional,-6.3950734,106.7914821
PT. BPR Daya Perdana Nusantara,Provinsi Jawa Barat,Kota Depok,Konvensional,-6.3572587,106.8572181
PT. BPR Efita Dana Sejahtera,Provinsi Jawa Barat,Kota Depok,Konvensional,-6.2386172,106.7089556
PT Bank Perekonomian Rakyat Tapeunadana,Provinsi Jawa Barat,Kota Depok,Konvensional,-6.3867732,106.8222577
PT BPR Fajar Artha Makmur,Provinsi Jawa Barat,Kota Depok,Konvensional,-6.3897904,106.8224794
PT BANK PEREKONOMIAN RAKYAT APTA SEJAHTERA,Provinsi Jawa Barat,Kota Depok,Konvensional,-6.3354578,106.779338
PT Bank Perekonomian Rakyat Brata Bhakti Sejahtera,Provinsi Jawa Barat,Kota Depok,Konvensional,-6.3396908,106.7747992
PT Bank Perekonomian Rakyat Nusantara Bona Pasogit Sembilan Belas,Provinsi Jawa Barat,Kota Depok,Konvensional,-6.1763582,106.6401428
PT Bank Perekonomian Rakyat Siraya Karya Bakti,Provinsi Jawa Barat,Kota Bekasi,Konvensional,-6.3224581,106.9453496
PT Bank Perekonomian Rakyat Sinar Terang,Provinsi Jawa Barat,Kota Bekasi,Konvensional,-6.2276872,107.0006249
PT Bank Perekonomian Rakyat Pandanaran Jaya,Provinsi Jawa Barat,Kota Bekasi,Konvensional,-6.292827,106.91469
PT Bank Perekonomian Rakyat Bringin Dana Sejahtera,Provinsi Jawa Barat,Kota Bekasi,Konvensional,-6.2391221,106.9900035
PT Bank Perekonomian Rakyat Supradanamas,Provinsi Jawa Barat,Kota Bekasi,Konvensional,-6.2806478,106.9111245
PT Bank Perekonomian Rakyat Ana Artha,Provinsi Jawa Barat,Kota Bekasi,Konvensional,-6.2323617,106.911872
PT Bank Perekonomian Rakyat Menaramas Mitra,Provinsi Jawa Barat,Kota Bekasi,Konvensional,-6.2770275,106.9707018
PT Bank Perekonomian Rakyat Dana Pensiun Taspen,Provinsi Jawa Barat,Kota Bekasi,Konvensional,-6.2420072,106.9979723
PT Bank Perekonomian Rakyat Ulima Djumpa Marom,Provinsi Jawa Barat,Kota Bekasi,Konvensional,-6.2614025,106.9445579
PT. BPR Lugano,Provinsi Jawa Barat,Kota Bekasi,Konvensional,-6.2681801,107.0723851
PT. BPR Multi Artha Mas Sejahtera,Provinsi Jawa Barat,Kota Bekasi,Konvensional,-6.4056644,106.9628124
PT Bank Perekonomian Rakyat Depo Mitra Mandiri,Provinsi Jawa Barat,Kota Bekasi,Konvensional,-6.3784374,106.9180384
PT BANK PEREKONOMIAN RAKYAT LESTARI JABAR,Provinsi Jawa Barat,Kota Bekasi,Konvensional,-6.2522519,106.9934894
PT. BPR Nasional Nusantara,Provinsi Jawa Barat,Kota Bekasi,Konvensional,-6.293265,106.9821869
PT Bank Perekonomian Rakyat Citra Bersada Abadi,Provinsi Jawa Barat,Kota Bekasi,Konvensional,-6.2201568,106.9481598
PT. BPR Genades Putranindo,Provinsi Jawa Barat,Kota Bekasi,Konvensional,-6.286492,106.9186341
PT Bank Perekonomian Rakyat Danasari Persada,Provinsi Jawa Barat,Kota Bekasi,Konvensional,-6.2494754,106.9436883
PT Bank Perekonomian Rakyat Karinamas Permai,Provinsi Jawa Barat,Kota Bekasi,Konvensional,-6.2279447,106.9800619
PT Bank Perekonomian Rakyat Aditama Arta,Provinsi Jawa Barat,Kota Bekasi,Konvensional,-6.2388071,106.7913684
PT Bank Perekonomian Rakyat Kranji Krida Sejahtera,Provinsi Jawa Barat,Kota Bekasi,Konvensional,-6.248884,106.9810883
PT Bank Perekonomian Rakyat Alsaba Prima,Provinsi Jawa Barat,Kota Bekasi,Konvensional,-6.2474077,107.009208
PT. BPR Arthasraya Sejahtera,Provinsi Jawa Barat,Kota Bekasi,Konvensional,-6.2388071,106.7913684
PT Bank Perekonomian Rakyat Mitra Sejahtera Lestari,Provinsi Jawa Barat,Kota Bekasi,Konvensional,-6.2845164,106.9080126
PT Bank Perekonomian Rakyat Hosing Jaya,Provinsi Jawa Barat,Kota Bekasi,Konvensional,-6.2838812,106.9080771
PT. BPR Bina Dian Citra,Provinsi Jawa Barat,Kota Bekasi,Konvensional,-6.3169354,107.1600076
PT Bank Perekonomian Rakyat Bekasi Binatanjung Makmur,Provinsi Jawa Barat,Kota Bekasi,Konvensional,-6.2504911,107.0249053
PT Bank Perekonomian Rakyat Varia Centralartha,Provinsi Jawa Barat,Kota Bekasi,Konvensional,-6.2517022,107.01081
PT Bank Perekonomian Rakyat Arta Pundi Mekar,Provinsi Jawa Barat,Kota Bekasi,Konvensional,-6.2388071,106.7913684
PT Bank Perekonomian Rakyat Dian Faraqo Gemilang,Provinsi Jawa Barat,Kota Bekasi,Konvensional,-6.2327065,106.961352
PT BANK PEREKONOMIAN RAKYAT BINTARA PRATAMA SEJAHTERA,Provinsi Jawa Barat,Kota Bekasi,Konvensional,-6.2143091,106.945495
PT Bank Perekonomian Rakyat Sumber Artha Rahayu,Provinsi Jawa Barat,Kota Bekasi,Konvensional,-6.2493957,106.9416111
PT Bank Perekonomian Rakyat Mitra Ekonomi Andalas,Provinsi Jawa Barat,Kota Bekasi,Konvensional,-6.2285512,106.974459
PT Bank Perekonomian Rakyat Danatama Indonesia,Provinsi Jawa Barat,Kota Bekasi,Konvensional,-6.2383554,106.9715889
PT Bank Perekonomian Rakyat Bangun Solusi Bersama,Provinsi Jawa Barat,Kota Bekasi,Konvensional,-6.1829417,106.9851191
PT. BPR Bumibekasi Artha,Provinsi Jawa Barat,Kota Bekasi,Konvensional,-6.2388071,106.7913684
PT Bank Perekonomian Rakyat Wingsati,Provinsi Jawa Barat,Kota Bekasi,Konvensional,-6.2553406,107.0066576
PT Bank Perekonomian Rakyat Karya Bakti Sejahtera,Provinsi Jawa Barat,Kota Bekasi,Konvensional,-6.2481486,106.9640327
Perumda BPR BKPD Cijulang,Provinsi Jawa Barat,Kab. Pangandaran,Konvensional,-7.7237934,108.4703159
Perumda BPR BKPD Pangandaran,Provinsi Jawa Barat,Kab. Pangandaran,Konvensional,-7.6835346,108.6481722
PD. BPR LPK Malingping,Provinsi Banten,Kab. Lebak,Konvensional,-6.7729189,106.0077301
PT BPR Lebak Sejahtera,Provinsi Banten,Kab. Lebak,Konvensional,-6.3586096,106.2467958
PD. BPR LPK Cipanas,Provinsi Banten,Kab. Lebak,Konvensional,-6.5551595,106.40013
PT Bank Perekonomian Rakyat Amal Bhakti Sejahtera,Provinsi Banten,Kab. Pandeglang,Konvensional,-6.3791556,105.831295
PT BPR Berkah (Perseroda),Provinsi Banten,Kab. Pandeglang,Konvensional,-6.3101822,106.1069625
PT Bank Perekonomian Rakyat Serang (Perseroda),Provinsi Banten,Kab. Serang,Konvensional,-6.1482441,106.1811604
PT BANK PEREKONOMIAN RAKYAT LAMBANG GANDA,Provinsi Banten,Kab. Serang,Konvensional,-6.1266675,106.2309087
PT Bank Perekonomian Rakyat Marcorindo Perdana,Provinsi Banten,Kab. Tangerang,Konvensional,-6.1763582,106.6401428
PT Bank Perekonomian Rakyat Pusaka Dana,Provinsi Banten,Kab. Tangerang,Konvensional,-6.2204946,106.4388217
PT Bank Perekonomian Rakyat Ragam Peranmandiri,Provinsi Banten,Kab. Tangerang,Konvensional,-6.2536713,106.5583366
PT. BPR Lestari Banten,Provinsi Banten,Kab. Tangerang,Konvensional,-6.2600184,106.59907
PT Bank Perekonomian Rakyat Aneka Danaraya,Provinsi Banten,Kab. Tangerang,Konvensional,-6.3438869,106.7330806
PT Bank Perekonomian Rakyat Gitamakmur Utama,Provinsi Banten,Kab. Tangerang,Konvensional,-6.2388071,106.7913684
PT BPR Sisibahari Dana,Provinsi Banten,Kab. Tangerang,Konvensional,-6.0728352,106.6530813
PT. BPR Matahari Artadaya,Provinsi Banten,Kab. Tangerang,Konvensional,-6.2386172,106.7089556
PT Bank Perekonomian Rakyat Kemuning Mitra Cemerlang,Provinsi Banten,Kab. Tangerang,Konvensional,-6.1612582,106.8549422
PT. BPR Makmur Merata,Provinsi Banten,Kab. Tangerang,Konvensional,-6.2358587,106.7395418
PT BPR EDCCASH,Provinsi Banten,Kab. Tangerang,Konvensional,-6.234811,106.6167056
PT Bank Perekonomian Rakyat Kuta Bumi Sidomukti,Provinsi Banten,Kab. Tangerang,Konvensional,-6.1555788,106.5795276
PT. BPR Fidusia Civitas,Provinsi Banten,Kab. Tangerang,Konvensional,-6.2042089,106.6126003
PT Bank Perekonomian Rakyat Dassa,Provinsi Banten,Kab. Tangerang,Konvensional,-6.2553216,106.6172733
PT Bank Perekonomian Rakyat Cahaya Arthasejati,Provinsi Banten,Kab. Tangerang,Konvensional,-6.2137244,106.587226
PT Bank Perekonomian Rakyat Vinski Mukti Arta,Provinsi Banten,Kab. Tangerang,Konvensional,-6.2274014,106.7135494
PT. BPR Cita Makmur Lestari,Provinsi Banten,Kab. Tangerang,Konvensional,-6.2243182,106.6089274
PT BPR Mandiri Berkarya Sentosa,Provinsi Banten,Kab. Tangerang,Konvensional,-6.2480201,106.6238242
PT Bank Perekonomian Rakyat Muara Sumber Dana,Provinsi Banten,Kab. Tangerang,Konvensional,-6.3419182,106.725835
PT Bank Perekonomian Rakyat Prima Kredit Mandiri,Provinsi Banten,Kab. Tangerang,Konvensional,-6.2386172,106.7089556
PT Bank Perekonomian Rakyat Karya Prima Sentosa,Provinsi Banten,Kab. Tangerang,Konvensional,-6.2480201,106.6238242
PT BPR Surya Prima Persada,Provinsi Banten,Kab. Tangerang,Konvensional,-6.2514328,106.6157935
PT BPR ZAKA MITRA,Provinsi Banten,Kab. Tangerang,Konvensional,-6.2386172,106.7089556
PT Bank Perekonomian Rakyat Kerta Raharja Gemilang (Perseroda),Provinsi Banten,Kab. Tangerang,Konvensional,-6.2283887,106.5207825
PT Bank Perekonomian Rakyat Athena Surya Prima,Provinsi Banten,Kab. Tangerang,Konvensional,-6.2292764,106.6332956
PT Bank Perekonomian Rakyat Lumbung Mekar Fortuna,Provinsi Banten,Kota Cilegon,Konvensional,-6.0335985,106.0786378
PT Bank Perekonomian Rakyat Laksana Binacilegon,Provinsi Banten,Kota Cilegon,Konvensional,-6.0202617,106.0575016
PT. BPR Cakra Dharma Arthamandiri,Provinsi Banten,Kota Cilegon,Konvensional,-6.0314302,106.049427
PT. BPR Dana Niaga,Provinsi Banten,Kota Tangerang,Konvensional,-6.1837464,106.6950159
Bank Perekonomian Rakyat Hariarta Sedana,Provinsi Banten,Kota Tangerang,Konvensional,-6.2386172,106.7089556
PT Bank Perekonomian Rakyat Ragasakti,Provinsi Banten,Kota Tangerang,Konvensional,-6.2386172,106.7089556
PT Bank Perekonomian Rakyat Darbeni Rizki,Provinsi Banten,Kota Tangerang,Konvensional,-6.2103653,106.6858474
BANK PEREKONOMIAN RAKYAT MAHKOTA ARTHA SEJAHTERA,Provinsi Banten,Kota Tangerang,Konvensional,-6.1854701,106.6125729
PT BANK PEREKONOMIAN RAKYAT MITRA NATAPALA,Provinsi Banten,Kota Tangerang,Konvensional,-6.2638614,106.6344743
PT Bank Perekonomian Rakyat Pinang Artha,Provinsi Banten,Kota Tangerang,Konvensional,-6.2843206,106.6365576
Bank Perekonomian Rakyat Ciledug Dhana Semesta,Provinsi Banten,Kota Tangerang,Konvensional,-6.226846,106.7125776
PT Bank Perekonomian Rakyat Niaga Mandiri,Provinsi Banten,Kota Tangerang,Konvensional,-6.2095094,106.6064275
PT. BPR Multi Paramindo Abadi,Provinsi Banten,Kota Tangerang,Konvensional,-6.2329628,106.7267171
PT. BPR Timika Dinamika Sarana,Provinsi Banten,Kota Tangerang,Konvensional,-6.2386172,106.7089556
PT Bank Perekonomian Rakyat Interskala Mandiri Sejahtera,Provinsi Banten,Kota Tangerang,Konvensional,-6.1931952,106.69835
PT BPR ARTA JAKARTA,Provinsi Banten,Kota Tangerang,Konvensional,-6.2331133,106.7326761
PT Bank Perekonomian Rakyat Kreo Lestari,Provinsi Banten,Kota Tangerang,Konvensional,-6.2335512,106.7333087
PT Bank Perekonomian Rakyat Artadamas Mandiri,Provinsi Banten,Kota Tangerang,Konvensional,-6.1858489,106.6174571
PT Bank Perekonomian Rakyat Rifi Maligi,Provinsi Banten,Kota Tangerang,Konvensional,-6.2326656,106.7282662
PT BANK PEREKONOMIAN RAKYAT BUMIDHANA,Provinsi Banten,Kota Tangerang,Konvensional,-6.1861378,106.6077213
PT. BPR Lumasindo Perkasa Putra,Provinsi Banten,Kota Tangerang,Konvensional,-6.1590287,106.6400263
PT BPR BERLIAN SEJATI,Provinsi Banten,Kota Tangerang,Konvensional,-6.231174,106.6312109
PT BPR PALAPA NUSARAYA,Provinsi Banten,Kota Tangerang,Konvensional,-6.2452595,106.5095704
PT Bank Perekonomian Rakyat Magga Jaya Utama,Provinsi Banten,Kota Tangerang,Konvensional,-6.1787305,106.5833306
PT BPR Vox Modern Danamitra,Provinsi Banten,Kota Tangerang,Konvensional,-6.2215109,106.8651154
PT Bank Perekonomian Rakyat Berkat Artha Melimpah,Provinsi Banten,Kota Tangerang Selatan,Konvensional,-6.2947587,106.6659252
PT Bank Perekonomian Rakyat Akasia Mas,Provinsi Banten,Kota Tangerang Selatan,Konvensional,-6.2655763,106.6523948
PT Bank Perekonomian Rakyat Universal,Provinsi Banten,Kota Tangerang Selatan,Konvensional,-6.2386172,106.7089556
PT Bank Perekonomian Rakyat Artha Jaya Natapala,Provinsi Banten,Kota Tangerang Selatan,Konvensional,-6.2717934,106.7399252
PT BPR Bintang Ekonomi Sejahtera,Provinsi Banten,Kota Tangerang Selatan,Konvensional,-6.2386172,106.7089556
PT Bank Perekonomian Rakyat Rizky Barokah,Provinsi Banten,Kota Tangerang Selatan,Konvensional,-6.2809565,106.7057556
PT BANK PEREKONOMIAN RAKYAT MARENSABANK,Provinsi Banten,Kota Tangerang Selatan,Konvensional,-6.2778127,106.5953982
PT Bank Perekonomian Rakyat Nusantara Bona Pasogit Dua Belas,Provinsi Banten,Kota Tangerang Selatan,Konvensional,-6.3385569,106.6559492
PT Bank Perekonomian Rakyat Central Artha Rezeki,Provinsi Banten,Kota Tangerang Selatan,Konvensional,-6.2386172,106.7089556
PT Bank Perekonomian Rakyat Sehat Sejahtera,Provinsi Banten,Kota Tangerang Selatan,Konvensional,-6.3460775,106.6891957
PT Bank Perekonomian Rakyat Laksana Lestariserpong,Provinsi Banten,Kota Tangerang Selatan,Konvensional,-6.2966815,106.6443806
PT. BPR Makmur Artha Sedaya,Provinsi Banten,Kota Tangerang Selatan,Konvensional,-6.3447521,106.7632732
PT BPR Luna Sinar Indonesia,Provinsi Banten,Kota Tangerang Selatan,Konvensional,-6.2758645,106.656937
PT Bank Perekonomian Rakyat Prima Sejahtera,Provinsi Banten,Kota Tangerang Selatan,Konvensional,-6.2493514,106.647812
PT Bank Perekonomian Rakyat Dana Usaha,Provinsi DKI Jakarta,Wil. Kota Jakarta Pusat,Konvensional,-6.1425888,106.8312926
PT Bank Perekonomian Rakyat Daya Arta,Provinsi DKI Jakarta,Wil. Kota Jakarta Pusat,Konvensional,-6.2386172,106.7089556
PT Bank Perekonomian Rakyat Koperindo Jaya,Provinsi DKI Jakarta,Wil. Kota Jakarta Pusat,Konvensional,-6.1640874,106.8100504
PT Bank Perekonomian Rakyat Multi Sembada Dana,Provinsi DKI Jakarta,Wil. Kota Jakarta Pusat,Konvensional,-6.1628288,106.8265553
PT Bank Perekonomian Rakyat Bank Sinpo,Provinsi DKI Jakarta,Wil. Kota Jakarta Pusat,Konvensional,-6.1798662,106.8385164
PT Bank Perekonomian Rakyat Mitra Dana Utama,Provinsi DKI Jakarta,Wil. Kota Jakarta Pusat,Konvensional,-6.1860708,106.8123379
PT Bank Perekonomian Rakyat Kartini,Provinsi DKI Jakarta,Wil. Kota Jakarta Pusat,Konvensional,-6.1474967,106.8291135
PT Bank Perekonomian Rakyat Banksar Dana Loka,Provinsi DKI Jakarta,Wil. Kota Jakarta Pusat,Konvensional,-6.1869715,106.8150795
PT Bank Perekonomian Rakyat Bahana Ekonomi Sentosa,Provinsi DKI Jakarta,Wil. Kota Jakarta Pusat,Konvensional,-6.1830019,106.8298259
PT Bank Perekonomian Rakyat Brilian Investama,Provinsi DKI Jakarta,Wil. Kota Jakarta Pusat,Konvensional,-6.1644112,106.8253172
PT Bank Perekonomian Rakyat Sarana Utama Multidana,Provinsi DKI Jakarta,Wil. Kota Jakarta Pusat,Konvensional,-6.1903132,106.80309
PT Bank Perekonomian Rakyat Artharindo,Provinsi DKI Jakarta,Wil. Kota Jakarta Pusat,Konvensional,-6.1658365,106.8094535
PT Bank Perekonomian Rakyat Gamon,Provinsi DKI Jakarta,Wil. Kota Jakarta Pusat,Konvensional,-6.1833551,106.8228111
PT Bank Perekonomian Rakyat Bahtera Masyarakat,Provinsi DKI Jakarta,Wil. Kota Jakarta Pusat,Konvensional,-6.1740797,106.8145197
PT Bank Perekonomian Rakyat Rasyid,Provinsi DKI Jakarta,Wil. Kota Jakarta Pusat,Konvensional,-6.1766819,106.7843584
PT Bank Perekonomian Rakyat Olympindo Sejahtera,Provinsi DKI Jakarta,Wil. Kota Jakarta Utara,Konvensional,-6.1532675,106.8895163
PT Bank Perekonomian Rakyat Lesca Dana Jakarta,Provinsi DKI Jakarta,Wil. Kota Jakarta Utara,Konvensional,-6.1165864,106.7549862
PT Bank Perekonomian Rakyat Wongso Dana Prima,Provinsi DKI Jakarta,Wil. Kota Jakarta Utara,Konvensional,-6.1285672,106.7874761
PT Bank Perekonomian Rakyat Tata Karya Indonesia,Provinsi DKI Jakarta,Wil. Kota Jakarta Utara,Konvensional,-6.1319339,106.7904561
PT Bank Perekonomian Rakyat Bina Dana Cakrawala,Provinsi DKI Jakarta,Wil. Kota Jakarta Utara,Konvensional,-6.1765454,106.909629
PT Bank Perekonomian Rakyat Puspita Sari,Provinsi DKI Jakarta,Wil. Kota Jakarta Barat,Konvensional,-6.2388071,106.7913684
PT Bank Perekonomian Rakyat Lestari Jakarta,Provinsi DKI Jakarta,Wil. Kota Jakarta Barat,Konvensional,-6.1977648,106.7457171
PT Bank Perekonomian Rakyat Anugerah Artasentosa Prima,Provinsi DKI Jakarta,Wil. Kota Jakarta Barat,Konvensional,-6.1494027,106.8231897
PT. BPR Pesona Letris Pratama,Provinsi DKI Jakarta,Wil. Kota Jakarta Selatan,Konvensional,-6.2446962,106.7985095
PT Bank Perekonomian Rakyat Bina Dana Swadaya,Provinsi DKI Jakarta,Wil. Kota Jakarta Selatan,Konvensional,-6.2222564,106.8441463
PT Bank Perekonomian Rakyat Intidana Sukses Makmur,Provinsi DKI Jakarta,Wil. Kota Jakarta Selatan,Konvensional,-6.1334435,106.8061028
PT. BPR Nova Trijaya,Provinsi DKI Jakarta,Wil. Kota Jakarta Selatan,Konvensional,-6.2281757,106.8644761
PT Bank Perekonomian Rakyat Artatama Sejahtera,Provinsi DKI Jakarta,Wil. Kota Jakarta Selatan,Konvensional,-6.2384516,106.7756436
PT BPR Nova Trijaya,Provinsi DKI Jakarta,Wil. Kota Jakarta Selatan,Konvensional,-6.2281757,106.8644761
PT Bank Perekonomian Rakyat Metropolitan Putra,Provinsi DKI Jakarta,Wil. Kota Jakarta Timur,Konvensional,-6.2156215,106.8699637
PT Bank Perekonomian Rakyat Haneda Mitra Usaha,Provinsi DKI Jakarta,Wil. Kota Jakarta Timur,Konvensional,-6.250393,106.862891
PT Bank Perekonomian Rakyat Dana Mitra Indonesia,Provinsi DKI Jakarta,Wil. Kota Jakarta Timur,Konvensional,-6.2215109,106.8651154
PT Bank Perekonomian Rakyat Nusantara Artha Makmur,Provinsi D.I. Yogyakarta,Kab. Bantul,Konvensional,-7.8263539,110.4058927
PT Bank Perekonomian Rakyat Kurnia Sewon,Provinsi D.I. Yogyakarta,Kab. Bantul,Konvensional,-7.8278736,110.3647058
PT Bank Perekonomian Rakyat Bank Bantul (Perseroda),Provinsi D.I. Yogyakarta,Kab. Bantul,Konvensional,-7.8885757,110.3239571
PT Bank Perekonomian Rakyat Nusamba Banguntapan,Provinsi D.I. Yogyakarta,Kab. Bantul,Konvensional,-7.8146546,110.4100194
PT Bank Perekonomian Rakyat Profidana Paramitra,Provinsi D.I. Yogyakarta,Kab. Bantul,Konvensional,-7.8602984,110.3054245
PT. BPR Arga Tata,Provinsi D.I. Yogyakarta,Kab. Bantul,Konvensional,-7.8626446,110.2206251
PT Bank Perekonomian Rakyat Artha Parama,Provinsi D.I. Yogyakarta,Kab. Bantul,Konvensional,-7.8586481,110.3056385
PT Bank Perekonomian Rakyat Lestari Jogja,Provinsi D.I. Yogyakarta,Kab. Bantul,Konvensional,-7.829086,110.3646081
PT Bank Perekonomian Rakyat Ambarketawang Persada,Provinsi D.I. Yogyakarta,Kab. Bantul,Konvensional,-7.7998153,110.3299035
PT Bank Perekonomian Rakyat Kartikaartha Kencanajaya,Provinsi D.I. Yogyakarta,Kab. Bantul,Konvensional,-7.7807011,110.3459772
PT BPR Swadharma Artha Nusa,Provinsi D.I. Yogyakarta,Kab. Bantul,Konvensional,-7.8001703,110.3343034
PT BPR Sejahtera Arthatama Mandiri,Provinsi D.I. Yogyakarta,Kab. Bantul,Konvensional,-7.8001703,110.3343034
PT Bank Perekonomian Rakyat Arum Mandiri Kenanga,Provinsi D.I. Yogyakarta,Kab. Bantul,Konvensional,-7.8523325,110.339934
PT Bank Perekonomian Rakyat Chandra Muktiartha,Provinsi D.I. Yogyakarta,Kab. Bantul,Konvensional,-7.8858278,110.2751626
PT Bank Perekonomian Rakyat Universitas Gadjah Mada,Provinsi D.I. Yogyakarta,Kab. Sleman,Konvensional,-7.764,110.2238777
PT Bank Perekonomian Rakyat Bhakti Daya Ekonomi,Provinsi D.I. Yogyakarta,Kab. Sleman,Konvensional,-7.6670783,110.4150184
PT Bank Perekonomian Rakyat Bank Sleman (Perseroda),Provinsi D.I. Yogyakarta,Kab. Sleman,Konvensional,-7.7095781,110.2918927
PT Bank Perekonomian Rakyat Shinta Daya,Provinsi D.I. Yogyakarta,Kab. Sleman,Konvensional,-7.7283083,110.3266745
PT Bank Perekonomian Rakyat Natasha Bintang Anugrah,Provinsi D.I. Yogyakarta,Kab. Sleman,Konvensional,-7.7631462,110.3658102
PT. BPR Danagung Bakti,Provinsi D.I. Yogyakarta,Kab. Sleman,Konvensional,-7.7566206,110.3827675
PT Bank Perekonomian Rakyat Nusumma Jogja,Provinsi D.I. Yogyakarta,Kab. Sleman,Konvensional,-7.6771664,110.3344897
PT Bank Perekonomian Rakyat Wijaya Mulya Sentosa,Provinsi D.I. Yogyakarta,Kab. Sleman,Konvensional,-7.7911171,110.3896512
PT Bank Perekonomian Rakyat Bhumikarya Pala,Provinsi D.I. Yogyakarta,Kab. Sleman,Konvensional,-7.7600227,110.3609894
PT Bank Perekonomian Rakyat Danagung,Provinsi D.I. Yogyakarta,Kab. Sleman,Konvensional,-7.7821047,110.3641877
PT. BPR Restu Mandiri Makmur,Provinsi D.I. Yogyakarta,Kab. Sleman,Konvensional,-7.757967,110.393055
PT. BPR Danagung Abadi,Provinsi D.I. Yogyakarta,Kab. Sleman,Konvensional,-7.783874,110.3641877
PT Bank Perekonomian Rakyat Artajaya Bhaktimulia,Provinsi D.I. Yogyakarta,Kab. Sleman,Konvensional,-7.7890587,110.4078332
PT Bank Perekonomian Rakyat Berlian Bumi Arta,Provinsi D.I. Yogyakarta,Kab. Sleman,Konvensional,-7.8006651,110.3217265
PT Bank Perekonomian Rakyat Arta Agung Yogyakarta,Provinsi D.I. Yogyakarta,Kab. Sleman,Konvensional,-7.7755998,110.3270852
PT Bank Perekonomian Rakyat Dana Berkah Pusakatama,Provinsi D.I. Yogyakarta,Kab. Sleman,Konvensional,-7.7721853,110.3082583
PT Bank Perekonomian Rakyat Suriyah Yogyakarta,Provinsi D.I. Yogyakarta,Kab. Sleman,Konvensional,-7.7518078,110.3818357
PT Bank Perekonomian Rakyat Gampingartha Raya,Provinsi D.I. Yogyakarta,Kab. Sleman,Konvensional,-7.780258,110.3425984
PT Bank Perekonomian Rakyat Mlatipundi Artha,Provinsi D.I. Yogyakarta,Kab. Sleman,Konvensional,-7.7292276,110.3607361
PT Bank Perekonomian Rakyat Alto Makmur,Provinsi D.I. Yogyakarta,Kab. Sleman,Konvensional,-7.7781435,110.4275148
PT. BPR Arta Yogyakarta,Provinsi D.I. Yogyakarta,Kab. Sleman,Konvensional,-7.7407348,110.3241218
PT Bank Perekonomian Rakyat Artha Mlatiindah,Provinsi D.I. Yogyakarta,Kab. Sleman,Konvensional,-7.7707885,110.3058162
PT Bank Perekonomian Rakyat Danamas Prima,Provinsi D.I. Yogyakarta,Kab. Sleman,Konvensional,-7.7790155,110.3369208
PT Bank Perekonomian Rakyat Karangwaru,Provinsi D.I. Yogyakarta,Kab. Sleman,Konvensional,-7.7502623,110.3649647
PT Bank Perekonomian Rakyat Panca Arta Monjali,Provinsi D.I. Yogyakarta,Kab. Sleman,Konvensional,-7.7257646,110.3595593
PT Bank Perekonomian Rakyat Artha Sumber Arum,Provinsi D.I. Yogyakarta,Kab. Sleman,Konvensional,-7.783046,110.4049304
PT Bank Perekonomian Rakyat Bank Mulya Sejahtera,Provinsi D.I. Yogyakarta,Kab. Sleman,Konvensional,-7.7510636,110.3600989
PT BPR Restu Artha Yogyakarta,Provinsi D.I. Yogyakarta,Kab. Sleman,Konvensional,-7.7268101,110.2856831
PT Bank Perekonomian Rakyat Ukabima Nindya Raharja,Provinsi D.I. Yogyakarta,Kab. Gunung Kidul,Konvensional,-7.9638456,110.6153414
PT Bank Perekonomian Rakyat Bank Daerah Gunungkidul (Perseroda),Provinsi D.I. Yogyakarta,Kab. Gunung Kidul,Konvensional,-7.9674618,110.6001332
PT. BPR Agra Arthaka Mulya,Provinsi D.I. Yogyakarta,Kab. Gunung Kidul,Konvensional,-7.8658875,110.7341443
PT Bank Perekonomian Rakyat Arum Mandiri Melati,Provinsi D.I. Yogyakarta,Kab. Gunung Kidul,Konvensional,-7.9945014,110.642218
PT Bank Perekonomian Rakyat Bank Shinta Putra,Provinsi D.I. Yogyakarta,Kab. Kulon Progo,Konvensional,-7.8517522,110.1615834
PT Bank Perekonomian Rakyat Bank Kulon Progo (Perseroda),Provinsi D.I. Yogyakarta,Kab. Kulon Progo,Konvensional,-7.8027904,109.993005
PT Bank Perekonomian Rakyat Nusamba Temon,Provinsi D.I. Yogyakarta,Kab. Kulon Progo,Konvensional,-7.8864026,110.0701353
PT Bank Perekonomian Rakyat Madani Sejahtera Abadi,Provinsi D.I. Yogyakarta,Kota Yogyakarta,Konvensional,-7.7941115,110.3670834
PT Bank Perekonomian Rakyat Bank Jogja (Perseroda),Provinsi D.I. Yogyakarta,Kota Yogyakarta,Konvensional,-7.7471979,110.2989808
PT Bank Perekonomian Rakyat Lestari Darmo Mulyo,Provinsi D.I. Yogyakarta,Kota Yogyakarta,Konvensional,-7.8025937,110.3668308
PT Bank Perekonomian Rakyat Artha Berkah Cemerlang,Provinsi D.I. Yogyakarta,Kota Yogyakarta,Konvensional,-7.7924714,110.3588587
PT Bank Perekonomian Rakyat Walet Jaya Abadi,Provinsi D.I. Yogyakarta,Kota Yogyakarta,Konvensional,-7.8134624,110.3660164
PT Bank Perekonomian Rakyat Mataram Mitra Manunggal,Provinsi D.I. Yogyakarta,Kota Yogyakarta,Konvensional,-7.8048789,110.3604619
PT Bank Perekonomian Rakyat Klepu Mitra Kencana,Provinsi Jawa Tengah,Kab. Semarang,Konvensional,-7.1281705,110.2854202
PT Bank Perekonomian Rakyat Inti Ambarawa Sejahtera,Provinsi Jawa Tengah,Kab. Semarang,Konvensional,-7.2511239,110.4136824
PT. BPR Ambarawa Persada,Provinsi Jawa Tengah,Kab. Semarang,Konvensional,-7.2552385,110.4057849
PT Bank Perekonomian Rakyat Dana Mitra Sentosa,Provinsi Jawa Tengah,Kab. Semarang,Konvensional,-7.1879229,110.3377788
PT Bank Perekonomian Rakyat Mitra Mulia Persada,Provinsi Jawa Tengah,Kab. Semarang,Konvensional,-7.1219477,110.4057064
PT Bank Perekonomian Rakyat Argo Dana Artha,Provinsi Jawa Tengah,Kab. Semarang,Konvensional,-7.1689519,110.3107136
PT Bank Perekonomian Rakyat Mekar Nugraha,Provinsi Jawa Tengah,Kab. Semarang,Konvensional,-7.2678942,110.1970921
PT. BPR Hartasarana,Provinsi Jawa Tengah,Kab. Semarang,Konvensional,-7.2530747,110.41265
PT. BPR Restu Klepu Makmur,Provinsi Jawa Tengah,Kab. Semarang,Konvensional,-7.1835437,110.4230721
PT BPR BKK Ungaran (Perseroda),Provinsi Jawa Tengah,Kab. Semarang,Konvensional,-7.1967256,110.3799147
PT Bank Perekonomian Rakyat Persada Ganda,Provinsi Jawa Tengah,Kab. Semarang,Konvensional,-7.2548768,110.4075094
PT BPR Satria Pertiwi Semarang,Provinsi Jawa Tengah,Kab. Semarang,Konvensional,-7.12753,110.4002322
PT BPR Pratama Dana Abadi,Provinsi Jawa Tengah,Kab. Semarang,Konvensional,-7.1395876,110.4089264
PT BPR Citra Artha Nusa,Provinsi Jawa Tengah,Kab. Kendal,Konvensional,-7.0831704,109.9957345
PT Bank Perekonomian Rakyat Citra Darian,Provinsi Jawa Tengah,Kab. Kendal,Konvensional,-7.0320915,110.0947613
PT BPR Kendali Artha (Perseroda),Provinsi Jawa Tengah,Kab. Kendal,Konvensional,-7.0118803,110.0775802
PT. BPR Pasar Boja,Provinsi Jawa Tengah,Kab. Kendal,Konvensional,-7.104106,110.2720527
PT. BPR Nusamba Cepiring,Provinsi Jawa Tengah,Kab. Kendal,Konvensional,-6.9462097,110.0798548
PT Bank Perekonomian Rakyat Weleri Jayapersada,Provinsi Jawa Tengah,Kab. Kendal,Konvensional,-7.0357629,110.0873611
PT. BPR Dhanatani Cepiring,Provinsi Jawa Tengah,Kab. Kendal,Konvensional,-6.9478364,110.1167317
PT Bank Perekonomian Rakyat Artha Kaliwungu,Provinsi Jawa Tengah,Kab. Kendal,Konvensional,-7.0321972,110.1825369
PT BPR Arthama Cerah Weleri,Provinsi Jawa Tengah,Kab. Kendal,Konvensional,-6.9742247,110.0708402
PT Bank Perekonomian Rakyat Anugerah Harta Kaliwungu,Provinsi Jawa Tengah,Kab. Kendal,Konvensional,-6.9660666,110.1613886
PT BPR BKK Kendal (Perseroda),Provinsi Jawa Tengah,Kab. Kendal,Konvensional,-6.9221734,110.195243
PT Bank Perekonomian Rakyat Enggal Makmur Adi Santoso,Provinsi Jawa Tengah,Kab. Kendal,Konvensional,-6.9569378,110.2477204
PT. BPR Wahana Artha Maju,Provinsi Jawa Tengah,Kab. Demak,Konvensional,-6.8988931,110.6392331
PT. BPR Restu Mranggen Makmur,Provinsi Jawa Tengah,Kab. Demak,Konvensional,-6.8894536,110.6333421
PT Bank Perekonomian Rakyat Arthanugraha Makmursejahtera,Provinsi Jawa Tengah,Kab. Demak,Konvensional,-6.9588521,110.4870688
PT Bank Perekonomian Rakyat Artha Mranggenjaya,Provinsi Jawa Tengah,Kab. Demak,Konvensional,-6.9619826,110.4891509
PT Bank Perekonomian Rakyat Artamas,Provinsi Jawa Tengah,Kab. Demak,Konvensional,-6.9591128,110.4880033
PT Bank Perekonomian Rakyat Mranggen Mitra Persada,Provinsi Jawa Tengah,Kab. Demak,Konvensional,-6.9559169,110.4891173
PT Bank Perekonomian Rakyat BKK Demak Perseroda,Provinsi Jawa Tengah,Kab. Demak,Konvensional,-6.9228905,110.4599962
PT BPR Wirosari Ijo,Provinsi Jawa Tengah,Kab. Grobogan,Konvensional,-7.0857453,111.08877
PT Bank Perekonomian Rakyat Semeru,Provinsi Jawa Tengah,Kab. Grobogan,Konvensional,-7.1228652,111.126441
PT Bank Perekonomian Rakyat Bank Purwa Artha (Perseroda),Provinsi Jawa Tengah,Kab. Grobogan,Konvensional,-7.0709466,110.9155055
PT BPR BKK Purwodadi (Perseroda),Provinsi Jawa Tengah,Kab. Grobogan,Konvensional,-7.1239942,110.6093732
PT Bank Perekonomian Rakyat Sejahtera Artha Sembada,Provinsi Jawa Tengah,Kab. Pekalongan,Konvensional,-6.8907239,109.6258582
PT Bank Perekonomian Rakyat BKK Kabupaten Pekalongan (Perseroda),Provinsi Jawa Tengah,Kab. Pekalongan,Konvensional,-7.0120302,109.4742483
PT Bank Perekonomian Rakyat Bumi Sediaguna,Provinsi Jawa Tengah,Kab. Tegal,Konvensional,-6.9304172,109.132549
PT Bank Perekonomian Rakyat Bank Tegal (Perseroda),Provinsi Jawa Tengah,Kab. Tegal,Konvensional,-6.9264501,109.0828876
PT Bank Perekonomian Rakyat Nusamba Adiwerna,Provinsi Jawa Tengah,Kab. Tegal,Konvensional,-6.9529308,109.1351537
PT Bank Perekonomian Rakyat Sahabat Tata,Provinsi Jawa Tengah,Kab. Tegal,Konvensional,-6.949345,109.1133362
PT Bank Perekonomian Rakyat Nusumma Jateng,Provinsi Jawa Tengah,Kab. Tegal,Konvensional,-6.9415665,109.1137228
PT Bank Perekonomian Rakyat Mega Artha Mustika,Provinsi Jawa Tengah,Kab. Tegal,Konvensional,-6.89712,109.1855955
PT Bank Perekonomian Rakyat Artha Kramat,Provinsi Jawa Tengah,Kab. Tegal,Konvensional,-6.8811061,109.1894329
PT Bank Perekonomian Rakyat Aris Mentari Ayu,Provinsi Jawa Tengah,Kab. Tegal,Konvensional,-6.9500942,109.1349252
PT Bank Perekonomian Rakyat Dhana Adiwerna,Provinsi Jawa Tengah,Kab. Tegal,Konvensional,-6.9274656,109.1299468
PT Bank Perekonomian Rakyat Arthapuspa Mega,Provinsi Jawa Tengah,Kab. Tegal,Konvensional,-6.9334561,109.0929716
PT Bank Perekonomian Rakyat BKK Kabupaten Tegal (Perseroda),Provinsi Jawa Tengah,Kab. Tegal,Konvensional,-7.0041836,108.9834249
PT Bank Perekonomian Rakyat BKK Banjarharjo (Perseroda),Provinsi Jawa Tengah,Kab. Brebes,Konvensional,-7.0508011,108.7656107
PT Bank Perekonomian Rakyat Bank Brebes (Perseroda),Provinsi Jawa Tengah,Kab. Brebes,Konvensional,-6.9268493,108.871502
PT Bank Perekonomian Rakyat Bumiayu Bangun Citra,Provinsi Jawa Tengah,Kab. Brebes,Konvensional,-7.2548625,109.0107935
PT. BPR Jatibarang Sediaguna,Provinsi Jawa Tengah,Kab. Brebes,Konvensional,-6.9689888,109.0689374
PT Bank Perekonomian Rakyat Arisma Mandiri,Provinsi Jawa Tengah,Kab. Brebes,Konvensional,-6.8754897,109.048573
PT Bank Perekonomian Rakyat Muhadi Setia Budi,Provinsi Jawa Tengah,Kab. Brebes,Konvensional,-6.8740456,109.0405619
PT. BPR Artaperdana Delta Sentosa,Provinsi Jawa Tengah,Kab. Pati,Konvensional,-6.7248495,111.0146101
PT Bank Perekonomian Rakyat Artha Huda Abadi,Provinsi Jawa Tengah,Kab. Pati,Konvensional,-6.7182651,110.8660247
Koperasi Bank Perekonomian Rakyat Wedariyaksa,Provinsi Jawa Tengah,Kab. Pati,Konvensional,-6.8226384,110.4602544
PT BPR Tayu Dutapersada,Provinsi Jawa Tengah,Kab. Pati,Konvensional,-6.756262,111.0381841
PT Bank Perekonomian Rakyat Mitra Pati Mandiri,Provinsi Jawa Tengah,Kab. Pati,Konvensional,-6.651737,111.0057639
PT Bank Perekonomian Rakyat Asabahana Sejahtera,Provinsi Jawa Tengah,Kab. Pati,Konvensional,-6.7073663,111.0149219
PT. BPR Juwana Artha Sentosa,Provinsi Jawa Tengah,Kab. Pati,Konvensional,-6.7162574,111.1397929
PT BPR BKK Pati ( Perseroda ),Provinsi Jawa Tengah,Kab. Pati,Konvensional,-6.7457716,111.036573
PT Bank Perekonomian Rakyat Sungkunandhana,Provinsi Jawa Tengah,Kab. Pati,Konvensional,-6.7079713,111.0479775
PT Bank Perekonomian Rakyat Bank Daerah Pati (Perseroda),Provinsi Jawa Tengah,Kab. Pati,Konvensional,-6.7375413,110.8339703
PT. BPR Kusuma Arta Rini,Provinsi Jawa Tengah,Kab. Pati,Konvensional,-6.7480426,111.0301599
PT Bank Perekonomian Rakyat Bank Daerah Kudus (Perseroda),Provinsi Jawa Tengah,Kab. Kudus,Konvensional,-6.8144067,110.8297589
PT Bank Perekonomian Rakyat Catur Artha Jaya,Provinsi Jawa Tengah,Kab. Kudus,Konvensional,-6.7737283,110.8038782
PT BPR Dananta,Provinsi Jawa Tengah,Kab. Kudus,Konvensional,-6.81826,110.8370917
PT Bank Perekonomian Rakyat Mitra Budikusuma Mandiri,Provinsi Jawa Tengah,Kab. Kudus,Konvensional,-6.7832098,110.8486812
PT Bank Perekonomian Rakyat Taruna Adidaya Santosa,Provinsi Jawa Tengah,Kab. Kudus,Konvensional,-6.8297203,110.8255294
PT. BPR Hartha Muriatama,Provinsi Jawa Tengah,Kab. Kudus,Konvensional,-6.8358349,110.8299077
PT BPR BKK Kudus (Perseroda),Provinsi Jawa Tengah,Kab. Kudus,Konvensional,-6.8176507,110.7763751
PT Bank Perekonomian Rakyat Panasayu Arthalayan Sejahtera,Provinsi Jawa Tengah,Kab. Pemalang,Konvensional,-6.8938175,109.4082556
PT Bank Perekonomian Rakyat Bank Pemalang (Perseroda),Provinsi Jawa Tengah,Kab. Pemalang,Konvensional,-7.005105,109.0627197
PT Bank Perekonomian Rakyat Hidup Artha Putra,Provinsi Jawa Tengah,Kab. Pemalang,Konvensional,-6.8885405,109.1718586
PT Bank Perekonomian Rakyat BKK Taman (Perseroda),Provinsi Jawa Tengah,Kab. Pemalang,Konvensional,-7.005105,109.0627197
PT BPR Bank Jepara Artha (Perseroda),Provinsi Jawa Tengah,Kab. Jepara,Konvensional,-6.6555822,110.626173
PT. BPR Nusamba Pecangaan Jepara,Provinsi Jawa Tengah,Kab. Jepara,Konvensional,-6.7016665,110.590661
PT BPR BKK Jepara (Perseroda),Provinsi Jawa Tengah,Kab. Jepara,Konvensional,-6.5903835,110.6660578
PT BPR Bank Rembang (Perseroda),Provinsi Jawa Tengah,Kab. Rembang,Konvensional,-6.7073215,111.2514138
PT BPR BKK Lasem (Perseroda),Provinsi Jawa Tengah,Kab. Rembang,Konvensional,-6.714838,111.2880602
Perumda BPR Bank Blora Artha,Provinsi Jawa Tengah,Kab. Blora,Konvensional,-6.9695952,111.4119069
PT Bank Perekonomian Rakyat Dutabhakti Insani,Provinsi Jawa Tengah,Kab. Blora,Konvensional,-7.0765134,111.2496365
PT BPR Cepu Nasionalbank,Provinsi Jawa Tengah,Kab. Blora,Konvensional,-7.1383073,111.5903938
PT. BPR Dhana Mitratama,Provinsi Jawa Tengah,Kab. Blora,Konvensional,-6.9736511,111.4084452
PT Bank Perekonomian Rakyat Badan Kredit Kecamatan Blora (Perseroda),Provinsi Jawa Tengah,Kab. Blora,Konvensional,-6.5647339,106.5306384
PT. BPR Artha Mekar Sokaraja,Provinsi Jawa Tengah,Kab. Banyumas,Konvensional,-7.486835,109.2769692
PT Bank Perekonomian Rakyat Badan Kredit Kecamatan Purwokerto (Perseroda),Provinsi Jawa Tengah,Kab. Banyumas,Konvensional,-7.2827434,109.0853576
PT Bank Perekonomian Rakyat Gunung Simping Artha,Provinsi Jawa Tengah,Kab. Banyumas,Konvensional,-7.4245375,109.1995857
PT Bank Perekonomian Rakyat Dana Mitra Sakti,Provinsi Jawa Tengah,Kab. Banyumas,Konvensional,-7.4268194,109.2461803
PT Bank Perekonomian Rakyat Tirta Danarta,Provinsi Jawa Tengah,Kab. Banyumas,Konvensional,-7.4424427,109.2370153
PT Bank Perekonomian Rakyat Eleska Artha,Provinsi Jawa Tengah,Kab. Banyumas,Konvensional,-7.4410758,109.2353932
PT Bank Perekonomian Rakyat Mitra Gema Mandiri,Provinsi Jawa Tengah,Kab. Banyumas,Konvensional,-7.4208242,109.1988611
PT Bank Perekonomian Rakyat Soka Panca Artha,Provinsi Jawa Tengah,Kab. Banyumas,Konvensional,-7.4209446,109.096861
PT Bank Perekonomian Rakyat Dana Pensiun Taspen Jateng,Provinsi Jawa Tengah,Kab. Banyumas,Konvensional,-7.5146129,109.2202061
PT Bank Perekonomian Rakyat Gunung Slamet,Provinsi Jawa Tengah,Kab. Cilacap,Konvensional,-7.6475016,109.046026
PT Bank Perekonomian Rakyat Citanduy Artha,Provinsi Jawa Tengah,Kab. Cilacap,Konvensional,-7.4486564,108.8142669
PT. BPR Kroya Bangunartha,Provinsi Jawa Tengah,Kab. Cilacap,Konvensional,-7.6765166,109.0364958
PT Bank Perekonomian Rakyat Badan Kredit Kecamatan Cilacap (Perseroda),Provinsi Jawa Tengah,Kab. Cilacap,Konvensional,-7.3498505,109.0548391
PT Bank Perekonomian Rakyat Artha Rahayu,Provinsi Jawa Tengah,Kab. Cilacap,Konvensional,-7.6661723,109.0069794
PT Bank Perekonomian Rakyat Banyu Arthacitra,Provinsi Jawa Tengah,Kab. Cilacap,Konvensional,-7.6092149,108.8502576
PT Bank Perekonomian Rakyat Mitra Abadi Sejahtera,Provinsi Jawa Tengah,Kab. Cilacap,Konvensional,-4.3032575,108.0595701
PT Bank Perekonomian Rakyat Artha Perwira (Perseroda),Provinsi Jawa Tengah,Kab. Purbalingga,Konvensional,-7.4098064,109.3485701
PT Bank Perekonomian Rakyat Badan Kredit Kecamatan Purbalingga (Perseroda),Provinsi Jawa Tengah,Kab. Purbalingga,Konvensional,-7.2001131,109.2092421
PT Bank Perekonomian Rakyat Buana Arthakassiti,Provinsi Jawa Tengah,Kab. Purbalingga,Konvensional,-7.4084982,109.3473063
PT Bank Perekonomian Rakyat Surya Yudhakencana,Provinsi Jawa Tengah,Kab. Banjarnegara,Konvensional,-7.295332,109.7176303
PT Bank Perekonomian Rakyat Badan Kredit Kecamatan Mandiraja (Perseroda),Provinsi Jawa Tengah,Kab. Banjarnegara,Konvensional,-7.213372,109.6397853
PT Bank Perekonomian Rakyat Prima,Provinsi Jawa Tengah,Kab. Magelang,Konvensional,-7.4865687,110.1018698
PT. BPR Hidup Arthagraha,Provinsi Jawa Tengah,Kab. Magelang,Konvensional,-7.5794515,110.2796237
PT BPR Bank Bapas 69 (Perseroda),Provinsi Jawa Tengah,Kab. Magelang,Konvensional,-7.4874653,110.0513689
PT Bank Perekonomian Rakyat Mulyo Lumintu,Provinsi Jawa Tengah,Kab. Magelang,Konvensional,-7.5819546,110.282883
PT Bank Perekonomian Rakyat Artha Mertoyudan,Provinsi Jawa Tengah,Kab. Magelang,Konvensional,-7.5727105,109.6400728
PT Bank Perekonomian Rakyat Kembang Parama,Provinsi Jawa Tengah,Kab. Magelang,Konvensional,-7.578904,110.2781293
PT BPR Sejahtera,Provinsi Jawa Tengah,Kab. Magelang,Konvensional,-7.3907262,110.2455604
PT Bank Perekonomian Rakyat Danarakyat Sentosa,Provinsi Jawa Tengah,Kab. Magelang,Konvensional,-7.498374,110.085208
PT Bank Perekonomian Rakyat Artha Sambhara,Provinsi Jawa Tengah,Kab. Magelang,Konvensional,-7.4875924,110.0639435
PT Bank Perekonomian Rakyat Badan Kredit Kecamatan Muntilan (Perseroda),Provinsi Jawa Tengah,Kab. Magelang,Konvensional,-7.5702183,110.2513522
PT Bank Perekonomian Rakyat Lumbungartha Muntilanindo,Provinsi Jawa Tengah,Kab. Magelang,Konvensional,-7.5792168,110.2786694
PT BPR Niji,Provinsi Jawa Tengah,Kab. Magelang,Konvensional,-7.4112885,110.2344296
PT BPR Kedu Arthasetia,Provinsi Jawa Tengah,Kab. Temanggung,Konvensional,-7.2781109,110.1556182
PT Bank Perekonomian Rakyat Suryakusuma Kranggan,Provinsi Jawa Tengah,Kab. Temanggung,Konvensional,-7.3297729,110.1741379
PT BPR Bank Temanggung (Perseroda),Provinsi Jawa Tengah,Kab. Temanggung,Konvensional,-7.2941077,109.9563348
PT. BPR BKK Temanggung (Perseroda),Provinsi Jawa Tengah,Kab. Temanggung,Konvensional,-7.2379171,109.962124
PT. BPR Kusuma Sumbing,Provinsi Jawa Tengah,Kab. Temanggung,Konvensional,-7.286204,110.0931391
PT. BPR Intan Surya,Provinsi Jawa Tengah,Kab. Temanggung,Konvensional,-7.2889304,110.0542573
PT BPR Multi Arthanusa,Provinsi Jawa Tengah,Kab. Temanggung,Konvensional,-7.2466486,110.0617573
PT BPR Artha Selomanik Putra,Provinsi Jawa Tengah,Kab. Wonosobo,Konvensional,-7.3640372,109.8982068
PT. BPR Surya Yudha,Provinsi Jawa Tengah,Kab. Wonosobo,Konvensional,-7.406593,109.7000469
PT BPR Bank Wonosobo (Perseroda),Provinsi Jawa Tengah,Kab. Wonosobo,Konvensional,-7.3911101,109.8724781
PT Bank Perekonomian Rakyat Badan Kredit Kecamatan Wonosobo (Perseroda),Provinsi Jawa Tengah,Kab. Wonosobo,Konvensional,-7.4159755,109.8895614
PT. BPR Puspa Kencana,Provinsi Jawa Tengah,Kab. Wonosobo,Konvensional,-7.3757259,109.9123567
Perumda BPR Bank Purworejo,Provinsi Jawa Tengah,Kab. Purworejo,Konvensional,-7.7220217,110.002962
PT Bank Perekonomian Rakyat BKK Purworejo (Perseroda),Provinsi Jawa Tengah,Kab. Purworejo,Konvensional,-7.6922248,109.8393552
PT Bank Perekonomian Rakyat Araya Arta,Provinsi Jawa Tengah,Kab. Kebumen,Konvensional,-7.6646307,109.6554463
PT BPR Bank Kebumen (Perseroda),Provinsi Jawa Tengah,Kab. Kebumen,Konvensional,-7.6687877,109.6583684
PT. BPR BKK Kebumen (Perseroda),Provinsi Jawa Tengah,Kab. Kebumen,Konvensional,-7.645502,109.5319875
PT Bank Perekonomian Rakyat Dana Mitra Sejahtera,Provinsi Jawa Tengah,Kab. Kebumen,Konvensional,-7.6649726,109.6495012
PT Bank Perekonomian Rakyat SAS,Provinsi Jawa Tengah,Kab. Kebumen,Konvensional,-7.6384277,109.4496624
PT Bank Perekonomian Rakyat Bhakti Riyadi,Provinsi Jawa Tengah,Kab. Klaten,Konvensional,-7.703568,110.5948896
PT Bank Perekonomian Rakyat Klaten Sejahtera,Provinsi Jawa Tengah,Kab. Klaten,Konvensional,-7.7025393,110.5858975
PT Bank Perekonomian Rakyat Ukabima BMMS,Provinsi Jawa Tengah,Kab. Klaten,Konvensional,-7.7289697,110.5436291
PT Bank Perekonomian Rakyat Badan Kredit Kecamatan Tulung (Perseroda),Provinsi Jawa Tengah,Kab. Klaten,Konvensional,-7.6527793,110.6100082
PT Bank Perekonomian Rakyat Bank Klaten (Perseroda) Kabupaten Klaten,Provinsi Jawa Tengah,Kab. Klaten,Konvensional,-7.7158338,110.5678709
PT Bank Perekonomian Rakyat Bank Pasar Patma,Provinsi Jawa Tengah,Kab. Klaten,Konvensional,-7.6997058,110.5981175
PT Bank Perekonomian Rakyat Ceper Permata Artha,Provinsi Jawa Tengah,Kab. Klaten,Konvensional,-7.6780506,110.6207452
PT Bank Perekonomian Rakyat Restu Artha Abadi,Provinsi Jawa Tengah,Kab. Klaten,Konvensional,-7.6620158,110.6089784
PT Bank Perekonomian Rakyat Danamas Pratama,Provinsi Jawa Tengah,Kab. Klaten,Konvensional,-7.6840072,110.5564152
PT. BPR Restu Klaten Makmur,Provinsi Jawa Tengah,Kab. Klaten,Konvensional,-7.6544976,110.6183067
PT Bank Perekonomian Rakyat Shinta Bhakti Wedi,Provinsi Jawa Tengah,Kab. Klaten,Konvensional,-7.7535595,110.5799276
PT. BPR Gunung Mas,Provinsi Jawa Tengah,Kab. Klaten,Konvensional,-7.7549761,110.4962311
PT Bank Perekonomian Rakyat Wuni Artha Utama,Provinsi Jawa Tengah,Kab. Klaten,Konvensional,-7.7215682,110.6347624
PT Bank Perekonomian Rakyat Hardi Mas Mandiri,Provinsi Jawa Tengah,Kab. Klaten,Konvensional,-7.6911299,110.6101786
PT Bank Perekonomian Rakyat Bank Guna Daya,Provinsi Jawa Tengah,Kab. Boyolali,Konvensional,-7.5177312,110.585094
PT Bank Perekonomian Rakyat Bank Boyolali (Perseroda),Provinsi Jawa Tengah,Kab. Boyolali,Konvensional,-7.5135707,110.5896062
PT Bank Perekonomian Rakyat Nusamba Ampel,Provinsi Jawa Tengah,Kab. Boyolali,Konvensional,-7.4456683,110.5356408
PT Bank Perekonomian Rakyat Arthayasa Ageng,Provinsi Jawa Tengah,Kab. Boyolali,Konvensional,-7.3617952,110.6367733
PT Bank Perekonomian Rakyat Mitra Pandanaran Mandiri,Provinsi Jawa Tengah,Kab. Boyolali,Konvensional,-7.5417965,110.5923654
PT Bank Perekonomian Rakyat Badan Kredit Kecamatan Boyolali (Perseroda),Provinsi Jawa Tengah,Kab. Boyolali,Konvensional,-7.2609302,110.2763832
PT Bank Perekonomian Rakyat Artha Moro,Provinsi Jawa Tengah,Kab. Sragen,Konvensional,-7.4310775,111.0215118
PT Bank Perekonomian Rakyat Sumber Arta,Provinsi Jawa Tengah,Kab. Sragen,Konvensional,-7.4252987,111.0272445
PT Bank Perekonomian Rakyat Arthareksa Sejahtera,Provinsi Jawa Tengah,Kab. Sragen,Konvensional,-7.4359437,111.0157039
PT Bank Perekonomian Rakyat Bank Djoko Tingkir (Perseroda) Kabupaten Sragen,Provinsi Jawa Tengah,Kab. Sragen,Konvensional,-7.4282129,111.0185899
PT Bank Perekonomian Rakyat Mitra Banaran Mandiri,Provinsi Jawa Tengah,Kab. Sragen,Konvensional,-7.3770795,110.964767
PT Bank Perekonomian Rakyat Badan Kredit Kecamatan Karangmalang (Perseroda),Provinsi Jawa Tengah,Kab. Sragen,Konvensional,-7.2326672,110.4374016
PT Bank Perekonomian Rakyat Jadimanunggal Abadi,Provinsi Jawa Tengah,Kab. Sukoharjo,Konvensional,-7.6708919,110.8361465
PT Bank Perekonomian Rakyat Artha Sari Sentosa,Provinsi Jawa Tengah,Kab. Sukoharjo,Konvensional,-7.7040133,110.7115368
PT Bank Perekonomian Rakyat BKK Grogol (Perseroda),Provinsi Jawa Tengah,Kab. Sukoharjo,Konvensional,-7.4000011,110.3384805
PT Bank Perekonomian Rakyat Bank Sukoharjo (Perseroda),Provinsi Jawa Tengah,Kab. Sukoharjo,Konvensional,-7.6686211,110.7371215
PT Bank Perekonomian Rakyat Solobaru Permai,Provinsi Jawa Tengah,Kab. Sukoharjo,Konvensional,-7.6052818,110.7989943
PT Bank Perekonomian Rakyat Kartasura Makmur,Provinsi Jawa Tengah,Kab. Sukoharjo,Konvensional,-7.556782,110.7419436
PT Bank Perekonomian Rakyat Kartadhani Mulya,Provinsi Jawa Tengah,Kab. Sukoharjo,Konvensional,-7.5670432,110.7758136
PT Bank Perekonomian Rakyat Kartasura Saribumi,Provinsi Jawa Tengah,Kab. Sukoharjo,Konvensional,-7.5543472,110.7401091
PT Bank Perekonomian Rakyat Grogol Joyo,Provinsi Jawa Tengah,Kab. Sukoharjo,Konvensional,-7.6026496,110.8131874
PT Bank Perekonomian Rakyat Wira Ardana Sejahtera,Provinsi Jawa Tengah,Kab. Sukoharjo,Konvensional,-7.6565269,110.8321637
PT Bank Perekonomian Rakyat Sinar Guna Wijaya,Provinsi Jawa Tengah,Kab. Sukoharjo,Konvensional,-7.6157356,110.7081944
PT Bank Perekonomian Rakyat Sami Makmur,Provinsi Jawa Tengah,Kab. Sukoharjo,Konvensional,-7.5997823,110.8115038
PT Bank Perekonomian Rakyat Ihuthan Ganda,Provinsi Jawa Tengah,Kab. Sukoharjo,Konvensional,-7.5515457,110.7331098
PT Bank Perekonomian Rakyat Bekonang Sukoharjo,Provinsi Jawa Tengah,Kab. Sukoharjo,Konvensional,-7.6042642,110.8645329
PT. BPR Tugu Kencana,Provinsi Jawa Tengah,Kab. Sukoharjo,Konvensional,-7.681392,110.8395487
PT Bank Perekonomian Rakyat Surya Utama,Provinsi Jawa Tengah,Kab. Sukoharjo,Konvensional,-7.6459933,110.7109186
PT Bank Perekonomian Rakyat Bank Karanganyar (Perseroda),Provinsi Jawa Tengah,Kab. Karanganyar,Konvensional,-7.5984685,110.9444701
PT Bank Perekonomian Rakyat Bank Pura Artha,Provinsi Jawa Tengah,Kab. Karanganyar,Konvensional,-7.6716481,110.8917623
PT Bank Perekonomian Rakyat Bina Sejahtera Insani,Provinsi Jawa Tengah,Kab. Karanganyar,Konvensional,-7.5528828,110.7666292
PT Bank Perekonomian Rakyat Bank Daerah Karanganyar (Perseroda),Provinsi Jawa Tengah,Kab. Karanganyar,Konvensional,-7.5951744,110.9414144
PT Bank Perekonomian Rakyat Cita Dewi,Provinsi Jawa Tengah,Kab. Karanganyar,Konvensional,-7.5343824,110.7763475
PT Bank Perekonomian Rakyat Lawu Artha,Provinsi Jawa Tengah,Kab. Karanganyar,Konvensional,-7.6181039,110.7323232
PT BPR Restu Tawangmangu Jaya,Provinsi Jawa Tengah,Kab. Karanganyar,Konvensional,-7.5678956,110.8717627
PT Bank Perekonomian Rakyat Antar Rumeksa Arta,Provinsi Jawa Tengah,Kab. Karanganyar,Konvensional,-7.5898449,110.8377474
PT Bank Perekonomian Rakyat Trihasta Prasodjo,Provinsi Jawa Tengah,Kab. Karanganyar,Konvensional,-7.5709318,110.8252692
PT Bank Perekonomian Rakyat Kandimadu Arta,Provinsi Jawa Tengah,Kab. Karanganyar,Konvensional,-7.5583845,110.7414581
PT Bank Perekonomian Rakyat Badan Kredit Kecamatan Tasikmadu (Perseroda) Kabupaten Karanganyar,Provinsi Jawa Tengah,Kab. Karanganyar,Konvensional,-7.3211712,110.4403654
PT Bank Perekonomian Rakyat Arta Mas Surakarta,Provinsi Jawa Tengah,Kab. Karanganyar,Konvensional,-7.5381382,110.7431846
PT Bank Perekonomian Rakyat Gajah Mungkur,Provinsi Jawa Tengah,Kab. Wonogiri,Konvensional,-7.8202872,110.9170648
PT Bank Perekonomian Rakyat Bank Wonogiri (Perseroda),Provinsi Jawa Tengah,Kab. Wonogiri,Konvensional,-7.819075,110.9209718
PT Bank Perekonomian Rakyat Badan Kredit Kecamatan Wonogiri (Perseroda),Provinsi Jawa Tengah,Kab. Wonogiri,Konvensional,-7.9304472,110.8697227
PT Bank Perekonomian Rakyat Pemberdayaan Ekonomi Rakyat Batang,Provinsi Jawa Tengah,Kab. Batang,Konvensional,-6.8991703,109.7204851
PT Bank Perekonomian Rakyat BKK Batang (Perseroda),Provinsi Jawa Tengah,Kab. Batang,Konvensional,-6.9020216,109.7292471
PT BPR Artha Nusantara Abadi,Provinsi Jawa Tengah,Kota Semarang,Konvensional,-6.9998533,110.4426702
PT BPR Gunung Kawi,Provinsi Jawa Tengah,Kota Semarang,Konvensional,-6.9713252,110.4168387
PT. BPR Gunung Kinibalu,Provinsi Jawa Tengah,Kota Semarang,Konvensional,-6.981784,110.4079596
PT BPR Gunung Merbabu,Provinsi Jawa Tengah,Kota Semarang,Konvensional,-6.9938759,110.4142925
Perumda BPR Bank Pasar Kota Semarang,Provinsi Jawa Tengah,Kota Semarang,Konvensional,-6.9830538,110.4081946
PT. BPR Weleri Makmur,Provinsi Jawa Tengah,Kota Semarang,Konvensional,-7.0222374,110.359604
PT. BPR Agung Sejahtera,Provinsi Jawa Tengah,Kota Semarang,Konvensional,-6.9956547,110.40039
PT BPR Rudo Indobank,Provinsi Jawa Tengah,Kota Semarang,Konvensional,-6.9963615,110.4349723
PT Bank Perekonomian Rakyat Gunung Rizki Pusaka Utama,Provinsi Jawa Tengah,Kota Semarang,Konvensional,-7.0424071,110.3344572
PT BPR BKK Kota Semarang (Perseroda),Provinsi Jawa Tengah,Kota Semarang,Konvensional,-6.9868039,110.4162924
PT Bank Perekonomian Rakyat Dana Aman Tiara Abadi,Provinsi Jawa Tengah,Kota Semarang,Konvensional,-6.9877924,110.4300226
PT. BPR Kedung Arto,Provinsi Jawa Tengah,Kota Semarang,Konvensional,-7.0068269,110.4292629
PT Bank Perekonomian Rakyat Restu Artha Makmur,Provinsi Jawa Tengah,Kota Semarang,Konvensional,-7.0175747,110.3703302
PT Bank Perekonomian Rakyat Mandiri Artha Abadi,Provinsi Jawa Tengah,Kota Semarang,Konvensional,-7.0577939,110.3510538
PT BPR Modern Express Jateng,Provinsi Jawa Tengah,Kota Semarang,Konvensional,-7.0036409,110.4486729
PT. BPR Adil Jaya Artha,Provinsi Jawa Tengah,Kota Semarang,Konvensional,-6.9772837,110.422557
PT. BPR Artha Mukti Santosa,Provinsi Jawa Tengah,Kota Semarang,Konvensional,-6.9812672,110.393168
PT Bank Perekonomian Rakyat Artha Tanah Mas,Provinsi Jawa Tengah,Kota Semarang,Konvensional,-6.986532,110.3797261
PT Bank Perekonomian Rakyat Estetika Artha Guna,Provinsi Jawa Tengah,Kota Semarang,Konvensional,-6.9928811,110.4113075
PT BPR Sinar Mitra Sejahtera,Provinsi Jawa Tengah,Kota Semarang,Konvensional,-6.9965556,110.3772853
PT Bank Perekonomian Rakyat Setia Karib Abadi,Provinsi Jawa Tengah,Kota Semarang,Konvensional,-6.9932419,110.4160078
PT. BPR Jateng,Provinsi Jawa Tengah,Kota Semarang,Konvensional,-7.0221446,110.4042136
PT Bank Perekonomian Rakyat Karti Centra Artha,Provinsi Jawa Tengah,Kota Semarang,Konvensional,-6.9908817,110.4107604
PT BPR Pollux,Provinsi Jawa Tengah,Kota Semarang,Konvensional,-6.9877511,110.4319624
PD BPR BKK SEMARANG BARAT,Provinsi Jawa Tengah,Kota Semarang,Konvensional,-6.99843,110.4186508
PT Bank Perekonomian Rakyat Arto Moro,Provinsi Jawa Tengah,Kota Semarang,Konvensional,-7.0228864,110.3822945
PT. BPR Muncul Artha Sejahtera,Provinsi Jawa Tengah,Kota Semarang,Konvensional,-6.9572349,110.4542467
PT BPR Guru Jateng,Provinsi Jawa Tengah,Kota Semarang,Konvensional,-6.9890192,110.4325409
PT BPR BKK Jawa Tengah (Perseroda),Provinsi Jawa Tengah,Kota Semarang,Konvensional,-6.9752028,110.4131077
Perumda BPR Bank Salatiga,Provinsi Jawa Tengah,Kota Salatiga,Konvensional,-7.3239304,110.5011232
PT BPR Kridaharta,Provinsi Jawa Tengah,Kota Salatiga,Konvensional,-7.3311372,110.4974692
PT BPR Dinamika Bangun Arta,Provinsi Jawa Tengah,Kota Salatiga,Konvensional,-7.327773,110.5050701
PT Bank Perekonomian Rakyat Satya Artha,Provinsi Jawa Tengah,Kota Salatiga,Konvensional,-7.316508,110.4920655
PT Bank Perekonomian Rakyat Arta Utama,Provinsi Jawa Tengah,Kota Pekalongan,Konvensional,-6.9140593,109.6477682
PT Bank Perekonomian Rakyat BKK Kota Pekalongan (Perseroda),Provinsi Jawa Tengah,Kota Pekalongan,Konvensional,-6.9551239,109.556661
PT Bank Perekonomian Rakyat Bank Pekalongan (Perseroda),Provinsi Jawa Tengah,Kota Pekalongan,Konvensional,-6.9551239,109.5464452
PT Bank Perekonomian Rakyat Bank Bahari Kota Tegal (Perseroda),Provinsi Jawa Tengah,Kota Tegal,Konvensional,-6.8583344,109.1268087
PT Bank Perekonomian Rakyat BKK Kota Tegal (Perseroda),Provinsi Jawa Tengah,Kota Tegal,Konvensional,-6.88865,109.0845985
PT Bank Perekonomian Rakyat Central Artha,Provinsi Jawa Tengah,Kota Tegal,Konvensional,-6.8592208,109.1137502
Perumda BPR Bank Magelang,Provinsi Jawa Tengah,Kota Magelang,Konvensional,-7.4858341,110.2168764
PT BPR BKK Kota Magelang (Perseroda),Provinsi Jawa Tengah,Kota Magelang,Konvensional,-7.4483181,110.2224102
PT Bank Perekonomian Rakyat Mertoyudan Makmur,Provinsi Jawa Tengah,Kota Magelang,Konvensional,-7.481004,110.2124511
PT Bank Perekonomian Rakyat Sinar Garuda Prima,Provinsi Jawa Tengah,Kota Magelang,Konvensional,-7.5332403,110.1395093
PT BPR Mitra,Provinsi Jawa Tengah,Kota Magelang,Konvensional,-7.4731598,110.2157229
PT Bank Perekonomian Rakyat Adipura Santosa,Provinsi Jawa Tengah,Kota Surakarta/Solo,Konvensional,-7.5796992,110.8099279
PT BPR Artha Daya,Provinsi Jawa Tengah,Kota Surakarta/Solo,Konvensional,-7.5501143,110.7847331
PT Bank Perekonomian Rakyat Suryamas,Provinsi Jawa Tengah,Kota Surakarta/Solo,Konvensional,-7.6471511,110.6251516
PT Bank Perekonomian Rakyat Central International,Provinsi Jawa Tengah,Kota Surakarta/Solo,Konvensional,-7.5712638,110.8201859
PT Bank Perekonomian Rakyat Binalanggeng Mulia,Provinsi Jawa Tengah,Kota Surakarta/Solo,Konvensional,-7.5768688,110.8170564
PT Bank Perekonomian Rakyat Bank Solo (Perseroda),Provinsi Jawa Tengah,Kota Surakarta/Solo,Konvensional,-7.5712994,110.8199084
PT Bank Perekonomian Rakyat Rejeki Insani,Provinsi Jawa Tengah,Kota Surakarta/Solo,Konvensional,-7.5598819,110.8096615
PT Bank Perekonomian Rakyat Sukadana,Provinsi Jawa Tengah,Kota Surakarta/Solo,Konvensional,-7.5712994,110.8199084
PT Bank Perekonomian Rakyat Delanggu Raya,Provinsi Jawa Tengah,Kota Surakarta/Solo,Konvensional,-7.5929236,110.682955
PT Bank Perekonomian Rakyat Dana Utama,Provinsi Jawa Tengah,Kota Surakarta/Solo,Konvensional,-7.5712994,110.8199084
PT Bank Perekonomian Rakyat Buana Artha Lestari,Provinsi Jawa Tengah,Kota Surakarta/Solo,Konvensional,-7.5677968,110.7816116
PT Bank Perekonomian Rakyat Sabar Artha Prima,Provinsi Jawa Tengah,Kota Surakarta/Solo,Konvensional,-7.5711068,110.8229912
PT Bank Perekonomian Rakyat Lestari Jateng,Provinsi Jawa Tengah,Kota Surakarta/Solo,Konvensional,-7.5657524,110.7866408
PT. BPR Sukadyarindang,Provinsi Jawa Tengah,Kota Surakarta/Solo,Konvensional,-7.5592892,110.7846131
PT. BPR Sinar Baru Perkasa,Provinsi Jawa Tengah,Kota Surakarta/Solo,Konvensional,-7.5732921,110.8223613
PT. BPR Usaha Madani Karya Mulia,Provinsi Jawa Tengah,Kota Surakarta/Solo,Konvensional,-7.5685828,110.79126
PT Bank Perekonomian Rakyat Balongpanggang Sentosa,Provinsi Jawa Timur,Kab. Gresik,Konvensional,-7.2028844,112.3925074
PT Bank Perekonomian Rakyat Rajadana Menganti,Provinsi Jawa Timur,Kab. Gresik,Konvensional,-7.2939786,112.5880117
Perumda BPR Bank Gresik,Provinsi Jawa Timur,Kab. Gresik,Konvensional,-7.1547442,112.6543808
PT Bank Perekonomian Rakyat Bank Bumi Sanggabuana,Provinsi Jawa Timur,Kab. Gresik,Konvensional,-7.1142365,112.5330011
PT Bank Perekonomian Rakyat Intan Kita,Provinsi Jawa Timur,Kab. Gresik,Konvensional,-7.2310669,112.5372415
PT. BPR Arindomegah Abadi,Provinsi Jawa Timur,Kab. Gresik,Konvensional,-7.1702894,112.6496442
PT Bank Perekonomian Rakyat Anekadana Sejahtera,Provinsi Jawa Timur,Kab. Gresik,Konvensional,-7.3232349,112.5715344
PT. BPR Delta Gresik,Provinsi Jawa Timur,Kab. Gresik,Konvensional,-7.3701505,112.5915012
PT Bank Perekonomian Rakyat Kebomas,Provinsi Jawa Timur,Kab. Gresik,Konvensional,-7.1549732,112.6150826
PT Bank Perekonomian Rakyat Intan Nasional,Provinsi Jawa Timur,Kab. Gresik,Konvensional,-7.2310669,112.5372415
PT Bank Perekonomian Rakyat Mitra Cemawis Mandiri,Provinsi Jawa Timur,Kab. Gresik,Konvensional,-7.1968168,112.5601479
PT Bank Perekonomian Rakyat Lestari Nusantara Indonesia,Provinsi Jawa Timur,Kab. Gresik,Konvensional,-7.4224593,108.3352868
PT BPR Tri Harta Indah,Provinsi Jawa Timur,Kab. Sidoarjo,Konvensional,-7.4995757,112.4896361
PT BPR Bank Pasar Bhakti,Provinsi Jawa Timur,Kab. Sidoarjo,Konvensional,-7.4680359,112.7148279
PT Bank Perekonomian Rakyat Krian Nusantara,Provinsi Jawa Timur,Kab. Sidoarjo,Konvensional,-7.4114853,112.5722141
PT. BPR Kudamas Sentosa,Provinsi Jawa Timur,Kab. Sidoarjo,Konvensional,-7.4686551,112.7132791
PT Bank Perekonomian Rakyat Sriekaya,Provinsi Jawa Timur,Kab. Sidoarjo,Konvensional,-7.4584893,112.6987667
PT Bank Perekonomian Rakyat Artha Buana,Provinsi Jawa Timur,Kab. Sidoarjo,Konvensional,-7.3800579,112.6013481
PT Bank Perekonomian Rakyat Bank Benta Tesa,Provinsi Jawa Timur,Kab. Sidoarjo,Konvensional,-7.4362957,112.7181061
PT. BPR Sumber Usahawan Bersama,Provinsi Jawa Timur,Kab. Sidoarjo,Konvensional,-7.5411421,112.6939924
PT Bank Perekonomian Rakyat Taman Dhana,Provinsi Jawa Timur,Kab. Sidoarjo,Konvensional,-7.3921664,112.6095865
PT. BPR Surabaya Lestari,Provinsi Jawa Timur,Kab. Sidoarjo,Konvensional,-7.3520022,112.7056386
PT. BPR Danamas Makmur,Provinsi Jawa Timur,Kab. Sidoarjo,Konvensional,-7.3754076,112.5943471
PT Bank Perekonomian Rakyat Arta Waru Surya,Provinsi Jawa Timur,Kab. Sidoarjo,Konvensional,-7.3420046,112.7668577
PT. BPR Taman Adimakmur,Provinsi Jawa Timur,Kab. Sidoarjo,Konvensional,-7.3592827,112.7600071
PT Bank Perekonomian Rakyat Satyadhana Artha,Provinsi Jawa Timur,Kab. Sidoarjo,Konvensional,-7.3537781,112.7197299
PT Bank Perekonomian Rakyat Buana Dana Makmur,Provinsi Jawa Timur,Kab. Sidoarjo,Konvensional,-7.3504637,112.7007612
PT Bank Perekonomian Rakyat Sinardana Buana,Provinsi Jawa Timur,Kab. Sidoarjo,Konvensional,-7.3453997,112.6893221
PT Bank Perekonomian Rakyat Bandataman,Provinsi Jawa Timur,Kab. Sidoarjo,Konvensional,-7.3533464,112.6891061
PT. BPR Sumber Artha Waru Agung,Provinsi Jawa Timur,Kab. Sidoarjo,Konvensional,-7.395943,112.6835236
PT. BPR Inti Danita,Provinsi Jawa Timur,Kab. Sidoarjo,Konvensional,-7.4114841,112.5741819
PT Bank Perekonomian Rakyat Sarana Sukses,Provinsi Jawa Timur,Kab. Sidoarjo,Konvensional,-7.3846838,112.7258108
PT BPR Dhasatra Artha Sempurna,Provinsi Jawa Timur,Kab. Sidoarjo,Konvensional,-7.3537781,112.7197299
PT. BPR Porong Lestari,Provinsi Jawa Timur,Kab. Sidoarjo,Konvensional,-7.5438151,112.6958861
PT Bank Perekonomian Rakyat Berkat Cahaya Artha,Provinsi Jawa Timur,Kab. Sidoarjo,Konvensional,-7.406753,112.5685902
PT Bank Perekonomian Rakyat Abrin Centra Artha,Provinsi Jawa Timur,Kab. Sidoarjo,Konvensional,-7.3601639,112.7622818
PT Bank Perekonomian Rakyat Megakerta Swadiri,Provinsi Jawa Timur,Kab. Sidoarjo,Konvensional,-7.3448749,112.7652285
PT Bank Perekonomian Rakyat Dinar Pusaka,Provinsi Jawa Timur,Kab. Sidoarjo,Konvensional,-7.3495778,112.7033949
PT Bank Perekonomian Rakyat Bank Ima,Provinsi Jawa Timur,Kab. Sidoarjo,Konvensional,-7.49333,112.7110737
PT Bank Perekonomian Rakyat Gema Nusa,Provinsi Jawa Timur,Kab. Sidoarjo,Konvensional,-7.3555819,112.7256137
PT Bank Perekonomian Rakyat Toelangan Dasa Nusantara,Provinsi Jawa Timur,Kab. Sidoarjo,Konvensional,-7.479307,112.6456678
PT Bank Perekonomian Rakyat Sari Dana Indonesia,Provinsi Jawa Timur,Kab. Sidoarjo,Konvensional,-7.3717154,112.6249682
PT. BPR Taman Artha Kencana,Provinsi Jawa Timur,Kab. Sidoarjo,Konvensional,-7.3505687,112.6896667
PT. BPR Delta Sidoarjo,Provinsi Jawa Timur,Kab. Sidoarjo,Konvensional,-7.4075561,112.5820876
PT Bank Perekonomian Rakyat Padat Ganda,Provinsi Jawa Timur,Kab. Sidoarjo,Konvensional,-7.3497525,112.6890729
PT Bank Perekonomian Sahabat Mitra Artha,Provinsi Jawa Timur,Kab. Sidoarjo,Konvensional,-7.4258419,112.7201173
PT Bank Perekonomian Rakyat Anglomas Indah,Provinsi Jawa Timur,Kab. Sidoarjo,Konvensional,-7.3324035,112.6954479
PT Bank Perekonomian Rakyat Dana Raya Jawa Timur,Provinsi Jawa Timur,Kab. Sidoarjo,Konvensional,-7.4679021,112.7130603
PT Bank Perekonomian Rakyat Dirgadhana Arthamas,Provinsi Jawa Timur,Kab. Sidoarjo,Konvensional,-7.3447267,112.6911949
PT. BPR Porong Idaman,Provinsi Jawa Timur,Kab. Sidoarjo,Konvensional,-7.5399398,112.6875786
PT Bank Perekonomian Rakyat Mahkota Krian Wijaya,Provinsi Jawa Timur,Kab. Sidoarjo,Konvensional,-7.6048307,112.0747095
PT Bank Perekonomian Rakyat Wutama Artha Sejahtera,Provinsi Jawa Timur,Kab. Sidoarjo,Konvensional,-7.3511764,112.7294618
PT Bank Perekonomian Rakyat Sentra Dana Makmur,Provinsi Jawa Timur,Kab. Sidoarjo,Konvensional,-7.4204755,112.6805829
PT Bank Perekonomian Rakyat Djojo Mandiri Raya,Provinsi Jawa Timur,Kab. Sidoarjo,Konvensional,-7.4684986,112.7131981
PT Bank Perekonomian Rakyat Puridana Arthamas,Provinsi Jawa Timur,Kab. Sidoarjo,Konvensional,-7.4615766,112.6425015
PT. BPR Andalan Daerah,Provinsi Jawa Timur,Kab. Sidoarjo,Konvensional,-7.3432536,112.7697914
PT Bank Perekonomian Rakyat Candisaka Arta,Provinsi Jawa Timur,Kab. Sidoarjo,Konvensional,-7.4846958,112.7103477
PT Bank Perekonomian Rakyat Mitra Majujaya Mandiri,Provinsi Jawa Timur,Kab. Sidoarjo,Konvensional,-7.4450029,112.5933656
PT Bank Perekonomian Rakyat Artamulya Bumimukti,Provinsi Jawa Timur,Kab. Sidoarjo,Konvensional,-7.3823857,112.7512433
PT Bank Perekonomian Rakyat Buduran Deltapurnama,Provinsi Jawa Timur,Kab. Sidoarjo,Konvensional,-7.4248965,112.7201241
PT Bank Perekonomian Rakyat Bumi Gora Jaya,Provinsi Jawa Timur,Kab. Sidoarjo,Konvensional,-7.3491737,112.7437681
PT Bank Perekonomian Rakyat Delta Artha Perseroda,Provinsi Jawa Timur,Kab. Sidoarjo,Konvensional,-7.4205395,112.5685902
PT. BPR Indodana Hargotama,Provinsi Jawa Timur,Kab. Sidoarjo,Konvensional,-6.8103925,107.1164544
PT Bank Perekonomian Rakyat Wiradhana Putramas,Provinsi Jawa Timur,Kab. Sidoarjo,Konvensional,-7.3564183,112.1004109
PT. BPR Jati Lestari,Provinsi Jawa Timur,Kab. Sidoarjo,Konvensional,-7.4475531,112.6997077
PT. BPR Indoartha Bintang Mulia,Provinsi Jawa Timur,Kab. Mojokerto,Konvensional,-7.4896067,112.4383251
PT Bank Perekonomian Rakyat Arta Swasembada,Provinsi Jawa Timur,Kab. Mojokerto,Konvensional,-7.5037749,112.4610814
PT. BPR Artha Swasembada Mojosari,Provinsi Jawa Timur,Kab. Mojokerto,Konvensional,-7.4889597,112.4375761
PT Bank Perekonomian Rakyat Arta Haksaprima,Provinsi Jawa Timur,Kab. Mojokerto,Konvensional,-7.5414809,112.5620949
Koperasi Simpan Pinjam Bank Perekonomian Rakyat Sendang Harta Sejahtera,Provinsi Jawa Timur,Kab. Mojokerto,Konvensional,-7.507297,112.5269237
PT Bank Perekonomian Rakyat Bumi Jaya,Provinsi Jawa Timur,Kab. Mojokerto,Konvensional,-7.3960423,112.3736415
PT Bank Perekonomian Rakyat Mojosari Pahalapakto,Provinsi Jawa Timur,Kab. Mojokerto,Konvensional,-7.4591336,112.4062395
PT. BPR Artha Tuban Kencana,Provinsi Jawa Timur,Kab. Mojokerto,Konvensional,-6.9028252,112.0542377
PT Bank Perekonomian Rakyat Karunia Berkat Intidana,Provinsi Jawa Timur,Kab. Mojokerto,Konvensional,-7.5403157,112.1719884
PT Bank Perekonomian Rakyat Arta Bangsal Utama,Provinsi Jawa Timur,Kab. Mojokerto,Konvensional,-7.5105485,112.5181882
PT Bank Perekonomian Rakyat Puriseger Sentosa,Provinsi Jawa Timur,Kab. Mojokerto,Konvensional,-7.5029461,112.457491
PT Bank Perekonomian Rakyat Bank Jombang Perseroda,Provinsi Jawa Timur,Kab. Jombang,Konvensional,-7.5440915,112.0816456
PT Bank Perekonomian Rakyat Wijaya Prima,Provinsi Jawa Timur,Kab. Jombang,Konvensional,-7.5406126,112.2355097
PT Bank Perekonomian Rakyat Nusumma Jatim,Provinsi Jawa Timur,Kab. Jombang,Konvensional,-7.5736298,112.2041409
PT BPR Artha Anugrah Kencana,Provinsi Jawa Timur,Kab. Jombang,Konvensional,-7.5385992,112.2726276
PT. BPR Arta Muktigraha,Provinsi Jawa Timur,Kab. Jombang,Konvensional,-7.5892052,112.1409809
Koperasi Jasa Bank Perekonomian Rakyat Bumi Arta (Skd),Provinsi Jawa Timur,Kab. Jombang,Konvensional,-7.5373176,112.2048795
PT. BPR Tjoekir Dasa Nusantara,Provinsi Jawa Timur,Kab. Jombang,Konvensional,-7.6428224,112.1405927
PT Bank Perekonomian Rakyat Bhapertim Persada,Provinsi Jawa Timur,Kab. Jombang,Konvensional,-7.5706268,112.3411017
PT Bank Perekonomian Rakyat Panji Aronta,Provinsi Jawa Timur,Kab. Jombang,Konvensional,-7.6814402,112.2980759
PT Bank Perekonomian Rakyat Mojoagung Pahalapakto,Provinsi Jawa Timur,Kab. Jombang,Konvensional,-7.5678435,112.3309077
PT BPR Bakti Artha Sejahtera Sampang,Provinsi Jawa Timur,Kab. Sampang,Konvensional,-7.1884073,113.2406465
PT Bank Perekonomian Rakyat Pamekasan Purapersada,Provinsi Jawa Timur,Kab. Pamekasan,Konvensional,-7.160005,113.4759764
PT Bank Perekonomian Rakyat Elbaghraf Madura Berdikari,Provinsi Jawa Timur,Kab. Sumenep,Konvensional,-7.0069968,113.8590529
Perumda BPR Bangkalan,Provinsi Jawa Timur,Kab. Bangkalan,Konvensional,-7.029675,112.747592
PT Bank Perekonomian Rakyat Dana Kerja Putra,Provinsi Jawa Timur,Kab. Bangkalan,Konvensional,-7.1724246,112.7218731
PT. BPR Bintang Mas Maesan,Provinsi Jawa Timur,Kab. Bondowoso,Konvensional,-7.9666707,112.2428057
PT Bank Perekonomian Rakyat Manuk Ayu,Provinsi Jawa Timur,Kab. Bondowoso,Konvensional,-7.9536565,113.7545146
PT Bank Perekonomian Rakyat Anugerahdharma Yuwana Bondowoso,Provinsi Jawa Timur,Kab. Bondowoso,Konvensional,-7.9162681,113.8175727
PT. BPR Manuk Wari,Provinsi Jawa Timur,Kab. Bondowoso,Konvensional,-7.8846519,113.8940732
PT Bank Perekonomian Rakyat Genteng,Provinsi Jawa Timur,Kab. Banyuwangi,Konvensional,-8.3962471,114.1442413
PT. BPR Bumi Masyarakat Sejahtera,Provinsi Jawa Timur,Kab. Banyuwangi,Konvensional,-8.3658832,114.1627971
PT Bank Perekonomian Rakyat Blambangan Makmur Banyuwangi,Provinsi Jawa Timur,Kab. Banyuwangi,Konvensional,-8.3092355,114.290058
PT. BPR Mahkota Reksaguna Artha,Provinsi Jawa Timur,Kab. Banyuwangi,Konvensional,-8.3941684,114.1467173
PT Bank Perekonomian Rakyat Rogojampi Artha Niaga,Provinsi Jawa Timur,Kab. Banyuwangi,Konvensional,-8.3162014,114.2846258
PT Bank Perekonomian Rakyat Swadhanamas Pakto,Provinsi Jawa Timur,Kab. Banyuwangi,Konvensional,-8.3398012,114.0970976
PT. BPR Wilis Putra Utama,Provinsi Jawa Timur,Kab. Banyuwangi,Konvensional,-8.3421532,114.1343727
PT Bank Perekonomian Rakyat Nusamba Genteng,Provinsi Jawa Timur,Kab. Banyuwangi,Konvensional,-8.3586309,114.1577287
PT Bank Perekonomian Rakyat Restudhana Citrasejahtera,Provinsi Jawa Timur,Kab. Banyuwangi,Konvensional,-8.216032,114.3151912
PT. BPR Bagong Inti Marga,Provinsi Jawa Timur,Kab. Banyuwangi,Konvensional,-8.5398123,114.2848398
PT Bank Perekonomian Rakyat Delta Artha Panggung,Provinsi Jawa Timur,Kab. Banyuwangi,Konvensional,-8.4010146,114.2621155
PT Bank Perekonomian Rakyat Anugerahdharma Yuwana Banyuwangi,Provinsi Jawa Timur,Kab. Banyuwangi,Konvensional,-8.3215409,114.0953995
KOP. BPR Tawang Alun,Provinsi Jawa Timur,Kab. Banyuwangi,Konvensional,-8.4320873,114.2267183
PT. BPR Purwoharjo Lestari,Provinsi Jawa Timur,Kab. Banyuwangi,Konvensional,-8.476896,114.2224084
PT Bank Perekonomian Rakyat Artha Niaga Inti Sukses,Provinsi Jawa Timur,Kab. Banyuwangi,Konvensional,-8.3584349,114.1316682
PT Bank Perekonomian Rakyat Ambulu Dhanaartha,Provinsi Jawa Timur,Kab. Jember,Konvensional,-8.3437106,113.6039757
PT Bank Perekonomian Rakyat Cinde Wilis,Provinsi Jawa Timur,Kab. Jember,Konvensional,-8.2524965,113.4887606
PT. BPR Jember Lestari,Provinsi Jawa Timur,Kab. Jember,Konvensional,-8.1754301,113.7010925
PT Bank Perekonomian Rakyat Karunia Pakto,Provinsi Jawa Timur,Kab. Jember,Konvensional,-7.3131312,107.6590769
PT Bank Perekonomian Rakyat Bapuri,Provinsi Jawa Timur,Kab. Jember,Konvensional,-8.1728847,113.687651
PT Bank Perekonomian Rakyat Nusamba Rambipuji,Provinsi Jawa Timur,Kab. Jember,Konvensional,-8.2157511,113.5933704
PT Bank Perekonomian Rakyat Rambi Artha Putra,Provinsi Jawa Timur,Kab. Jember,Konvensional,-8.2080095,113.6048983
PT. BPR Gunung Modal Usaha,Provinsi Jawa Timur,Kab. Jember,Konvensional,-8.1698452,112.4529366
PT Bank Perekonomian Rakyat Balung Artha Guna,Provinsi Jawa Timur,Kab. Jember,Konvensional,-8.2246744,113.495512
PT Bank Perekonomian Rakyat Bima Hayu Pratama,Provinsi Jawa Timur,Kab. Jember,Konvensional,-8.2740488,113.5345877
PT Bank Perekonomian Rakyat Bintang Niaga,Provinsi Jawa Timur,Kab. Jember,Konvensional,-8.2022012,113.6155028
PT Bank Perekonomian Rakyat Rini Bhaktinusa,Provinsi Jawa Timur,Kab. Jember,Konvensional,-8.2246897,113.3742138
PT Bank Perekonomian Rakyat Anugerahdharma Yuwana Jember,Provinsi Jawa Timur,Kab. Jember,Konvensional,-8.1726336,113.6200561
PT Bank Perekonomian Rakyat Surya Kencana Jaya,Provinsi Jawa Timur,Kab. Jember,Konvensional,-8.1729386,113.5361161
PT Bank Perekonomian Rakyat Eka Usaha Mandiri,Provinsi Jawa Timur,Kab. Jember,Konvensional,-8.1720497,113.674626
KOP. BPR Tanggul Makmur,Provinsi Jawa Timur,Kab. Jember,Konvensional,-7.7185597,112.4412763
PT Bank Perekonomian Rakyat Bumi Hayu,Provinsi Jawa Timur,Kab. Jember,Konvensional,-8.1535471,112.5595382
PT. BPR Sinar Wuluhan Artha,Provinsi Jawa Timur,Kab. Jember,Konvensional,-8.321888,113.543749
PT. BPR Tanggul Mitra Karya,Provinsi Jawa Timur,Kab. Jember,Konvensional,-8.2086769,113.4666071
PT. BPR Kalisat Arthawira,Provinsi Jawa Timur,Kab. Jember,Konvensional,-8.1684977,113.6259563
Bank Perekonomian Rakyat Wutama Artha Jaya,Provinsi Jawa Timur,Kab. Jember,Konvensional,-8.1773001,113.6804646
PT Bank Perekonomian Rakyat Nur Semesta Indah,Provinsi Jawa Timur,Kab. Jember,Konvensional,-8.2272606,113.3740249
PT Bank Perekonomian Rakyat Mitra Jaya Mandiri,Provinsi Jawa Timur,Kab. Jember,Konvensional,-8.2495335,113.4766881
PT. BPR Sukowono Arthajaya,Provinsi Jawa Timur,Kab. Jember,Konvensional,-8.1171007,113.676145
PT Bank Perekonomian Rakyat Kawan,Provinsi Jawa Timur,Kab. Malang,Konvensional,-8.0187175,112.4993703
PT Bank Perekonomian Rakyat Dau Lestari,Provinsi Jawa Timur,Kab. Malang,Konvensional,-8.0616592,112.4970754
PT. BPR Dau Anugerah,Provinsi Jawa Timur,Kab. Malang,Konvensional,-7.8050391,112.5007413
PT Bank Perekonomian Rakyat Tridanasakti Sumberpucung,Provinsi Jawa Timur,Kab. Malang,Konvensional,-8.1566822,112.4763626
PT Bank Perekonomian Rakyat Bhaskara Pakto,Provinsi Jawa Timur,Kab. Malang,Konvensional,-8.0538935,112.5446288
PT BANK PEREKONOMIAN RAKYAT DAMPIT,Provinsi Jawa Timur,Kab. Malang,Konvensional,-8.2133594,112.7501161
PT Bank Perekonomian Rakyat Eka Dana Mandiri,Provinsi Jawa Timur,Kab. Malang,Konvensional,-8.0286302,112.4673037
PT Bank Perekonomian Rakyat Lestari Jatim,Provinsi Jawa Timur,Kab. Malang,Konvensional,-7.9106239,112.6550093
PT Perusahaan Daerah Bank Perekonomian Rakyat Artha Kanjuruhan Pemerintah Kabupaten Malang,Provinsi Jawa Timur,Kab. Malang,Konvensional,-7.9981584,112.4673188
PT Bank Perekonomian Rakyat Kerta Arthamandiri,Provinsi Jawa Timur,Kab. Malang,Konvensional,-8.010516,112.4552426
PT Bank Perekonomian Rakyat Tumpang Arthasarana,Provinsi Jawa Timur,Kab. Malang,Konvensional,-8.01112,112.7549645
PT Bank Perekonomian Rakyat Dhana Lestari,Provinsi Jawa Timur,Kab. Malang,Konvensional,-8.0616592,112.4970754
PT Bank Perekonomian Rakyat Centraldjaja Pratama,Provinsi Jawa Timur,Kab. Malang,Konvensional,-8.1317197,112.5663855
PT BANK PEREKONOMIAN RAKYAT SADHYA MUKTI PARAMA,Provinsi Jawa Timur,Kab. Malang,Konvensional,-8.0819481,112.4999472
PT Bank Perekonomian Rakyat Arta Mitra Rakyat,Provinsi Jawa Timur,Kab. Malang,Konvensional,-8.078618,112.4908254
PT Bank Perekonomian Rakyat Kridadhana Citranusa,Provinsi Jawa Timur,Kab. Malang,Konvensional,-8.2123653,112.7481092
Koperasi Jasa Bank Perekonomian Rakyat Amanah,Provinsi Jawa Timur,Kab. Malang,Konvensional,-8.0312429,112.5258726
PT. BPR Kharisma Kusuma Lawang,Provinsi Jawa Timur,Kab. Malang,Konvensional,-7.8314585,112.6945222
PT BPR Delta Singosari,Provinsi Jawa Timur,Kab. Malang,Konvensional,-7.9498664,112.513936
PT Bank Perekonomian Rakyat Delta Artha Kencana,Provinsi Jawa Timur,Kab. Malang,Konvensional,-8.0242622,112.6148282
PT. BPR Mandiri Adiatra,Provinsi Jawa Timur,Kab. Malang,Konvensional,-7.9079873,112.6483092
PT. BPR Artha Wiwaha Arjuna,Provinsi Jawa Timur,Kab. Malang,Konvensional,-8.1337181,112.5242865
PT. BPR Sedayadhana Makmur,Provinsi Jawa Timur,Kab. Malang,Konvensional,-8.1001567,112.7326062
PT. BPR Citra Halim Perdana,Provinsi Jawa Timur,Kab. Malang,Konvensional,-8.038306,112.6245147
PT Bank Perekonomian Rakyat Mitra Catur Mandiri,Provinsi Jawa Timur,Kab. Malang,Konvensional,-7.9599102,112.7149596
PT Bank Perekonomian Rakyat Keluarga Sejahtera,Provinsi Jawa Timur,Kab. Malang,Konvensional,-8.0309898,112.5025254
PT Bank Perekonomian Rakyat Pujon Jayamakmur,Provinsi Jawa Timur,Kab. Malang,Konvensional,-7.8436997,112.4672682
PT Bank Perekonomian Rakyat Adiartha Reksacitra,Provinsi Jawa Timur,Kab. Malang,Konvensional,-7.9026196,112.658909
PT Bank Perekonomian Rakyat Tumpangprima Artorejo,Provinsi Jawa Timur,Kab. Malang,Konvensional,-8.0111267,112.7550241
PT Bank Perekonomian Rakyat Danaputra Sakti,Provinsi Jawa Timur,Kab. Pasuruan,Konvensional,-7.6492356,112.7015194
PT Bank Perekonomian Rakyat Pandaan Arta Jaya,Provinsi Jawa Timur,Kab. Pasuruan,Konvensional,-7.4648631,112.6282728
PT. BPR Adhi Purwo,Provinsi Jawa Timur,Kab. Pasuruan,Konvensional,-7.7680966,112.7462641
PT Bank Perekonomian Rakyat Surya Dana Karya,Provinsi Jawa Timur,Kab. Pasuruan,Konvensional,-7.6558303,112.6785745
PT Bank Perekonomian Rakyat Artha Senapati,Provinsi Jawa Timur,Kab. Pasuruan,Konvensional,-7.7773429,112.6081285
PT Bank Perekonomian Rakyat Surasari Hutama,Provinsi Jawa Timur,Kab. Pasuruan,Konvensional,-7.566954,112.6659616
PT Bank Perekonomian Rakyat Arta Taman Dayu,Provinsi Jawa Timur,Kab. Pasuruan,Konvensional,-7.6533198,112.6963129
PT. BPR Bromo Mandiri,Provinsi Jawa Timur,Kab. Pasuruan,Konvensional,-7.658368,112.6940855
PT Bank Perekonomian Rakyat Bank Wisman Perkasa,Provinsi Jawa Timur,Kab. Pasuruan,Konvensional,-7.6640603,112.6783879
PT Bank Perekonomian Rakyat Purwosari Anugerah,Provinsi Jawa Timur,Kab. Pasuruan,Konvensional,-7.7434789,112.6390014
PT BPR Kalimasada Persada,Provinsi Jawa Timur,Kab. Pasuruan,Konvensional,-7.7196339,112.3058049
PT Bank Perekonomian Rakyat Arta Seruni Surabaya,Provinsi Jawa Timur,Kab. Pasuruan,Konvensional,-7.5668322,112.7064027
PT Bank Perekonomian Rakyat Harta Swadiri,Provinsi Jawa Timur,Kab. Pasuruan,Konvensional,-7.6083706,112.6713391
PT. BPR PERSADA GUNA,Provinsi Jawa Timur,Kab. Pasuruan,Konvensional,-7.7130309,113.013385
PT. BPR Nusapanida Pandaan,Provinsi Jawa Timur,Kab. Pasuruan,Konvensional,-7.6524694,112.7145488
PT BPR Bangil Idaman,Provinsi Jawa Timur,Kab. Pasuruan,Konvensional,-7.6328014,112.8850867
PT. BPR Kratonprima Abadi,Provinsi Jawa Timur,Kab. Pasuruan,Konvensional,-7.6304566,112.8774493
PT Bank Perekonomian Rakyat Sukorejo Makmur,Provinsi Jawa Timur,Kab. Pasuruan,Konvensional,-7.7019245,112.6365973
PT. BPR Gunung Adidana,Provinsi Jawa Timur,Kab. Pasuruan,Konvensional,-7.6013837,112.7875704
PT. BPR Citra Halim Dhanatama,Provinsi Jawa Timur,Kab. Pasuruan,Konvensional,-7.6212174,112.6748131
PT Bank Perekonomian Rakyat Mina Mandiri Perseroda,Provinsi Jawa Timur,Kab. Pasuruan,Konvensional,-7.6680588,112.8778631
PT Bank Perekonomian Rakyat Antar Parama,Provinsi Jawa Timur,Kab. Probolinggo,Konvensional,-7.7604457,113.4198168
PT Bank Perekonomian Rakyat Angga Perkasa,Provinsi Jawa Timur,Kab. Probolinggo,Konvensional,-7.7973871,113.2316767
PT. BPR Sentral Arta Sejahtera d/h Mukam,Provinsi Jawa Timur,Kab. Probolinggo,Konvensional,-7.757977,113.2390912
PT Bank Perekonomian Rakyat Dharma Indra,Provinsi Jawa Timur,Kab. Lumajang,Konvensional,-8.1606425,113.091497
PT Bank Perekonomian Rakyat Bank Lumajang (Perseroda),Provinsi Jawa Timur,Kab. Lumajang,Konvensional,-8.0642218,113.1493588
PT Bank Perekonomian Rakyat Yuka Jaya,Provinsi Jawa Timur,Kab. Lumajang,Konvensional,-8.1757995,113.1264998
PT Bank Perekonomian Rakyat Sentral Arta Asia,Provinsi Jawa Timur,Kab. Lumajang,Konvensional,-8.1259315,113.2134058
PT. BPR Tanggul Arto,Provinsi Jawa Timur,Kab. Lumajang,Konvensional,-8.1303856,113.2126432
PT Bank Perekonomian Rakyat Sentaosa Mandiri Jaya,Provinsi Jawa Timur,Kab. Lumajang,Konvensional,-8.1457234,113.2350397
PT Bank Perekonomian Rakyat Tulus Puji Rejeki,Provinsi Jawa Timur,Kab. Kediri,Konvensional,-7.7660885,112.0847688
PT. BPR Artha Pamenang Wates,Provinsi Jawa Timur,Kab. Kediri,Konvensional,-7.9195477,112.1247974
PT Bank Perekonomian Rakyat Bina Reksa Karyaartha,Provinsi Jawa Timur,Kab. Kediri,Konvensional,-7.8415996,111.9247847
PD. BPR Bank Daerah Kab. Kediri,Provinsi Jawa Timur,Kab. Kediri,Konvensional,-7.8974324,111.9542242
PT Bank Perekonomian Rakyat Artha Pamenang,Provinsi Jawa Timur,Kab. Kediri,Konvensional,-7.8410892,111.9182067
PT Bank Perekonomian Rakyat Artha Samudera Indonesia,Provinsi Jawa Timur,Kab. Kediri,Konvensional,-7.8824268,111.9272594
PT Bank Perekonomian Rakyat Artha Nugraha,Provinsi Jawa Timur,Kab. Kediri,Konvensional,-7.72384,111.9881526
PT Bank Perekonomian Rakyat Surya Artha Guna Mandiri,Provinsi Jawa Timur,Kab. Kediri,Konvensional,-7.8180481,111.9913301
PT Bank Perekonomian Rakyat Hasta Krida Jaya,Provinsi Jawa Timur,Kab. Kediri,Konvensional,-7.7712193,112.1159398
PT Bank Perekonomian Rakyat Tunas Artha Jaya Abadi,Provinsi Jawa Timur,Kab. Kediri,Konvensional,-7.79283,112.0398963
PT Bank Perekonomian Rakyat Toeloengredjo Dasa Nusantara,Provinsi Jawa Timur,Kab. Kediri,Konvensional,-7.7790615,112.0222766
PT Bank Perekonomian Rakyat Agro Cipta Adiguna,Provinsi Jawa Timur,Kab. Kediri,Konvensional,-7.7655037,112.184586
PT Bank Perekonomian Rakyat Tanjung Tani,Provinsi Jawa Timur,Kab. Kediri,Konvensional,-7.800661,111.8782386
PT Bank Perekonomian Rakyat Arta Nusantara Daha,Provinsi Jawa Timur,Kab. Kediri,Konvensional,-7.8076105,112.0368798
PT Bank Perekonomian Rakyat Pare Artorejo,Provinsi Jawa Timur,Kab. Kediri,Konvensional,-7.7715178,112.1918328
PT Bank Perekonomian Rakyat Berkah Pakto,Provinsi Jawa Timur,Kab. Kediri,Konvensional,-7.7598544,112.0751415
PT Bank Perekonomian Rakyat Hamindo Natamakmur,Provinsi Jawa Timur,Kab. Kediri,Konvensional,-7.7842286,112.0247682
PT. BPR Artha Pamenang Warujayeng,Provinsi Jawa Timur,Kab. Nganjuk,Konvensional,-7.5796547,111.9171672
PT. BPR Kertosono Saranaartha,Provinsi Jawa Timur,Kab. Nganjuk,Konvensional,-7.5934007,112.1046066
PT Bank Perekonomian Rakyat Nagajayaraya Sentrasentosa,Provinsi Jawa Timur,Kab. Nganjuk,Konvensional,-7.6009894,112.0959862
PT Bank Perekonomian Rakyat Anjuk Ladang Perseroda,Provinsi Jawa Timur,Kab. Nganjuk,Konvensional,-7.6057631,111.8992281
PT. BPR Citrahalim Raharja,Provinsi Jawa Timur,Kab. Tulungagung,Konvensional,-8.0956418,111.8502664
PT Bank Perekonomian Rakyat Anugerah Paktomas,Provinsi Jawa Timur,Kab. Tulungagung,Konvensional,-8.0762294,111.9212982
PT. BPR Nusamba Ngunut,Provinsi Jawa Timur,Kab. Tulungagung,Konvensional,-8.0953779,111.9895877
PT Bank Perekonomian Rakyat Sumberdhana Anda,Provinsi Jawa Timur,Kab. Tulungagung,Konvensional,-8.0845129,111.8940115
PT BANK PERKREDITAN RAKYAT NGUNUT ARTA,Provinsi Jawa Timur,Kab. Tulungagung,Konvensional,-8.0997243,112.0011946
PT Bank Perekonomian Rakyat Bintang Tulungagung,Provinsi Jawa Timur,Kab. Tulungagung,Konvensional,-8.0555797,111.8991086
PT. BPR Bandung Adiartha,Provinsi Jawa Timur,Kab. Tulungagung,Konvensional,-8.1705585,111.7872712
PT Bank Perekonomian Rakyat Mitra Agung Mandiri,Provinsi Jawa Timur,Kab. Tulungagung,Konvensional,-8.0913645,111.9177153
PT Bank Perekonomian Rakyat Bank Tulungagung Perseroda,Provinsi Jawa Timur,Kab. Tulungagung,Konvensional,-8.0501593,111.9059895
PT Bank Perekonomian Rakyat Jwalita Trenggalek Perseroda,Provinsi Jawa Timur,Kab. Trenggalek,Konvensional,-8.0871842,111.6519502
PT. BPR Artha Panggung Perkasa,Provinsi Jawa Timur,Kab. Trenggalek,Konvensional,-8.1353492,111.2892706
PT. BPR Bangkit Prima Sejahtera,Provinsi Jawa Timur,Kab. Trenggalek,Konvensional,-8.1218639,111.799684
PT Bank Perekonomian Rakyat Sum Adiyatra,Provinsi Jawa Timur,Kab. Blitar,Konvensional,-8.0817548,112.3268232
PT Bank Perekonomian Rakyat Penataran Kabupaten Blitar Perseroda,Provinsi Jawa Timur,Kab. Blitar,Konvensional,-8.0774984,111.8800284
PT. BPR Citrahalim Persada,Provinsi Jawa Timur,Kab. Blitar,Konvensional,-8.0876209,112.1224761
PT Bank Perekonomian Rakyat Cahaya Bumi Artha,Provinsi Jawa Timur,Kab. Blitar,Konvensional,-8.1275932,112.166244
PT. BPR Nusamba Wlingi,Provinsi Jawa Timur,Kab. Blitar,Konvensional,-8.0854537,112.3258727
PT Bank Perekonomian Rakyat Wlingi Pahalapakto,Provinsi Jawa Timur,Kab. Blitar,Konvensional,-8.1171978,112.0159863
PT Bank Perekonomian Rakyat Hartaraya Ciptamulia,Provinsi Jawa Timur,Kab. Blitar,Konvensional,-8.0408816,112.0361814
PT. BPR Dharmasurya Aditika,Provinsi Jawa Timur,Kab. Blitar,Konvensional,-8.1460771,112.3595856
PT. BPR Mulya Sri Rejeki,Provinsi Jawa Timur,Kab. Blitar,Konvensional,-8.0811744,112.3270566
PT Bank Perekonomian Rakyat Polatama Kusuma,Provinsi Jawa Timur,Kab. Madiun,Konvensional,-7.6257844,111.4952473
PT Bank Perekonomian Rakyat Artanawa,Provinsi Jawa Timur,Kab. Madiun,Konvensional,-7.700024,111.47267
Perumda BPR Bank Daerah Kabupaten Madiun,Provinsi Jawa Timur,Kab. Madiun,Konvensional,-7.6246565,111.4925201
Koperasi Jasa Bank Perekonomian Rakyat Arta Kencana,Provinsi Jawa Timur,Kab. Madiun,Konvensional,-7.5765148,111.5627352
PT Bank Perekonomian Rakyat Arthaya Indotama Pusaka,Provinsi Jawa Timur,Kab. Madiun,Konvensional,-7.5459713,111.655114
PT. BPR Sapadhana,Provinsi Jawa Timur,Kab. Madiun,Konvensional,-7.6674462,111.4380729
PT Bank Perekonomian Rakyat Caruban Indah,Provinsi Jawa Timur,Kab. Madiun,Konvensional,-7.6160505,111.5520772
PT BPR Utomo Widodo,Provinsi Jawa Timur,Kab. Ngawi,Konvensional,-7.5652153,111.286237
PT Bank Perekonomian Rakyat Pundhi Arta Indonesia,Provinsi Jawa Timur,Kab. Ngawi,Konvensional,-7.4029631,111.4088745
PT Bank Perekonomian Rakyat Ekadharma Bhinaraharja,Provinsi Jawa Timur,Kab. Magetan,Konvensional,-7.6214419,111.3341407
PT Bank Perekonomian Rakyat Mulyo Raharjo,Provinsi Jawa Timur,Kab. Magetan,Konvensional,-7.5525389,111.450947
PT Bank Perekonomian Rakyat Buana Citra Sejahtera,Provinsi Jawa Timur,Kab. Magetan,Konvensional,-7.6551019,111.3105966
PT. BPR Artha Dharma,Provinsi Jawa Timur,Kab. Magetan,Konvensional,-7.6479805,110.8031641
Koperasi Bank Perekonomian Rakyat Takeran,Provinsi Jawa Timur,Kab. Magetan,Konvensional,-7.6591691,111.3065735
Koperasi Bank Perekonomian Rakyat Jetis,Provinsi Jawa Timur,Kab. Ponorogo,Konvensional,-7.8646006,111.3825715
PT Bank Perekonomian Rakyat Aswaja,Provinsi Jawa Timur,Kab. Ponorogo,Konvensional,-7.8575056,111.4788656
PT Bank Perekonomian Rakyat Dharma Raga,Provinsi Jawa Timur,Kab. Ponorogo,Konvensional,-7.8696045,111.4742965
Koperasi Jasa Bank Perekonomian Rakyat Babadan,Provinsi Jawa Timur,Kab. Ponorogo,Konvensional,-7.880275,111.3787833
PT Bank Perekonomian Rakyat Raga Surya Nuansa,Provinsi Jawa Timur,Kab. Ponorogo,Konvensional,-7.9666909,111.305869
PT. BPR Arthaya Aditama Utama,Provinsi Jawa Timur,Kab. Ponorogo,Konvensional,-7.8467268,111.4731233
PT Bank Perekonomian Rakyat Puri Artha Pacitan,Provinsi Jawa Timur,Kab. Pacitan,Konvensional,-8.1613706,111.0789019
PT Bank Perekonomian Rakyat Artha Mandiri Sejahtera,Provinsi Jawa Timur,Kab. Pacitan,Konvensional,-8.195965,111.0883844
PT Bank Perekonomian Rakyat Bank Daerah Bojonegoro Perseroda,Provinsi Jawa Timur,Kab. Bojonegoro,Konvensional,-7.2646033,111.7754741
PT Bank Perekonomian Rakyat Rajekwesi,Provinsi Jawa Timur,Kab. Bojonegoro,Konvensional,-7.1566775,111.8724996
PT. BPR Delta Bojonegoro,Provinsi Jawa Timur,Kab. Bojonegoro,Konvensional,-7.1255487,112.097976
PT Bank Perekonomian Rakyat Tanah Kondang,Provinsi Jawa Timur,Kab. Bojonegoro,Konvensional,-7.1764756,112.0009512
PT Bank Perekonomian Rakyat Mentari Terang,Provinsi Jawa Timur,Kab. Tuban,Konvensional,-6.897715,112.0384082
Koperasi Jasa Bank Perekonomian Rakyat Semanding (Skd),Provinsi Jawa Timur,Kab. Tuban,Konvensional,-6.8984761,112.0471482
PT Bank Perekonomian Rakyat Bank Daerah Lamongan Perseroda,Provinsi Jawa Timur,Kab. Lamongan,Konvensional,-7.2132107,112.1062679
PT Bank Perekonomian Rakyat Nusamba Brondong,Provinsi Jawa Timur,Kab. Lamongan,Konvensional,-6.8732445,112.2899469
PT. BPR Damata Arthanugraha,Provinsi Jawa Timur,Kab. Lamongan,Konvensional,-7.2545568,110.8072952
PT Bank Perekonomian Rakyat Rukun Karya Sari,Provinsi Jawa Timur,Kab. Lamongan,Konvensional,-7.1869905,112.1944246
PT. BPR Babat Lestari,Provinsi Jawa Timur,Kab. Lamongan,Konvensional,-7.2002493,112.1701771
PT Bank Perekonomian Rakyat Ulintha Ganda,Provinsi Jawa Timur,Kab. Lamongan,Konvensional,-7.1010233,112.167972
PT Bank Perekonomian Rakyat Delta Lamongan,Provinsi Jawa Timur,Kab. Lamongan,Konvensional,-7.1194574,112.097726
PT Bank Perekonomian Rakyat Mitra Dhanaceswara,Provinsi Jawa Timur,Kab. Lamongan,Konvensional,-7.1496329,112.3471072
PT Bank Perekonomian Rakyat Tridana Kencana,Provinsi Jawa Timur,Kab. Situbondo,Konvensional,-7.7238391,113.6870455
PT. BPR Delta Artha Panggung Situbondo,Provinsi Jawa Timur,Kab. Situbondo,Konvensional,-7.7484813,114.2227018
PT. BPR Manuk Walet,Provinsi Jawa Timur,Kab. Situbondo,Konvensional,-7.7076767,113.9679862
PT Bank Perekonomian Rakyat Artha Waringin Jaya,Provinsi Jawa Timur,Kab. Situbondo,Konvensional,-7.7042808,113.9770265
PT Bank Perekonomian Rakyat Amanat Kesejahteraan Indonesia,Provinsi Jawa Timur,Kota Batu,Konvensional,-7.8819609,112.5331133
PT BPR Pancadana,Provinsi Jawa Timur,Kota Batu,Konvensional,-7.8727023,112.5256815
PT Bank Perekonomian Dwicahaya Nusaperkasa,Provinsi Jawa Timur,Kota Batu,Konvensional,-7.9044627,112.5648271
PT. BPR Delta Malang,Provinsi Jawa Timur,Kota Batu,Konvensional,-7.8758163,112.5286182
PT. BPR Tripakarti Dhanatama,Provinsi Jawa Timur,Kota Batu,Konvensional,-7.8762272,112.5253071
PT. BPR Wahana Dhana Batu,Provinsi Jawa Timur,Kota Batu,Konvensional,-7.9019297,112.5768671
PT Bank Perekonomian Rakyat Batuartorejo,Provinsi Jawa Timur,Kota Batu,Konvensional,-7.8734118,112.5250438
PT Bank Perekonomian Rakyat Jawa Timur Perseroda,Provinsi Jawa Timur,Kota Surabaya,Konvensional,-7.3024204,112.7347433
PT Bank Perekonomian Rakyat Dana Rajabally,Provinsi Jawa Timur,Kota Surabaya,Konvensional,-7.3166076,112.7322286
PT Bank Perekonomian Rakyat Danamitra Surya,Provinsi Jawa Timur,Kota Surabaya,Konvensional,-7.329044,112.7463634
PT Bank Perekonomian Rakyat Kirana Indonesia,Provinsi Jawa Timur,Kota Surabaya,Konvensional,-7.2887171,112.6854369
PT Bank Perekonomian Rakyat Prima Kredit Utama,Provinsi Jawa Timur,Kota Surabaya,Konvensional,-7.2966927,112.6936327
PT Bank Perekonomian Rakyat Danamas,Provinsi Jawa Timur,Kota Surabaya,Konvensional,-7.3020189,112.70794
PT Bank Perekonomian Rakyat Guna Yatra,Provinsi Jawa Timur,Kota Surabaya,Konvensional,-7.2430169,112.7359303
PT Bank Perekonomian Rakyat Kosanda,Provinsi Jawa Timur,Kota Surabaya,Konvensional,-7.2402797,112.7370291
PT Bank Perekonomian Rakyat Bintang Mitra Indonesia,Provinsi Jawa Timur,Kota Surabaya,Konvensional,-7.3278429,112.7663452
PT Bank Perekonomian Rakyat Central Niaga,Provinsi Jawa Timur,Kota Surabaya,Konvensional,-7.2901997,112.7285501
PT Bank Perekonomian Rakyat Bina Kharisma Insani,Provinsi Jawa Timur,Kota Surabaya,Konvensional,-7.3431751,112.7693028
PT Bank Perekonomian Rakyat Surya Arthaguna Abadi,Provinsi Jawa Timur,Kota Surabaya,Konvensional,-7.2611823,112.7452693
PT Bank Perekonomian Rakyat Sili Corp Bank,Provinsi Jawa Timur,Kota Surabaya,Konvensional,-7.2801522,112.6814482
PT Bank Perekonomian Rakyat Karyaperdana Sejahtera,Provinsi Jawa Timur,Kota Surabaya,Konvensional,-7.2959255,112.7048211
PERMATA ARTHA SURYA,Provinsi Jawa Timur,Kota Surabaya,Konvensional,-7.2530925,112.7306385
PT Bank Perekonomian Rakyat Surya Artha Utama Perseroda,Provinsi Jawa Timur,Kota Surabaya,Konvensional,-7.2628383,112.6663852
PT BPR Prima Master Bank,Provinsi Jawa Timur,Kota Surabaya,Konvensional,-7.2373726,112.7351466
PT BPR Majatama Perseroda,Provinsi Jawa Timur,Kota Mojokerto,Konvensional,-7.4816549,112.4333104
PT Bank Perekonomian Rakyat Kurnia Dadi Arta,Provinsi Jawa Timur,Kota Mojokerto,Konvensional,-7.4749723,112.4295271
PT Bank Perekonomian Rakyat Putera Dana,Provinsi Jawa Timur,Kota Malang,Konvensional,-7.9379571,112.6229803
PT Bank Perekonomian Rakyat Armindo Kencana,Provinsi Jawa Timur,Kota Malang,Konvensional,-8.0446979,112.6437225
PT. BPR Eka Dana Utama,Provinsi Jawa Timur,Kota Malang,Konvensional,-7.9410419,112.6066242
PT Bank Perekonomian Rakyat Gunung Arjuna,Provinsi Jawa Timur,Kota Malang,Konvensional,-7.9775847,112.6265561
PT Bank Perekonomian Rakyat Gunung Ringgit,Provinsi Jawa Timur,Kota Malang,Konvensional,-7.9561636,112.5751936
PT Bank Perekonomian Rakyat Tugu Artha Sejahtera Kota Malang Perseroda,Provinsi Jawa Timur,Kota Malang,Konvensional,-7.939379,112.6345315
PT Bank Perkreditan Rakyat Sumber Arto,Provinsi Jawa Timur,Kota Malang,Konvensional,-7.9849191,112.6324185
PT Bank Perekonomian Rakyat Trikarya Waranugraha,Provinsi Jawa Timur,Kota Malang,Konvensional,-7.957702,112.589317
PT Bank Perekonomian Rakyat Putra Arta Dewata,Provinsi Jawa Timur,Kota Malang,Konvensional,-7.9783661,112.6431286
PT Bank Perekonomian Rakyat BPR Kota Pasuruan Perseroda,Provinsi Jawa Timur,Kota Pasuruan,Konvensional,-7.6427507,112.8873166
PT Bank Perekonomian Rakyat Semeru Swasti,Provinsi Jawa Timur,Kota Probolinggo,Konvensional,-7.7484665,113.2150384
PT Bank Perekonomian Rakyat Sentral Arta Jaya,Provinsi Jawa Timur,Kota Probolinggo,Konvensional,-7.7556629,113.2184429
PT Bank Perekonomian Rakyat Pulau Intan Sejahtera,Provinsi Jawa Timur,Kota Blitar,Konvensional,-8.1311712,112.1901494
Perumda BPR Kota Blitar,Provinsi Jawa Timur,Kota Blitar,Konvensional,-8.1009698,112.1611626
Perumda BPR Bank Kota Kediri,Provinsi Jawa Timur,Kota Kediri,Konvensional,-7.8134802,112.0075967
PT Bank Perekonomian Rakyat Dhaha Ekonomi,Provinsi Jawa Timur,Kota Kediri,Konvensional,-7.8107661,112.0071542
PT Bank Perekonomian Rakyat Insumo Sumberarto,Provinsi Jawa Timur,Kota Kediri,Konvensional,-7.8581912,111.9876866
PT Bank Perekonomian Rakyat Mahkota Mitra Usaha,Provinsi Jawa Timur,Kota Kediri,Konvensional,-7.8069805,112.0312824
PT. BPR Mejayan Permai,Provinsi Jawa Timur,Kota Madiun,Konvensional,-7.5896095,111.4892201
PT Bank Perekonomian Rakyat Mandiri Dhanasejahtera,Provinsi Jawa Timur,Kota Madiun,Konvensional,-7.643292,111.5306315
Perumda BPR Bank Daerah Kota Madiun,Provinsi Jawa Timur,Kota Madiun,Konvensional,-7.6244114,111.4951708
PT Bank Perekonomian Rakyat Tunas Artha Baru,Provinsi Jawa Timur,Kota Madiun,Konvensional,-7.6170099,111.5315053
KBPR Wijaya Kusuma,Provinsi Jawa Timur,Kota Madiun,Konvensional,-7.6323435,111.5170511
PERUMDA BPR Mukomuko,Provinsi Bengkulu,Kab. Bengkulu Selatan,Konvensional,-2.5695476,101.1092579
PT Bank Perekonomian Rakyat Dian Binarta,Provinsi Bengkulu,Kab. Bengkulu Utara,Konvensional,-3.3178402,101.5836582
PT Bank Perekonomian Rakyat Maroba Ite,Provinsi Bengkulu,Kab. Rejang Lebong,Konvensional,-3.4631416,102.5222662
PT Bank Perekonomian Rakyat Mindosari,Provinsi Bengkulu,Kab. Kepahiang,Konvensional,-3.6449837,102.5720491
PT Bank Perekonomian Rakyat Mukomuko Makmur,Provinsi Bengkulu,Kab. Mukomuko,Konvensional,-2.7714356,101.1341113
PT Bank Perekonomian Rakyat Pondok Meja Indah,Provinsi Jambi,Kab. Muaro Jambi,Konvensional,-1.6928014,103.5836537
PT. Bank Perekonomian Rakyat Rap Ganda,Provinsi Jambi,Kab. Muaro Jambi,Konvensional,-1.5846084,103.5102662
PT Bank Perekonomian Rakyat Tanggo Rajo Perseroda,Provinsi Jambi,Kab. Tanjung Jabung Barat,Konvensional,-0.8223904,103.4578507
PT BPR Bungo Mandiri,Provinsi Jambi,Kab. Bungo,Konvensional,-1.533441,102.0726017
PT. BPR Universal Sentosa,Provinsi Jambi,Kota Jambi,Konvensional,-1.6038525,103.614938
PT Bank Perekonomian Rakyat Mitra Lestari,Provinsi Jambi,Kota Jambi,Konvensional,-3.929464,102.5260658
PT Bank Perekonomian Rakyat Batanghari,Provinsi Jambi,Kota Jambi,Konvensional,-1.6005849,103.5938645
PT BANK PEREKONOMIAN RAKYAT ARTHA PRIMA PERSADA,Provinsi Jambi,Kota Jambi,Konvensional,-1.6108968,103.6097456
PT Bank Perekonomian Rakyat Kencana Mandiri,Provinsi Jambi,Kota Jambi,Konvensional,-1.6041696,103.6147356
PT Bank Perekonomian Rakyat Central Dana Mandiri,Provinsi Jambi,Kota Jambi,Konvensional,-1.5992164,103.619892
PT Bank Perekonomian Rakyat Central Niaga Abadi,Provinsi Jambi,Kota Jambi,Konvensional,-1.5937361,103.6144601
PT Bank Perekonomian Rakyat Ronatama Mandiri Jambi,Provinsi Jambi,Kota Jambi,Konvensional,-1.6192143,103.5918822
PT. Bank Perekonomian Rakyat Prima Jambi Mandiri,Provinsi Jambi,Kota Jambi,Konvensional,-1.6150677,103.599139
PT BANK PEREKONOMIAN RAKYAT JAMBI CITRA SAHABAT,Provinsi Jambi,Kota Jambi,Konvensional,-1.9643097,102.8492578
PT Bank Perekonomian Rakyat Pundi Dana Mandiri,Provinsi Jambi,Kota Jambi,Konvensional,-1.5972946,103.6229725
PT Bank Perekonomian Rakyat Citra Darma Wangsa,Provinsi Jambi,Kota Jambi,Konvensional,-1.599029,103.6066958
PT. BPR Buana Mandiri,Provinsi Jambi,Kota Jambi,Konvensional,-1.6494098,103.5788576
PT Bank Perekonomian Rakyat Perdana Cipta Sejahtera,Provinsi Jambi,Kota Jambi,Konvensional,-1.6063747,103.6127614
PT Bank Perekonomian Rakyat Ukabima Permata,Provinsi Jambi,Kota Jambi,Konvensional,-1.605279,103.5774157
PT Bank Perekonomian Rakyat Pembangunan Kerinci,Provinsi Jambi,Kota Sungai Penuh,Konvensional,-2.0659174,101.3948618
PT. BPR Artha Aceh Sejahtera,Provinsi NAD,Kab. Aceh Besar,Konvensional,5.535886,95.3274164
PT Bank Perekonomian Rakyat Ingin Jaya,Provinsi NAD,Kab. Aceh Besar,Konvensional,5.5318008,95.2822647
PT BPR Mustaqim Sukamakmur,Provinsi NAD,Kota Banda Aceh,Konvensional,5.539207,95.3273674
PT. BPR Berlian Global Aceh,Provinsi NAD,Kota Banda Aceh,Konvensional,5.5554209,95.3082046
PT. BPR Aceh Utara,Provinsi NAD,Kota Lhokseumawe,Konvensional,5.1812587,97.1400913
PT Bank Perekonomian Rakyat Nusantara Bona Pasogit Dua Puluh Lima,Provinsi Sumatera Utara,Kab. Deli Serdang,Konvensional,3.13109,98.1237286
PT Bank Perekonomian Rakyat Nusantara Bona Pasogit Tiga Puluh Tiga,Provinsi Sumatera Utara,Kab. Deli Serdang,Konvensional,2.9108829,98.1965657
PT. BPR Nusa Galang Makmur,Provinsi Sumatera Utara,Kab. Deli Serdang,Konvensional,3.437882,98.8946079
PT Bank Perekonomian Rakyat Solider,Provinsi Sumatera Utara,Kab. Deli Serdang,Konvensional,3.5774311,98.5440116
PT. BPR Dana Ganda,Provinsi Sumatera Utara,Kab. Deli Serdang,Konvensional,3.5042858,98.3692905
PT BANK PEREKONOMIAN RAKYAT NUSANTARA BONA PASOGIT DUA PULUH,Provinsi Sumatera Utara,Kab. Deli Serdang,Konvensional,-1.2771515,97.3830704
PT Bank Perekonomian Rakyat Nusantara Bona Pasogit Tujuh Belas,Provinsi Sumatera Utara,Kab. Deli Serdang,Konvensional,-1.2771515,97.4356112
PT BPR Karyabhakti Ugahari,Provinsi Sumatera Utara,Kab. Deli Serdang,Konvensional,3.5356263,98.7884912
PT BANK PEREKONOMIAN RAKYAT PIJER PODI KEKELENGEN,Provinsi Sumatera Utara,Kab. Deli Serdang,Konvensional,3.4875307,98.3660502
PT Bank Perekonomian Rakyat Disky Surya Jaya,Provinsi Sumatera Utara,Kab. Deli Serdang,Konvensional,3.6007788,98.5532341
PT BPR Tridana Percut,Provinsi Sumatera Utara,Kab. Deli Serdang,Konvensional,3.5914664,98.7029779
PT Bank Perekonomian Rakyat Nusantara Ekonomi Jaya,Provinsi Sumatera Utara,Kab. Deli Serdang,Konvensional,3.5532132,98.6964811
PT BANK PEREKONOMIAN RAKYAT SUMBER TIOPAN RAYA,Provinsi Sumatera Utara,Kab. Deli Serdang,Konvensional,3.5167755,98.6903253
PT Bank Perekonomian Rakyat Laksana Abadisunggal,Provinsi Sumatera Utara,Kab. Deli Serdang,Konvensional,3.6087533,98.5794792
PT Bank Perekonomian Rakyat Laksana Gunapercut,Provinsi Sumatera Utara,Kab. Deli Serdang,Konvensional,3.5966684,98.7411161
PT Bank Perekonomian Rakyat Talabumi Sunggal,Provinsi Sumatera Utara,Kab. Deli Serdang,Konvensional,3.5355849,98.6174939
PT BANK PEREKONOMIAN RAKYAT DUTA PARAMARTA,Provinsi Sumatera Utara,Kab. Deli Serdang,Konvensional,3.5545449,98.5891197
PT Bank Perekonomian Rakyat Guna Rakyat,Provinsi Sumatera Utara,Kab. Deli Serdang,Konvensional,3.5532132,98.6955417
PT Bank Perekonomian Rakyat Mitra Sumber Makmur,Provinsi Sumatera Utara,Kab. Deli Serdang,Konvensional,3.6288288,98.7039981
PT Bank Perekonomian Rakyat Karya Bersama Ugahari,Provinsi Sumatera Utara,Kab. Deli Serdang,Konvensional,3.5211304,98.7919595
PT BPR Nusantara Bona Pasogit 13,Provinsi Sumatera Utara,Kab. Langkat,Konvensional,-1.3179028,97.8854407
PT Bank Perekonomian Rakyat Nusantara Bona Pasogit Lima Belas,Provinsi Sumatera Utara,Kab. Karo,Konvensional,3.1435854,98.4585024
PT Bank Perekonomian Rakyat Logo Karo Asri,Provinsi Sumatera Utara,Kab. Karo,Konvensional,3.1934056,98.5059973
PT BANK PEREKONOMIAN RAKYAT BUANA AGRIBISNIS,Provinsi Sumatera Utara,Kab. Simalungun,Konvensional,2.9378087,98.60846
PT Bank Perekonomian Rakyat Bandar Jaya,Provinsi Sumatera Utara,Kab. Simalungun,Konvensional,3.161582,99.3253259
PT Bank Perekonomian Rakyat Nusantara Bona Pasogit Enam,Provinsi Sumatera Utara,Kab. Simalungun,Konvensional,-1.523973,97.4861463
PT Bank Perekonomian Rakyat Nusantara Bona Pasogit Tujuh,Provinsi Sumatera Utara,Kab. Simalungun,Konvensional,-1.523973,97.4396866
PT BANK PEREKONOMIAN RAKYAT NUSANTARA BONA PASOGIT ENAM BELAS,Provinsi Sumatera Utara,Kab. Labuhan Batu,Konvensional,2.0800225,99.8504196
PT Bank Perekonomian Rakyat Mangatur Ganda,Provinsi Sumatera Utara,Kab. Labuhan Batu,Konvensional,2.3681174,100.0795491
PT Bank Perekonomian Rakyat Nusantara Bona Pasogit Empat,Provinsi Sumatera Utara,Kab. Asahan,Konvensional,2.9340584,99.0174892
PT. BPR Diori Ganda,Provinsi Sumatera Utara,Kab. Asahan,Konvensional,2.9651068,99.6301766
PT Bank Perekonomian Rakyat Nusantara Bona Pasogit Delapan,Provinsi Sumatera Utara,Kab. Dairi,Konvensional,-1.7275255,97.2887469
PT Bank Perekonomian Rakyat Nusantara Bona Pasogit Satu,Provinsi Sumatera Utara,Kab. Tapanuli Utara,Konvensional,2.2078134,98.969089
PT BANK PEREKONOMIAN RAKYAT KARYA PARHUTA,Provinsi Sumatera Utara,Kab. Tapanuli Selatan,Konvensional,1.6026194,99.2719615
PT BPR Bina Barumun,Provinsi Sumatera Utara,Kab. Tapanuli Selatan,Konvensional,1.054035,99.7273627
PT BANK PEREKONOMIAN RAKYAT SURUNGAN NAULI,Provinsi Sumatera Utara,Kab. Toba Samosir,Konvensional,2.60268,98.7016551
PT. BPR Porsea Jaya,Provinsi Sumatera Utara,Kab. Toba Samosir,Konvensional,2.4386634,99.155011
PT. BPR Nusantara Bona Pasogit 5,Provinsi Sumatera Utara,Kab. Toba Samosir,Konvensional,-1.6221913,97.4861512
PT. BPR Nusantara Bona Pasogit 21,Provinsi Sumatera Utara,Kab. Mandailing Natal,Konvensional,2.2078134,98.969089
PT Bank Perekonomian Rakyat Nusantara Bona Pasogit Sepuluh,Provinsi Sumatera Utara,Kab. Humbang Hasundutan,Konvensional,2.4055744,98.6731315
PT BANK PEREKONOMIAN RAKYAT NUSANTARA BONA PASOGIT SEMBILAN,Provinsi Sumatera Utara,Kab. Samosir,Konvensional,2.60268,98.7016551
PT BANK PEREKONOMIAN RAKYAT NUSANTARA BONA PASOGIT DELAPAN BELAS,Provinsi Sumatera Utara,Kab. Serdang Bedagai,Konvensional,3.0861099,98.2735685
PT Bank Perekonomian Rakyat Perbaungan Hombar Makmur,Provinsi Sumatera Utara,Kab. Serdang Bedagai,Konvensional,3.5673577,98.9574411
PT BANK PEREKONOMIAN RAKYAT NUSANTARA BONA PASOGIT DUA PULUH DUA,Provinsi Sumatera Utara,Kota Binjai,Konvensional,-1.3282004,97.4559099
PT Bank Perekonomian Rakyat Nusantara Bona Pasogit Tiga Puluh Empat,Provinsi Sumatera Utara,Kota Pematang Siantar,Konvensional,2.9641433,99.0658206
PT BANK PEREKONOMIAN RAKYAT NUSANTARA BONA PASOGIT TIGA,Provinsi Sumatera Utara,Kota Sibolga,Konvensional,1.7388856,98.7829316
PT BANK PEREKONOMIAN RAKYAT MULTI TATAPERKASA,Provinsi Sumatera Utara,Kota Medan,Konvensional,3.5760337,98.6585365
PT BANK PEREKONOMIAN RAKYAT MITRADANA MADANI,Provinsi Sumatera Utara,Kota Medan,Konvensional,3.5928541,98.6419415
PT Bank Perekonomian Rakyat Eka Prasetya,Provinsi Sumatera Utara,Kota Medan,Konvensional,3.6096367,98.6252748
PT Bank Perekonomian Rakyat Duta Adiarta,Provinsi Sumatera Utara,Kota Medan,Konvensional,3.5943038,98.6340146
PT Bank Perekonomian Rakyat Milala Sugiharta Sentosa,Provinsi Sumatera Utara,Kota Medan,Konvensional,3.5837444,98.6584363
PT Bank Perekonomian Rakyat Prima Tata Pratama,Provinsi Sumatera Utara,Kota Medan,Konvensional,3.5910206,98.6483466
PT Bank Perekonomian Rakyat Dana Mandiri,Provinsi Sumatera Utara,Kota Medan,Konvensional,3.5854757,98.6909639
PT BANK PEREKONOMIAN RAKYAT WAHANA BERSAMA KPUM,Provinsi Sumatera Utara,Kota Medan,Konvensional,3.6868375,98.6023573
PT. BPR Asia Bintang Cemerlang,Provinsi Sumatera Utara,Kota Medan,Konvensional,3.6164554,98.6779435
PT Bank Perekonomian Rakyat Prima Madani,Provinsi Sumatera Utara,Kota Medan,Konvensional,3.5919582,98.6456471
PT BPR Tilatang Kamang,Provinsi Sumatera Barat,Kab. Agam,Konvensional,-0.2616469,100.3734637
PT. BPR Sungai Puar,Provinsi Sumatera Barat,Kab. Agam,Konvensional,-0.3355117,100.3909528
PT BPR Lumbuang Pitih Nagari Panampuang,Provinsi Sumatera Barat,Kab. Agam,Konvensional,-0.2994713,100.3882144
PT Bank Perekonomian Rakyat LPN Padang Tarab,Provinsi Sumatera Barat,Kab. Agam,Konvensional,-0.3017355,100.3751021
PT BPR Mutiara Pesisir,Provinsi Sumatera Barat,Kab. Agam,Konvensional,-0.3005134,99.8887939
PT Bank Perekonomian Rakyat Gebu Harapan,Provinsi Sumatera Barat,Kab. Agam,Konvensional,-0.3126769,100.0309351
PT Bank Perekonomian Rakyat Pembangunan Nagari,Provinsi Sumatera Barat,Kab. Agam,Konvensional,-0.4051733,100.0123954
PT. BPR Gema Ampekkoto Sejahtera,Provinsi Sumatera Barat,Kab. Agam,Konvensional,-0.3388435,100.354741
PT BPR Ophir,Provinsi Sumatera Barat,Kab. Pasaman,Konvensional,-0.0118312,99.8277931
PT Bank Perekonomian Rakyat Swadaya Anak Nagari,Provinsi Sumatera Barat,Kab. Pasaman,Konvensional,0.0755404,99.818983
PT BPR Mitradana,Provinsi Sumatera Barat,Kab. Pasaman,Konvensional,0.4012359,99.3879343
PT BPR Sembilan Mutiara,Provinsi Sumatera Barat,Kab. Pasaman,Konvensional,0.2011569,99.3760571
PT. BPR Khatulistiwa Bonjol,Provinsi Sumatera Barat,Kab. Pasaman,Konvensional,-0.0497712,100.2050632
PT BPR Dharma Pejuang Empatlima,Provinsi Sumatera Barat,Kab. Limapuluh Koto,Konvensional,-0.2261249,100.6266314
PT BANK PEREKONOMIAN RAKYAT SULIKI GUNUNG MAS,Provinsi Sumatera Barat,Kab. Limapuluh Koto,Konvensional,-0.1092254,100.4739563
PT. BPR Harau,Provinsi Sumatera Barat,Kab. Limapuluh Koto,Konvensional,-0.167351,100.6571518
PT BPR LPN Taeh Baruh,Provinsi Sumatera Barat,Kab. Limapuluh Koto,Konvensional,-0.1919725,100.5593778
PT BANK PEREKONOMIAN RAKYAT LUMBUNG PITIH NAGARI PADANG KUNING,Provinsi Sumatera Barat,Kab. Limapuluh Koto,Konvensional,-0.246292,100.3896713
PT BPR LPN Labuh Gunung,Provinsi Sumatera Barat,Kab. Limapuluh Koto,Konvensional,-0.2162327,100.5576884
PT. BPR Mitra Usaha Muaro Paiti,Provinsi Sumatera Barat,Kab. Limapuluh Koto,Konvensional,0.2442447,100.5462534
PT BPR Kampung Baru Muaro Paiti,Provinsi Sumatera Barat,Kab. Limapuluh Koto,Konvensional,0.2430992,100.5452873
PT Bank Perekonomian Rakyat Gonjong Limo,Provinsi Sumatera Barat,Kab. Limapuluh Koto,Konvensional,-0.1795635,100.6544179
PT BPR Guguk Mas Makmur,Provinsi Sumatera Barat,Kab. Limapuluh Koto,Konvensional,-0.1362003,100.5454173
PT BPR Sago Dharma Pejuang,Provinsi Sumatera Barat,Kab. Limapuluh Koto,Konvensional,-0.2261249,100.6266314
PT BPR Majo Lelo Sati Tambun Ijuk,Provinsi Sumatera Barat,Kab. Limapuluh Koto,Konvensional,-0.2031022,100.5896996
PT. BPR Artha Niaga Solok,Provinsi Sumatera Barat,Kab. Solok Selatan,Konvensional,-1.1680165,100.6289053
PT Bank Perekonomian Rakyat Sarantau Sasurambi,Provinsi Sumatera Barat,Kab. Solok Selatan,Konvensional,-1.4776092,101.0464414
PT BPR Pakan Rabaa Solok Selatan,Provinsi Sumatera Barat,Kab. Solok Selatan,Konvensional,-1.436267,101.0114581
PT. BPR Cincin Permata Andalas,Provinsi Sumatera Barat,Kab. Padang Pariaman,Konvensional,-0.6776203,100.2875969
PT Bank Perekonomian Rakyat Piala Makmur,Provinsi Sumatera Barat,Kab. Padang Pariaman,Konvensional,-0.4996877,100.0609771
PT BPR LPN Koto Dalam,Provinsi Sumatera Barat,Kab. Padang Pariaman,Konvensional,-0.4833715,100.1975619
PT BANK PEREKONOMIAN RAKYAT GANTO NAGARI SEMBILAN BELAS LIMA EMPAT,Provinsi Sumatera Barat,Kab. Padang Pariaman,Konvensional,-0.6695762,100.1109399
PT BPR Nagari Kasang,Provinsi Sumatera Barat,Kab. Padang Pariaman,Konvensional,-0.7887416,100.313031
PT Bank Perekonomian Rakyat Pembangunan Kabupaten Padang Pariaman,Provinsi Sumatera Barat,Kab. Padang Pariaman,Konvensional,-0.5750217,100.0609771
PT Bank Perekonomian Rakyat VII Koto,Provinsi Sumatera Barat,Kab. Padang Pariaman,Konvensional,-0.5778543,100.2239098
PT. BPR Nurul Barokah,Provinsi Sumatera Barat,Kab. Padang Pariaman,Konvensional,-0.6772006,100.2874248
PT Bank Perekonomian Rakyat Gema Pesisir,Provinsi Sumatera Barat,Kab. Pesisir Selatan,Konvensional,-1.9811004,100.8399424
PT Bank Perekonomian Rakyat Lengayang,Provinsi Sumatera Barat,Kab. Pesisir Selatan,Konvensional,-1.5227229,100.4777396
BPR LPN Tapan,Provinsi Sumatera Barat,Kab. Pesisir Selatan,Konvensional,-1.6068279,100.36531
PT BPR Batang Tarusan,Provinsi Sumatera Barat,Kab. Pesisir Selatan,Konvensional,-1.1320068,100.4948766
PT Bank Perekonomian Rakyat Batang Kapas,Provinsi Sumatera Barat,Kab. Pesisir Selatan,Konvensional,-1.345943,100.4732556
PT BPR Mitra Danagung,Provinsi Sumatera Barat,Kab. Pesisir Selatan,Konvensional,-1.3486079,100.572639
PT BPR Mitra Bunda Mandiri,Provinsi Sumatera Barat,Kab. Pesisir Selatan,Konvensional,-1.3486079,100.572639
PT. BPR Samudera,Provinsi Sumatera Barat,Kab. Pesisir Selatan,Konvensional,-1.3486079,100.572639
PT Bank Perekonomian Rakyat Pariangan Kota Batusangkar,Provinsi Sumatera Barat,Kab. Tanah Datar,Konvensional,-0.423586,100.4341731
PT. BPR Carano Nagari,Provinsi Sumatera Barat,Kab. Tanah Datar,Konvensional,-0.402743,100.3917413
PT. BPR Rangkiang Nagari,Provinsi Sumatera Barat,Kab. Tanah Datar,Konvensional,-0.4293674,100.3991673
PT Bank Perekonomian Rakyat Gudam,Provinsi Sumatera Barat,Kab. Tanah Datar,Konvensional,-0.423586,100.437326
PT Bank Perekonomian Rakyat Batang Selo,Provinsi Sumatera Barat,Kab. Tanah Datar,Konvensional,-0.4416241,100.4553889
PT BPR Balerong Bunta,Provinsi Sumatera Barat,Kab. Tanah Datar,Konvensional,-0.3762402,100.5535937
PT BPR LPN PANDAI SIKEK,Provinsi Sumatera Barat,Kab. Tanah Datar,Konvensional,-0.4027829,100.393761
PT. BPR Luhak Nan Tuo,Provinsi Sumatera Barat,Kab. Tanah Datar,Konvensional,-0.4578557,100.5900728
PT. BPR Batipuh,Provinsi Sumatera Barat,Kab. Tanah Datar,Konvensional,-0.4985284,100.4741213
PT BPR Malibu,Provinsi Sumatera Barat,Kab. Tanah Datar,Konvensional,-0.4555892,100.6212533
PT. BPR CAHAYA INTAN MANDIRI,Provinsi Sumatera Barat,Kab. Tanah Datar,Konvensional,-0.4694732,100.417978
PT BPR LPN Padang Magek,Provinsi Sumatera Barat,Kab. Tanah Datar,Konvensional,-0.3413998,100.3826449
PT. BPR Andalas Baruh Bukit,Provinsi Sumatera Barat,Kab. Tanah Datar,Konvensional,-0.3867266,100.5183369
PT Bank Perekonomian Rakyat Pagaruyung,Provinsi Sumatera Barat,Kab. Tanah Datar,Konvensional,-0.4111588,100.5003583
PT. BPR Mutiara Nagari,Provinsi Sumatera Barat,Kab. Sawahlunto/Sijunjung,Konvensional,-0.6662378,100.801296
PT BPR Batang Palangki Mandiri,Provinsi Sumatera Barat,Kab. Sawahlunto/Sijunjung,Konvensional,-0.7091681,100.8892265
PT Bank Perekonomian Rakyat LPN Kampung Dalam,Provinsi Sumatera Barat,Kab. Sawahlunto/Sijunjung,Konvensional,-0.8155768,101.0083076
PT BANK PEREKONOMIAN RAKYAT DHARMA NAGARI,Provinsi Sumatera Barat,Kab. Sawahlunto/Sijunjung,Konvensional,-0.8781817,100.9182507
PT BPR Muaro Bodi,Provinsi Sumatera Barat,Kab. Sawahlunto/Sijunjung,Konvensional,-0.7055843,100.8839417
PT. BPR Bukit Cati Pematang Panjang,Provinsi Sumatera Barat,Kab. Sawahlunto/Sijunjung,Konvensional,-0.7305257,100.9595369
PT Bank Perekonomian Rakyat Gebu Sijunjung Sejahtera,Provinsi Sumatera Barat,Kab. Sawahlunto/Sijunjung,Konvensional,-0.700778,100.9764341
PT Bank Perekonomian Rakyat Pagai Utara Selatan,Provinsi Sumatera Barat,Kab. Kepulauan Mentawai,Konvensional,-2.4146029,99.5653475
PT. BPR Sipora,Provinsi Sumatera Barat,Kab. Kepulauan Mentawai,Konvensional,-2.0539235,99.5723192
PT BPR LPN Sungai Rumbai,Provinsi Sumatera Barat,Kab. Dharmasraya,Konvensional,-1.2195839,101.737289
PT. BPR Sungai Rumbai,Provinsi Sumatera Barat,Kab. Dharmasraya,Konvensional,-1.2195839,101.737289
PT. BPR Gunung Talang,Provinsi Sumatera Barat,Kab. Solok,Konvensional,-0.8614725,100.6450072
PT BPR X Koto Singkarak,Provinsi Sumatera Barat,Kab. Solok,Konvensional,-0.8101671,100.6494506
PT. BPR Mos Muara Panas,Provinsi Sumatera Barat,Kab. Solok,Konvensional,-0.8495406,100.6855152
PT. BPR Pulau Punjung,Provinsi Sumatera Barat,Kab./Kota Lainnya - Provinsi Sumatera Barat,Konvensional,-0.9528118,101.4962001
PT BANK PEREKONOMIAN RAKYAT LUMBUNG PITIH NAGARI TARANTANG,Provinsi Sumatera Barat,Kab./Kota Lainnya - Provinsi Sumatera Barat,Konvensional,-0.6746875,100.395847
PT Bank Perekonomian Rakyat Solok Selatan,Provinsi Sumatera Barat,Kab./Kota Lainnya - Provinsi Sumatera Barat,Konvensional,-1.1685754,100.680283
PT BPR Rangkiang Aur Denai,Provinsi Sumatera Barat,Kota Bukittinggi,Konvensional,-0.3106974,100.3841215
PT BPRS Jam Gadang Perseroda,Provinsi Sumatera Barat,Kota Bukittinggi,Konvensional,-0.3009574,100.3579951
PT. BPR Central Micro,Provinsi Sumatera Barat,Kota Padang,Konvensional,-0.9452407,100.3761708
PT BPR Tjahaja Baru,Provinsi Sumatera Barat,Kota Padang,Konvensional,-0.9484441,100.3514251
PT BPR Raga Dana Sejahtera,Provinsi Sumatera Barat,Kota Padang,Konvensional,-0.9473747,100.3786197
PT Bank Perekonomian Rakyat Lugas Dana Mandiri,Provinsi Sumatera Barat,Kota Padang,Konvensional,-0.8682432,100.3602371
PT. BPR Lubuk Raya Mandiri,Provinsi Sumatera Barat,Kota Padang,Konvensional,-0.9489155,100.3978068
PT. BPR Cempaka Mitra Nagari,Provinsi Sumatera Barat,Kota Padang,Konvensional,-0.9390722,100.3751386
PT BPR Budisetia,Provinsi Sumatera Barat,Kota Padang,Konvensional,-0.7053351,99.9014789
PT BPR Stigma Andalas,Provinsi Sumatera Barat,Kota Padang,Konvensional,-0.9413374,100.3775485
PT. BPR Cahaya Nagari,Provinsi Sumatera Barat,Kota Sawahlunto,Konvensional,-0.5922845,100.7327179
PT BPR Durian Mandiri Sawahlunto,Provinsi Sumatera Barat,Kota Sawahlunto,Konvensional,-0.6633414,100.7570335
PT BPR Kota Arang Sejahtera,Provinsi Sumatera Barat,Kota Sawahlunto,Konvensional,-0.5922845,100.7327179
PT BPR Talawi Sakato Sejahtera,Provinsi Sumatera Barat,Kota Sawahlunto,Konvensional,-0.5922845,100.7327179
BPR LPN Kampung Manggis,Provinsi Sumatera Barat,Kota Padang Panjang,Konvensional,-0.4657029,100.4026369
PT Bank Perekonomian Rakyat Baringin Padang Panjang Sakato,Provinsi Sumatera Barat,Kota Padang Panjang,Konvensional,-0.4646816,100.3994541
PT. BPR Surya Katialo,Provinsi Sumatera Barat,Kota Solok,Konvensional,-0.7910623,100.660311
PT BPR Solok Sakato,Provinsi Sumatera Barat,Kota Solok,Konvensional,-0.7894921,100.6593978
PT Bank Perekonomian Rakyat Prima Mulia Anugrah,Provinsi Sumatera Barat,Kota Solok,Konvensional,-0.8004416,100.6633439
PT. BPR Rangkiang Denai,Provinsi Sumatera Barat,Kota Payakumbuh,Konvensional,-0.2142516,100.6141142
PT BPR Tri Capital Investama Sumbar,Provinsi Sumatera Barat,Kota Pariaman,Konvensional,-0.8263696,100.325395
PT BPR LA Mangau Sejahtera,Provinsi Sumatera Barat,Kota Pariaman,Konvensional,-0.6185646,100.1182221
PT Bank Perekonomian Rakyat Sarimadu (Perseroda),Provinsi Riau,Kab. Kampar,Konvensional,0.2400797,100.8842169
PT. BPR Bumi Riau Insani,Provinsi Riau,Kab. Kampar,Konvensional,0.4380754,101.4516267
PT Bank Perekonomian Rakyat Nusantara Bona Pasogit 24,Provinsi Riau,Kab. Bengkalis,Konvensional,1.269812,101.1992097
PT Bank Perekonomian Rakyat Mitra Arta Mulia,Provinsi Riau,Kab. Bengkalis,Konvensional,1.472552,102.1047781
PT. BPR Mandar,Provinsi Riau,Kab. Bengkalis,Konvensional,1.2745051,101.1958606
PT Bank Perekonomian Rakyat Terabina Seraya Mulia,Provinsi Riau,Kab. Bengkalis,Konvensional,1.0134115,102.7065716
Perumda BPR Rokan Hulu,Provinsi Riau,Kab. Rokan Hulu,Konvensional,0.877665,100.2888975
PT Bank Perekonomian Rakyat Rokan Hilir (Perseroda),Provinsi Riau,Kab. Rokan Hilir,Konvensional,1.9402064,100.4386279
PT Bank Perekonomian Rakyat Dana Amanah (Perseroda),Provinsi Riau,Kab. Pelalawan,Konvensional,0.388893,101.8516943
PT BPR Cempaka Mitra Nagori Kuansing,Provinsi Riau,Kab. Kuantan Singingi,Konvensional,-0.5283048,101.5497194
PT Bank Perekonomian Rakyat Artha Margahayu,Provinsi Riau,Kota Pekanbaru,Konvensional,0.5348314,101.4226401
PT Bank Perekonomian Rakyat Payung Negeri Bestari,Provinsi Riau,Kota Pekanbaru,Konvensional,0.5087104,101.4418624
PT Bank Perekonomian Rakyat Cempaka Wadah Sejahtera,Provinsi Riau,Kota Pekanbaru,Konvensional,0.4988748,101.4517549
PT Bank Perekonomian Rakyat Unisritama,Provinsi Riau,Kota Pekanbaru,Konvensional,0.4245533,101.4331175
PT Bank Perekonomian Rakyat Mitra Rakyat Riau,Provinsi Riau,Kota Pekanbaru,Konvensional,0.5305112,101.4447332
PT Bank Perekonomian Rakyat Tuah Negeri Mandiri,Provinsi Riau,Kota Pekanbaru,Konvensional,0.4874364,101.4176645
PT Bank Perekonomian Rakyat Pekanbaru Madani (Perseroda),Provinsi Riau,Kota Pekanbaru,Konvensional,0.4789233,101.3921877
PT Bank Perekonomian Rakyat Mandiri Jaya Perkasa,Provinsi Riau,Kota Pekanbaru,Konvensional,0.4933031,101.4160489
PT Bank Perekonomian Rakyat Universal Karya Mandiri Riau,Provinsi Riau,Kota Pekanbaru,Konvensional,0.7604174,101.4150741
PT Bank Perekonomian Rakyat Harta Mandiri,Provinsi Riau,Kota Pekanbaru,Konvensional,0.5358002,101.4445376
PT Bank Perekonomian Rakyat Delta Dana Mandiri,Provinsi Riau,Kota Pekanbaru,Konvensional,0.5290548,101.4401994
PT BPR Indomitra Mega Kapital,Provinsi Riau,Kota Pekanbaru,Konvensional,-2.9707781,101.4848405
PT. BPR Tunas Mitra Mandiri,Provinsi Riau,Kota Pekanbaru,Konvensional,0.5353047,101.4207372
PT Bank Perekonomian Rakyat Duta Perdana,Provinsi Riau,Kota Pekanbaru,Konvensional,0.4887197,101.378742
PT.BPR Faiza Pradani Andi,Provinsi Riau,Kota Pekanbaru,Konvensional,0.4736927,101.3922398
PT. BPR Putra Riau Mandiri,Provinsi Riau,Kota Pekanbaru,Konvensional,0.4933141,101.3661595
PT Bank Perekonomian Rakyat Anugerah Bintang Sejahtera,Provinsi Riau,Kota Pekanbaru,Konvensional,-2.8854451,101.539957
PT Bank Perekonomian Rakyat Fianka Rezalina Fatma,Provinsi Riau,Kota Pekanbaru,Konvensional,0.4737055,101.3922973
PT Bank Perekonomian Rakyat Arsham Sejahtera,Provinsi Riau,Kota Pekanbaru,Konvensional,0.5166131,101.4298046
PT Bank Perekonomian Rakyat Prima Riau Sentosa,Provinsi Riau,Kota Pekanbaru,Konvensional,0.2554412,101.0708079
PT Bank Perekonomian Rakyat Putra Mahkota Mandiri,Provinsi Riau,Kota Pekanbaru,Konvensional,0.464858,101.4613966
PT Bank Perekonomian Rakyat Dumai Kapital Lestari,Provinsi Riau,Kota Dumai,Konvensional,1.669115,101.4399452
PT Bank Perekonomian Rakyat Prabumegah Kencana,Provinsi Sumatera Selatan,Kab. Musi Banyuasin,Konvensional,-3.1960752,104.1797761
PT. BPR Musi Artha Surya,Provinsi Sumatera Selatan,Kab. Musi Banyuasin,Konvensional,-2.9755853,104.7603378
PT Bank Perekonomian Rakyat Agritrans Batumarta,Provinsi Sumatera Selatan,Kab. Ogan Komering Ulu,Konvensional,-4.0488589,104.1207496
PT Bank Perekonomian Rakyat Utomo Manunggal Sejahtera Sumsel,Provinsi Sumatera Selatan,Kab. Ogan Komering Ulu,Konvensional,-4.2187042,104.1721409
PT Bank Perekonomian Rakyat Baturaja (Perseroda),Provinsi Sumatera Selatan,Kab. Ogan Komering Ulu,Konvensional,-4.122874,104.1711676
PT Bank Perekonomian Rakyat Muara Enim (Perseroda),Provinsi Sumatera Selatan,Kab. Lematang Ilir Ogan Tengah (Muara Enim),Konvensional,-3.6594551,103.7672075
PT. BPR Rarat Ganda,Provinsi Sumatera Selatan,Kab. Banyuasin,Konvensional,-2.8941856,104.399129
PT Bank Perekonomian Rakyat Musi Arta Lestari,Provinsi Sumatera Selatan,Kab. Ogan Komering Ulu Timur,Konvensional,-4.1148914,104.6473711
PT Bank Perekonomian Rakyat Cinta Manis Agroloka,Provinsi Sumatera Selatan,Kab. Ogan Ilir,Konvensional,-3.4417537,104.6660434
PT Bank Perekonomian Rakyat Tiurganda,Provinsi Sumatera Selatan,Kab. Ogan Ilir,Konvensional,-3.1647083,104.6018114
PT Bank Perekonomian Rakyat Mitra Central Dana,Provinsi Sumatera Selatan,Kota Palembang,Konvensional,-2.9867153,104.7607674
PT Bank Perekonomian Rakyat Sukasada,Provinsi Sumatera Selatan,Kota Palembang,Konvensional,-2.9651646,104.711885
PT Bank Perekonomian Rakyat Tri Gunung Selatan,Provinsi Sumatera Selatan,Kota Palembang,Konvensional,-2.9490122,104.6821895
PT Bank Perekonomian Rakyat Multidana Mandiri,Provinsi Sumatera Selatan,Kota Palembang,Konvensional,-2.9863639,104.7607541
PT Bank Perekonomian Rakyat Sumatera Selatan (Perseroda),Provinsi Sumatera Selatan,Kota Palembang,Konvensional,-2.961768,104.7218436
PT Bank Perekonomian Rakyat Prima Dana Abadi,Provinsi Sumatera Selatan,Kota Palembang,Konvensional,-2.9834255,104.7544213
PT Bank Perekonomian Rakyat Puskopat,Provinsi Sumatera Selatan,Kota Palembang,Konvensional,-2.9635051,104.7405001
PT Bank Perekonomian Rakyat Ukabima Grazia,Provinsi Sumatera Selatan,Kota Palembang,Konvensional,-2.9650282,104.7552904
PT Bank Perekonomian Rakyat Catur Mas,Provinsi Sumatera Selatan,Kota Palembang,Konvensional,-2.9814077,104.7624596
PT Bank Perekonomian Rakyat Bintang Dana Persada,Provinsi Sumatera Selatan,Kota Palembang,Konvensional,-2.9866497,104.7604201
PT Bank Perekonomian Rakyat Palembang,Provinsi Sumatera Selatan,Kota Palembang,Konvensional,-2.9633294,104.7228199
PT Bank Perekonomian Rakyat Berkat Sejati,Provinsi Sumatera Selatan,Kota Palembang,Konvensional,-2.9774749,104.7505911
PT Bank Perekonomian Rakyat Sindang Binaharta,Provinsi Sumatera Selatan,Kota Lubuklinggau,Konvensional,-3.2804901,102.8806934
PT. BPR Tahap Ganda,Provinsi Sumatera Selatan,Kota Prabumulih,Konvensional,-3.4183245,104.2516227
PT Bank Perekonomian Rakyat Sentral Mitra Sejahtera,Provinsi Kep. Bangka Belitung,Kab. Bangka,Konvensional,-1.8483451,106.1180813
PT BPR Anugrah Swakerta,Provinsi Kep. Bangka Belitung,Kota Pangkal Pinang,Konvensional,-2.1355664,106.1156317
PT Bank Perekonomian Rakyat Ukabima Lestari,Provinsi Kep. Bangka Belitung,Kota Pangkal Pinang,Konvensional,-2.1791163,106.0846874
PT Bank Perekonomian Rakyat Berkah Serumpun Mandiri,Provinsi Kep. Bangka Belitung,Kota Pangkal Pinang,Konvensional,-2.1272901,106.110183
Perumda BPR Tuah Karimun,Provinsi Kep. Riau,Kab. Karimun,Konvensional,0.9940849,103.4261932
PT Bank Perekonomian Rakyat Karimun Sejahtera,Provinsi Kep. Riau,Kab. Karimun,Konvensional,0.9936437,103.4271393
PT Bank Perekonomian Rakyat Buana Arta Mulia,Provinsi Kep. Riau,Kab. Karimun,Konvensional,1.0005566,103.389283
PT Bank Perekonomian Rakyat Mega Mas Lestari,Provinsi Kep. Riau,Kab. Karimun,Konvensional,0.9984015,103.4183705
PT Bank Perekonomian Rakyat Sumber Dana Mas,Provinsi Kep. Riau,Kab. Lingga,Konvensional,-0.4981562,104.5597449
PT Bank Perekonomian Rakyat Natuna,Provinsi Kep. Riau,Kab. Natuna,Konvensional,4.0000212,108.2397002
Perumda BPR Bintan,Provinsi Kep. Riau,Kab. Bintan (d/h Kab. Kepulauan Riau),Konvensional,0.9597278,104.2527093
PT Bank Perekonomian Rakyat Duta Kepulauan Riau,Provinsi Kep. Riau,Kota Tanjung Pinang,Konvensional,0.9249543,104.4459741
PT Bank Perekonomian Rakyat Dana Bintan Sejahtera,Provinsi Kep. Riau,Kota Tanjung Pinang,Konvensional,0.9297963,104.4378413
PD. BPR Bestari,Provinsi Kep. Riau,Kota Tanjung Pinang,Konvensional,0.918106,104.5020085
PT Bank Perekonomian Rakyat Kepri Bintan,Provinsi Kep. Riau,Kota Tanjung Pinang,Konvensional,0.9170528,104.5003717
PT Bank Perekonomian Rakyat Central Sejahtera,Provinsi Kep. Riau,Kota Tanjung Pinang,Konvensional,0.9211816,104.4565173
PT Bank Perekonomian Rakyat Asia Sejahtera,Provinsi Kep. Riau,Kota Tanjung Pinang,Konvensional,0.9196744,104.4565173
PT Bank Perekonomian Rakyat Dana Prima Mandiri,Provinsi Kep. Riau,Kota Tanjung Pinang,Konvensional,0.9167874,104.503334
PT Bank Perekonomian Rakyat Asli Dana Mandiri,Provinsi Kep. Riau,Kota Tanjung Pinang,Konvensional,0.9217417,104.4512698
PT Bank Perekonomian Rakyat Dana Mulia Sejahtera,Provinsi Kep. Riau,Kota Tanjung Pinang,Konvensional,0.9310591,104.4387325
PT Bank Perekonomian Rakyat Barelang Mandiri,Provinsi Kep. Riau,Kota Batam,Konvensional,1.0822544,103.9923937
PT Bank Perekonomian Rakyat Pundi Masyarakat,Provinsi Kep. Riau,Kota Batam,Konvensional,1.0953093,103.9620128
PT Bank Perekonomian Rakyat Kencana Graha,Provinsi Kep. Riau,Kota Batam,Konvensional,1.1363662,104.0057245
PT Bank Perekonomian Rakyat Sejahtera Batam,Provinsi Kep. Riau,Kota Batam,Konvensional,1.1009183,103.9934805
PT Bank Perekonomian Rakyat Artha Prima Perkasa,Provinsi Kep. Riau,Kota Batam,Konvensional,1.144804,104.0035109
PT Bank Perekonomian Rakyat Dana Nusantara,Provinsi Kep. Riau,Kota Batam,Konvensional,1.0998194,103.9453985
PT BPR Lesca Dana Batam,Provinsi Kep. Riau,Kota Batam,Konvensional,1.1440875,104.0119052
PT Bank Perekonomian Rakyat Banda Raya,Provinsi Kep. Riau,Kota Batam,Konvensional,1.1047337,103.9923961
PT Bank Perekonomian Rakyat Dana Nagoya,Provinsi Kep. Riau,Kota Batam,Konvensional,1.1313734,104.0117973
PT Bank Perekonomian Rakyat LSE Manggala,Provinsi Kep. Riau,Kota Batam,Konvensional,1.1009247,103.9232551
PT Bank Perekonomian Rakyat Putra Batam,Provinsi Kep. Riau,Kota Batam,Konvensional,1.087858,103.9620128
PT Bank Perekonomian Rakyat Danamas Simpan Pinjam,Provinsi Kep. Riau,Kota Batam,Konvensional,1.1158595,104.0561489
PT Bank Perekonomian Rakyat Kepri Batam,Provinsi Kep. Riau,Kota Batam,Konvensional,1.0963397,103.9569106
PT Bank Perekonomian Rakyat Agra Dhana,Provinsi Kep. Riau,Kota Batam,Konvensional,1.1181241,104.0245419
PT Bank Perekonomian Kintamas Mitra Dana,Provinsi Kep. Riau,Kota Batam,Konvensional,1.1214833,103.9982333
PT Bank Perekonomian Rakyat Indobaru Finansia,Provinsi Kep. Riau,Kota Batam,Konvensional,1.1195239,104.04052
PT Bank Perekonomian Rakyat Harapan Bunda Batam,Provinsi Kep. Riau,Kota Batam,Konvensional,1.1271364,103.9999473
PT Bank Perekonomian Rakyat Global Mentari,Provinsi Kep. Riau,Kota Batam,Konvensional,1.125583,104.038915
PT Bank Perekonomian Rakyat Dana Fanindo,Provinsi Kep. Riau,Kota Batam,Konvensional,1.1277067,103.9972496
PT Bank Perekonomian Rakyat Ukabima Mitra Dana,Provinsi Kep. Riau,Kota Batam,Konvensional,0.9815439,103.7784303
PT Bank Perekonomian Rakyat Sinergi Utama,Provinsi Kep. Riau,Kota Batam,Konvensional,1.0949,103.9942367
PT Bank Perekonomian Rakyat Dana Putra,Provinsi Kep. Riau,Kota Batam,Konvensional,1.0960039,103.9620128
PT Bank Perekonomian Rakyat Dana Makmur,Provinsi Kep. Riau,Kota Batam,Konvensional,1.1106276,104.0106146
PT Bank Perekonomian Rakyat Central Kepri,Provinsi Kep. Riau,Kota Batam,Konvensional,1.1335462,104.0090522
PT Bank Perekonomian Rakyat Dana Central Mulia,Provinsi Kep. Riau,Kota Batam,Konvensional,1.1249612,104.0024588
PT Bank Perekonomian Rakyat Majesty Golden Raya,Provinsi Kep. Riau,Kota Batam,Konvensional,1.1128174,104.0395533
PT Bank Perekonomian Rakyat Dana Mitra Utama,Provinsi Kep. Riau,Kota Batam,Konvensional,1.1238186,104.0106146
PT Bank Perekonomian Rakyat Satya Mitra Andalan,Provinsi Kep. Riau,Kota Batam,Konvensional,1.1238186,104.0117973
PT Bank Perekonomian Rakyat Danamaster Bahtera,Provinsi Lampung,Kab. Lampung Selatan,Konvensional,-5.8623156,105.7423847
PT Bank Perekonomian Rakyat Tahuan Ganda,Provinsi Lampung,Kab. Lampung Selatan,Konvensional,-5.3269155,105.200047
PT Bank Perekonomian Rakyat Bahtera Artha Jaya,Provinsi Lampung,Kab. Lampung Tengah,Konvensional,-4.9420742,105.2113101
PT Bank Perekonomian Rakyat Tataarta Swadaya,Provinsi Lampung,Kab. Lampung Tengah,Konvensional,-5.052986,105.0802922
PT Bank Perekonomian Rakyat Tara Dharma Artha,Provinsi Lampung,Kab. Lampung Tengah,Konvensional,-4.9603033,105.229063
PT Bank Perekonomian Rakyat Bungamayang Agroloka,Provinsi Lampung,Kab. Lampung Utara,Konvensional,-4.5888604,104.870542
PT. BPR Cempaka Mitra Usaha,Provinsi Lampung,Kab. Tulang Bawang,Konvensional,-4.2821765,105.2189206
PT Bank Perekonomian Rakyat Labuhan Dana Sentosa,Provinsi Lampung,Kab. Lampung Timur,Konvensional,-5.2916735,105.7526853
PT Bank Perekonomian Rakyat Lipatganda,Provinsi Lampung,Kab. Lampung Timur,Konvensional,-5.0734808,105.5221759
PT Bank Perekonomian Rakyat Fajar Warapastika,Provinsi Lampung,Kab. Lampung Timur,Konvensional,-5.1268721,105.3665313
PT Bank Perekonomian Rakyat Tjandra Artha Lestari,Provinsi Lampung,Kota Bandar Lampung,Konvensional,-5.4406672,105.2624829
PT Bank Perekonomian Rakyat Langgenglestari Bersama,Provinsi Lampung,Kota Bandar Lampung,Konvensional,-5.3386766,105.2904227
PT. BPR Trisurya Bumindo,Provinsi Lampung,Kota Bandar Lampung,Konvensional,-5.0179366,104.8792343
PT Bank Perekonomian Rakyat Citra Dana Mandiri,Provinsi Lampung,Kota Bandar Lampung,Konvensional,-5.4058675,105.2736924
PT Bank Perekonomian Rakyat Inti Dana Sentosa,Provinsi Lampung,Kota Bandar Lampung,Konvensional,-5.4059217,105.2745379
PT Bank Perekonomian Rakyat Adji Caka,Provinsi Lampung,Kota Bandar Lampung,Konvensional,-5.4485357,105.2644083
PT Bank Perekonomian Rakyat Waway Lampung (Perseroda),Provinsi Lampung,Kota Bandar Lampung,Konvensional,-5.4188033,105.24928
PT Bank Perekonomian Rakyat Swadaya Anugerah Utama,Provinsi Lampung,Kota Bandar Lampung,Konvensional,-5.0975824,105.0695998
PT. BPR Dhana Sewu,Provinsi Lampung,Kota Bandar Lampung,Konvensional,-5.3670682,105.2294671
PT Bank Perekonomian Rakyat Lampung Bina Sejahtera,Provinsi Lampung,Kota Bandar Lampung,Konvensional,-5.4313526,105.251273
PT Bank Perekonomian Rakyat Arta Kedaton Makmur,Provinsi Lampung,Kota Bandar Lampung,Konvensional,-5.4471162,105.2678219
PT BPR TRISURYA BUMINDO,Provinsi Lampung,Kota Bandar Lampung,Konvensional,-5.0179366,104.8792343
PT Bank Perekonomian Rakyat Budi Intidana Sentosa,Provinsi Lampung,Kota Bandar Lampung,Konvensional,-5.4135192,105.2616884
PT Bank Perekonomian Rakyat Utomo Manunggal Sejahtera Lampung,Provinsi Lampung,Kota Bandar Lampung,Konvensional,-5.3997792,105.2333821
PT BPR Mitra Agro Usaha,Provinsi Lampung,Kota Bandar Lampung,Konvensional,-5.4087412,105.2616352
PT Bank Perekonomian Rakyat Dana Selaras Sentosa,Provinsi Lampung,Kota Bandar Lampung,Konvensional,-5.4066063,105.2743294
PT Bank Perekonomian Rakyat Cipta Dana Mulia,Provinsi Lampung,Kota Metro,Konvensional,-5.1284274,105.2971463
PT Bank Perekonomian Rakyat Eka Bumi Artha,Provinsi Lampung,Kota Metro,Konvensional,-5.1159771,105.304943
PT. BPR Simpang Empat Banjar Sejahtera,Provinsi Kalimantan Selatan,Kab. Banjar,Konvensional,-3.311489,114.6592245
PT. BPR Sungai Tabuk Banjar Sejahtera,Provinsi Kalimantan Selatan,Kab. Banjar,Konvensional,-3.3222272,114.6970991
PT Bank Perekonomian Rakyat Multidhana Bersama,Provinsi Kalimantan Selatan,Kab. Banjar,Konvensional,-3.3696037,114.6384693
PT Bank Perekonomian Rakyat Martapura Banjar Sejahtera Perseroda,Provinsi Kalimantan Selatan,Kab. Banjar,Konvensional,-3.4074071,114.8421187
PT. BPR Astambul Banjar Sejahtera,Provinsi Kalimantan Selatan,Kab. Banjar,Konvensional,-3.3777163,114.89303
PT Bank Perekonomian Rakyat Kredit Mandiri Kalsel,Provinsi Kalimantan Selatan,Kab. Banjar,Konvensional,-3.2790594,114.6879262
PT Bank Perekonomian Rakyat Mitratama Arthabuana,Provinsi Kalimantan Selatan,Kab. Banjar,Konvensional,-3.3823577,114.6559904
PT Bank Perekonomian Rakyat Azaz Andifa,Provinsi Kalimantan Selatan,Kab. Banjar,Konvensional,-3.4038381,115.9876139
PT Bank Perekonomian Rakyat Tanah Laut,Provinsi Kalimantan Selatan,Kab. Tanah Laut,Konvensional,-3.8035764,114.7651243
PT Bank Perekonomian Rakyat Tapin Sejahtera Perseroda,Provinsi Kalimantan Selatan,Kab. Tapin,Konvensional,-2.9680155,115.0739888
PT. BPR Tapin Tengah Mandiri Sejahtera,Provinsi Kalimantan Selatan,Kab. Tapin,Konvensional,-2.9680155,115.0658801
PT BPR Binuang Mandiri Sejahtera,Provinsi Kalimantan Selatan,Kab. Tapin,Konvensional,-3.0468516,115.033572
PT. BPR Candi Laras Utara Mandiri Sejahtera,Provinsi Kalimantan Selatan,Kab. Tapin,Konvensional,-2.8799823,114.9282802
PT. BPR Tapin Utara Mandiri Sejahtera,Provinsi Kalimantan Selatan,Kab. Tapin,Konvensional,-2.9371006,115.1426843
PT Bank Perekonomian Rakyat Hulu Sungai Selatan Perseroda,Provinsi Kalimantan Selatan,Kab. Hulu Sungai Selatan,Konvensional,-2.7887771,115.2649786
PT. BPR Hulu Sungai Tengah,Provinsi Kalimantan Selatan,Kab. Hulu Sungai Tengah,Konvensional,-2.6859534,115.0810592
PT BPR Telaga Silaba Amuntai Selatan,Provinsi Kalimantan Selatan,Kab. Hulu Sungai Utara,Konvensional,-2.4387039,115.1697913
PT Bank Perekonomian Rakyat Candi Agung Amuntai,Provinsi Kalimantan Selatan,Kab. Hulu Sungai Utara,Konvensional,-2.4468525,115.2092218
PT. BPR Sungai Turak Amuntai Utara,Provinsi Kalimantan Selatan,Kab. Hulu Sungai Utara,Konvensional,-2.3870565,115.2762094
PT. BPR Alabio Sungai Pandan,Provinsi Kalimantan Selatan,Kab. Hulu Sungai Utara,Konvensional,-2.4674321,115.2128626
PT. BPR Batola,Provinsi Kalimantan Selatan,Kab. Barito Kuala,Konvensional,-3.2699762,114.5988209
PT Bank Perekonomian Rakyat Bank Kotabaru Perseroda,Provinsi Kalimantan Selatan,Kab. Kota Baru,Konvensional,-3.2494793,116.2207901
PT BPR Tabalong Bersinar,Provinsi Kalimantan Selatan,Kab. Tabalong,Konvensional,-2.1637123,115.3803988
PT. BPR Tabalong Bersinar Kelua,Provinsi Kalimantan Selatan,Kab. Tabalong,Konvensional,-2.1637123,115.3803988
PT. BPR Tabalong Bersinar Muara Uya,Provinsi Kalimantan Selatan,Kab. Tabalong,Konvensional,-2.1637123,115.3803988
PT BPR Sanggam Cipta Sejahtera Balangan,Provinsi Kalimantan Selatan,Kab. Balangan,Konvensional,-2.3358169,115.458182
PT Bank Perekonomian Rakyat Danapermata Lestari,Provinsi Kalimantan Selatan,Kota Banjarmasin,Konvensional,-3.3016944,114.5729259
PT BPR Gawisabumi Mandarsari,Provinsi Kalimantan Selatan,Kota Banjarbaru,Konvensional,-3.4348492,114.8196153
PT Bank Perekonomian Rakyat Pancur Banua Khatulistiwa,Provinsi Kalimantan Barat,Kab. Mempawah (d/h Kab. Pontianak),Konvensional,0.2776714,109.0756672
PT. BPR Tebas Lokarizki,Provinsi Kalimantan Barat,Kab. Sambas,Konvensional,1.1978527,109.228392
PT Bank Perekonomian Rakyat Dana Sanggau Mandiri,Provinsi Kalimantan Barat,Kab. Sanggau,Konvensional,0.1226663,110.6007213
PT Bank Perekonomian Rakyat Mitra Primalestari,Provinsi Kalimantan Barat,Kab. Sanggau,Konvensional,0.1230151,110.6011042
PT Bank Perekonomian Rakyat Tritunggal,Provinsi Kalimantan Barat,Kab. Sintang,Konvensional,0.0661596,111.4752072
PT Bank Perekonomian Rakyat Lokadana Sentosa,Provinsi Kalimantan Barat,Kab. Kubu Raya,Konvensional,-0.0758382,109.3786021
PT Bank Perekonomian Rakyat Cahaya Wiraputra,Provinsi Kalimantan Barat,Kab. Kubu Raya,Konvensional,-0.0613907,109.3638215
PT Bank Perekonomian Rakyat Dana Tirtaraya,Provinsi Kalimantan Barat,Kab. Kubu Raya,Konvensional,-0.0775718,109.379913
PT. BPR Universal Kalbar,Provinsi Kalimantan Barat,Kota Pontianak,Konvensional,-0.0374071,109.3282649
PT Bank Perekonomian Rakyat Perdana Lintas Khatulistiwa,Provinsi Kalimantan Barat,Kota Pontianak,Konvensional,-0.0333145,109.3437311
Perumda BPR Khatulistiwa Pontianak,Provinsi Kalimantan Barat,Kota Pontianak,Konvensional,-0.0313781,109.3306878
PT Bank Perekonomian Rakyat Centradana Kapuas,Provinsi Kalimantan Barat,Kota Pontianak,Konvensional,-0.0299911,109.3333619
PT Bank Perekonomian Rakyat Prima Multi Makmur,Provinsi Kalimantan Barat,Kota Pontianak,Konvensional,-0.0322676,109.3427108
PT Bank Perekonomian Rakyat Cemerlang Kapuas Makmur,Provinsi Kalimantan Barat,Kota Pontianak,Konvensional,-0.0423214,109.3471844
PT Bank Perekonomian Rakyat Sukadana Prima,Provinsi Kalimantan Barat,Kota Pontianak,Konvensional,-0.022346,109.3332874
PT Bank Perekonomian Rakyat Andalan Favorit Perdana,Provinsi Kalimantan Barat,Kota Pontianak,Konvensional,-0.0606598,109.3517777
PT Bank Perekonomian Rakyat Dana Wira Buana,Provinsi Kalimantan Barat,Kota Pontianak,Konvensional,-0.0426265,109.3483551
PT. BPR Ukabima Khatulistiwa Pontianak,Provinsi Kalimantan Barat,Kota Pontianak,Konvensional,-0.0411557,109.3200892
PT Bank Perekonomian Rakyat Cahaya Khatulistiwa Sejahtera,Provinsi Kalimantan Barat,Kota Pontianak,Konvensional,-0.0385042,109.3405915
PT BPR Duta Niaga,Provinsi Kalimantan Barat,Kota Pontianak,Konvensional,-0.0396495,109.3126848
PT. BPR Sambas Arta,Provinsi Kalimantan Barat,Kota Singkawang,Konvensional,0.9104152,108.980832
PT BPR Panca Arta Graha,Provinsi Kalimantan Barat,Kota Singkawang,Konvensional,0.9087302,108.9929136
PT BANK PEREKONOMIAN RAKYAT INGERTAD BANGUN UTAMA,Provinsi Kalimantan Timur,Kab. Kutai Kartanegara,Konvensional,-0.3498929,116.6265879
PT BANK PEREKONOMIAN RAKYAT BEPEDE KALTIM SEJAHTERA,Provinsi Kalimantan Timur,Kab. Kutai Kartanegara,Konvensional,-0.432497,116.9929363
PT BPR Bank Bulungan (Perseroda),Provinsi Kalimantan Timur,Kab. Bulungan,Konvensional,2.8424283,117.3693809
PT BANK PEREKONOMIAN RAKYAT KUTAI TIMUR,Provinsi Kalimantan Timur,Kab. Kutai Timur,Konvensional,-0.3473796,115.9247243
PT BANK PEREKONOMIAN RAKYAT ARTHA KARYA PERDANA,Provinsi Kalimantan Timur,Kota Samarinda,Konvensional,-0.5020611,117.1464356
PT Bank Perekonomian Rakyat Kredit Mandiri Kalimantan Timur,Provinsi Kalimantan Timur,Kota Samarinda,Konvensional,-0.4841518,117.0909377
PT Bank Perekonomian Rakyat Ronggolawe,Provinsi Kalimantan Timur,Kota Samarinda,Konvensional,-0.5009721,117.1342715
PT BANK PEREKONOMIAN RAKYAT BANK SAMARINDA,Provinsi Kalimantan Timur,Kota Samarinda,Konvensional,-0.4929867,117.1326287
PT BANK PEREKONOMIAN RAKYAT DANAFLASH KALIMANTAN TIMUR,Provinsi Kalimantan Timur,Kota Samarinda,Konvensional,-0.4957681,117.1410508
PT Bank Perekonomian Rakyat Sekar Kalimantan Timur,Provinsi Kalimantan Timur,Kota Samarinda,Konvensional,-0.4799511,117.1224372
PT Bank Perekonomian Rakyat Bangun Permata Karsa,Provinsi Kalimantan Timur,Kota Samarinda,Konvensional,-0.4734449,116.9931101
PT BANK PEREKONOMIAN RAKYAT RONABASA,Provinsi Kalimantan Timur,Kota Balikpapan,Konvensional,-1.2551287,116.8397242
PT BANK PEREKONOMIAN RAKYAT DANAFAST KALIMANTAN UTARA,Provinsi Kalimantan Timur,Kota Tarakan,Konvensional,3.3212551,117.5728025
PT Bank Perekonomian Rakyat Paro Tua,Provinsi Kalimantan Timur,Kota Bontang,Konvensional,0.1254537,117.4967943
PT Bank Perekonomian Rakyat Dhanarta Dwiprima Kota Bontang,Provinsi Kalimantan Timur,Kota Bontang,Konvensional,0.1317424,117.4839005
PT Bank Perekonomian Rakyat Bontang,Provinsi Kalimantan Timur,Kota Bontang,Konvensional,0.3140465,117.3444969
PT. BPR Lingga Sejahtera,Provinsi Kalimantan Tengah,Kab. Kotawaringin Barat,Konvensional,-2.673498,111.6361471
Perumda BPR Marunting Sejahtera,Provinsi Kalimantan Tengah,Kab. Kotawaringin Barat,Konvensional,-2.6752043,111.6280842
PT. BPR Pelangi,Provinsi Kalimantan Tengah,Kab. Kotawaringin Barat,Konvensional,-2.6718938,111.6411717
PT. BPR Ukabima Prima,Provinsi Kalimantan Tengah,Kab. Kotawaringin Timur,Konvensional,-2.5483505,112.943899
PT. BPR Artha Sukma,Provinsi Kalimantan Tengah,Kab. Sukamara,Konvensional,-2.7085936,111.1707931
PT. BPR Sampuraga Cemerlang (Perseroda),Provinsi Kalimantan Tengah,Kab. Lamandau,Konvensional,-2.1796396,111.4641701
PT Bank Perekonomian Rakyat Yaspis Dana Prima,Provinsi Sulawesi Tengah,Kab. Poso,Konvensional,-1.5937184,120.4765901
PT. BPR Mitra Niaga Banggai,Provinsi Sulawesi Tengah,Kab. Parimo/Banggai,Konvensional,-0.8288268,121.706037
PT Bank Perekonomian Rakyat Binarta Luhur,Provinsi Sulawesi Tengah,Kab. Parigi Moutong,Konvensional,-0.1842249,119.8325497
PT. BPR Akarumi,Provinsi Sulawesi Tengah,Kab. Parigi Moutong,Konvensional,-0.8987187,120.1746964
PT. BPR Palu Lokadana Utama,Provinsi Sulawesi Tengah,Kota Palu,Konvensional,-0.8891434,119.8683553
PT Bank Perekonomian Rakyat Sulawesi Karya Sentosa,Provinsi Sulawesi Tengah,Kota Palu,Konvensional,-0.9100921,119.8556285
PT Bank Perekonomian Rakyat Palu Anugerah,Provinsi Sulawesi Tengah,Kota Palu,Konvensional,-1.1514047,119.9917751
PT Bank Perekonomian Rakyat Sulawesi Mitra Abadi,Provinsi Sulawesi Tengah,Kota Palu,Konvensional,-0.914857,119.8526688
PT Bank Perekonomian Rakyat Prima Artha Sejahtera,Provinsi Sulawesi Tengah,Kota Palu,Konvensional,-0.9156165,119.8892293
PT Bank Perekonomian Rakyat Pataru Laba,Provinsi Sulawesi Selatan,Kab. Gowa,Konvensional,-5.235857,119.4315205
Koperasi BPR Abang Pasar,Provinsi Sulawesi Selatan,Kab. Gowa,Konvensional,-5.201513,119.4451562
PT Bank Perekonomian Rakyat Suar Data,Provinsi Sulawesi Selatan,Kab. Bone,Konvensional,-4.5445895,120.3131389
PT Bank Perekonomian Rakyat Tritama Abadi Mengkendek,Provinsi Sulawesi Selatan,Kab. Tana Toraja,Konvensional,-5.1464168,119.4207036
PT Bank Perekonomian Rakyat Capta Mulia Abadi,Provinsi Sulawesi Selatan,Kab. Tana Toraja,Konvensional,-2.9709071,119.8955064
PT. BPR Dana Niaga Mandiri,Provinsi Sulawesi Selatan,Kab. Maros,Konvensional,-4.964379,119.3899682
PT Bank Perekonomian Rakyat Pesisir Tanadoang,Provinsi Sulawesi Selatan,Kab. Selayar,Konvensional,-7.0788234,120.7423396
PT Bank Perekonomian Rakyat Gerbang Masa Depan,Provinsi Sulawesi Selatan,Kab. Takalar,Konvensional,-5.2779401,119.2385226
Perumda BPR Citra Mas,Provinsi Sulawesi Selatan,Kab. Pangkajene Kepulauan,Konvensional,-4.8338276,119.5444173
PT Bank Perekonomian Rakyat Unhas,Provinsi Sulawesi Selatan,Kab. Luwu Timur (d/h Luwu Selatan),Konvensional,-2.6115307,121.1005335
PT Bank Perekonomian Rakyat Bank Toraya,Provinsi Sulawesi Selatan,Kab. Toraja Utara,Konvensional,-2.9751824,119.8930223
PT Bank Perekonomian Rakyat Sulawesi Mandiri,Provinsi Sulawesi Selatan,Kota Makassar,Konvensional,-5.1613341,119.410109
PT. BPR Batara Wajo,Provinsi Sulawesi Selatan,Kota Makassar,Konvensional,-5.1150557,119.5058931
PT Bank Perekonomian Rakyat Kota Makassar Perseroda,Provinsi Sulawesi Selatan,Kota Makassar,Konvensional,-5.1412183,119.4166513
PT Bank Perekonomian Rakyat Taruna Jujur Sakti,Provinsi Sulawesi Selatan,Kota Makassar,Konvensional,-5.1479552,119.4075811
PT Bank Perekonomian Rakyat Sulawesi Danajaya,Provinsi Sulawesi Selatan,Kota Makassar,Konvensional,-5.1608025,119.4182028
PT Bank Perekonomian Rakyat Kredit Mandiri Sulawesi Selatan Sejahtera,Provinsi Sulawesi Selatan,Kota Makassar,Konvensional,-5.1603033,119.4417464
PT Bank Perekonomian Rakyat Alinma,Provinsi Sulawesi Selatan,Kota Makassar,Konvensional,-5.1521459,119.4184221
PT Bank Perekonomian Rakyat Hasamitra,Provinsi Sulawesi Selatan,Kota Makassar,Konvensional,-5.1619203,119.4187459
PT Bank Perekonomian Rakyat Dian Artha Nusa,Provinsi Sulawesi Selatan,Kota Makassar,Konvensional,-5.1648462,119.4091524
PT. BPR Indotama UKM Sulawesi,Provinsi Sulawesi Selatan,Kota Makassar,Konvensional,-5.1412183,119.4166513
PT BPR Modern Express Sulawesi Selatan,Provinsi Sulawesi Selatan,Kota Makassar,Konvensional,-5.1386761,119.4366378
PT Bank Perekonomian Rakyat Paro Laba,Provinsi Sulawesi Utara,Kab. Minahasa,Konvensional,1.3015811,124.9075368
PT Bank Perekonomian Rakyat Citra Dumoga,Provinsi Sulawesi Utara,Kab. Bolaang Mongondow,Konvensional,0.5591656,123.9830687
PT Bank Perekonomian Rakyat Arya Bira Karsa,Provinsi Sulawesi Utara,Kab. Minahasa Utara,Konvensional,1.4636055,124.925655
PT Bank Perekonomian Rakyat Mapalus Tumetenden,Provinsi Sulawesi Utara,Kab. Minahasa Utara,Konvensional,1.3621759,124.8661329
PT Bank Perekonomian Rakyat Nusa Utara,Provinsi Sulawesi Utara,Kota Manado,Konvensional,1.4968474,124.8403887
PT Bank Perekonomian Rakyat Millenia,Provinsi Sulawesi Utara,Kota Manado,Konvensional,1.476983,124.8387916
PT Bank Perekonomian Rakyat Prisma Dana,Provinsi Sulawesi Utara,Kota Manado,Konvensional,-2.2912284,105.2167757
PT Bank Perekonomian Rakyat Juara Dana Abadi,Provinsi Sulawesi Utara,Kota Manado,Konvensional,1.485592,124.8440615
PT BPR Modern Express Sulut,Provinsi Sulawesi Utara,Kota Manado,Konvensional,1.4612069,124.822112
PT Bank Perekonomian Rakyat Celebes Mitra Perdana,Provinsi Sulawesi Utara,Kota Manado,Konvensional,1.4681087,124.8290719
PT Bank Perekonomian Rakyat Dana Raya,Provinsi Sulawesi Utara,Kota Manado,Konvensional,1.4708918,124.8362998
PT Bank Perekonomian Rakyat Kredit Mandiri Celebes Sejahtera,Provinsi Sulawesi Utara,Kota Manado,Konvensional,1.5002174,124.8878728
PT Bank Perekonomian Rakyat Mitra Dana Kawanua,Provinsi Sulawesi Utara,Kota Manado,Konvensional,1.4579223,124.8351394
PT Bank Perekonomian Rakyat Arta Makmur Sejahtera,Provinsi Sulawesi Utara,Kota Kotamobagu,Konvensional,0.7342194,124.2850047
PT Bank Perekonomian Rakyat Danaku Mapan Lestari,Provinsi Sulawesi Utara,Kota Bitung,Konvensional,1.4397395,125.1226081
PT. BPR Artha Puspa Mulia,Provinsi Sulawesi Utara,Kota Tomohon,Konvensional,0.7342194,124.2850047
PT. BPR Maesa Waya,Provinsi Sulawesi Utara,Kota Tomohon,Konvensional,1.3896409,124.8446649
PT Bank Perekonomian Rakyat Kartika Matuari,Provinsi Sulawesi Utara,Kota Tomohon,Konvensional,1.3623712,124.8298324
PT Bank Perekonomian Rakyat Paro Dana,Provinsi Gorontalo,Kab. Gorontalo,Konvensional,0.5856612,123.0363732
PT. BPR Telaga Sinarcahaya,Provinsi Gorontalo,Kota Gorontalo,Konvensional,0.5509091,123.0589177
PT Bank Perekonomian Rakyat Prisma Dana Gorontalo,Provinsi Gorontalo,Kota Gorontalo,Konvensional,0.5349365,123.057054
PT Bank Perekonomian Rakyat Yustima Polewali Mandar,Provinsi Sulawesi Barat,Kab. Polewali Mandar,Konvensional,-3.396517,119.2176613
PT Bank Perekonomian Rakyat Agrimakmur Lestari,Provinsi Sulawesi Barat,Kab. Mamuju Utara,Konvensional,-1.5406752,119.4022307
PT Bank Perekonomian Rakyat Bahteramas Buton (Perseroda),Provinsi Sulawesi Tenggara,Kab. Buton,Konvensional,-5.4699599,122.6466578
PT Bank Perekonomian Rakyat Bahteramas Buton Utara (Perseroda),Provinsi Sulawesi Tenggara,Kab. Buton,Konvensional,-4.9129564,122.2495905
PT Bank Perekonomian Rakyat Bahteramas Raha (Perseroda),Provinsi Sulawesi Tenggara,Kab. Muna,Konvensional,-4.8186283,122.7232483
PT. BPR Mustika Utama Kolaka,Provinsi Sulawesi Tenggara,Kab. Kolaka,Konvensional,-4.0568792,121.5958126
PT Bank Perekonomian Rakyat Hara Lata,Provinsi Sulawesi Tenggara,Kab. Kolaka,Konvensional,-4.0557157,121.5918381
PT Bank Perekonomian Rakyat Bahteramas Kolaka (Perseroda),Provinsi Sulawesi Tenggara,Kab. Kolaka,Konvensional,-4.0631515,121.6084919
PT Bank Perekonomian Rakyat Bahteramas Wakatobi (Perseroda),Provinsi Sulawesi Tenggara,Kab. Wakatobi,Konvensional,-5.3142139,123.5286102
PT Bank Perekonomian Rakyat Bahteramas Konawe (Perseroda),Provinsi Sulawesi Tenggara,Kab. Konawe,Konvensional,-3.8856198,122.0314531
PT Bank Perekonomian Rakyat Bahteramas Konawe Selatan (Perseroda),Provinsi Sulawesi Tenggara,Kab. Konawe Selatan,Konvensional,-4.1626573,122.0314531
PT Bank Perekonomian Rakyat Bahteramas Bombana (Perseroda),Provinsi Sulawesi Tenggara,Kab. Bombana,Konvensional,-4.764343,122.0328126
PT. BPR Bahteramas Kolaka Utara (Perseroda),Provinsi Sulawesi Tenggara,Kab. Kolaka Utara,Konvensional,-3.7824883,120.9237149
PT. BPR Bahteramas Konawe Utara (Perseroda),Provinsi Sulawesi Tenggara,Kab. Konawe Utara,Konvensional,-3.8856198,122.0314531
PT Bank Perekonomian Rakyat Rakyat Mandiri,Provinsi Sulawesi Tenggara,Kota Bau-Bau,Konvensional,-5.4634407,122.5940124
PT Bank Perekonomian Rakyat Bahteramas Baubau (Perseroda),Provinsi Sulawesi Tenggara,Kota Bau-Bau,Konvensional,-5.4624953,122.6016864
PT BPR Modern Express Sultra,Provinsi Sulawesi Tenggara,Kota Kendari,Konvensional,-3.9824809,122.5073589
PT. BPR Sejahtera Kendari,Provinsi Sulawesi Tenggara,Kota Kendari,Konvensional,-3.9956249,122.5021474
PT Bank Perekonomian Rakyat Ganda Lata,Provinsi Sulawesi Tenggara,Kota Kendari,Konvensional,-3.9990999,122.518708
PT Bank Perekonomian Rakyat Bahteramas Kendari (Perseroda),Provinsi Sulawesi Tenggara,Kota Kendari,Konvensional,-3.991533,122.5057735
PT Bank Perekonomian Rakyat Sowan Utama,Provinsi Nusa Tenggara Barat,Kab. Lombok Barat,Konvensional,-8.622015,116.1480934
PT Bank Perekonomian Rakyat Ramot Ganda,Provinsi Nusa Tenggara Barat,Kab. Lombok Barat,Konvensional,-8.5975131,116.1952283
PT Bank Perekonomian Rakyat Wiranadi,Provinsi Nusa Tenggara Barat,Kab. Lombok Barat,Konvensional,-8.6025601,116.1184917
PT Bank Perekonomian Rakyat Danayasa,Provinsi Nusa Tenggara Barat,Kab. Lombok Barat,Konvensional,-8.5862729,116.0730876
PT. BPR Dana Master Surya,Provinsi Nusa Tenggara Barat,Kab. Lombok Barat,Konvensional,-8.6967187,116.1195161
PT. BANK PEREKONOMIAN RAKYAT NARPADA NUSA,Provinsi Nusa Tenggara Barat,Kab. Lombok Barat,Konvensional,-8.6305206,116.1232123
PT Bank Perekonomian Rakyat Abdi Warga Mulia,Provinsi Nusa Tenggara Barat,Kab. Lombok Barat,Konvensional,-8.6156356,116.1249377
PT Bank Perekonomian Rakyat Pesisir Layar Berkembang,Provinsi Nusa Tenggara Barat,Kab. Lombok Barat,Konvensional,-8.6012662,116.0828873
PD. BPR NTB Lombok Barat,Provinsi Nusa Tenggara Barat,Kab. Lombok Barat,Konvensional,-8.5691495,116.111862
PT. BANK PEREKONOMIAN RAKYAT DANA MASTER LOTARA,Provinsi Nusa Tenggara Barat,Kab. Lombok Barat,Konvensional,-8.6470341,116.1155794
PT Bank Perekonomian Rakyat Tresna Niaga,Provinsi Nusa Tenggara Barat,Kab. Lombok Tengah,Konvensional,-8.7100278,116.2753934
PD. BPR NTB Lombok Tengah,Provinsi Nusa Tenggara Barat,Kab. Lombok Tengah,Konvensional,-8.7039296,116.2643592
PT Bank Perekonomian Rakyat Segara Anak Kencana,Provinsi Nusa Tenggara Barat,Kab. Lombok Timur,Konvensional,-8.7699308,116.4824419
PT. BPR Samas,Provinsi Nusa Tenggara Barat,Kab. Lombok Timur,Konvensional,-8.6216253,116.4742694
PD. BPR NTB Lombok Timur,Provinsi Nusa Tenggara Barat,Kab. Lombok Timur,Konvensional,-8.6334171,116.3414784
PT Bank Perekonomian Rakyat Lopokganda,Provinsi Nusa Tenggara Barat,Kab. Sumbawa,Konvensional,-8.5124895,117.2045392
PT Bank Perekonomian Rakyat Kabalong Abdi Swadaya,Provinsi Nusa Tenggara Barat,Kab. Sumbawa,Konvensional,-8.4658817,117.0385539
PT Bank Perekonomian Rakyat Samawa Kencana,Provinsi Nusa Tenggara Barat,Kab. Sumbawa,Konvensional,-8.6038176,116.1171509
PD BPR NTB Sumbawa,Provinsi Nusa Tenggara Barat,Kab. Sumbawa,Konvensional,-8.5482416,116.8111729
PT.BPR BIMA ABDI SWADAYA,Provinsi Nusa Tenggara Barat,Kab. Bima,Konvensional,-8.5085722,118.6190796
PT. BANK PEREKONOMIAN RAKYAT PESISIR AKBAR,Provinsi Nusa Tenggara Barat,Kab. Bima,Konvensional,-8.4878001,118.6721655
PD. BPR NTB Bima,Provinsi Nusa Tenggara Barat,Kab. Bima,Konvensional,-8.5447444,118.6915229
PD. BPR NTB Dompu,Provinsi Nusa Tenggara Barat,Kab. Dompu,Konvensional,-8.6393241,118.3676348
PD. BPR NTB Sumbawa Barat,Provinsi Nusa Tenggara Barat,Kab. Sumbawa Barat,Konvensional,-8.6269763,116.8616261
PT. BPR Tanjung Abdi Swadaya,Provinsi Nusa Tenggara Barat,Kab. Lombok Utara,Konvensional,-8.5888222,116.1039611
PT Bank Perekonomian Rakyat NTB (Perseroda),Provinsi Nusa Tenggara Barat,Kota Mataram,Konvensional,-8.5959734,116.1422867
PT. BANK PEREKONOMIAN RAKYAT PITIH GUMARANG,Provinsi Nusa Tenggara Barat,Kota Mataram,Konvensional,-8.595713,116.0970268
PT Bank Perekonomian Rakyat Prima Nadi,Provinsi Nusa Tenggara Barat,Kota Mataram,Konvensional,-8.5927598,116.1266461
PT Bank Perekonomian Rakyat Mitra Harmoni Mataram,Provinsi Nusa Tenggara Barat,Kota Mataram,Konvensional,-8.5803257,116.095679
PT Bank Perekonomian Rakyat Graha Lestari,Provinsi Nusa Tenggara Barat,Kota Mataram,Konvensional,-8.5879788,116.1443841
PT Bank Perekonomian Rakyat Bank Buleleng 45 (Perseroda),Provinsi Bali,Kab. Buleleng,Konvensional,-8.1111414,115.0875673
PT Bank Perekonomian Rakyat Indra Candra,Provinsi Bali,Kab. Buleleng,Konvensional,-8.3894462,114.810593
PT Bank Perekonomian Rakyat Nusamba Kubutambahan,Provinsi Bali,Kab. Buleleng,Konvensional,-8.0933064,115.0928959
PT Bank Perekonomian Rakyat Adi Jaya Mulia,Provinsi Bali,Kab. Buleleng,Konvensional,-8.1109157,115.0849872
PT Bank Perekonomian Rakyat Nur Abadi,Provinsi Bali,Kab. Buleleng,Konvensional,-8.089891,115.1244119
PT Bank Perekonomian Rakyat Suryajaya Kubutambahan,Provinsi Bali,Kab. Buleleng,Konvensional,-8.0794421,115.1656102
PT Bank Perekonomian Rakyat Kanaya,Provinsi Bali,Kab. Buleleng,Konvensional,-8.1130429,115.0856337
PT Bank Perekonomian Rakyat Dana Karya Nusa,Provinsi Bali,Kab. Tabanan,Konvensional,-8.5528862,115.1317747
PT Bank Perekonomian Rakyat Sari Dananiaga,Provinsi Bali,Kab. Tabanan,Konvensional,-8.5572069,115.1366682
PT Bank Perekonomian Rakyat Harta Mulia,Provinsi Bali,Kab. Tabanan,Konvensional,-8.5335044,115.0881393
PT Bank Perekonomian Rakyat Amerta Sari,Provinsi Bali,Kab. Tabanan,Konvensional,-8.5460788,115.0766064
PT Bank Perekonomian Rakyat Penebel,Provinsi Bali,Kab. Tabanan,Konvensional,-8.5374695,115.0834918
PT Bank Perekonomian Rakyat Sedana Murni,Provinsi Bali,Kab. Tabanan,Konvensional,-8.5285944,115.0405723
PT Bank Perekonomian Rakyat Sedana Yasa,Provinsi Bali,Kab. Tabanan,Konvensional,-8.5540006,115.1357217
PT. BPR Karunia Dewata,Provinsi Bali,Kab. Tabanan,Konvensional,-8.5476391,115.1160062
PT Bank Perekonomian Rakyat Bunga Sutra Mas,Provinsi Bali,Kab. Tabanan,Konvensional,-8.4388545,114.9333225
PT Bank Perekonomian Rakyat Artha Adyamurthi,Provinsi Bali,Kab. Tabanan,Konvensional,-8.5335044,115.0881393
PT. BPR Sewu Bali,Provinsi Bali,Kab. Tabanan,Konvensional,-8.5576737,115.0188485
PT Bank Perekonomian Rakyat Restu Dewata,Provinsi Bali,Kab. Tabanan,Konvensional,-8.5524461,115.13865
PT Bank Perekonomian Rakyat Saudaraku,Provinsi Bali,Kab. Tabanan,Konvensional,-8.5425575,115.0813369
PT Bank Perekonomian Rakyat Prisma Bali,Provinsi Bali,Kab. Tabanan,Konvensional,-8.5538967,115.1361579
PT Bank Perekonomian Rakyat Bumi Prima Dana,Provinsi Bali,Kab. Tabanan,Konvensional,-8.5537558,115.1380656
PT Bank Perekonomian Rakyat Dharmawarga Utama,Provinsi Bali,Kab. Tabanan,Konvensional,-8.5347353,115.0947349
PT Bank Perekonomian Rakyat Jero Anom,Provinsi Bali,Kab. Tabanan,Konvensional,-8.4311331,114.8957224
PT Bank Perekonomian Rakyat Luhur Damai,Provinsi Bali,Kab. Tabanan,Konvensional,-8.5622253,115.1131938
PT. BPR Dewata Indobank,Provinsi Bali,Kab. Tabanan,Konvensional,-8.5527694,115.1310338
PT Bank Perekonomian Rakyat Arthabudaya,Provinsi Bali,Kab. Tabanan,Konvensional,-8.5130836,115.0883428
PT Bank Perekonomian Rakyat Cahaya Arthabali,Provinsi Bali,Kab. Badung,Konvensional,-8.5631937,115.1644056
PT Bank Perekonomian Rakyat Wahyu Nirmala,Provinsi Bali,Kab. Badung,Konvensional,-8.6076748,115.1655947
PT Bank Perekonomian Rakyat Bukit Tanjung,Provinsi Bali,Kab. Badung,Konvensional,-8.7670516,115.1580486
PT Bank Perekonomian Rakyat Karuna Ramanda Sejahtera,Provinsi Bali,Kab. Badung,Konvensional,-8.6792024,115.1417471
PT Bank Perekonomian Rakyat Karya Artha Sejahtera Indonesia,Provinsi Bali,Kab. Badung,Konvensional,-8.5865566,115.2071755
PT Bank Perekonomian Rakyat Kusuma Mandala Jaya,Provinsi Bali,Kab. Badung,Konvensional,-8.6366485,115.1782897
PT Bank Perekonomian Rakyat Parasari,Provinsi Bali,Kab. Badung,Konvensional,-8.6421695,115.1140669
PT Bank Perekonomian Rakyat Pasarraya Kuta,Provinsi Bali,Kab. Badung,Konvensional,-8.7224399,115.1594507
PT Bank Perekonomian Rakyat Desa Sangeh,Provinsi Bali,Kab. Badung,Konvensional,-8.602921,115.0332141
PT Bank Perekonomian Rakyat Nusamba Mengwi,Provinsi Bali,Kab. Badung,Konvensional,-8.5846318,115.1522062
PT Bank Perekonomian Rakyat Tapa,Provinsi Bali,Kab. Badung,Konvensional,-8.6769382,115.1368389
PT. BPR Luhur Langgeng Utama,Provinsi Bali,Kab. Badung,Konvensional,-8.6940965,115.1585099
PT Bank Perekonomian Rakyat Karya Sari Sedana,Provinsi Bali,Kab. Badung,Konvensional,-8.7243513,115.1756512
PT Bank Perekonomian Rakyat Sari Wira Tama,Provinsi Bali,Kab. Badung,Konvensional,-8.7246561,115.1748337
PT Bank Perekonomian Rakyat Maha Bhoga Marga,Provinsi Bali,Kab. Badung,Konvensional,-8.581079,115.1786347
PT Bank Perekonomian Rakyat Ashi,Provinsi Bali,Kab. Badung,Konvensional,-8.6455464,115.1150927
PT Bank Perekonomian Rakyat Sinar Kuta,Provinsi Bali,Kab. Badung,Konvensional,-8.6749466,115.0956307
PT Bank Perekonomian Rakyat Jaya Kerti,Provinsi Bali,Kab. Badung,Konvensional,-8.5957883,115.1286732
PT Bank Perekonomian Rakyat Urban Bali,Provinsi Bali,Kab. Badung,Konvensional,-8.6367948,115.1780143
PT Bank Perekonomian Rakyat Mambal,Provinsi Bali,Kab. Badung,Konvensional,-8.5517063,115.2184177
PT Bank Perekonomian Rakyat Saraswati Eka Bumi,Provinsi Bali,Kab. Badung,Konvensional,-8.721559,115.1824565
PT Bank Perekonomian Rakyat Prima Dewata,Provinsi Bali,Kab. Badung,Konvensional,-8.6372699,115.1736642
PT Bank Perekonomian Rakyat Sinar Kuta Mulia,Provinsi Bali,Kab. Badung,Konvensional,-8.7001376,115.129677
PT BPR Calliste Bestari,Provinsi Bali,Kab. Badung,Konvensional,-8.605866,115.1839289
PT Bank Perekonomian Rakyat Cahaya Bina Putra,Provinsi Bali,Kab. Badung,Konvensional,-8.6452752,115.1667532
PT Bank Perekonomian Rakyat Siwi Sedana,Provinsi Bali,Kab. Badung,Konvensional,-8.6299496,115.1565072
PT Bank Perekonomian Rakyat Tulus,Provinsi Bali,Kab. Badung,Konvensional,-8.6351703,115.0303815
PT Bank Perekonomian Rakyat Bayudhana,Provinsi Bali,Kab. Badung,Konvensional,-8.5630671,115.1622622
PT Bank Perekonomian Rakyat Parasari Urati,Provinsi Bali,Kab. Badung,Konvensional,-8.6421695,115.1140669
PT Bank Perekonomian Rakyat Artha Sinar Raharja Indonesia,Provinsi Bali,Kab. Badung,Konvensional,-8.6370592,115.176739
PT Bank Perekonomian Rakyat Santi Pala,Provinsi Bali,Kab. Badung,Konvensional,-8.5884976,115.212886
PT Bank Perekonomian Rakyat Mayun Utama Perdana,Provinsi Bali,Kab. Badung,Konvensional,-8.5871042,115.1768777
PT Bank Perekonomian Rakyat Dinar Jagad,Provinsi Bali,Kab. Badung,Konvensional,-8.6464285,115.1629298
PT Bank Perekonomian Rakyat Mertha Sedana,Provinsi Bali,Kab. Badung,Konvensional,-8.6288246,115.1643551
PT Bank Perekonomian Rakyat Gisawa,Provinsi Bali,Kab. Badung,Konvensional,-8.6367808,115.1754669
PT Bank Perekonomian Rakyat Permata Sedana,Provinsi Bali,Kab. Badung,Konvensional,-8.7056351,115.0943324
PT Bank Perekonomian Rakyat Urip Kalantas,Provinsi Bali,Kab. Badung,Konvensional,-8.6072677,115.1838784
PT Bank Perekonomian Rakyat Cahaya Binawerdi,Provinsi Bali,Kab. Badung,Konvensional,-8.6296762,114.9403193
PT Bank Perekonomian Rakyat Saptacristy Utama,Provinsi Bali,Kab. Badung,Konvensional,-8.6619004,115.1065933
PT Bank Perekonomian Rakyat Suar Artha Dharma,Provinsi Bali,Kab. Badung,Konvensional,-8.6961668,115.1733172
PT BPR KS Bali Agung Sedana,Provinsi Bali,Kab. Badung,Konvensional,-8.6857477,115.0983628
PT Bank Perekonomian Rakyat Sadana Utama Bali,Provinsi Bali,Kab. Badung,Konvensional,-8.6077066,115.1838267
PT Bank Perekonomian Rakyat Megah Raharja Berdaya,Provinsi Bali,Kab. Badung,Konvensional,-8.5447669,114.8378722
PT Bank Perekonomian Rakyat Nusapanida Kuta,Provinsi Bali,Kab. Badung,Konvensional,-8.7110895,115.1832922
PT Bank Perekonomian Rakyat Khrisna Darma Adipala,Provinsi Bali,Kab. Badung,Konvensional,-8.5936364,115.2127781
PT Bank Perekonomian Rakyat Varis Mandiri,Provinsi Bali,Kab. Badung,Konvensional,-8.6011878,115.1579196
PT Bank Perekonomian Rakyat Mitra Balijaya Mandiri,Provinsi Bali,Kab. Badung,Konvensional,-8.6179413,115.1384762
PT Bank Perekonomian Rakyat Mitra Bali Mandiri,Provinsi Bali,Kab. Badung,Konvensional,-8.6179413,115.1384762
PT Bank Perekonomian Rakyat Kusemas Dana Mandiri,Provinsi Bali,Kab. Badung,Konvensional,-8.7387045,115.1761343
PT Bank Perekonomian Rakyat Kita,Provinsi Bali,Kab. Badung,Konvensional,-8.6855916,115.1065933
PT Bank Perekonomian Rakyat Bank Daerah Gianyar (Perseroda),Provinsi Bali,Kab. Gianyar,Konvensional,-8.5412058,115.3146523
PT Bank Perekonomian Rakyat Nusamba Tegallalang,Provinsi Bali,Kab. Gianyar,Konvensional,-8.4855281,115.2451403
PT Bank Perekonomian Rakyat Krisna Yuna Dana,Provinsi Bali,Kab. Gianyar,Konvensional,-8.6305235,115.2570545
PT Bank Perekonomian Rakyat Sadhu Artha,Provinsi Bali,Kab. Gianyar,Konvensional,-8.6089933,115.3111485
PT Bank Perekonomian Rakyat Puskusa Bali Dwipa,Provinsi Bali,Kab. Gianyar,Konvensional,-8.5894457,115.1890672
PT Bank Perekonomian Rakyat Sari Werdhi Sedana,Provinsi Bali,Kab. Gianyar,Konvensional,-8.5329853,115.3004058
PT Bank Perekonomian Rakyat Sukawati Pancakanti,Provinsi Bali,Kab. Gianyar,Konvensional,-8.5740704,115.1917713
PT Bank Perekonomian Rakyat Suadana,Provinsi Bali,Kab. Gianyar,Konvensional,-8.5723887,115.2454459
PT Bank Perekonomian Rakyat Artha Bali Jaya,Provinsi Bali,Kab. Gianyar,Konvensional,-8.6309466,115.258456
PT Bank Perekonomian Rakyat Tish,Provinsi Bali,Kab. Gianyar,Konvensional,-8.5986706,115.1805984
PT Bank Perekonomian Rakyat Cerdas,Provinsi Bali,Kab. Gianyar,Konvensional,-8.5986706,115.1805984
PT Bank Perekonomian Rakyat Suryajaya Ubud,Provinsi Bali,Kab. Gianyar,Konvensional,-8.5653874,115.2856882
PT Bank Perekonomian Rakyat Ulatidana Rahayu,Provinsi Bali,Kab. Gianyar,Konvensional,-8.5939673,115.2475933
PT Bank Perekonomian Rakyat Naga,Provinsi Bali,Kab. Gianyar,Konvensional,-8.6300975,115.2565272
PT. BPR Baskara Dewata,Provinsi Bali,Kab. Gianyar,Konvensional,-8.5864495,115.2517289
PT Bank Perekonomian Rakyat Mas Giri Wangi,Provinsi Bali,Kab. Gianyar,Konvensional,-8.5489546,115.3040154
PT Bank Perekonomian Rakyat Aruna Nirmaladuta,Provinsi Bali,Kab. Gianyar,Konvensional,-8.5478388,115.3082183
PT Bank Perekonomian Rakyat Gianyar Partasedana,Provinsi Bali,Kab. Gianyar,Konvensional,-8.5581542,115.2574923
PT Bank Perekonomian Rakyat Mitra Bali Srisedana Mandiri,Provinsi Bali,Kab. Gianyar,Konvensional,-8.5131634,115.2678501
PT Bank Perekonomian Rakyat Angsa Sedanayoga,Provinsi Bali,Kab. Gianyar,Konvensional,-8.5295374,115.1964247
PT Bank Perekonomian Rakyat Mulia Wacana,Provinsi Bali,Kab. Gianyar,Konvensional,-8.5905903,115.2798366
PT Bank Perekonomian Rakyat Kancana Dewata Mahadahana,Provinsi Bali,Kab. Gianyar,Konvensional,-8.5985337,115.1805984
PT Bank Perekonomian Rakyat Raga Jayatama,Provinsi Bali,Kab. Gianyar,Konvensional,-8.6024164,115.2503147
PT Bank Perekonomian Rakyat Eka Ayu Artha Bhuwana,Provinsi Bali,Kab. Gianyar,Konvensional,-8.6041884,115.2514375
PT Bank Perekonomian Rakyat Tri Darma Putri,Provinsi Bali,Kab. Klungkung,Konvensional,-8.5402888,115.3985562
PT Bank Perekonomian Rakyat Surya Natapala,Provinsi Bali,Kab. Klungkung,Konvensional,-8.6437092,115.2748503
PT Bank Perekonomian Rakyat Sinar Puteramas,Provinsi Bali,Kab. Klungkung,Konvensional,-8.5420679,115.3990938
PT Bank Perekonomian Rakyat Balaguna Perasta,Provinsi Bali,Kab. Klungkung,Konvensional,-8.5421636,115.3905561
PT Bank Perekonomian Rakyat Sari Jaya Sedana,Provinsi Bali,Kab. Klungkung,Konvensional,-8.5409608,115.4141239
PT Bank Perekonomian Rakyat Bank Daerah Bangli (Perseroda),Provinsi Bali,Kab. Bangli,Konvensional,-8.3488984,115.2757365
PT Bank Perekonomian Rakyat Kamadana,Provinsi Bali,Kab. Bangli,Konvensional,-8.4914415,114.9502337
PT Bank Perekonomian Rakyat Mitra Bali Muktijaya Mandiri,Provinsi Bali,Kab. Bangli,Konvensional,-8.3010044,115.2535407
PT Bank Perekonomian Rakyat Nusamba Manggis,Provinsi Bali,Kab. Karangasem,Konvensional,-8.4392791,115.4297524
PT Bank Perekonomian Rakyat Danamaster Dewata,Provinsi Bali,Kab. Karangasem,Konvensional,-8.4945893,115.4211204
PT Bank Perekonomian Rakyat Mitra Bali Artha Mandiri,Provinsi Bali,Kab. Karangasem,Konvensional,-8.4535563,115.5992804
PT Bank Perekonomian Rakyat Duta Bali,Provinsi Bali,Kota Denpasar,Konvensional,-8.6590192,115.2014465
PT Bank Perekonomian Rakyat Pedungan,Provinsi Bali,Kota Denpasar,Konvensional,-8.6854416,115.1830168
PT Bank Perekonomian Rakyat Desa Sanur,Provinsi Bali,Kota Denpasar,Konvensional,-8.6549027,115.2007919
PT Bank Perekonomian Rakyat Sekolah Perhotelan Bali,Provinsi Bali,Kota Denpasar,Konvensional,-8.6353901,115.2242208
PT Bank Perekonomian Rakyat Sari Sedana,Provinsi Bali,Kota Denpasar,Konvensional,-8.6998016,115.1761013
PT BPR Legian,Provinsi Bali,Kota Denpasar,Konvensional,-8.7174947,115.1780831
PT. BPR Pasar Umum,Provinsi Bali,Kota Denpasar,Konvensional,-8.6818277,115.1890081
PT Bank Perekonomian Rakyat Pande Artha Dewata,Provinsi Bali,Kota Denpasar,Konvensional,-8.6890449,115.197546
PT Bank Perekonomian Rakyat Pusaka,Provinsi Bali,Kota Denpasar,Konvensional,-7.485443,108.3491079
PT Bank Perekonomian Rakyat Tata Anjung Sari,Provinsi Bali,Kota Denpasar,Konvensional,-8.6820307,115.1899556
PT Bank Perekonomian Rakyat Sandi Raya Utama,Provinsi Bali,Kota Denpasar,Konvensional,-8.673215,115.1635209
PT Bank Perekonomian Rakyat Lestari Bali,Provinsi Bali,Kota Denpasar,Konvensional,-8.6736987,115.2052174
PT Bank Perekonomian Rakyat Sri Partha Bali,Provinsi Bali,Kota Denpasar,Konvensional,-8.6595675,115.2023667
PT Bank Perekonomian Rakyat Shri Gangga Bali,Provinsi Bali,Kota Denpasar,Konvensional,-8.6537433,115.2119334
PT Bank Perekonomian Rakyat Kita Centradana,Provinsi Bali,Kota Denpasar,Konvensional,-8.6673097,115.15405
PT Bank Perekonomian Rakyat Bank Kertiawan,Provinsi Bali,Kota Denpasar,Konvensional,-8.6386131,115.1356342
PT Bank Perekonomian Rakyat Sentral Ekonomi Nusantara,Provinsi Bali,Kota Denpasar,Konvensional,-8.6577017,115.2071903
PT Bank Perekonomian Rakyat Picu Manunggal Sejahtera,Provinsi Bali,Kota Denpasar,Konvensional,-8.6487692,115.2662214
PT Bank Perekonomian Rakyat Padma,Provinsi Bali,Kota Denpasar,Konvensional,-8.4060374,114.876599
PT Bank Perekonomian Rakyat Hari Depan,Provinsi Bali,Kota Denpasar,Konvensional,-8.6649463,115.2381036
PT. BPR Bali Artha Anugrah,Provinsi Bali,Kota Denpasar,Konvensional,-8.7150437,115.1786401
PT Bank Perekonomian Rakyat Bali Dananiaga,Provinsi Bali,Kota Denpasar,Konvensional,-8.6549027,115.2149976
PT Bank Perekonomian Rakyat Partakencana Tohpati,Provinsi Bali,Kota Denpasar,Konvensional,-8.635593,115.2455322
PT Bank Perekonomian Rakyat Hoki,Provinsi Bali,Kota Denpasar,Konvensional,-8.6387798,115.204597
PT Bank Perekonomian Rakyat Dewata Candradana,Provinsi Bali,Kota Denpasar,Konvensional,-8.6026435,115.2083123
PT Bank Perekonomian Rakyat Tanjung Pratama,Provinsi Nusa Tenggara Timur,Kab. Belu,Konvensional,-9.1068978,124.8932646
PT Bank Perekonomian Rakyat Danamas Belu,Provinsi Nusa Tenggara Timur,Kab. Belu,Konvensional,-9.1076766,124.8954638
PT Bank Perekonomian Rakyat Bina Usaha Dana (Perseroda),Provinsi Nusa Tenggara Timur,Kab. Flores Timur,Konvensional,-8.3273248,123.0018246
PT Bank Perekonomian Rakyat Lugasganda,Provinsi Nusa Tenggara Timur,Kab. Manggarai,Konvensional,-8.6144522,120.4549508
PT Bank Perekonomian Rakyat Talenta Raya,Provinsi Nusa Tenggara Timur,Kab. Sumba Timur,Konvensional,-9.656716,120.253443
PT Bank Perekonomian Rakyat Central Pitoby,Provinsi Nusa Tenggara Timur,Kota Kupang,Konvensional,-10.1741853,123.5901437
PT Bank Perekonomian Rakyat Sari Dinarkencana,Provinsi Nusa Tenggara Timur,Kota Kupang,Konvensional,-10.1973286,123.622283
PT Bank Perekonomian Rakyat Tanaoba Lais Manekat,Provinsi Nusa Tenggara Timur,Kota Kupang,Konvensional,-10.15952,123.5872167
PT. Bank Perekonomian Rakyat Timor Raya Makmur,Provinsi Nusa Tenggara Timur,Kota Kupang,Konvensional,-10.1532093,123.5976164
PT Bank Perekonomian Rakyat Christa Jaya Perdana,Provinsi Nusa Tenggara Timur,Kota Kupang,Konvensional,-10.1710459,123.5954357
PT Bank Perekonomian Rakyat Nusantara Abdi Mulia,Provinsi Nusa Tenggara Timur,Kota Kupang,Konvensional,-10.1726999,123.5875458
PT Bank Perkreditan Rakyat Modern Express NTT,Provinsi Nusa Tenggara Timur,Kota Kupang,Konvensional,-10.1727355,123.6096357
PT. BPR Artha Tual,Provinsi Maluku,Kab. Maluku Tenggara,Konvensional,-5.6568973,132.7366239
PT Bank Perekonomian Rakyat Modern Express,Provinsi Maluku,Kota Ambon,Konvensional,-3.7000482,128.1816689
PT Bank Perekonomian Rakyat Nusa Intim,Provinsi Papua,Kab. Jayapura,Konvensional,-2.5661901,140.6950016
PT. BPR Phidectama Sentani,Provinsi Papua,Kab. Jayapura,Konvensional,-2.6154258,140.6739432
PT Bank Perekonomian Rakyat Bosnik Intsia Papua,Provinsi Papua,Kab. Biak Numfor,Konvensional,-1.1413692,136.0681018
PT Bank Perekonomian Rakyat Artha Basudewa Abadi,Provinsi Papua,Kab. Nabire,Konvensional,-3.3380791,135.525139
PT. BPR Irian Sentosa,Provinsi Papua,Kota Jayapura,Konvensional,-2.538802,140.7087188
PT Bank Perekonomian Rakyat Phidectama Abepura,Provinsi Papua,Kota Jayapura,Konvensional,-2.6154258,140.6739432
PT Bank Perekonomian Rakyat Papua Mandiri Makmur,Provinsi Papua,Kota Jayapura,Konvensional,-2.5509204,140.6890568
PT Bank Perekonomian Rakyat SUNI,Provinsi Papua,Kota Jayapura,Konvensional,-2.5968453,140.6779314
PT Bank Perekonomian Rakyat Anak Negeri Papua,Provinsi Papua,Kota Jayapura,Konvensional,-2.5670268,140.5328083
PT BPR DEWI LESTARI INSANDANA,Provinsi Maluku Utara,Kab./Kota Lainnya - Provinsi Maluku Utara,Konvensional,0.7322956,127.3376689
PT BPR PRAMITA MITRA DANA,Provinsi Maluku Utara,Kab./Kota Lainnya - Provinsi Maluku Utara,Konvensional,0.0891784,124.3273837
PT Bank Perekonomian Rakyat Global Nusantara,Provinsi Maluku Utara,Kota Ternate,Konvensional,0.7912242,127.3825185
PT Bank Perekonomian Rakyat Bobato Lestari,Provinsi Maluku Utara,Kota Ternate,Konvensional,0.7388788,127.3351655
PT. BPR Modern Express Maluku Utara,Provinsi Maluku Utara,Kota Ternate,Konvensional,-1.5179761,124.4174734
PT. BPR Arfak Indonesia,Provinsi Papua Barat,Kab. Manokwari,Konvensional,-0.8652813,134.0514394
PT Bank Perekonomian Rakyat Sinar Mulia Papua,Provinsi Papua Barat,Kab. Manokwari,Konvensional,-0.8657047,134.0516634
PT BPR Modern Express Papua Barat,Provinsi Papua Barat,Kab. Manokwari,Konvensional,-0.8685555,134.0548982
PT Bank Perekonomian Rakyat Menara Cendrawasih Papua,Provinsi Papua Barat,Kota Sorong,Konvensional,-0.8952219,131.3161281
PT Bank Perekonomian Rakyat Sorong Sukses Sejahtera,Provinsi Papua Barat,Kota Sorong,Konvensional,-0.8831002,131.2838116
PT Bank Perekonomian Rakyat Syariah Amanah Insani,Provinsi Jawa Barat,Kab. Bekasi,Syariah,-6.2739202,106.9097911
PT Bank Perekonomian Rakyat Syariah Amanah Ummah,Provinsi Jawa Barat,Kab. Bogor,Syariah,-6.5708581,106.6304454
PT Bank Perekonomian Rakyat Syariah Botani Bina Rahmah,Provinsi Jawa Barat,Kab. Bogor,Syariah,-6.5833796,106.7769999
PT. BPRS Rif'atul Ummah,Provinsi Jawa Barat,Kab. Bogor,Syariah,-6.5931039,106.7614218
PT Bank Perekonomian Rakyat Syariah Harta Insan Karimah Insan Cita,Provinsi Jawa Barat,Kab. Bogor,Syariah,-6.2386172,106.7089556
PT BPRS Bogor Tegar Beriman,Provinsi Jawa Barat,Kab. Bogor,Syariah,-6.1759407,106.4752861
PT Bank Perekonomian Rakyat Syariah Gaido Indonesia,Provinsi Jawa Barat,Kab. Cianjur,Syariah,-6.8085946,107.15148
PT Bank Perekonomian Rakyat Syariah Amanah Rabbaniah,Provinsi Jawa Barat,Kab. Bandung,Syariah,-6.2252537,106.2062208
PT Bank Perekonomian Rakyat Syariah Almasoem,Provinsi Jawa Barat,Kab. Bandung,Syariah,-6.2372083,106.2142554
PT Bank Perekonomian Rakyat Syariah Al Ihsan,Provinsi Jawa Barat,Kab. Bandung,Syariah,-7.000465,107.6261836
PT Bank Perekonomian Rakyat Syariah Harta Insan Karimah Parahyangan,Provinsi Jawa Barat,Kab. Bandung,Syariah,-6.9858422,107.5567622
PT Bank Perekonomian Rakyat Syariah PNM Mentari,Provinsi Jawa Barat,Kab. Garut,Syariah,-7.2057813,107.9005544
PT Bank Perekonomian Rakyat Syariah Harum Hikmahnugraha,Provinsi Jawa Barat,Kab. Garut,Syariah,-7.1055835,107.8957254
PT. BPRS Gotong Royong,Provinsi Jawa Barat,Kab. Subang,Syariah,-6.561933,107.7652241
PT BPRS Berkah Amal Salman,Provinsi Jawa Barat,Kota Bandung,Syariah,-6.9188979,107.5885533
PT Bank Perekonomian Rakyat Syariah Baiturridha Pusaka,Provinsi Jawa Barat,Kota Bandung,Syariah,-6.9248085,107.5942084
PT Bank Perekonomian Rakyat Syariah Mitra Harmoni Kota Bandung,Provinsi Jawa Barat,Kota Bandung,Syariah,-6.9458151,107.6367083
PT BPRS Berkah Amal Salman,Provinsi Jawa Barat,Kota Bogor,Syariah,-6.5656994,106.8074231
PT Bank Perekonomian Rakyat Syariah Baiturridha Pusaka,Provinsi Jawa Barat,Kota Bogor,Syariah,-6.2381989,106.5440989
PT Bank Perekonomian Rakyat Syariah Mitra Harmoni Kota Bandung,Provinsi Jawa Barat,Kota Bogor,Syariah,-6.9458151,107.6367083
PT. BPRS Gotong Royong,Provinsi Jawa Barat,Kota Sukabumi,Syariah,-6.2372083,106.2142554
PT Bank Perekonomian Rakyat Syariah Alwadiah,Provinsi Jawa Barat,Kota Tasikmalaya,Syariah,-7.3432041,108.2011898
PT Bank Perekonomian Rakyat Syariah Almadinah Tasikmalaya Perseroda,Provinsi Jawa Barat,Kota Tasikmalaya,Syariah,-7.3387754,108.2057229
PT BPRS SHADIQ AMANAH,Provinsi Jawa Barat,Kota Cimahi,Syariah,-6.9009135,107.613157
PT Bank Perekonomian Rakyat Syariah Daarul Hayat,Provinsi Jawa Barat,Kota Cimahi,Syariah,-6.9323138,107.5648546
PT Bank Perekonomian Rakyat Syariah Hasanah Mandiri,Provinsi Jawa Barat,Kota Depok,Syariah,-6.3374724,106.7789712
PT Bank Perekonomian Rakyat Syariah Albarokah,Provinsi Jawa Barat,Kota Depok,Syariah,-6.3820617,106.8390331
PT Bank Perekonomian Rakyat Syariah Alhijrah Amanah,Provinsi Jawa Barat,Kota Depok,Syariah,-6.3928071,106.8423387
PT Bank Perekonomian Rakyat Syariah Alsalaam Amal Salman,Provinsi Jawa Barat,Kota Depok,Syariah,-6.2388071,106.7913684
PT Bank Perekonomian Rakyat Syariah Riyal Irsyadi,Provinsi Jawa Barat,Kota Bekasi,Syariah,-6.2213822,106.9738518
PT Bank Perekonomian Rakyat Syariah Harta Insan Karimah Bekasi,Provinsi Jawa Barat,Kota Bekasi,Syariah,-6.2051891,106.964164
PT Bank Perekonomian Rakyat Syariah Harta Insan Karimah Cibitung,Provinsi Jawa Barat,Kota Bekasi,Syariah,-6.2405828,106.9864925
PT BANK PEREKONOMIAN RAKYAT ARTHA MADANI,Provinsi Jawa Barat,Kota Bekasi,Syariah,-6.2383554,106.9749946
PT Bank Perekonomian Rakyat Syariah Patriot Bekasi Perseroda,Provinsi Jawa Barat,Kota Bekasi,Syariah,-6.2388071,106.7913684
PT Bank Perekonomian Rakyat Syariah Muamalah Cilegon,Provinsi Banten,Kota Cilegon,Syariah,-6.0077844,106.0270786
PT. BPRS Cilegon Mandiri,Provinsi Banten,Kota Cilegon,Syariah,-6.0228784,106.0657579
PT Bank Perekonomian Rakyat Syariah Musyarakah Ummat Indonesia,Provinsi Banten,Kota Tangerang,Syariah,-6.2230156,106.7001035
PT BPRS Harta Insan Karimah,Provinsi Banten,Kota Tangerang,Syariah,-6.2255271,106.7095119
PT Bank Perekonomian Rakyat Syariah Rizky Barokah,Provinsi Banten,Kota Tangerang Selatan,Syariah,-6.2809565,106.7057556
PT BPRS Hidayah,Provinsi DKI Jakarta,Wil. Kota Jakarta Barat,Syariah,-6.2255271,106.7095119
PT Bank Perekonomian Rakyat Syariah Hijra Alami,Provinsi DKI Jakarta,Wil. Kota Jakarta Selatan,Syariah,-6.2504596,106.7641763
PT Bank Perekonomian Rakyat Syariah Margirizki Bahagia,Provinsi D.I. Yogyakarta,Kab. Bantul,Syariah,-7.8302378,110.3649384
PT Bank Perekonomian Rakyat Syariah Bangun Drajat Warga,Provinsi D.I. Yogyakarta,Kab. Bantul,Syariah,-7.8515004,110.3288304
PT Bank Perekonomian Rakyat Syariah Madina Mandiri Sejahtera,Provinsi D.I. Yogyakarta,Kab. Bantul,Syariah,-7.8276502,110.3529439
PT Bank Perekonomian Rakyat Syariah Mitra Amal Mulia,Provinsi D.I. Yogyakarta,Kab. Sleman,Syariah,-7.7783366,110.32871
PT Bank Perekonomian Rakyat Syariah Danagung Syariah,Provinsi D.I. Yogyakarta,Kab. Sleman,Syariah,-7.7505257,110.359943
PT Bank Perekonomian Rakyat Syariah Harta Insan Karimah Mitra Cahaya Indonesia,Provinsi D.I. Yogyakarta,Kab. Sleman,Syariah,-6.2386172,106.7089556
PT Bank Perekonomian Rakyat Syariah Formes Sleman,Provinsi D.I. Yogyakarta,Kab. Sleman,Syariah,-7.7195272,110.3643088
PT Bank Perekonomian Rakyat Syariah Cahaya Hidup,Provinsi D.I. Yogyakarta,Kab. Sleman,Syariah,-7.7361611,110.374455
PT Bank Perekonomian Rakyat Syariah Sleman (Perseroda),Provinsi D.I. Yogyakarta,Kab. Sleman,Syariah,-7.7280158,110.3364359
PT Bank Perekonomian Rakyat Syariah Dana Hidayatullah,Provinsi D.I. Yogyakarta,Kota Yogyakarta,Syariah,-7.8158583,110.3993692
PT Bank Perekonomian Rakyat Syariah Barokah Dana Sejahtera,Provinsi D.I. Yogyakarta,Kota Yogyakarta,Syariah,-7.8197,110.3707287
PT Bank Perekonomian Rakyat Syariah Mitra Harmoni Yogyakarta,Provinsi D.I. Yogyakarta,Kota Yogyakarta,Syariah,-7.8155645,110.3635986
PT Bank Perekonomian Rakyat Syariah Unisia Insan Indonesia,Provinsi D.I. Yogyakarta,Kota Yogyakarta,Syariah,-7.7820913,110.3723553
PT Bank Perekonomian Rakyat Syariah Artha Amanah Ummat,Provinsi Jawa Tengah,Kab. Semarang,Syariah,-7.1267174,110.4013471
PT. BPRS Asad Alif,Provinsi Jawa Tengah,Kab. Kendal,Syariah,-7.0936195,110.0732056
PT Bank Perekonomian Rakyat Syariah Gala Mitra Abadi,Provinsi Jawa Tengah,Kab. Grobogan,Syariah,-7.0817803,110.9017722
PT. BPRS Artha Mas Abadi,Provinsi Jawa Tengah,Kab. Pati,Syariah,-6.679231,110.9632982
PT BPRS Saka Dana Mulia,Provinsi Jawa Tengah,Kab. Kudus,Syariah,-6.8118794,110.8505051
PT Bank Perekonomian Rakyat Syariah Bina Amanah Satria,Provinsi Jawa Tengah,Kab. Banyumas,Syariah,-7.3450829,109.0573599
PT Bank Perekonomian Rakyat Syariah Harta Insan Karimah Jawa Tengah,Provinsi Jawa Tengah,Kab. Banyumas,Syariah,-7.4208811,109.2291708
PT Bank Perekonomian Rakyat Syariah Arta Leksana,Provinsi Jawa Tengah,Kab. Banyumas,Syariah,-7.426808,109.075281
PT Bank Perekonomian Rakyat Syariah Gunung Slamet,Provinsi Jawa Tengah,Kab. Banyumas,Syariah,-7.6327337,109.0498326
PT Bank Perekonomian Rakyat Syariah Suriyah,Provinsi Jawa Tengah,Kab. Cilacap,Syariah,-7.5104826,108.8418657
PT Bank Perekonomian Rakyat Syariah Bumi Artha Sampang,Provinsi Jawa Tengah,Kab. Cilacap,Syariah,-7.501225,108.8151185
PT Bank Perekonomian Rakyat Syariah Bangun Arta,Provinsi Jawa Tengah,Kab. Cilacap,Syariah,-7.6072383,108.8562909
PT Bank Perekonomian Rakyat Syariah Buana Mitra Perwira,Provinsi Jawa Tengah,Kab. Purbalingga,Syariah,-7.3665847,109.320502
PT Bank Perekonomian Rakyat Syariah Meru Nusantara Mandiri,Provinsi Jawa Tengah,Kab. Magelang,Syariah,-7.5662916,110.2560841
PT. BPRS Ikhsanul Amal,Provinsi Jawa Tengah,Kab. Kebumen,Syariah,-7.608385,109.4964891
PT Bank Perekonomian Rakyat Syariah Almabrur Klaten,Provinsi Jawa Tengah,Kab. Klaten,Syariah,-7.7230595,110.6123598
PT Bank Perekonomian Rakyat Syariah Dharma Kuwera,Provinsi Jawa Tengah,Kab. Klaten,Syariah,-7.6873826,110.6109715
PT Bank Perekonomian Rakyat Syariah Sukowati Sragen (Perseroda),Provinsi Jawa Tengah,Kab. Sragen,Syariah,-7.6199114,110.6663528
PT Bank Perekonomian Rakyat Syariah Insan Madani,Provinsi Jawa Tengah,Kab. Sukoharjo,Syariah,-7.5556126,110.7465731
PT BPRS Artha Surya Barokah,Provinsi Jawa Tengah,Kota Semarang,Syariah,-7.0068712,110.4294734
PT BPRS Bina Finansia,Provinsi Jawa Tengah,Kota Semarang,Syariah,-6.9862047,110.4527223
PT. BPRS Mitra Harmoni Kota Semarang,Provinsi Jawa Tengah,Kota Semarang,Syariah,-7.0028296,110.4473177
PT Bank Perekonomian Rakyat Syariah Kedung Arto,Provinsi Jawa Tengah,Kota Semarang,Syariah,-6.999827,110.3509813
PT Bank Perekonomian Rakyat Syariah Hikmah Bahari,Provinsi Jawa Tengah,Kota Tegal,Syariah,-6.8837559,109.1262785
PT Bank Perekonomian Rakyat Syariah Dana Mulia,Provinsi Jawa Tengah,Kota Surakarta/Solo,Syariah,-7.5693357,110.8207901
PT Bank Perekonomian Rakyat Syariah Dana Amanah Surakarta,Provinsi Jawa Tengah,Kota Surakarta/Solo,Syariah,-7.5630677,110.7880193
PT Bank Perekonomian Rakyat Syariah Central Syariah Utama,Provinsi Jawa Tengah,Kota Surakarta/Solo,Syariah,-7.5712493,110.8006328
PT Bank Perekonomian Rakyat Syariah Hikmah Khazanah,Provinsi Jawa Tengah,Kota Surakarta/Solo,Syariah,-7.5934801,110.8196166
PT Bank Perekonomian Rakyat Syariah Amanah Sejahtera,Provinsi Jawa Timur,Kab. Gresik,Syariah,-7.1895032,112.5705202
PT Bank Perekonomian Rakyat Syariah Mandiri Mitra Sukses,Provinsi Jawa Timur,Kab. Gresik,Syariah,-6.5369191,111.953116
PT Bank Perekonomian Rakyat Syariah Baktimakmur Indah,Provinsi Jawa Timur,Kab. Sidoarjo,Syariah,-7.4041179,112.5665553
PT Bank Perekonomian Rakyat Syariah Annisa Mukti,Provinsi Jawa Timur,Kab. Sidoarjo,Syariah,-7.3564167,112.7626831
PT Bank Perekonomian Rakyat Syariah Unawi Barokah,Provinsi Jawa Timur,Kab. Sidoarjo,Syariah,-7.3506098,112.7610571
PT Bank Perekonomian Rakyat Syariah Lantabur Tebuireng,Provinsi Jawa Timur,Kab. Jombang,Syariah,-7.5719468,112.2451734
PT Bank Perekonomian Rakyat Syariah Sampang Perseroda,Provinsi Jawa Timur,Kab. Sampang,Syariah,-7.3710643,109.9406757
PT Bank Perekonomian Rakyat Syariah Sarana Prima Mandiri,Provinsi Jawa Timur,Kab. Pamekasan,Syariah,-7.1875736,113.3981682
PT Bank Perekonomian Rakyat Syariah Bhakti Sumekar Perseroda,Provinsi Jawa Timur,Kab. Sumenep,Syariah,-6.9990024,113.680157
PT. BPRS Asri Madani Nusantara,Provinsi Jawa Timur,Kab. Jember,Syariah,-8.1791318,113.6779655
PT BPRS Bhakti Haji,Provinsi Jawa Timur,Kab. Malang,Syariah,-8.0774566,112.639016
PT Bank Perekonomian Rakyat Syariah Bumi Rinjani Kepanjen,Provinsi Jawa Timur,Kab. Malang,Syariah,-8.1221754,112.5711114
PT Bank Perekonomian Rakyat Syariah Al Hijrah Thayibah,Provinsi Jawa Timur,Kab. Malang,Syariah,-7.9461573,112.745233
PT Bank Perekonomian Rakyat Syariah Daya Artha Mentari,Provinsi Jawa Timur,Kab. Pasuruan,Syariah,-7.6013759,112.7076556
PT BPRS Al Hidayah,Provinsi Jawa Timur,Kab. Pasuruan,Syariah,-7.6502956,112.9117835
PT. BPRS Ummu,Provinsi Jawa Timur,Kab. Pasuruan,Syariah,-7.6046047,112.7953592
PT. BPRS Jabal Tsur,Provinsi Jawa Timur,Kab. Pasuruan,Syariah,-7.6492578,112.6861666
PT BPRS Bumi Rinjani Probolinggo,Provinsi Jawa Timur,Kab. Probolinggo,Syariah,-7.7650658,113.2380006
PT Bank Perekonomian Rakyat Syariah Artha Pamenang,Provinsi Jawa Timur,Kab. Kediri,Syariah,-7.7921786,112.0270712
PT Bank Perekonomian Rakyat Syariah Rahma Syariah,Provinsi Jawa Timur,Kab. Kediri,Syariah,-7.7781162,111.9856182
PT Bank Perekonomian Rakyat Syariah Tunas Artha Jaya Abadi,Provinsi Jawa Timur,Kab. Kediri,Syariah,-7.79283,112.0398963
PT Bank Perekonomian Rakyat Syariah Kabupaten Ngawi Perseroda,Provinsi Jawa Timur,Kab. Ngawi,Syariah,-7.4384065,111.2148718
PT BPRS Magetan (Perseroda),Provinsi Jawa Timur,Kab. Magetan,Syariah,-7.6664461,111.3322065
PT Bank Perekonomian Rakyat Syariah Almabrur Babadan,Provinsi Jawa Timur,Kab. Ponorogo,Syariah,-7.8483747,111.4740377
PT Bank Perekonomian Rakyat Syariah Mitra Mentari Sejahtera,Provinsi Jawa Timur,Kab. Ponorogo,Syariah,-7.870666,111.4848388
PT Bank Perekonomian Rakyat Syariah Madinah,Provinsi Jawa Timur,Kab. Lamongan,Syariah,-7.115516,112.407151
PT Bank Perekonomian Rakyat Syariah Situbondo,Provinsi Jawa Timur,Kab. Situbondo,Syariah,-7.726604,114.0240348
PT Bank Perekonomian Rakyat Syariah Arsa Sejahtera,Provinsi Jawa Timur,Kota Batu,Syariah,-7.8822081,112.532383
PT BPRS Bumi Rinjani,Provinsi Jawa Timur,Kota Batu,Syariah,-8.0018243,112.4232158
PT Bank Perekonomian Rakyat Syariah Karya Mugi Sentosa,Provinsi Jawa Timur,Kota Surabaya,Syariah,-7.3224645,112.6996386
PT. BPRS Jabal Nur Tebuireng,Provinsi Jawa Timur,Kota Surabaya,Syariah,-7.2865735,112.7736551
PT BPRS Mojo Artho Kota Mojokerto Perseroda,Provinsi Jawa Timur,Kota Mojokerto,Syariah,-7.4746839,112.4292871
PT BPRS Bumi Rinjani Malang,Provinsi Jawa Timur,Kota Malang,Syariah,-8.0786382,112.6371819
PT Bank Perekonomian Rakyat Syariah Mitra Harmoni Kota Malang,Provinsi Jawa Timur,Kota Malang,Syariah,-7.9426009,112.6394612
PT Bank Perekonomian Rakyat Syariah Tanmiya Artha,Provinsi Jawa Timur,Kota Kediri,Syariah,-7.8289677,111.9988391
PT Bank Perekonomian Rakyat Syariah Muamalat Harkat,Provinsi Bengkulu,Kab. Seluma,Syariah,-3.9640104,102.4184246
PT. BPRS Safir,Provinsi Bengkulu,Kota Bengkulu,Syariah,-3.8229184,102.2825089
PT Bank Perekonomian Rakyat Syariah Maslahat Dana Syariah Nusantara,Provinsi Bengkulu,Kota Bengkulu,Syariah,-3.8182179,102.2905568
PT Bank Perekonomian Rakyat Syariah Fadhilah Kota Bengkulu (Perseroda),Provinsi Bengkulu,Kota Bengkulu,Syariah,-3.789933,102.2500648
PT. BPRS Hareukat,Provinsi NAD,Kab. Aceh Besar,Syariah,5.5263248,95.3570945
PT Bank Perekonomian Rakyat Syariah Baiturrahman,Provinsi NAD,Kab. Aceh Besar,Syariah,5.518094,95.3064077
PT Bank Perekonomian Rakyat Syariah Ingin Jaya,Provinsi NAD,Kab. Aceh Besar,Syariah,5.5317592,95.3164854
PT Bank Perekonomian Rakyat Syariah Tengku Chiek Dipante,Provinsi NAD,Kab. Pidie,Syariah,5.3789454,95.9559729
PT Bank Pembiayaan Rakyat Syariah Gayo Perseroda,Provinsi NAD,Kab. Aceh Tengah,Syariah,4.6193728,96.8454982
PT BPRS Kota Juang Perseroda,Provinsi NAD,Kab. Aceh Jeumpa/Bireuen,Syariah,5.2020713,96.6969327
PT Bank Perekonomian Rakyat Syariah Rahmania Dana Sejahtera,Provinsi NAD,Kab. Aceh Jeumpa/Bireuen,Syariah,5.2038929,96.6985535
PT Bank Perekonomian Rakyat Syariah Hikmah Wakilah,Provinsi NAD,Kota Banda Aceh,Syariah,5.5410408,95.3005999
PT Bank Perekonomian Rakyat Syariah Taman Indah Darussalam,Provinsi NAD,Kota Banda Aceh,Syariah,5.5776242,95.3523679
PT Bank Perekonomian Rakyat Syariah Mustaqim Aceh Perseroda,Provinsi NAD,Kota Banda Aceh,Syariah,5.5392029,95.3273148
PT Bank Perekonomian Rakyat Syariah Arthaaceh Sejahtera,Provinsi NAD,Kota Banda Aceh,Syariah,5.3917661,95.3427313
PT Bank Perekonomian Rakyat Syariah Rahmah Hijrah Agung,Provinsi NAD,Kota Lhokseumawe,Syariah,5.1779636,97.1304832
PT Bank Perekonomian Rakyat Syariah Adeco,Provinsi NAD,Kota Langsa,Syariah,4.5065855,97.9179315
PT Bank Perekonomian Rakyat Syariah Serambi Mekah,Provinsi NAD,Kota Langsa,Syariah,4.4776295,97.9547822
PT Bank Perekonomian Rakyat Syariah Puduarta Insani,Provinsi Sumatera Utara,Kab. Deli Serdang,Syariah,3.5969479,98.7459906
PT Bank Perekonomian Rakyat Syariah Amanah Insan Cita,Provinsi Sumatera Utara,Kab. Deli Serdang,Syariah,3.6034432,98.704346
PT Bank Perekonomian Rakyat Syariah Amanah Bangsa,Provinsi Sumatera Utara,Kab. Simalungun,Syariah,3.0344514,99.082294
PT. BPRS Al-Yaqin,Provinsi Sumatera Utara,Kab. Simalungun,Syariah,3.1609881,99.321876
PT Bank Perekonomian Rakyat Syariah Sindanglaya Kotanopan,Provinsi Sumatera Utara,Kab. Mandailing Natal,Syariah,0.6761012,99.6974441
PT Bank Perekonomian Rakyat Syariah Al Washliyah,Provinsi Sumatera Utara,Kota Medan,Syariah,3.5787699,98.6486076
PT Bank Perekonomian Rakyat Syariah Gebu Prima,Provinsi Sumatera Utara,Kota Medan,Syariah,3.573114,98.6985521
PT Bank Perekonomian Rakyat Syariah Carana Kiat Andalas,Provinsi Sumatera Barat,Kab. Agam,Syariah,-0.3421934,100.3819315
PT Bank Perekonomian Rakyat Syariah Ampek Angkek Candung,Provinsi Sumatera Barat,Kab. Agam,Syariah,-0.2644705,100.4323286
PT BPRS Sungai PuaSyariah,Provinsi Sumatera Barat,Kab. Agam,Syariah,-0.3569152,100.4070833
PT BANK PEREKONOMIAN RAKYAT SYARIAH MASYARAKAT LINTAU BUO,Provinsi Sumatera Barat,Kab. Agam,Syariah,-0.3919195,100.4153078
PT Bank Perekonomian Rakyat Syariah Khatulistiwa,Provinsi Sumatera Barat,Kab. Pasaman,Syariah,0.2125658,99.7940315
PT BPRS Taeh Baruah,Provinsi Sumatera Barat,Kab. Limapuluh Koto,Syariah,-0.1539057,100.5817266
PT BPRS Guguk Mas Makmur,Provinsi Sumatera Barat,Kab. Limapuluh Koto,Syariah,-0.1362003,100.5454173
PT BPRS Haji Miskin,Provinsi Sumatera Barat,Kab. Tanah Datar,Syariah,-0.4307741,100.4033968
PT Bank Perekonomian Rakyat Syariah Balerong Bunta,Provinsi Sumatera Barat,Kab. Tanah Datar,Syariah,-0.3762402,100.5535937
PT BPRS Mentari Pasaman Saiyo,Provinsi Sumatera Barat,Kab. Pasaman Barat,Syariah,0.0937881,99.8230907
PT Bank Pembiayaan Rakyat Syariah Jam Gadang Perseroda,Provinsi Sumatera Barat,Kota Bukittinggi,Syariah,-0.3091942,100.3692539
PT BPRS Gajahtongga KotoPiliang,Provinsi Sumatera Barat,Kota Sawahlunto,Syariah,-0.5922845,100.7327179
PT BPRS Barakah Nawaitul Ikhlas,Provinsi Sumatera Barat,Kota Solok,Syariah,-0.7937502,100.6574692
PT BANK PEREKONOMIAN RAKYAT SYARIAH AL MAKMUR,Provinsi Sumatera Barat,Kota Payakumbuh,Syariah,-0.2219449,100.6288723
PT Bank Perekonomian Rakyat Syariah Berkah Dana Fadhlillah (Perseroda),Provinsi Riau,Kab. Kampar,Syariah,0.4045885,101.0332612
PT BANK PEREKONOMIAN RAKYAT SYARIAH SIAK JAYA,Provinsi Riau,Kab. Siak,Syariah,0.8063115,102.026997
PT Bank Perekonomian Rakyat Syariah Hasanah,Provinsi Riau,Kota Pekanbaru,Syariah,0.5349428,101.4065211
PT Bank Perekonomian Rakyat Syariah Al Falah,Provinsi Sumatera Selatan,Kab. Banyuasin,Syariah,-2.9131871,104.663886
PT Bank Perekonomian Rakyat Syariah Bangka Belitung,Provinsi Kep. Bangka Belitung,Kota Pangkal Pinang,Syariah,-2.1228626,106.0957359
PT Bank Perekonomian Rakyat Syariah Syarikat Madani,Provinsi Kep. Riau,Kota Batam,Syariah,1.0907261,103.935098
PT Bank Perekonomian Rakyat Syariah Vitka Central,Provinsi Kep. Riau,Kota Batam,Syariah,1.1416199,104.0097485
PT Bank Perekonomian Rakyat Syariah Kotabumi (Perseroda),Provinsi Lampung,Kab. Lampung Selatan,Syariah,-5.3744687,105.2398381
PT Bank Perekonomian Rakyat Syariah Way Kanan (Perseroda),Provinsi Lampung,Kab. Lampung Selatan,Syariah,-4.7329046,104.5402721
PT Bank Perekonomian Rakyat Syariah Rajasa Lampung Tengah (Perseroda),Provinsi Lampung,Kab. Lampung Tengah,Syariah,-4.8441535,105.220864
PT Bank Perekonomian Rakyat Syariah Lampung Barat (Perseroda),Provinsi Lampung,Kab. Lampung Barat,Syariah,-5.0401402,104.0788667
PT Bank Perekonomian Rakyat Syariah Tanggamus (Perseroda),Provinsi Lampung,Kab. Tanggamus,Syariah,-5.49564,104.6205183
PT Bank Perekonomian Rakyat Syariah Lampung Timur (Perseroda),Provinsi Lampung,Kab. Lampung Timur,Syariah,-5.1845705,105.3477374
PT Bank Perekonomian Rakyat Syariah Aman Syariah,Provinsi Lampung,Kab. Lampung Timur,Syariah,-5.0723766,105.5234441
PT Bank Perekonomian Rakyat Syariah Tani Tulang Bawang Barat (Perseroda),Provinsi Lampung,Kab. Tulang Bawang Barat,Syariah,-4.5190192,105.0874579
PT Bank Perekonomian Rakyat Syariah Bandar Lampung (Perseroda),Provinsi Lampung,Kota Bandar Lampung,Syariah,-5.1805115,104.2352126
PT Bank Perekonomian Rakyat Syariah Mitra Agro Usaha,Provinsi Lampung,Kota Bandar Lampung,Syariah,-5.4087412,105.2616352
PT Bank Perekonomian Rakyat Syariah Metro Madani,Provinsi Lampung,Kota Metro,Syariah,-5.1143766,105.3139656
PT Bank Perekonomian Rakyat Syariah Barkah Gemadana,Provinsi Kalimantan Selatan,Kab. Banjar,Syariah,-3.3527475,114.6257684
PT Bank Perekonomian Rakyat Syariah Manfaatsyariah,Provinsi Kalimantan Timur,Kab. Kutai Kartanegara,Syariah,-1.2717076,116.851771
PT BPRS Mitra Amanah,Provinsi Kalimantan Tengah,Kota Palangkaraya,Syariah,-2.2222685,113.9148593
PT Bank Perekonomian Rakyat Syariah Khairan Inti Amanah,Provinsi Sulawesi Tengah,Kab. Parimo/Banggai,Syariah,-1.2453097,122.1781789
PT Bank Perekonomian Rakyat Syariah Gowata,Provinsi Sulawesi Selatan,Kab. Gowa,Syariah,-5.207041,119.4528684
PT Bank Perekonomian Rakyat Syariah Surya Sejati,Provinsi Sulawesi Selatan,Kab. Takalar,Syariah,-5.3568152,119.4595668
PT Bank Perekonomian Rakyat Syariah Indo Timur,Provinsi Sulawesi Selatan,Kota Makassar,Syariah,-5.1602449,119.4106408
PT Bank Perekonomian Rakyat Syariah Dana Moneter,Provinsi Sulawesi Selatan,Kota Makassar,Syariah,-5.1347469,119.421046
PT BANK PEREKONOMIAN RAKYAT SYARIAH NIAGA MADANI,Provinsi Sulawesi Selatan,Kota Makassar,Syariah,-5.1496605,119.4124989
PT Bank Perekonomian Rakyat Syariah Investama Mega Bakti,Provinsi Sulawesi Selatan,Kota Makassar,Syariah,-5.1521357,119.4183845
PT Bank Perekonomian Rakyat Syariah Harta Insan Karimah Fajar Nitro,Provinsi Sulawesi Selatan,Kota Makassar,Syariah,-5.6617963,107.7793588
PT Bank Perekonomian Rakyat Syariah Nurul Ikhwan,Provinsi Sulawesi Barat,Kab. Polewali Mandar,Syariah,-3.4043766,119.2217771
PT Bank Perekonomian Rakyat Syariah Tulen Amanah,Provinsi Nusa Tenggara Barat,Kab. Lombok Tengah,Syariah,-8.6229865,116.4621523
PT. BANK PEREKONOMIAN RAKYAT SYARIAH PNM PATUH BERAMAL AMALI,Provinsi Nusa Tenggara Barat,Kota Mataram,Syariah,-6.4705502,115.4932074
PT. BANK PEREKONOMIAN RAKYAT SYARIAH DINAR ASHRI,Provinsi Nusa Tenggara Barat,Kota Mataram,Syariah,-8.5800692,116.0692098
PT Bank Perekonomian Rakyat Syariah Fajar Sejahtera Bali,Provinsi Bali,Kab. Badung,Syariah,-8.6691536,115.1425877
PT. BPRS Muamalat Yotefa,Provinsi Papua,Kab. Jayapura,Syariah,-2.5382172,140.708352
PT Bank Perekonomian Rakyat Syariah Saruma Sejahtera Halmahera Selatan,Provinsi Maluku Utara,Kab. Halmahera Selatan,Syariah,-0.6419042,127.4886421
PT Bank Perekonomian Rakyat Syariah Bahari Berkesan,Provinsi Maluku Utara,Kota Ternate,Syariah,0.7903467,127.3878576
PT Bank Perekonomian Rakyat Syariah Bobato Lestari,Provinsi Maluku Utara,Kota Tidore Kepulauan,Syariah,0.673036,127.4524747
