Tahun,Bulan,Longitude,Latitude,Nama_BPR,Kabupaten_Kota,Provinsi,Kode_Bank,Total_Aset,Piutang_Murabahah,Piutang_Istishna,Piutang_Multijasa,Piutang_Qardh,Piutang_Sewa,Pembiayaan_Mudharabah,Pembiayaan_Musyarakah,Pembiayaan_Lainnya,Salam,Agunan_yang_Diambil_Alih,Tabungan_Wadiah,Tabungan_Mudharabah,Deposito_Mudharabah,Cadangan_Kerugian_Penurunan_Nilai_1,Cadangan_Kerugian_Penurunan_Nilai_2,Liabilitas_Segera,Liabilitas_kepada_BI,Liabilitas_kepada_Bank_Lain,Pembiayaan_Diterima,Liabilitas_Lainnya,Dana_Syirkah_Temporer,Pendapatan_setelah_distribusi_bagi_hasil,Pendapatan_dari_penyaluran_dana,Beban_Operasional,Zakat,Laba_Rugi_Bersih,KPMM,NPF_Neto,NPF_Gross,ROA,BOPO,FDR,Cash_Ratio,NI
2010,12,,,PT Bank Perekonomian Rakyat Syariah Amanah Insani,Kab. Bekasi,Provinsi Jawa Barat,620066,,,,,,,,,,,,,,,,,,,,,,,,,,,,,,,,,,,
2010,12,,,PT Bank Perekonomian Rakyat Syariah Saruma Sejahtera Halmahera Selatan,Kab. Halmahera Selatan,Provinsi Maluku Utara,620182,,,,,,,,,,,,,,,,,,,,,,,,,,,,,,,,,,,
2010,12,,,PT Bank Perekonomian Rakyat Syariah Mandiri Mitra Sukses,Kab. Gresik,Provinsi Jawa Timur,620126,,,,,,,,,,,,,,,,,,,,,,,,,,,,,,,,,,,
2010,12,,,PT Bank Perekonomian Rakyat Syariah Harta Insan Karimah Insan Cita,Kab. Bogor,Provinsi Jawa Barat,620069,,,,,,,,,,,,,,,,,,,,,,,,,,,,,,,,,,,
2010,12,,,PT Bank Perekonomian Rakyat Syariah Tulen Amanah,Kab. Lombok Tengah,Provinsi Nusa Tenggara Barat,620009,,,,,,,,,,,,,,,,,,,,,,,,,,,,,,,,,,,
2010,12,,,PT BPRS Bhakti Haji,Kab. Malang,Provinsi Jawa Timur,620048,,,,,,,,,,,,,,,,,,,,,,,,,,,,,,,,,,,
2010,12,,,PT Bank Perekonomian Rakyat Syariah Kabupaten Ngawi Perseroda,Kab. Ngawi,Provinsi Jawa Timur,620183,,,,,,,,,,,,,,,,,,,,,,,,,,,,,,,,,,,
2010,12,,,PT BPRS Mojo Artho Kota Mojokerto Perseroda,Kota Mojokerto,Provinsi Jawa Timur,620160,,,,,,,,,,,,,,,,,,,,,,,,,,,,,,,,,,,
2010,12,,,PT Bank Perekonomian Rakyat Syariah Amanah Sejahtera,Kab. Gresik,Provinsi Jawa Timur,620050,,,,,,,,,,,,,,,,,,,,,,,,,,,,,,,,,,,
2010,12,,,PT Bank Perekonomian Rakyat Syariah Bumi Rinjani Kepanjen,Kab. Malang,Provinsi Jawa Timur,620106,,,,,,,,,,,,,,,,,,,,,,,,,,,,,,,,,,,
2010,12,,,PT Bank Perekonomian Rakyat Syariah Al Ihsan,Kab. Bandung,Provinsi Jawa Barat,620044,,,,,,,,,,,,,,,,,,,,,,,,,,,,,,,,,,,
2010,12,,,PT BPRS Bumi Rinjani Malang,Kota Malang,Provinsi Jawa Timur,620078,,,,,,,,,,,,,,,,,,,,,,,,,,,,,,,,,,,
2010,12,,,PT Bank Perekonomian Rakyat Syariah Harta Insan Karimah Parahyangan,Kab. Bandung,Provinsi Jawa Barat,620054,,,,,,,,,,,,,,,,,,,,,,,,,,,,,,,,,,,
2010,12,,,PT Bank Perekonomian Rakyat Syariah Hikmah Khazanah,Kota Surakarta/Solo,Provinsi Jawa Tengah,620171,,,,,,,,,,,,,,,,,,,,,,,,,,,,,,,,,,,
2010,12,,,PT Bank Perekonomian Rakyat Syariah Mitra Harmoni Kota Malang,Kota Malang,Provinsi Jawa Timur,620153,,,,,,,,,,,,,,,,,,,,,,,,,,,,,,,,,,,
2010,12,,,PT Bank Perekonomian Rakyat Syariah Nurul Ikhwan,Kab. Polewali Mandar,Provinsi Sulawesi Barat,620045,,,,,,,,,,,,,,,,,,,,,,,,,,,,,,,,,,,
2010,12,,,PT Bank Perekonomian Rakyat Syariah Al Hijrah Thayibah,Kab. Malang,Provinsi Jawa Timur,620198,,,,,,,,,,,,,,,,,,,,,,,,,,,,,,,,,,,
2010,12,,,PT. BPRS Rif'atul Ummah,Kab. Bogor,Provinsi Jawa Barat,620068,,,,,,,,,,,,,,,,,,,,,,,,,,,,,,,,,,,
2010,12,,,PT Bank Perekonomian Rakyat Syariah Baktimakmur Indah,Kab. Sidoarjo,Provinsi Jawa Timur,620022,,,,,,,,,,,,,,,,,,,,,,,,,,,,,,,,,,,
2010,12,,,PT Bank Perekonomian Rakyat Syariah Central Syariah Utama,Kota Surakarta/Solo,Provinsi Jawa Tengah,620137,,,,,,,,,,,,,,,,,,,,,,,,,,,,,,,,,,,
2010,12,,,PT. BANK PEREKONOMIAN RAKYAT SYARIAH PNM PATUH BERAMAL AMALI,Kota Mataram,Provinsi Nusa Tenggara Barat,620021,,,,,,,,,,,,,,,,,,,,,,,,,,,,,,,,,,,
2010,12,,,PT Bank Perekonomian Rakyat Syariah Madinah,Kab. Lamongan,Provinsi Jawa Timur,620139,,,,,,,,,,,,,,,,,,,,,,,,,,,,,,,,,,,
2010,12,,,PT. BPRS Jabal Nur Tebuireng,Kota Surabaya,Provinsi Jawa Timur,620114,,,,,,,,,,,,,,,,,,,,,,,,,,,,,,,,,,,
2010,12,,,PT Bank Perekonomian Rakyat Syariah Unawi Barokah,Kab. Sidoarjo,Provinsi Jawa Timur,620155,,,,,,,,,,,,,,,,,,,,,,,,,,,,,,,,,,,
2010,12,,,PT Bank Perekonomian Rakyat Syariah Khairan Inti Amanah,Kab. Parimo/Banggai,Provinsi Sulawesi Tengah,620188,,,,,,,,,,,,,,,,,,,,,,,,,,,,,,,,,,,
2010,12,,,PT Bank Perekonomian Rakyat Syariah Alhijrah Amanah,Kota Depok,Provinsi Jawa Barat,620062,,,,,,,,,,,,,,,,,,,,,,,,,,,,,,,,,,,
2010,12,,,PT BPRS Sungai PuaSyariah,Kab. Agam,Provinsi Sumatera Barat,620186,,,,,,,,,,,,,,,,,,,,,,,,,,,,,,,,,,,
2010,12,,,PT Bank Perekonomian Rakyat Syariah Lampung Timur (Perseroda),Kab. Lampung Timur,Provinsi Lampung,620140,,,,,,,,,,,,,,,,,,,,,,,,,,,,,,,,,,,
2010,12,,,PT Bank Perekonomian Rakyat Syariah Barokah Dana Sejahtera,Kota Yogyakarta,Provinsi D.I. Yogyakarta,620115,,,,,,,,,,,,,,,,,,,,,,,,,,,,,,,,,,,
2010,12,,,PT Bank Perekonomian Rakyat Syariah Tanggamus (Perseroda),Kab. Tanggamus,Provinsi Lampung,620082,,,,,,,,,,,,,,,,,,,,,,,,,,,,,,,,,,,
2010,12,,,PT Bank Perekonomian Rakyat Syariah Dana Hidayatullah,Kota Yogyakarta,Provinsi D.I. Yogyakarta,620107,,,,,,,,,,,,,,,,,,,,,,,,,,,,,,,,,,,
2010,12,,,PT Bank Perekonomian Rakyat Syariah Alsalaam Amal Salman,Kota Depok,Provinsi Jawa Barat,620101,,,,,,,,,,,,,,,,,,,,,,,,,,,,,,,,,,,
2010,12,,,PT BANK PEREKONOMIAN RAKYAT SYARIAH MASYARAKAT LINTAU BUO,Kab. Agam,Provinsi Sumatera Barat,620196,,,,,,,,,,,,,,,,,,,,,,,,,,,,,,,,,,,
2010,12,,,PT Bank Perekonomian Rakyat Syariah Khatulistiwa,Kab. Pasaman,Provinsi Sumatera Barat,620201,,,,,,,,,,,,,,,,,,,,,,,,,,,,,,,,,,,
2010,12,,,PT Bank Perekonomian Rakyat Syariah Sleman (Perseroda),Kab. Sleman,Provinsi D.I. Yogyakarta,620193,,,,,,,,,,,,,,,,,,,,,,,,,,,,,,,,,,,
2010,12,,,PT Bank Perekonomian Rakyat Syariah Cahaya Hidup,Kab. Sleman,Provinsi D.I. Yogyakarta,620163,,,,,,,,,,,,,,,,,,,,,,,,,,,,,,,,,,,
2010,12,,,PT BPRS Taeh Baruah,Kab. Limapuluh Koto,Provinsi Sumatera Barat,620190,,,,,,,,,,,,,,,,,,,,,,,,,,,,,,,,,,,
2010,12,,,PT Bank Perekonomian Rakyat Syariah Riyal Irsyadi,Kota Bekasi,Provinsi Jawa Barat,620005,,,,,,,,,,,,,,,,,,,,,,,,,,,,,,,,,,,
2010,12,,,PT Bank Perekonomian Rakyat Syariah Formes Sleman,Kab. Sleman,Provinsi D.I. Yogyakarta,620136,,,,,,,,,,,,,,,,,,,,,,,,,,,,,,,,,,,
2010,12,,,PT Bank Perekonomian Rakyat Syariah Lampung Barat (Perseroda),Kab. Lampung Barat,Provinsi Lampung,620175,,,,,,,,,,,,,,,,,,,,,,,,,,,,,,,,,,,
2010,12,,,PT BPRS Guguk Mas Makmur,Kab. Limapuluh Koto,Provinsi Sumatera Barat,620194,,,,,,,,,,,,,,,,,,,,,,,,,,,,,,,,,,,
2010,12,,,PT Bank Perekonomian Rakyat Syariah Harta Insan Karimah Bekasi,Kota Bekasi,Provinsi Jawa Barat,620015,,,,,,,,,,,,,,,,,,,,,,,,,,,,,,,,,,,
2010,12,,,PT Bank Perekonomian Rakyat Syariah Harta Insan Karimah Mitra Cahaya Indonesia,Kab. Sleman,Provinsi D.I. Yogyakarta,620133,,,,,,,,,,,,,,,,,,,,,,,,,,,,,,,,,,,
2010,12,,,PT BPRS Haji Miskin,Kab. Tanah Datar,Provinsi Sumatera Barat,620099,,,,,,,,,,,,,,,,,,,,,,,,,,,,,,,,,,,
2010,12,,,PT Bank Perekonomian Rakyat Syariah Baiturrahman,Kab. Aceh Besar,Provinsi NAD,620024,,,,,,,,,,,,,,,,,,,,,,,,,,,,,,,,,,,
2010,12,,,PT BPRS Berkah Amal Salman,Kota Bandung,Provinsi Jawa Barat,620001,,,,,,,,,,,,,,,,,,,,,,,,,,,,,,,,,,,
2010,12,,,PT BPRS Magetan (Perseroda),Kab. Magetan,Provinsi Jawa Timur,620165,,,,,,,,,,,,,,,,,,,,,,,,,,,,,,,,,,,
2010,12,,,PT Bank Perekonomian Rakyat Syariah Mitra Harmoni Yogyakarta,Kota Yogyakarta,Provinsi D.I. Yogyakarta,620149,,,,,,,,,,,,,,,,,,,,,,,,,,,,,,,,,,,
2010,12,,,PT Bank Perekonomian Rakyat Syariah Gaido Indonesia,Kab. Cianjur,Provinsi Jawa Barat,620043,,,,,,,,,,,,,,,,,,,,,,,,,,,,,,,,,,,
2010,12,,,PT Bank Perekonomian Rakyat Syariah Situbondo,Kab. Situbondo,Provinsi Jawa Timur,620081,,,,,,,,,,,,,,,,,,,,,,,,,,,,,,,,,,,
2010,12,,,PT. BPRS Gotong Royong,Kab. Subang,Provinsi Jawa Barat,620172,,,,,,,,,,,,,,,,,,,,,,,,,,,,,,,,,,,
2010,12,,,PT Bank Perekonomian Rakyat Syariah Fadhilah Kota Bengkulu (Perseroda),Kota Bengkulu,Provinsi Bengkulu,620184,,,,,,,,,,,,,,,,,,,,,,,,,,,,,,,,,,,
2010,12,,,PT Bank Perekonomian Rakyat Syariah Bobato Lestari,Kota Tidore Kepulauan,Provinsi Maluku Utara,620179,,,,,,,,,,,,,,,,,,,,,,,,,,,,,,,,,,,
2010,12,,,PT BPRS Bumi Rinjani Probolinggo,Kab. Probolinggo,Provinsi Jawa Timur,620105,,,,,,,,,,,,,,,,,,,,,,,,,,,,,,,,,,,
2010,12,,,PT. BPRS Mitra Harmoni Kota Semarang,Kota Semarang,Provinsi Jawa Tengah,620151,,,,,,,,,,,,,,,,,,,,,,,,,,,,,,,,,,,
2010,12,,,PT Bank Perekonomian Rakyat Syariah Daya Artha Mentari,Kab. Pasuruan,Provinsi Jawa Timur,620056,,,,,,,,,,,,,,,,,,,,,,,,,,,,,,,,,,,
2010,12,,,PT. BPRS Jabal Tsur,Kab. Pasuruan,Provinsi Jawa Timur,620103,,,,,,,,,,,,,,,,,,,,,,,,,,,,,,,,,,,
2010,12,,,PT Bank Perekonomian Rakyat Syariah Muamalat Harkat,Kab. Seluma,Provinsi Bengkulu,620052,,,,,,,,,,,,,,,,,,,,,,,,,,,,,,,,,,,
2010,12,,,PT Bank Perekonomian Rakyat Syariah Amanah Ummah,Kab. Bogor,Provinsi Jawa Barat,620004,,,,,,,,,,,,,,,,,,,,,,,,,,,,,,,,,,,
2010,12,,,PT Bank Perekonomian Rakyat Syariah Hikmah Bahari,Kota Tegal,Provinsi Jawa Tengah,620174,,,,,,,,,,,,,,,,,,,,,,,,,,,,,,,,,,,
2010,12,,,PT Bank Perekonomian Rakyat Syariah Harta Insan Karimah Fajar Nitro,Kota Makassar,Provinsi Sulawesi Selatan,620168,,,,,,,,,,,,,,,,,,,,,,,,,,,,,,,,,,,
2010,12,,,PT Bank Perekonomian Rakyat Syariah Dana Amanah Surakarta,Kota Surakarta/Solo,Provinsi Jawa Tengah,620125,,,,,,,,,,,,,,,,,,,,,,,,,,,,,,,,,,,
2010,12,,,PT. BPRS Ummu,Kab. Pasuruan,Provinsi Jawa Timur,620074,,,,,,,,,,,,,,,,,,,,,,,,,,,,,,,,,,,
2010,12,,,PT Bank Perekonomian Rakyat Syariah Rahma Syariah,Kab. Kediri,Provinsi Jawa Timur,620150,,,,,,,,,,,,,,,,,,,,,,,,,,,,,,,,,,,
2010,12,,,PT Bank Perekonomian Rakyat Syariah Tanmiya Artha,Kota Kediri,Provinsi Jawa Timur,620130,,,,,,,,,,,,,,,,,,,,,,,,,,,,,,,,,,,
2010,12,,,PT Bank Perekonomian Rakyat Syariah Investama Mega Bakti,Kota Makassar,Provinsi Sulawesi Selatan,620077,,,,,,,,,,,,,,,,,,,,,,,,,,,,,,,,,,,
2010,12,,,PT BANK PEREKONOMIAN RAKYAT SYARIAH NIAGA MADANI,Kota Makassar,Provinsi Sulawesi Selatan,620039,,,,,,,,,,,,,,,,,,,,,,,,,,,,,,,,,,,
2010,12,,,PT Bank Perekonomian Rakyat Syariah PNM Mentari,Kab. Garut,Provinsi Jawa Barat,620008,,,,,,,,,,,,,,,,,,,,,,,,,,,,,,,,,,,
2010,12,,,PT Bank Perekonomian Rakyat Syariah Maslahat Dana Syariah Nusantara,Kota Bengkulu,Provinsi Bengkulu,620181,,,,,,,,,,,,,,,,,,,,,,,,,,,,,,,,,,,
2010,12,,,PT Bank Perekonomian Rakyat Syariah Artha Pamenang,Kab. Kediri,Provinsi Jawa Timur,620147,,,,,,,,,,,,,,,,,,,,,,,,,,,,,,,,,,,
2010,12,,,PT. BPRS Hareukat,Kab. Aceh Besar,Provinsi NAD,620003,,,,,,,,,,,,,,,,,,,,,,,,,,,,,,,,,,,
2010,12,,,PT Bank Perekonomian Rakyat Syariah Harum Hikmahnugraha,Kab. Garut,Provinsi Jawa Barat,620029,,,,,,,,,,,,,,,,,,,,,,,,,,,,,,,,,,,
2010,12,,,PT BPRS Al Hidayah,Kab. Pasuruan,Provinsi Jawa Timur,620072,,,,,,,,,,,,,,,,,,,,,,,,,,,,,,,,,,,
2010,12,,,PT Bank Perekonomian Rakyat Syariah Dana Mulia,Kota Surakarta/Solo,Provinsi Jawa Tengah,620122,,,,,,,,,,,,,,,,,,,,,,,,,,,,,,,,,,,
2010,12,,,PT. BPRS Muamalat Yotefa,Kab. Jayapura,Provinsi Papua,620067,,,,,,,,,,,,,,,,,,,,,,,,,,,,,,,,,,,
2010,12,,,PT Bank Perekonomian Rakyat Syariah Fajar Sejahtera Bali,Kab. Badung,Provinsi Bali,620026,,,,,,,,,,,,,,,,,,,,,,,,,,,,,,,,,,,
2010,12,,,PT Bank Perekonomian Rakyat Syariah Lantabur Tebuireng,Kab. Jombang,Provinsi Jawa Timur,620098,,,,,,,,,,,,,,,,,,,,,,,,,,,,,,,,,,,
2010,12,,,PT BPRS Bogor Tegar Beriman,Kab. Bogor,Provinsi Jawa Barat,620177,,,,,,,,,,,,,,,,,,,,,,,,,,,,,,,,,,,
2010,12,,,PT Bank Perekonomian Rakyat Syariah Mitra Mentari Sejahtera,Kab. Ponorogo,Provinsi Jawa Timur,620180,,,,,,,,,,,,,,,,,,,,,,,,,,,,,,,,,,,
2010,12,,,PT Bank Perekonomian Rakyat Syariah Arsa Sejahtera,Kota Batu,Provinsi Jawa Timur,620079,,,,,,,,,,,,,,,,,,,,,,,,,,,,,,,,,,,
2010,12,,,PT Bank Perekonomian Rakyat Syariah Amanah Rabbaniah,Kab. Bandung,Provinsi Jawa Barat,620002,,,,,,,,,,,,,,,,,,,,,,,,,,,,,,,,,,,
2010,12,,,PT Bank Perekonomian Rakyat Syariah Bhakti Sumekar Perseroda,Kab. Sumenep,Provinsi Jawa Timur,620085,,,,,,,,,,,,,,,,,,,,,,,,,,,,,,,,,,,
2010,12,,,PT BPRS Bina Finansia,Kota Semarang,Provinsi Jawa Tengah,620102,,,,,,,,,,,,,,,,,,,,,,,,,,,,,,,,,,,
2010,12,,,PT Bank Perekonomian Rakyat Syariah Almabrur Babadan,Kab. Ponorogo,Provinsi Jawa Timur,620073,,,,,,,,,,,,,,,,,,,,,,,,,,,,,,,,,,,
2010,12,,,PT. BANK PEREKONOMIAN RAKYAT SYARIAH DINAR ASHRI,Kota Mataram,Provinsi Nusa Tenggara Barat,620104,,,,,,,,,,,,,,,,,,,,,,,,,,,,,,,,,,,
2010,12,,,PT BPRS Bumi Rinjani,Kota Batu,Provinsi Jawa Timur,620109,,,,,,,,,,,,,,,,,,,,,,,,,,,,,,,,,,,
2010,12,,,PT Bank Perekonomian Rakyat Syariah Annisa Mukti,Kab. Sidoarjo,Provinsi Jawa Timur,620135,,,,,,,,,,,,,,,,,,,,,,,,,,,,,,,,,,,
2010,12,,,PT Bank Perekonomian Rakyat Syariah Almasoem,Kab. Bandung,Provinsi Jawa Barat,620027,,,,,,,,,,,,,,,,,,,,,,,,,,,,,,,,,,,
2010,12,,,PT Bank Perekonomian Rakyat Syariah Karya Mugi Sentosa,Kota Surabaya,Provinsi Jawa Timur,620113,,,,,,,,,,,,,,,,,,,,,,,,,,,,,,,,,,,
2010,12,,,PT. BPRS Asri Madani Nusantara,Kab. Jember,Provinsi Jawa Timur,620033,,,,,,,,,,,,,,,,,,,,,,,,,,,,,,,,,,,
2010,12,,,PT Bank Perekonomian Rakyat Syariah Bahari Berkesan,Kota Ternate,Provinsi Maluku Utara,620164,,,,,,,,,,,,,,,,,,,,,,,,,,,,,,,,,,,
2010,12,,,PT Bank Perekonomian Rakyat Syariah Tunas Artha Jaya Abadi,Kab. Kediri,Provinsi Jawa Timur,620200,,,,,,,,,,,,,,,,,,,,,,,,,,,,,,,,,,,
2010,12,,,PT Bank Perekonomian Rakyat Syariah Kedung Arto,Kota Semarang,Provinsi Jawa Tengah,620191,,,,,,,,,,,,,,,,,,,,,,,,,,,,,,,,,,,
2010,12,,,PT. BPRS Safir,Kota Bengkulu,Provinsi Bengkulu,620090,,,,,,,,,,,,,,,,,,,,,,,,,,,,,,,,,,,
2010,12,,,PT Bank Perekonomian Rakyat Syariah Botani Bina Rahmah,Kab. Bogor,Provinsi Jawa Barat,620061,,,,,,,,,,,,,,,,,,,,,,,,,,,,,,,,,,,
2010,12,,,PT Bank Perekonomian Rakyat Syariah Sarana Prima Mandiri,Kab. Pamekasan,Provinsi Jawa Timur,620127,,,,,,,,,,,,,,,,,,,,,,,,,,,,,,,,,,,
2010,12,,,PT Bank Perekonomian Rakyat Syariah Ampek Angkek Candung,Kab. Agam,Provinsi Sumatera Barat,620071,,,,,,,,,,,,,,,,,,,,,,,,,,,,,,,,,,,
2010,12,,,PT Bank Perekonomian Rakyat Syariah Sampang Perseroda,Kab. Sampang,Provinsi Jawa Timur,620166,,,,,,,,,,,,,,,,,,,,,,,,,,,,,,,,,,,
2010,12,,,PT Bank Perekonomian Rakyat Syariah Unisia Insan Indonesia,Kota Yogyakarta,Provinsi D.I. Yogyakarta,620178,,,,,,,,,,,,,,,,,,,,,,,,,,,,,,,,,,,
2010,12,,,PT Bank Perekonomian Rakyat Syariah Gala Mitra Abadi,Kab. Grobogan,Provinsi Jawa Tengah,620063,,,,,,,,,,,,,,,,,,,,,,,,,,,,,,,,,,,
2010,12,,,PT Bank Perekonomian Rakyat Syariah Metro Madani,Kota Metro,Provinsi Lampung,620091,,,,,,,,,,,,,,,,,,,,,,,,,,,,,,,,,,,
2010,12,,,PT Bank Perekonomian Rakyat Syariah Al Washliyah,Kota Medan,Provinsi Sumatera Utara,620036,,,,,,,,,,,,,,,,,,,,,,,,,,,,,,,,,,,
2010,12,,,PT Bank Perekonomian Rakyat Syariah Arthaaceh Sejahtera,Kota Banda Aceh,Provinsi NAD,620192,,,,,,,,,,,,,,,,,,,,,,,,,,,,,,,,,,,
2010,12,,,PT Bank Perekonomian Rakyat Syariah Bangun Arta,Kab. Cilacap,Provinsi Jawa Tengah,620195,,,,,,,,,,,,,,,,,,,,,,,,,,,,,,,,,,,
2010,12,,,PT BPRS Artha Surya Barokah,Kota Semarang,Provinsi Jawa Tengah,620084,,,,,,,,,,,,,,,,,,,,,,,,,,,,,,,,,,,
2010,12,,,PT Bank Perekonomian Rakyat Syariah Dana Moneter,Kota Makassar,Provinsi Sulawesi Selatan,620030,,,,,,,,,,,,,,,,,,,,,,,,,,,,,,,,,,,
2010,12,,,PT Bank Perekonomian Rakyat Syariah Ingin Jaya,Kab. Aceh Besar,Provinsi NAD,620203,,,,,,,,,,,,,,,,,,,,,,,,,,,,,,,,,,,
2010,12,,,PT Bank Perekonomian Rakyat Syariah Baiturridha Pusaka,Kota Bandung,Provinsi Jawa Barat,620011,,,,,,,,,,,,,,,,,,,,,,,,,,,,,,,,,,,
2010,12,,,PT Bank Perekonomian Rakyat Syariah Daarul Hayat,Kota Cimahi,Provinsi Jawa Barat,620035,,,,,,,,,,,,,,,,,,,,,,,,,,,,,,,,,,,
2010,12,,,PT Bank Perekonomian Rakyat Syariah Indo Timur,Kota Makassar,Provinsi Sulawesi Selatan,620010,,,,,,,,,,,,,,,,,,,,,,,,,,,,,,,,,,,
2010,12,,,PT Bank Perekonomian Rakyat Syariah Sukowati Sragen (Perseroda),Kab. Sragen,Provinsi Jawa Tengah,620124,,,,,,,,,,,,,,,,,,,,,,,,,,,,,,,,,,,
2010,12,,,PT Bank Perekonomian Rakyat Syariah Mitra Harmoni Kota Bandung,Kota Bandung,Provinsi Jawa Barat,620161,,,,,,,,,,,,,,,,,,,,,,,,,,,,,,,,,,,
2010,12,,,PT Bank Perekonomian Rakyat Syariah Tengku Chiek Dipante,Kab. Pidie,Provinsi NAD,620025,,,,,,,,,,,,,,,,,,,,,,,,,,,,,,,,,,,
2010,12,,,PT Bank Perekonomian Rakyat Syariah Dharma Kuwera,Kab. Klaten,Provinsi Jawa Tengah,620159,,,,,,,,,,,,,,,,,,,,,,,,,,,,,,,,,,,
2010,12,,,PT Bank Perekonomian Rakyat Syariah Surya Sejati,Kab. Takalar,Provinsi Sulawesi Selatan,620031,,,,,,,,,,,,,,,,,,,,,,,,,,,,,,,,,,,
2010,12,,,PT Bank Pembiayaan Rakyat Syariah Gayo Perseroda,Kab. Aceh Tengah,Provinsi NAD,620120,,,,,,,,,,,,,,,,,,,,,,,,,,,,,,,,,,,
2010,12,,,PT BPRS Mitra Amanah,Kota Palangkaraya,Provinsi Kalimantan Tengah,620170,,,,,,,,,,,,,,,,,,,,,,,,,,,,,,,,,,,
2010,12,,,PT BPRS Kota Juang Perseroda,Kab. Aceh Jeumpa/Bireuen,Provinsi NAD,620144,,,,,,,,,,,,,,,,,,,,,,,,,,,,,,,,,,,
2010,12,,,PT Bank Perekonomian Rakyat Syariah Almabrur Klaten,Kab. Klaten,Provinsi Jawa Tengah,620142,,,,,,,,,,,,,,,,,,,,,,,,,,,,,,,,,,,
2010,12,,,PT Bank Perekonomian Rakyat Syariah Insan Madani,Kab. Sukoharjo,Provinsi Jawa Tengah,620154,,,,,,,,,,,,,,,,,,,,,,,,,,,,,,,,,,,
2010,12,,,PT. BPRS Artha Mas Abadi,Kab. Pati,Provinsi Jawa Tengah,620100,,,,,,,,,,,,,,,,,,,,,,,,,,,,,,,,,,,
2010,12,,,PT Bank Perekonomian Rakyat Syariah Bandar Lampung (Perseroda),Kota Bandar Lampung,Provinsi Lampung,620051,,,,,,,,,,,,,,,,,,,,,,,,,,,,,,,,,,,
2010,12,,,PT. BPRS Al-Yaqin,Kab. Simalungun,Provinsi Sumatera Utara,620092,,,,,,,,,,,,,,,,,,,,,,,,,,,,,,,,,,,
2010,12,,,PT Bank Perekonomian Rakyat Syariah Aman Syariah,Kab. Lampung Timur,Provinsi Lampung,620173,,,,,,,,,,,,,,,,,,,,,,,,,,,,,,,,,,,
2010,12,,,PT Bank Perekonomian Rakyat Syariah Bumi Artha Sampang,Kab. Cilacap,Provinsi Jawa Tengah,620112,,,,,,,,,,,,,,,,,,,,,,,,,,,,,,,,,,,
2010,12,,,PT Bank Perekonomian Rakyat Syariah Suriyah,Kab. Cilacap,Provinsi Jawa Tengah,620086,,,,,,,,,,,,,,,,,,,,,,,,,,,,,,,,,,,
2010,12,,,PT Bank Perekonomian Rakyat Syariah Rahmah Hijrah Agung,Kota Lhokseumawe,Provinsi NAD,620049,,,,,,,,,,,,,,,,,,,,,,,,,,,,,,,,,,,
2010,12,,,PT Bank Perekonomian Rakyat Syariah Manfaatsyariah,Kab. Kutai Kartanegara,Provinsi Kalimantan Timur,620014,,,,,,,,,,,,,,,,,,,,,,,,,,,,,,,,,,,
2010,12,,,PT Bank Perekonomian Rakyat Syariah Adeco,Kota Langsa,Provinsi NAD,620141,,,,,,,,,,,,,,,,,,,,,,,,,,,,,,,,,,,
2010,12,,,PT Bank Perekonomian Rakyat Syariah Gunung Slamet,Kab. Banyumas,Provinsi Jawa Tengah,620146,,,,,,,,,,,,,,,,,,,,,,,,,,,,,,,,,,,
2010,12,,,PT Bank Perekonomian Rakyat Syariah Alwadiah,Kota Tasikmalaya,Provinsi Jawa Barat,620037,,,,,,,,,,,,,,,,,,,,,,,,,,,,,,,,,,,
2010,12,,,PT Bank Perekonomian Rakyat Syariah Serambi Mekah,Kota Langsa,Provinsi NAD,620152,,,,,,,,,,,,,,,,,,,,,,,,,,,,,,,,,,,
2010,12,,,PT Bank Perekonomian Rakyat Syariah Barkah Gemadana,Kab. Banjar,Provinsi Kalimantan Selatan,620013,,,,,,,,,,,,,,,,,,,,,,,,,,,,,,,,,,,
2010,12,,,PT Bank Perekonomian Rakyat Syariah Arta Leksana,Kab. Banyumas,Provinsi Jawa Tengah,620110,,,,,,,,,,,,,,,,,,,,,,,,,,,,,,,,,,,
2010,12,,,PT Bank Perekonomian Rakyat Syariah Almadinah Tasikmalaya Perseroda,Kota Tasikmalaya,Provinsi Jawa Barat,620156,,,,,,,,,,,,,,,,,,,,,,,,,,,,,,,,,,,
2010,12,,,PT Bank Perekonomian Rakyat Syariah Puduarta Insani,Kab. Deli Serdang,Provinsi Sumatera Utara,620058,,,,,,,,,,,,,,,,,,,,,,,,,,,,,,,,,,,
2010,12,,,PT. BPRS Gotong Royong,Kota Sukabumi,Provinsi Jawa Barat,620172,,,,,,,,,,,,,,,,,,,,,,,,,,,,,,,,,,,
2010,12,,,PT Bank Perekonomian Rakyat Syariah Harta Insan Karimah Jawa Tengah,Kab. Banyumas,Provinsi Jawa Tengah,620089,,,,,,,,,,,,,,,,,,,,,,,,,,,,,,,,,,,
2010,12,,,PT Bank Perekonomian Rakyat Syariah Amanah Insan Cita,Kab. Deli Serdang,Provinsi Sumatera Utara,620145,,,,,,,,,,,,,,,,,,,,,,,,,,,,,,,,,,,
2010,12,,,PT Bank Perekonomian Rakyat Syariah Bina Amanah Satria,Kab. Banyumas,Provinsi Jawa Tengah,620087,,,,,,,,,,,,,,,,,,,,,,,,,,,,,,,,,,,
2010,12,,,PT BPRS SHADIQ AMANAH,Kota Cimahi,Provinsi Jawa Barat,620019,,,,,,,,,,,,,,,,,,,,,,,,,,,,,,,,,,,
2010,12,,,PT Bank Perekonomian Rakyat Syariah Amanah Bangsa,Kab. Simalungun,Provinsi Sumatera Utara,620032,,,,,,,,,,,,,,,,,,,,,,,,,,,,,,,,,,,
2010,12,,,PT BPRS Saka Dana Mulia,Kab. Kudus,Provinsi Jawa Tengah,620167,,,,,,,,,,,,,,,,,,,,,,,,,,,,,,,,,,,
2010,12,,,PT Bank Perekonomian Rakyat Syariah Mitra Agro Usaha,Kota Bandar Lampung,Provinsi Lampung,620169,,,,,,,,,,,,,,,,,,,,,,,,,,,,,,,,,,,
2010,12,,,PT Bank Perekonomian Rakyat Syariah Rahmania Dana Sejahtera,Kab. Aceh Jeumpa/Bireuen,Provinsi NAD,620148,,,,,,,,,,,,,,,,,,,,,,,,,,,,,,,,,,,
2010,12,,,PT Bank Perekonomian Rakyat Syariah Gowata,Kab. Gowa,Provinsi Sulawesi Selatan,620065,,,,,,,,,,,,,,,,,,,,,,,,,,,,,,,,,,,
2010,12,,,PT Bank Perekonomian Rakyat Syariah Sindanglaya Kotanopan,Kab. Mandailing Natal,Provinsi Sumatera Utara,620111,,,,,,,,,,,,,,,,,,,,,,,,,,,,,,,,,,,
2010,12,,,PT Bank Perekonomian Rakyat Syariah Carana Kiat Andalas,Kab. Agam,Provinsi Sumatera Barat,620064,,,,,,,,,,,,,,,,,,,,,,,,,,,,,,,,,,,
2010,12,,,PT Bank Perekonomian Rakyat Syariah Harta Insan Karimah Cibitung,Kota Bekasi,Provinsi Jawa Barat,620020,,,,,,,,,,,,,,,,,,,,,,,,,,,,,,,,,,,
2010,12,,,PT Bank Perekonomian Rakyat Syariah Vitka Central,Kota Batam,Provinsi Kep. Riau,620134,,,,,,,,,,,,,,,,,,,,,,,,,,,,,,,,,,,
2010,12,,,PT BANK PEREKONOMIAN RAKYAT SYARIAH AL MAKMUR,Kota Payakumbuh,Provinsi Sumatera Barat,620132,,,,,,,,,,,,,,,,,,,,,,,,,,,,,,,,,,,
2010,12,,,PT BPRS Hidayah,Wil. Kota Jakarta Barat,Provinsi DKI Jakarta,620119,,,,,,,,,,,,,,,,,,,,,,,,,,,,,,,,,,,
2010,12,,,PT Bank Perekonomian Rakyat Syariah Berkah Dana Fadhlillah (Perseroda),Kab. Kampar,Provinsi Riau,620060,,,,,,,,,,,,,,,,,,,,,,,,,,,,,,,,,,,
2010,12,,,PT Bank Perekonomian Rakyat Syariah Muamalah Cilegon,Kota Cilegon,Provinsi Banten,620034,,,,,,,,,,,,,,,,,,,,,,,,,,,,,,,,,,,
2010,12,,,PT BANK PEREKONOMIAN RAKYAT SYARIAH SIAK JAYA,Kab. Siak,Provinsi Riau,620189,,,,,,,,,,,,,,,,,,,,,,,,,,,,,,,,,,,
2010,12,,,PT Bank Perekonomian Rakyat Syariah Syarikat Madani,Kota Batam,Provinsi Kep. Riau,620121,,,,,,,,,,,,,,,,,,,,,,,,,,,,,,,,,,,
2010,12,,,PT. BPRS Cilegon Mandiri,Kota Cilegon,Provinsi Banten,620080,,,,,,,,,,,,,,,,,,,,,,,,,,,,,,,,,,,
2010,12,,,PT BPRS Harta Insan Karimah,Kota Tangerang,Provinsi Banten,620012,,,,,,,,,,,,,,,,,,,,,,,,,,,,,,,,,,,
2010,12,,,PT Bank Perekonomian Rakyat Syariah Hasanah,Kota Pekanbaru,Provinsi Riau,620041,,,,,,,,,,,,,,,,,,,,,,,,,,,,,,,,,,,
2010,12,,,PT Bank Perekonomian Rakyat Syariah Bangka Belitung,Kota Pangkal Pinang,Provinsi Kep. Bangka Belitung,620076,,,,,,,,,,,,,,,,,,,,,,,,,,,,,,,,,,,
2010,12,,,PT Bank Perekonomian Rakyat Syariah Musyarakah Ummat Indonesia,Kota Tangerang,Provinsi Banten,620007,,,,,,,,,,,,,,,,,,,,,,,,,,,,,,,,,,,
2010,12,,,PT Bank Perekonomian Rakyat Syariah Hijra Alami,Wil. Kota Jakarta Selatan,Provinsi DKI Jakarta,620138,,,,,,,,,,,,,,,,,,,,,,,,,,,,,,,,,,,
2010,12,,,PT Bank Perekonomian Rakyat Syariah Balerong Bunta,Kab. Tanah Datar,Provinsi Sumatera Barat,620197,,,,,,,,,,,,,,,,,,,,,,,,,,,,,,,,,,,
2010,12,,,PT Bank Perekonomian Rakyat Syariah Rajasa Lampung Tengah (Perseroda),Kab. Lampung Tengah,Provinsi Lampung,620129,,,,,,,,,,,,,,,,,,,,,,,,,,,,,,,,,,,
2010,12,,,PT Bank Perekonomian Rakyat Syariah Danagung Syariah,Kab. Sleman,Provinsi D.I. Yogyakarta,620128,,,,,,,,,,,,,,,,,,,,,,,,,,,,,,,,,,,
2010,12,,,PT Bank Perekonomian Rakyat Syariah Gebu Prima,Kota Medan,Provinsi Sumatera Utara,620055,,,,,,,,,,,,,,,,,,,,,,,,,,,,,,,,,,,
2010,12,,,PT Bank Perekonomian Rakyat Syariah Artha Amanah Ummat,Kab. Semarang,Provinsi Jawa Tengah,620116,,,,,,,,,,,,,,,,,,,,,,,,,,,,,,,,,,,
2010,12,,,PT. BPRS Ikhsanul Amal,Kab. Kebumen,Provinsi Jawa Tengah,620047,,,,,,,,,,,,,,,,,,,,,,,,,,,,,,,,,,,
2010,12,,,PT Bank Perekonomian Rakyat Syariah Albarokah,Kota Depok,Provinsi Jawa Barat,620053,,,,,,,,,,,,,,,,,,,,,,,,,,,,,,,,,,,
2010,12,,,PT Bank Perekonomian Rakyat Syariah Patriot Bekasi Perseroda,Kota Bekasi,Provinsi Jawa Barat,620108,,,,,,,,,,,,,,,,,,,,,,,,,,,,,,,,,,,
2010,12,,,PT Bank Perekonomian Rakyat Syariah Margirizki Bahagia,Kab. Bantul,Provinsi D.I. Yogyakarta,620017,,,,,,,,,,,,,,,,,,,,,,,,,,,,,,,,,,,
2010,12,,,PT Bank Perekonomian Rakyat Syariah Rizky Barokah,Kota Tangerang Selatan,Provinsi Banten,620199,,,,,,,,,,,,,,,,,,,,,,,,,,,,,,,,,,,
2010,12,,,PT Bank Perekonomian Rakyat Syariah Meru Nusantara Mandiri,Kab. Magelang,Provinsi Jawa Tengah,620143,,,,,,,,,,,,,,,,,,,,,,,,,,,,,,,,,,,
2010,12,,,PT Bank Perekonomian Rakyat Syariah Hikmah Wakilah,Kota Banda Aceh,Provinsi NAD,620046,,,,,,,,,,,,,,,,,,,,,,,,,,,,,,,,,,,
2010,12,,,PT BPRS Barakah Nawaitul Ikhlas,Kota Solok,Provinsi Sumatera Barat,620123,,,,,,,,,,,,,,,,,,,,,,,,,,,,,,,,,,,
2010,12,,,PT Bank Perekonomian Rakyat Syariah Al Falah,Kab. Banyuasin,Provinsi Sumatera Selatan,620040,,,,,,,,,,,,,,,,,,,,,,,,,,,,,,,,,,,
2010,12,,,PT Bank Perekonomian Rakyat Syariah Baiturridha Pusaka,Kota Bogor,Provinsi Jawa Barat,620011,,,,,,,,,,,,,,,,,,,,,,,,,,,,,,,,,,,
2010,12,,,PT Bank Perekonomian Rakyat Syariah Taman Indah Darussalam,Kota Banda Aceh,Provinsi NAD,620158,,,,,,,,,,,,,,,,,,,,,,,,,,,,,,,,,,,
2010,12,,,PT Bank Perekonomian Rakyat Syariah Buana Mitra Perwira,Kab. Purbalingga,Provinsi Jawa Tengah,620083,,,,,,,,,,,,,,,,,,,,,,,,,,,,,,,,,,,
2010,12,,,PT Bank Perekonomian Rakyat Syariah Mitra Harmoni Kota Bandung,Kota Bogor,Provinsi Jawa Barat,620161,,,,,,,,,,,,,,,,,,,,,,,,,,,,,,,,,,,
2010,12,,,PT BPRS Berkah Amal Salman,Kota Bogor,Provinsi Jawa Barat,620001,,,,,,,,,,,,,,,,,,,,,,,,,,,,,,,,,,,
2010,12,,,PT. BPRS Asad Alif,Kab. Kendal,Provinsi Jawa Tengah,620070,,,,,,,,,,,,,,,,,,,,,,,,,,,,,,,,,,,
2010,12,,,PT Bank Perekonomian Rakyat Syariah Hasanah Mandiri,Kota Depok,Provinsi Jawa Barat,620006,,,,,,,,,,,,,,,,,,,,,,,,,,,,,,,,,,,
2010,12,,,PT Bank Perekonomian Rakyat Syariah Mustaqim Aceh Perseroda,Kota Banda Aceh,Provinsi NAD,620187,,,,,,,,,,,,,,,,,,,,,,,,,,,,,,,,,,,
2010,12,,,PT Bank Perekonomian Rakyat Syariah Mitra Amal Mulia,Kab. Sleman,Provinsi D.I. Yogyakarta,620117,,,,,,,,,,,,,,,,,,,,,,,,,,,,,,,,,,,
2010,12,,,PT Bank Perekonomian Rakyat Syariah Kotabumi (Perseroda),Kab. Lampung Selatan,Provinsi Lampung,620131,,,,,,,,,,,,,,,,,,,,,,,,,,,,,,,,,,,
2010,12,,,PT Bank Perekonomian Rakyat Syariah Tani Tulang Bawang Barat (Perseroda),Kab. Tulang Bawang Barat,Provinsi Lampung,620176,,,,,,,,,,,,,,,,,,,,,,,,,,,,,,,,,,,
2010,12,,,PT BPRS Gajahtongga KotoPiliang,Kota Sawahlunto,Provinsi Sumatera Barat,620162,,,,,,,,,,,,,,,,,,,,,,,,,,,,,,,,,,,
2010,12,,,PT BANK PEREKONOMIAN RAKYAT ARTHA MADANI,Kota Bekasi,Provinsi Jawa Barat,620088,,,,,,,,,,,,,,,,,,,,,,,,,,,,,,,,,,,
2010,12,,,PT Bank Perekonomian Rakyat Syariah Madina Mandiri Sejahtera,Kab. Bantul,Provinsi D.I. Yogyakarta,620118,,,,,,,,,,,,,,,,,,,,,,,,,,,,,,,,,,,
2010,12,,,PT Bank Perekonomian Rakyat Syariah Bangun Drajat Warga,Kab. Bantul,Provinsi D.I. Yogyakarta,620018,,,,,,,,,,,,,,,,,,,,,,,,,,,,,,,,,,,
2010,12,,,PT Bank Perekonomian Rakyat Syariah Way Kanan (Perseroda),Kab. Lampung Selatan,Provinsi Lampung,620157,,,,,,,,,,,,,,,,,,,,,,,,,,,,,,,,,,,
2010,12,,,PT BPRS Mentari Pasaman Saiyo,Kab. Pasaman Barat,Provinsi Sumatera Barat,620059,,,,,,,,,,,,,,,,,,,,,,,,,,,,,,,,,,,
2010,12,,,PT Bank Pembiayaan Rakyat Syariah Jam Gadang Perseroda,Kota Bukittinggi,Provinsi Sumatera Barat,620185,,,,,,,,,,,,,,,,,,,,,,,,,,,,,,,,,,,
2011,12,,,PT Bank Perekonomian Rakyat Syariah Investama Mega Bakti,Kota Makassar,Provinsi Sulawesi Selatan,620077,,,,,,,,,,,,,,,,,,,,,,,,,,,,,,,,,,,
2011,12,,,PT BPRS Berkah Amal Salman,Kota Bandung,Provinsi Jawa Barat,620001,,,,,,,,,,,,,,,,,,,,,,,,,,,,,,,,,,,
2011,12,,,PT Bank Perekonomian Rakyat Syariah Dana Moneter,Kota Makassar,Provinsi Sulawesi Selatan,620030,20713254.0,12425213.0,0.0,0.0,0.0,0.0,0.0,0.0,,0.0,,3587023.0,1409315.0,8715000.0,491850.0,,24134.0,0.0,18927.0,35540.0,,,3599955.0,4093579.0,2237740.0,0.0,1315710.0,42.56,5.05,,9.01,,63.79,7744619.0,
2011,12,,,PT. BPRS Gotong Royong,Kab. Subang,Provinsi Jawa Barat,620172,,,,,,,,,,,,,,,,,,,,,,,,,,,,,,,,,,,
2011,12,,,PT Bank Perekonomian Rakyat Syariah Alsalaam Amal Salman,Kota Depok,Provinsi Jawa Barat,620101,,,,,,,,,,,,,,,,,,,,,,,,,,,,12.96,4.95,,1.97,,89.1,,
2011,12,,,PT Bank Perekonomian Rakyat Syariah Lampung Barat (Perseroda),Kab. Lampung Barat,Provinsi Lampung,620175,,,,,,,,,,,,,,,,,,,,,,,,,,,,,,,,,,,
2011,12,,,PT BANK PEREKONOMIAN RAKYAT SYARIAH NIAGA MADANI,Kota Makassar,Provinsi Sulawesi Selatan,620039,55913102.0,44983747.0,0.0,0.0,56494.0,0.0,0.0,0.0,,0.0,,0.0,2540357.0,15609150.0,746838.0,,1695138.0,0.0,31338483.0,0.0,,,20350853.0,27174540.0,18524994.0,61875.0,1654212.0,7.75,5.82,,3.31,,20.89,5668819.0,
2011,12,,,PT Bank Perekonomian Rakyat Syariah PNM Mentari,Kab. Garut,Provinsi Jawa Barat,620008,23856944.0,12317972.0,0.0,5273974.0,1102300.0,0.0,362543.0,0.0,,0.0,,449046.0,3171711.0,6220521.0,552422.0,,14995.0,0.0,7356529.0,2916667.0,,,3585158.0,5273847.0,2117993.0,0.0,1520014.0,21.2,1.52,,7.52,,82.76,4141370.0,
2011,12,,,PT Bank Perekonomian Rakyat Syariah Bandar Lampung (Perseroda),Kota Bandar Lampung,Provinsi Lampung,620051,,,,,,,,,,,,,,,,,,,,,,,,,,,,20.29,1.44,,2.46,,1.46,,
2011,12,,,PT Bank Perekonomian Rakyat Syariah Riyal Irsyadi,Kota Bekasi,Provinsi Jawa Barat,620005,26342512.0,19763699.0,0.0,0.0,0.0,8849.0,15000.0,30000.0,,0.0,,3664583.0,10335.0,7226640.0,195437.0,,47193.0,0.0,12440580.0,0.0,,,3421748.0,5504223.0,2123102.0,0.0,1116779.0,18.44,1.39,,4.94,,85.94,5743050.0,
2011,12,,,PT Bank Perekonomian Rakyat Syariah Tulen Amanah,Kab. Lombok Tengah,Provinsi Nusa Tenggara Barat,620009,5326406.0,3996133.0,0.0,0.0,0.0,0.0,0.0,0.0,,0.0,,0.0,1406804.0,1665800.0,51024.0,,67079.0,0.0,156674.0,0.0,,,863780.0,1100447.0,480898.0,0.0,400281.0,0.0,8.99,,0.0,,0.0,804029.0,
2011,12,,,PT Bank Perekonomian Rakyat Syariah Harta Insan Karimah Fajar Nitro,Kota Makassar,Provinsi Sulawesi Selatan,620168,,,,,,,,,,,,,,,,,,,,,,,,,,,,,,,,,,,
2011,12,,,PT Bank Perekonomian Rakyat Syariah Rajasa Lampung Tengah (Perseroda),Kab. Lampung Tengah,Provinsi Lampung,620129,,,,,,,,,,,,,,,,,,,,,,,,,,,,,,,,,,,
2011,12,,,PT Bank Perekonomian Rakyat Syariah Way Kanan (Perseroda),Kab. Lampung Selatan,Provinsi Lampung,620157,6804724.0,4500599.0,0.0,116658.0,0.0,0.0,0.0,0.0,,0.0,,1933924.0,882511.0,102800.0,124174.0,,59296.0,0.0,1748535.0,0.0,,,639461.0,694601.0,1076848.0,0.0,-462342.0,0.0,2.74,,0.0,,0.0,2132577.0,
2011,12,,,PT Bank Perekonomian Rakyat Syariah Harta Insan Karimah Bekasi,Kota Bekasi,Provinsi Jawa Barat,620015,82151757.0,47001400.0,0.0,156032.0,0.0,0.0,1219016.0,18984359.0,,0.0,,4528154.0,195021.0,33317500.0,750808.0,,154807.0,0.0,33276769.0,0.0,,,6923359.0,14023298.0,4634952.0,45000.0,1821671.0,0.16,2.2,,0.02,,0.9,11532632.0,
2011,12,,,PT Bank Perekonomian Rakyat Syariah Almasoem,Kab. Bandung,Provinsi Jawa Barat,620027,,,,,,,,,,,,,,,,,,,,,,,9414332.0,13760254.0,5799200.0,0.0,3298604.0,28.8,4.68,,6.05,,89.7,,
2011,12,,,PT Bank Perekonomian Rakyat Syariah Al Ihsan,Kab. Bandung,Provinsi Jawa Barat,620044,,,,,,,,,,,,,,,,,,,,,,,847063.0,913344.0,780631.0,0.0,69143.0,17.78,14.33,,13.3,,78.57,,
2011,12,,,PT Bank Perekonomian Rakyat Syariah Nurul Ikhwan,Kab. Polewali Mandar,Provinsi Sulawesi Barat,620045,779212.0,864790.0,0.0,5081.0,28388.0,0.0,0.0,0.0,,0.0,,1969.0,238212.0,0.0,307379.0,,1645.0,0.0,11896.0,0.0,,,284051.0,302428.0,193142.0,0.0,74858.0,22.58,41.46,,9.61,,108.3,120351.0,
2011,12,,,PT Bank Perekonomian Rakyat Syariah Kotabumi (Perseroda),Kab. Lampung Selatan,Provinsi Lampung,620131,,,,,,,,,,,,,,,,,,,,,,,,,,,,45.78,0.0,,3.4,,65.11,,
2011,12,,,PT Bank Perekonomian Rakyat Syariah Harum Hikmahnugraha,Kab. Garut,Provinsi Jawa Barat,620029,,,,,,,,,,,,,,,,,,,,,,,,,,,,,,,,,,,
2011,12,,,PT Bank Perekonomian Rakyat Syariah Indo Timur,Kota Makassar,Provinsi Sulawesi Selatan,620010,,,,,,,,,,,,,,,,,,,,,,,,,,,,38.5,30.67,,1.83,,5.51,,
2011,12,,,PT Bank Perekonomian Rakyat Syariah Sleman (Perseroda),Kab. Sleman,Provinsi D.I. Yogyakarta,620193,,,,,,,,,,,,,,,,,,,,,,,,,,,,,,,,,,,
2011,12,,,PT Bank Perekonomian Rakyat Syariah Madinah,Kab. Lamongan,Provinsi Jawa Timur,620139,4577966.0,3169509.0,0.0,0.0,11453.0,0.0,315789.0,0.0,,0.0,,527051.0,1360271.0,1840500.0,36375.0,,5550.0,0.0,8578.0,0.0,,,853247.0,941986.0,731661.0,0.0,130605.0,20.45,3.81,,-4.07,,93.8,949775.0,
2011,12,,,PT Bank Perekonomian Rakyat Syariah Karya Mugi Sentosa,Kota Surabaya,Provinsi Jawa Timur,620113,,,,,,,,,,,,,,,,,,,,,,,,,,,,32.69,3.69,,1.7,,54.66,,
2011,12,,,PT Bank Perekonomian Rakyat Syariah Harta Insan Karimah Cibitung,Kota Bekasi,Provinsi Jawa Barat,620020,5320389.0,2301134.0,0.0,5289.0,3542.0,0.0,0.0,50000.0,,0.0,,757176.0,360595.0,919500.0,82065.0,,7254.0,0.0,36627.0,0.0,,,679578.0,788161.0,787144.0,0.0,-96892.0,117.86,9.58,,-1.87,,115.84,2343122.0,
2011,12,,,PT Bank Perekonomian Rakyat Syariah Barokah Dana Sejahtera,Kota Yogyakarta,Provinsi D.I. Yogyakarta,620115,25267089.0,7684090.0,0.0,2893588.0,0.0,389183.0,5614119.0,1363615.0,,0.0,,5748944.0,2356132.0,8876602.0,149338.0,,110229.0,0.0,6015186.0,0.0,,,2032449.0,3310780.0,1472598.0,0.0,510161.0,11.81,6.62,,2.68,,105.67,6418576.0,
2011,12,,,PT Bank Perekonomian Rakyat Syariah Sindanglaya Kotanopan,Kab. Mandailing Natal,Provinsi Sumatera Utara,620111,,,,,,,,,,,,,,,,,,,,,,,,,,,,,,,,,,,
2011,12,,,PT Bank Perekonomian Rakyat Syariah Gunung Slamet,Kab. Banyumas,Provinsi Jawa Tengah,620146,13206645.0,9451348.0,0.0,795600.0,379000.0,0.0,17000.0,560000.0,,0.0,,1296096.0,19876.0,8502000.0,62366.0,,20270.0,0.0,1612102.0,0.0,,,1014094.0,1754491.0,829485.0,0.0,203422.0,1.0,0.0,,1.0,,0.0,1768556.0,
2011,12,,,PT Bank Perekonomian Rakyat Syariah Gala Mitra Abadi,Kab. Grobogan,Provinsi Jawa Tengah,620063,8808027.0,4422470.0,0.0,0.0,418885.0,0.0,96364.0,2061500.0,,0.0,,816574.0,0.0,5660294.0,206124.0,,35542.0,0.0,1462425.0,0.0,,,843395.0,1784316.0,895245.0,0.0,113412.0,0.0,31.29,,0.0,,0.0,1509926.0,
2011,12,,,PT Bank Perekonomian Rakyat Syariah Amanah Bangsa,Kab. Simalungun,Provinsi Sumatera Utara,620032,7734641.0,2545542.0,0.0,0.0,39690.0,0.0,3613185.0,30000.0,,0.0,,3314048.0,0.0,2584000.0,38905.0,,8603.0,0.0,1205780.0,0.0,,,1332928.0,1746644.0,1218539.0,0.0,91799.0,15.29,0.23,,1.37,,109.0,1423594.0,
2011,12,,,PT Bank Perekonomian Rakyat Syariah Arta Leksana,Kab. Banyumas,Provinsi Jawa Tengah,620110,15373984.0,8930732.0,0.0,0.0,40338.0,28333.0,1059222.0,265735.0,,0.0,,2405863.0,296259.0,4674500.0,146928.0,,24787.0,0.0,5863036.0,0.0,,,2469875.0,3608058.0,2175829.0,0.0,300611.0,,,,,,,4462680.0,
2011,12,,,PT Bank Perekonomian Rakyat Syariah Adeco,Kota Langsa,Provinsi NAD,620141,7280069.0,3951561.0,0.0,0.0,0.0,0.0,183000.0,0.0,,0.0,,1350091.0,982391.0,410000.0,72576.0,,919.0,0.0,2221135.0,175000.0,,,717707.0,1058701.0,760307.0,0.0,-49234.0,39.68,8.95,,-24.22,,60.91,2427375.0,
2011,12,,,PT BPRS Mojo Artho Kota Mojokerto Perseroda,Kota Mojokerto,Provinsi Jawa Timur,620160,,,,,,,,,,,,,,,,,,,,,,,,,,,,,,,,,,,
2011,12,,,PT Bank Perekonomian Rakyat Syariah Serambi Mekah,Kota Langsa,Provinsi NAD,620152,,,,,,,,,,,,,,,,,,,,,,,,,,,,42.0,10.85,,-18.0,,118.0,,
2011,12,,,PT. BPRS Jabal Nur Tebuireng,Kota Surabaya,Provinsi Jawa Timur,620114,9067480.0,5256751.0,0.0,0.0,4892.0,0.0,0.0,1165000.0,,0.0,,469090.0,44426.0,1429500.0,72526.0,,0.0,0.0,5763539.0,0.0,,,1295565.0,1871740.0,809485.0,8221.0,316925.0,0.34,4.02,,3.5,,77.3,2396398.0,
2011,12,,,PT Bank Perekonomian Rakyat Syariah Harta Insan Karimah Jawa Tengah,Kab. Banyumas,Provinsi Jawa Tengah,620089,8185514.0,3579992.0,118401.0,123103.0,47197.0,40395.0,0.0,1324647.0,,0.0,,1248165.0,56154.0,2093950.0,60959.0,,12357.0,0.0,3702505.0,76617.0,,,1141395.0,1806713.0,1005008.0,0.0,115934.0,18.78,6.66,,11.35,,70.5,2465915.0,
2011,12,,,PT Bank Perekonomian Rakyat Syariah Amanah Sejahtera,Kab. Gresik,Provinsi Jawa Timur,620050,44629960.0,29489477.0,0.0,27710.0,464483.0,0.0,533112.0,2797633.0,,0.0,,7666048.0,21151155.0,9243674.0,675095.0,,47571.0,0.0,795251.0,1125000.0,,,6856350.0,8811219.0,4990596.0,0.0,1659319.0,0.0,3.14,,0.0,,0.0,8118512.0,
2011,12,,,PT Bank Perekonomian Rakyat Syariah Bina Amanah Satria,Kab. Banyumas,Provinsi Jawa Tengah,620087,15197518.0,6582929.0,0.0,185929.0,289518.0,140566.0,931333.0,2860164.0,,0.0,,3436065.0,1565185.0,3272833.0,166916.0,,21900.0,0.0,4836048.0,0.0,,,2414823.0,3033904.0,1915683.0,0.0,474199.0,18.89,7.93,,3.39,,75.33,3786024.0,
2011,12,,,PT Bank Perekonomian Rakyat Syariah Puduarta Insani,Kab. Deli Serdang,Provinsi Sumatera Utara,620058,39501472.0,24327447.0,0.0,111497.0,58800.0,0.0,15000.0,0.0,,0.0,,11846697.0,0.0,13938000.0,465925.0,,83256.0,0.0,686769.0,9169484.0,,,3201003.0,5483341.0,2474323.0,0.0,653145.0,0.0,1.4,,0.0,,0.0,14538360.0,
2011,12,,,PT Bank Perekonomian Rakyat Syariah Mandiri Mitra Sukses,Kab. Gresik,Provinsi Jawa Timur,620126,,,,,,,,,,,,,,,,,,,,,,,,,,,,25.61,4.08,,0.2,,89.21,,
2011,12,,,PT Bank Perekonomian Rakyat Syariah Amanah Insan Cita,Kab. Deli Serdang,Provinsi Sumatera Utara,620145,4683347.0,3245340.0,0.0,0.0,0.0,0.0,100000.0,0.0,,0.0,,601751.0,0.0,1912500.0,27534.0,,10764.0,0.0,1053030.0,0.0,,,614147.0,832876.0,481166.0,0.0,132981.0,33.28,2.06,,5.2,,86.0,1114440.0,
2011,12,,,PT BPRS Saka Dana Mulia,Kab. Kudus,Provinsi Jawa Tengah,620167,,,,,,,,,,,,,,,,,,,,,,,,,,,,,,,,,,,
2011,12,,,PT Bank Perekonomian Rakyat Syariah Baktimakmur Indah,Kab. Sidoarjo,Provinsi Jawa Timur,620022,,,,,,,,,,,,,,,,,,,,,,,,,,,,110.28,2.17,,5.58,,89.83,,
2011,12,,,PT BPRS Bumi Rinjani,Kota Batu,Provinsi Jawa Timur,620109,8960962.0,5524406.0,0.0,0.0,0.0,0.0,0.0,2441720.0,,0.0,,0.0,1213503.0,5682500.0,208231.0,,42467.0,0.0,492102.0,0.0,,,1404868.0,2315834.0,1081622.0,7068.0,329673.0,19.49,5.73,,4.6,,115.52,782367.0,
2011,12,,,PT. BPRS Artha Mas Abadi,Kab. Pati,Provinsi Jawa Tengah,620100,9933465.0,3320795.0,0.0,0.0,87780.0,0.0,206930.0,3754755.0,,0.0,,2623225.0,48243.0,4253000.0,248983.0,,8428.0,0.0,1637101.0,0.0,,,1868597.0,2421993.0,1378297.0,11769.0,400157.0,18.63,8.55,,5.29,,106.0,2577435.0,
2011,12,,,PT. BPRS Cilegon Mandiri,Kota Cilegon,Provinsi Banten,620080,59236656.0,9114805.0,20939753.0,474478.0,20581.0,106419.0,10000.0,8111489.0,,0.0,,2100722.0,3604557.0,20939500.0,698095.0,,268471.0,0.0,1564024.0,0.0,,,4985395.0,6235143.0,3721693.0,34668.0,1835390.0,72.5,14.87,,1.03,,145.54,9060400.0,
2011,12,,,PT Bank Perekonomian Rakyat Syariah Amanah Rabbaniah,Kab. Bandung,Provinsi Jawa Barat,620002,,,,,,,,,,,,,,,,,,,,,,,2501238.0,3691815.0,2138117.0,12000.0,326258.0,16.18,5.79,,2.37,,83.5,,
2011,12,,,PT Bank Perekonomian Rakyat Syariah Botani Bina Rahmah,Kab. Bogor,Provinsi Jawa Barat,620061,8430371.0,6756748.0,0.0,0.0,25305.0,107500.0,433250.0,0.0,,0.0,,1789164.0,0.0,3984500.0,118854.0,,104233.0,0.0,700310.0,146625.0,,,994711.0,1378005.0,808850.0,0.0,176767.0,0.0,6.51,,0.0,,0.0,784681.0,
2011,12,,,PT. BANK PEREKONOMIAN RAKYAT SYARIAH PNM PATUH BERAMAL AMALI,Kota Mataram,Provinsi Nusa Tenggara Barat,620021,17108580.0,9180029.0,0.0,0.0,433981.0,0.0,1055000.0,0.0,,0.0,,48728.0,3986667.0,3041501.0,493971.0,,161299.0,0.0,2808734.0,3411381.0,,,1915486.0,3072101.0,1040523.0,21730.0,741016.0,27.53,3.7,,6.01,,74.0,5917181.0,
2011,12,,,PT. BANK PEREKONOMIAN RAKYAT SYARIAH DINAR ASHRI,Kota Mataram,Provinsi Nusa Tenggara Barat,620104,81236857.0,46253970.0,0.0,0.0,1950286.0,0.0,54428.0,350000.0,,0.0,,0.0,37611370.0,6607449.0,387950.0,,1183100.0,0.0,21176361.0,0.0,,,7730278.0,10832421.0,4137198.0,90000.0,2633728.0,30.0,1.36,,6.1,,1.36,30586676.0,
2011,12,,,PT Bank Perekonomian Rakyat Syariah Mitra Agro Usaha,Kota Bandar Lampung,Provinsi Lampung,620169,,,,,,,,,,,,,,,,,,,,,,,,,,,,,,,,,,,
2011,12,,,PT Bank Perekonomian Rakyat Syariah Saruma Sejahtera Halmahera Selatan,Kab. Halmahera Selatan,Provinsi Maluku Utara,620182,,,,,,,,,,,,,,,,,,,,,,,,,,,,,,,,,,,
2011,12,,,PT Bank Perekonomian Rakyat Syariah Syarikat Madani,Kota Batam,Provinsi Kep. Riau,620121,41101503.0,25724925.0,0.0,2420627.0,4291382.0,4689.0,0.0,1385000.0,,0.0,,0.0,2984390.0,12655511.0,247884.0,,1293418.0,0.0,16963494.0,0.0,,,6296558.0,8225034.0,4457171.0,0.0,1650088.0,19.41,0.61,,4.01,,88.02,6235527.0,
2011,12,,,PT Bank Perekonomian Rakyat Syariah Harta Insan Karimah Insan Cita,Kab. Bogor,Provinsi Jawa Barat,620069,7803576.0,3863984.0,0.0,96846.0,108706.0,3333.0,0.0,17775.0,,0.0,,1966610.0,754101.0,1521692.0,206970.0,,240640.0,0.0,1567303.0,0.0,,,1132654.0,1693644.0,998155.0,0.0,58684.0,32.18,27.87,,-3.91,,91.5,3643420.0,
2011,12,,,PT Bank Perekonomian Rakyat Syariah Amanah Ummah,Kab. Bogor,Provinsi Jawa Barat,620004,88196927.0,59747931.0,1742109.0,40032.0,3602093.0,684003.0,0.0,50000.0,,0.0,,53147950.0,1542416.0,23495536.0,649126.0,,64864.0,0.0,1545264.0,0.0,,,10900429.0,13378583.0,8271064.0,200000.0,2116639.0,14.23,0.65,,3.79,,76.55,21156046.0,
2011,12,,,PT Bank Perekonomian Rakyat Syariah Vitka Central,Kota Batam,Provinsi Kep. Riau,620134,,,,,,,,,,,,,,,,,,,,,,,,,,,,,,,,,,,
2011,12,,,PT Bank Perekonomian Rakyat Syariah Bahari Berkesan,Kota Ternate,Provinsi Maluku Utara,620164,,,,,,,,,,,,,,,,,,,,,,,,,,,,,,,,,,,
2011,12,,,PT Bank Perekonomian Rakyat Syariah Muamalah Cilegon,Kota Cilegon,Provinsi Banten,620034,16340256.0,13641584.0,0.0,1767.0,1000.0,0.0,256758.0,80145.0,,0.0,,6960026.0,0.0,2794000.0,350193.0,,37801.0,0.0,3953730.0,958178.0,,,1401600.0,2531344.0,1524693.0,3807.0,-165473.0,13.49,10.48,,0.85,,143.3,1792897.0,
2011,12,,,PT Bank Perekonomian Rakyat Syariah Patriot Bekasi Perseroda,Kota Bekasi,Provinsi Jawa Barat,620108,34276285.0,12287398.0,0.0,3844253.0,548420.0,0.0,0.0,1208713.0,,0.0,,3273445.0,959525.0,10166000.0,379031.0,,14043.0,0.0,635932.0,5926791.0,,,3569058.0,4740223.0,2529945.0,0.0,929419.0,39.42,52.14,,31.59,,124.24,12171908.0,
2011,12,,,PT. BPRS Muamalat Yotefa,Kab. Jayapura,Provinsi Papua,620067,,,,,,,,,,,,,,,,,,,,,,,,,,,,,,,,,,,
2011,12,,,PT BPRS Bogor Tegar Beriman,Kab. Bogor,Provinsi Jawa Barat,620177,,,,,,,,,,,,,,,,,,,,,,,,,,,,,,,,,,,
2011,12,,,PT Bank Perekonomian Rakyat Syariah Bobato Lestari,Kota Tidore Kepulauan,Provinsi Maluku Utara,620179,,,,,,,,,,,,,,,,,,,,,,,,,,,,,,,,,,,
2011,12,,,PT Bank Perekonomian Rakyat Syariah Hasanah,Kota Pekanbaru,Provinsi Riau,620041,6530823.0,4045636.0,0.0,50000.0,2500.0,0.0,0.0,183610.0,,0.0,,137410.0,1470755.0,869045.0,68233.0,,230675.0,0.0,2220424.0,0.0,,,974449.0,1198175.0,782799.0,0.0,261939.0,0.0,5.34,,0.0,,0.0,1782040.0,
2011,12,,,PT. BPRS Rif'atul Ummah,Kab. Bogor,Provinsi Jawa Barat,620068,,,,,,,,,,,,,,,,,,,,,,,,,,,,9.83,37.69,,-3.1,,106.11,,
2011,12,,,PT Bank Perekonomian Rakyat Syariah Gaido Indonesia,Kab. Cianjur,Provinsi Jawa Barat,620043,,,,,,,,,,,,,,,,,,,,,,,,,,,,,,,,,,,
2011,12,,,PT Bank Perekonomian Rakyat Syariah Amanah Insani,Kab. Bekasi,Provinsi Jawa Barat,620066,,,,,,,,,,,,,,,,,,,,,,,,,,,,31.61,19.12,,2.21,,81.0,,
2011,12,,,PT BANK PEREKONOMIAN RAKYAT ARTHA MADANI,Kota Bekasi,Provinsi Jawa Barat,620088,30593930.0,12933395.0,0.0,0.0,283443.0,0.0,0.0,10126000.0,,0.0,,8688709.0,246605.0,16615200.0,156661.0,,84826.0,0.0,0.0,0.0,,,3782942.0,5181024.0,2430526.0,31926.0,1277469.0,23.1,4.38,,5.1,,91.35,5983911.0,
2011,12,,,PT Bank Perekonomian Rakyat Syariah Bangka Belitung,Kota Pangkal Pinang,Provinsi Kep. Bangka Belitung,620076,232739453.0,138769916.0,0.0,1251160.0,305299.0,5870908.0,0.0,22201998.0,,0.0,,3830467.0,90193226.0,94926180.0,3030513.0,,592411.0,0.0,12313161.0,0.0,,,27349495.0,42630874.0,18755785.0,0.0,8598498.0,17.68,10.45,,3.6,,89.12,55811196.0,
2011,12,,,PT Bank Perekonomian Rakyat Syariah Fajar Sejahtera Bali,Kab. Badung,Provinsi Bali,620026,,,,,,,,,,,,,,,,,,,,,,,,,,,,20.0,8.29,,2.42,,13.41,,
2011,12,,,PT Bank Perekonomian Rakyat Syariah Carana Kiat Andalas,Kab. Agam,Provinsi Sumatera Barat,620064,19993186.0,13176455.0,0.0,0.0,3135.0,0.0,0.0,0.0,,0.0,,8793099.0,0.0,7576355.0,254049.0,,139631.0,0.0,921344.0,981970.0,,,3157250.0,3874217.0,3148949.0,0.0,-87514.0,0.2,3.22,,-0.92,,66.72,5741149.0,
2011,12,,,PT Bank Perekonomian Rakyat Syariah Aman Syariah,Kab. Lampung Timur,Provinsi Lampung,620173,,,,,,,,,,,,,,,,,,,,,,,,,,,,,,,,,,,
2011,12,,,PT Bank Perekonomian Rakyat Syariah Harta Insan Karimah Parahyangan,Kab. Bandung,Provinsi Jawa Barat,620054,,,,,,,,,,,,,,,,,,,,,,,,,,,,,,,,,,,
2011,12,,,PT Bank Perekonomian Rakyat Syariah Tanggamus (Perseroda),Kab. Tanggamus,Provinsi Lampung,620082,14727550.0,10667272.0,0.0,0.0,0.0,0.0,0.0,125000.0,,0.0,,314208.0,5541902.0,457654.0,119824.0,,45935.0,0.0,781898.0,0.0,,,2110071.0,2616970.0,1694914.0,0.0,353375.0,106.0,2.26,,2.76,,77.93,3350142.0,
2011,12,,,PT Bank Perekonomian Rakyat Syariah Mitra Harmoni Kota Bandung,Kota Bandung,Provinsi Jawa Barat,620161,3461116.0,1404054.0,0.0,0.0,0.0,0.0,0.0,0.0,,0.0,,706406.0,2674.0,1277000.0,13720.0,,27600.0,0.0,13031.0,0.0,,,74572.0,74572.0,640290.0,0.0,-565595.0,100.0,0.0,,-16.34,,41.05,1094184.0,
2011,12,,,PT Bank Perekonomian Rakyat Syariah Surya Sejati,Kab. Takalar,Provinsi Sulawesi Selatan,620031,2425148.0,1614849.0,0.0,0.0,0.0,0.0,215000.0,0.0,,0.0,,2818.0,533252.0,203200.0,110376.0,,476.0,0.0,655909.0,700000.0,,,533507.0,706379.0,447194.0,0.0,64134.0,17.25,24.91,,3.61,,175.57,504689.0,
2011,12,,,PT Bank Perekonomian Rakyat Syariah Alhijrah Amanah,Kota Depok,Provinsi Jawa Barat,620062,3687145.0,2405980.0,0.0,0.0,112412.0,334.0,97549.0,35000.0,,0.0,,674348.0,46.0,513686.0,85306.0,,17768.0,0.0,830763.0,0.0,,,514796.0,649327.0,437153.0,0.0,20269.0,31.36,47.22,,0.55,,131.51,497522.0,
2011,12,,,PT BPRS SHADIQ AMANAH,Kota Cimahi,Provinsi Jawa Barat,620019,69521356.0,33122480.0,0.0,5296788.0,430436.0,0.0,277500.0,350000.0,,0.0,,4105301.0,0.0,59164662.0,274109.0,,74790.0,0.0,2430031.0,0.0,,,4922113.0,6823633.0,4572983.0,0.0,310118.0,11.46,0.49,,1.05,,58.54,24142276.0,
2011,12,,,PT Bank Perekonomian Rakyat Syariah Almadinah Tasikmalaya Perseroda,Kota Tasikmalaya,Provinsi Jawa Barat,620156,,,,,,,,,,,,,,,,,,,,,,,,,,,,33.58,0.08,,1.37,,259.05,,
2011,12,,,PT Bank Perekonomian Rakyat Syariah Tani Tulang Bawang Barat (Perseroda),Kab. Tulang Bawang Barat,Provinsi Lampung,620176,,,,,,,,,,,,,,,,,,,,,,,,,,,,,,,,,,,
2011,12,,,PT Bank Perekonomian Rakyat Syariah Daarul Hayat,Kota Cimahi,Provinsi Jawa Barat,620035,8254175.0,3642344.0,0.0,0.0,754559.0,13165.0,0.0,661000.0,,0.0,,6454.0,461703.0,4740500.0,83454.0,,0.0,0.0,2170086.0,0.0,,,1035168.0,2031287.0,1001095.0,0.0,62457.0,20.0,3.52,,1.55,,69.38,1114577.0,
2011,12,,,PT Bank Perekonomian Rakyat Syariah Metro Madani,Kota Metro,Provinsi Lampung,620091,48339886.0,26045186.0,0.0,27717.0,1678406.0,0.0,1464077.0,0.0,,0.0,,15793414.0,1359648.0,15114250.0,364211.0,,153447.0,0.0,7530779.0,3096167.0,,,6379809.0,9285543.0,3907035.0,0.0,2122581.0,16.62,2.4,,5.67,,63.79,17400191.0,
2011,12,,,PT Bank Perekonomian Rakyat Syariah Alwadiah,Kota Tasikmalaya,Provinsi Jawa Barat,620037,,,,,,,,,,,,,,,,,,,,,,,,,,,,95.0,4.55,,0.77,,4.15,,
2011,12,,,PT Bank Perekonomian Rakyat Syariah Barkah Gemadana,Kab. Banjar,Provinsi Kalimantan Selatan,620013,21878284.0,11320745.0,0.0,0.0,7993.0,0.0,332500.0,882000.0,,0.0,,102355.0,11674998.0,5390100.0,220874.0,,214347.0,0.0,343357.0,0.0,,,2154613.0,3487264.0,1506433.0,16192.0,552556.0,30.31,9.62,,3.09,,59.52,7858193.0,
2011,12,,,PT. BPRS Gotong Royong,Kota Sukabumi,Provinsi Jawa Barat,620172,,,,,,,,,,,,,,,,,,,,,,,,,,,,,,,,,,,
2011,12,,,PT Bank Perekonomian Rakyat Syariah Mitra Harmoni Kota Bandung,Kota Bogor,Provinsi Jawa Barat,620161,3461116.0,1404054.0,0.0,0.0,0.0,0.0,0.0,0.0,,0.0,,706406.0,2674.0,1277000.0,13720.0,,27600.0,0.0,13031.0,0.0,,,74572.0,74572.0,640290.0,0.0,-565595.0,100.0,0.0,,-16.34,,41.05,1094184.0,
2011,12,,,PT Bank Perekonomian Rakyat Syariah Manfaatsyariah,Kab. Kutai Kartanegara,Provinsi Kalimantan Timur,620014,,,,,,,,,,,,,,,,,,,,,,,,,,,,,,,,,,,
2011,12,,,PT Bank Perekonomian Rakyat Syariah Baiturridha Pusaka,Kota Bandung,Provinsi Jawa Barat,620011,,,,,,,,,,,,,,,,,,,,,,,,,,,,17.28,0.77,,4.35,,82.91,,
2011,12,,,PT BPRS Mitra Amanah,Kota Palangkaraya,Provinsi Kalimantan Tengah,620170,,,,,,,,,,,,,,,,,,,,,,,,,,,,,,,,,,,
2011,12,,,PT Bank Perekonomian Rakyat Syariah Hasanah Mandiri,Kota Depok,Provinsi Jawa Barat,620006,9710591.0,6680936.0,0.0,0.0,0.0,0.0,147000.0,0.0,,0.0,,0.0,3072.0,5257500.0,34087.0,,9443.0,0.0,3013496.0,64787.0,,,714844.0,1743213.0,670190.0,0.0,62293.0,17.93,16.21,,0.64,,82.38,965938.0,
2011,12,,,PT Bank Perekonomian Rakyat Syariah Baiturridha Pusaka,Kota Bogor,Provinsi Jawa Barat,620011,,,,,,,,,,,,,,,,,,,,,,,,,,,,17.28,0.77,,4.35,,82.91,,
2011,12,,,PT Bank Perekonomian Rakyat Syariah Lampung Timur (Perseroda),Kab. Lampung Timur,Provinsi Lampung,620140,14912011.0,2602172.0,0.0,8054812.0,1800.0,0.0,0.0,780603.0,,0.0,,1318211.0,2168.0,545350.0,133103.0,,32341.0,0.0,8865487.0,0.0,,,1218829.0,2244040.0,960494.0,0.0,254851.0,54.53,5.06,,3.1,,4.36,3336168.0,
2011,12,,,PT Bank Perekonomian Rakyat Syariah Al Falah,Kab. Banyuasin,Provinsi Sumatera Selatan,620040,,,,,,,,,,,,,,,,,,,,,,,,,,,,,,,,,,,
2011,12,,,PT Bank Perekonomian Rakyat Syariah Khairan Inti Amanah,Kab. Parimo/Banggai,Provinsi Sulawesi Tengah,620188,,,,,,,,,,,,,,,,,,,,,,,,,,,,,,,,,,,
2011,12,,,PT Bank Perekonomian Rakyat Syariah Albarokah,Kota Depok,Provinsi Jawa Barat,620053,4496687.0,2678051.0,0.0,0.0,104215.0,0.0,419000.0,0.0,,0.0,,3191.0,453793.0,2336957.0,16496.0,,27421.0,0.0,72968.0,0.0,,,785917.0,962282.0,662735.0,0.0,118935.0,0.0,3.98,,0.0,,0.0,567072.0,
2011,12,,,PT BPRS Berkah Amal Salman,Kota Bogor,Provinsi Jawa Barat,620001,,,,,,,,,,,,,,,,,,,,,,,,,,,,,,,,,,,
2011,12,,,PT Bank Perekonomian Rakyat Syariah Gowata,Kab. Gowa,Provinsi Sulawesi Selatan,620065,,,,,,,,,,,,,,,,,,,,,,,,,,,,181.0,16.27,,33.46,,0.0,,
2011,12,,,PT Bank Perekonomian Rakyat Syariah Lantabur Tebuireng,Kab. Jombang,Provinsi Jawa Timur,620098,,,,,,,,,,,,,,,,,,,,,,,,,,,,11.0,4.45,,2.75,,86.0,,
2011,12,,,PT Bank Perekonomian Rakyat Syariah Rahmania Dana Sejahtera,Kab. Aceh Jeumpa/Bireuen,Provinsi NAD,620148,1918173.0,1043699.0,0.0,0.0,0.0,0.0,0.0,0.0,,0.0,,179497.0,26930.0,787500.0,25327.0,,15682.0,0.0,519833.0,0.0,,,215844.0,274476.0,553577.0,0.0,-336005.0,31.0,13.66,,17.52,,75.49,594932.0,
2011,12,,,PT Bank Perekonomian Rakyat Syariah Unisia Insan Indonesia,Kota Yogyakarta,Provinsi D.I. Yogyakarta,620178,,,,,,,,,,,,,,,,,,,,,,,,,,,,,,,,,,,
2011,12,,,PT Bank Pembiayaan Rakyat Syariah Jam Gadang Perseroda,Kota Bukittinggi,Provinsi Sumatera Barat,620185,,,,,,,,,,,,,,,,,,,,,,,,,,,,,,,,,,,
2011,12,,,PT Bank Perekonomian Rakyat Syariah Hijra Alami,Wil. Kota Jakarta Selatan,Provinsi DKI Jakarta,620138,7127754.0,4376923.0,0.0,564854.0,0.0,0.0,0.0,925000.0,,0.0,,480749.0,19410.0,3040622.0,30789.0,,15754.0,0.0,2043330.0,0.0,,,1139776.0,1614935.0,949512.0,0.0,192293.0,25.76,9.72,,32.36,,89.99,663637.0,
2011,12,,,PT Bank Perekonomian Rakyat Syariah Tunas Artha Jaya Abadi,Kab. Kediri,Provinsi Jawa Timur,620200,,,,,,,,,,,,,,,,,,,,,,,,,,,,,,,,,,,
2011,12,,,PT BPRS Hidayah,Wil. Kota Jakarta Barat,Provinsi DKI Jakarta,620119,24766719.0,12259496.0,0.0,0.0,0.0,0.0,6246853.0,0.0,,0.0,,1444027.0,175665.0,1162873.0,258625.0,,8194.0,0.0,19133303.0,166667.0,,,2220517.0,4649064.0,1892005.0,0.0,328512.0,14.41,9.33,,1.33,,77.25,4328633.0,
2011,12,,,PT BPRS Barakah Nawaitul Ikhlas,Kota Solok,Provinsi Sumatera Barat,620123,4142880.0,2968808.0,0.0,255588.0,10750.0,0.0,0.0,0.0,,0.0,,4547.0,2618432.0,859700.0,24420.0,,12995.0,0.0,34618.0,0.0,,,694073.0,933565.0,642271.0,0.0,48884.0,20.16,3.55,,0.98,,0.0,476652.0,
2011,12,,,PT BPRS Bhakti Haji,Kab. Malang,Provinsi Jawa Timur,620048,2843002.0,1604295.0,0.0,244492.0,5029.0,0.0,0.0,35600.0,,0.0,,20320.0,1794095.0,341000.0,18221.0,,3707.0,0.0,23957.0,21445.0,,,465592.0,559518.0,384822.0,1865.0,63646.0,32.0,8.2,,2.2,,71.0,774160.0,
2011,12,,,PT BPRS Bumi Rinjani Probolinggo,Kab. Probolinggo,Provinsi Jawa Timur,620105,10481359.0,4086107.0,0.0,0.0,0.0,0.0,0.0,3729413.0,,0.0,,267092.0,719628.0,2798000.0,78523.0,,12598.0,0.0,5380077.0,0.0,,,2366369.0,3760101.0,2405336.0,3246.0,103879.0,15.57,10.46,,0.99,,53.11,1280895.0,
2011,12,,,PT Bank Perekonomian Rakyat Syariah Madina Mandiri Sejahtera,Kab. Bantul,Provinsi D.I. Yogyakarta,620118,17243814.0,11499076.0,0.0,277228.0,77419.0,4872.0,533340.0,43625.0,,0.0,,341238.0,2941985.0,9513000.0,102248.0,,41016.0,0.0,3214028.0,0.0,,,1747908.0,3100675.0,1259283.0,6211.0,425118.0,8.0,3.73,,2.9,,80.95,4481146.0,
2011,12,,,PT Bank Perekonomian Rakyat Syariah Balerong Bunta,Kab. Tanah Datar,Provinsi Sumatera Barat,620197,,,,,,,,,,,,,,,,,,,,,,,,,,,,,,,,,,,
2011,12,,,PT Bank Perekonomian Rakyat Syariah Artha Pamenang,Kab. Kediri,Provinsi Jawa Timur,620147,,,,,,,,,,,,,,,,,,,,,,,,,,,,16.96,0.79,,4.64,,78.02,,
2011,12,,,PT Bank Perekonomian Rakyat Syariah Mitra Amal Mulia,Kab. Sleman,Provinsi D.I. Yogyakarta,620117,18247145.0,12598007.0,0.0,209440.0,410617.0,332215.0,227777.0,235858.0,,0.0,,613815.0,1277068.0,11041469.0,214242.0,,21217.0,0.0,2371221.0,0.0,,,1710835.0,3046416.0,1298775.0,11362.0,321404.0,21.1,3.41,,1.76,,101.76,3291455.0,
2011,12,,,PT BPRS Haji Miskin,Kab. Tanah Datar,Provinsi Sumatera Barat,620099,20182008.0,12677180.0,0.0,609642.0,0.0,234991.0,994861.0,0.0,,0.0,,0.0,4097032.0,3843400.0,109905.0,,32558.0,0.0,5541166.0,3722222.0,,,2221659.0,3276380.0,1697386.0,0.0,467496.0,0.0,1.56,,0.0,,0.0,4964931.0,
2011,12,,,PT Bank Perekonomian Rakyat Syariah Kabupaten Ngawi Perseroda,Kab. Ngawi,Provinsi Jawa Timur,620183,,,,,,,,,,,,,,,,,,,,,,,,,,,,,,,,,,,
2011,12,,,PT. BPRS Asri Madani Nusantara,Kab. Jember,Provinsi Jawa Timur,620033,,,,,,,,,,,,,,,,,,,,,,,,,,,,,,,,,,,
2011,12,,,PT Bank Perekonomian Rakyat Syariah Al Hijrah Thayibah,Kab. Malang,Provinsi Jawa Timur,620198,,,,,,,,,,,,,,,,,,,,,,,,,,,,,,,,,,,
2011,12,,,PT Bank Perekonomian Rakyat Syariah Danagung Syariah,Kab. Sleman,Provinsi D.I. Yogyakarta,620128,11105478.0,5684275.0,0.0,666612.0,197102.0,123333.0,654961.0,82034.0,,0.0,,731996.0,260081.0,6894000.0,125861.0,,11277.0,0.0,2061518.0,0.0,,,1282335.0,2178101.0,1245144.0,0.0,100325.0,13.61,3.63,,1.12,,67.97,2954163.0,
2011,12,,,PT Bank Perekonomian Rakyat Syariah Harta Insan Karimah Mitra Cahaya Indonesia,Kab. Sleman,Provinsi D.I. Yogyakarta,620133,,,,,,,,,,,,,,,,,,,,,,,,,,,,9.68,1.87,,5.14,,83.71,,
2011,12,,,PT BPRS Guguk Mas Makmur,Kab. Limapuluh Koto,Provinsi Sumatera Barat,620194,,,,,,,,,,,,,,,,,,,,,,,,,,,,,,,,,,,
2011,12,,,PT Bank Perekonomian Rakyat Syariah Daya Artha Mentari,Kab. Pasuruan,Provinsi Jawa Timur,620056,13141244.0,8217290.0,0.0,1185757.0,16854.0,0.0,471108.0,59500.0,,0.0,,1604076.0,3934903.0,1207400.0,285515.0,,3061.0,0.0,4639975.0,125000.0,,,1818653.0,2497021.0,1432846.0,9943.0,344249.0,13.57,7.06,,3.26,,90.53,1512426.0,
2011,12,,,PT BPRS Al Hidayah,Kab. Pasuruan,Provinsi Jawa Timur,620072,,,,,,,,,,,,,,,,,,,,,,,,,,,,,,,,,,,
2011,12,,,PT BANK PEREKONOMIAN RAKYAT SYARIAH AL MAKMUR,Kota Payakumbuh,Provinsi Sumatera Barat,620132,,,,,,,,,,,,,,,,,,,,,,,,,,,,9.68,0.4,,2.47,,72.75,,
2011,12,,,PT Bank Perekonomian Rakyat Syariah Bangun Drajat Warga,Kab. Bantul,Provinsi D.I. Yogyakarta,620018,24650616.0,8592825.0,0.0,103098.0,37229.0,121917.0,7576571.0,2105643.0,,0.0,,5327444.0,8932402.0,5344365.0,406734.0,,16920.0,0.0,1769659.0,0.0,,,2909761.0,3844506.0,1807748.0,24078.0,896681.0,18.0,11.52,,4.68,,96.69,5579446.0,
2011,12,,,PT BPRS Mentari Pasaman Saiyo,Kab. Pasaman Barat,Provinsi Sumatera Barat,620059,,,,,,,,,,,,,,,,,,,,,,,,,,,,13.6,14.03,,3.1,,90.14,,
2011,12,,,PT Bank Perekonomian Rakyat Syariah Margirizki Bahagia,Kab. Bantul,Provinsi D.I. Yogyakarta,620017,,,,,,,,,,,,,,,,,,,,,,,,,,,,16.54,3.37,,2.76,,78.68,,
2011,12,,,PT Bank Perekonomian Rakyat Syariah Mitra Harmoni Yogyakarta,Kota Yogyakarta,Provinsi D.I. Yogyakarta,620149,8006030.0,5321626.0,0.0,17033.0,0.0,0.0,0.0,0.0,,0.0,,1078624.0,3162.0,4875300.0,36352.0,,28504.0,0.0,1580593.0,0.0,,,635146.0,1052031.0,1341133.0,0.0,-709475.0,8.0,0.0,,-11.44,,77.67,1986995.0,
2011,12,,,PT BPRS Taeh Baruah,Kab. Limapuluh Koto,Provinsi Sumatera Barat,620190,,,,,,,,,,,,,,,,,,,,,,,,,,,,,,,,,,,
2011,12,,,PT Bank Perekonomian Rakyat Syariah Rizky Barokah,Kota Tangerang Selatan,Provinsi Banten,620199,,,,,,,,,,,,,,,,,,,,,,,,,,,,,,,,,,,
2011,12,,,PT BPRS Harta Insan Karimah,Kota Tangerang,Provinsi Banten,620012,231561493.0,135168776.0,0.0,95484.0,292814.0,0.0,1607000.0,74827935.0,,0.0,,87306.0,22502239.0,160456489.0,2280870.0,,862832.0,0.0,19560634.0,0.0,,,25073743.0,44790866.0,15252898.0,242991.0,7234420.0,13.34,3.24,,4.6,,114.13,14363820.0,
2011,12,,,PT Bank Perekonomian Rakyat Syariah Formes Sleman,Kab. Sleman,Provinsi D.I. Yogyakarta,620136,,,,,,,,,,,,,,,,,,,,,,,,,,,,11.03,3.37,,1.59,,100.64,,
2011,12,,,PT Bank Perekonomian Rakyat Syariah Bumi Rinjani Kepanjen,Kab. Malang,Provinsi Jawa Timur,620106,16335593.0,11877753.0,0.0,331072.0,0.0,0.0,0.0,2402698.0,,0.0,,0.0,3081229.0,6203600.0,444899.0,,40687.0,0.0,4748552.0,0.0,,,3473643.0,5207299.0,2214287.0,31533.0,1056801.0,13.71,4.41,,8.33,,96.74,1390539.0,
2011,12,,,PT Bank Perekonomian Rakyat Syariah Sarana Prima Mandiri,Kab. Pamekasan,Provinsi Jawa Timur,620127,17070040.0,8711064.0,0.0,0.0,751277.0,988139.0,0.0,2502000.0,,0.0,,3514036.0,142411.0,9552785.0,175227.0,,84225.0,0.0,2073335.0,108427.0,,,2128476.0,2758002.0,2120138.0,0.0,63299.0,12.62,4.62,,0.19,,77.26,3180538.0,
2011,12,,,PT Bank Perekonomian Rakyat Syariah Cahaya Hidup,Kab. Sleman,Provinsi D.I. Yogyakarta,620163,,,,,,,,,,,,,,,,,,,,,,,,,,,,,,,,,,,
2011,12,,,PT Bank Perekonomian Rakyat Syariah Khatulistiwa,Kab. Pasaman,Provinsi Sumatera Barat,620201,,,,,,,,,,,,,,,,,,,,,,,,,,,,,,,,,,,
2011,12,,,PT Bank Perekonomian Rakyat Syariah Bhakti Sumekar Perseroda,Kab. Sumenep,Provinsi Jawa Timur,620085,,,,,,,,,,,,,,,,,,,,,,,,,,,,50.8,5.72,,76.03,,94.97,,
2011,12,,,PT. BPRS Jabal Tsur,Kab. Pasuruan,Provinsi Jawa Timur,620103,,,,,,,,,,,,,,,,,,,,,,,,,,,,,,,,,,,
2011,12,,,PT BANK PEREKONOMIAN RAKYAT SYARIAH MASYARAKAT LINTAU BUO,Kab. Agam,Provinsi Sumatera Barat,620196,,,,,,,,,,,,,,,,,,,,,,,,,,,,,,,,,,,
2011,12,,,PT Bank Perekonomian Rakyat Syariah Almabrur Babadan,Kab. Ponorogo,Provinsi Jawa Timur,620073,11904647.0,8735951.0,0.0,0.0,0.0,0.0,0.0,0.0,,0.0,,879.0,5508422.0,2972720.0,130434.0,,4043.0,0.0,119999.0,0.0,,,1634211.0,2241415.0,1054001.0,15564.0,529168.0,35.33,3.06,,5.23,,75.86,2158538.0,
2011,12,,,PT Bank Perekonomian Rakyat Syariah Mitra Mentari Sejahtera,Kab. Ponorogo,Provinsi Jawa Timur,620180,,,,,,,,,,,,,,,,,,,,,,,,,,,,,,,,,,,
2011,12,,,PT BPRS Sungai PuaSyariah,Kab. Agam,Provinsi Sumatera Barat,620186,,,,,,,,,,,,,,,,,,,,,,,,,,,,,,,,,,,
2011,12,,,PT. BPRS Ummu,Kab. Pasuruan,Provinsi Jawa Timur,620074,6946675.0,5126486.0,0.0,0.0,0.0,4792.0,101578.0,0.0,,0.0,,2928587.0,0.0,39000.0,110074.0,,2317.0,0.0,1774612.0,1319444.0,,,1313887.0,1534182.0,1505001.0,0.0,-18694.0,16.0,11.67,,0.0,,77.26,875161.0,
2011,12,,,PT BANK PEREKONOMIAN RAKYAT SYARIAH SIAK JAYA,Kab. Siak,Provinsi Riau,620189,,,,,,,,,,,,,,,,,,,,,,,,,,,,,,,,,,,
2011,12,,,PT Bank Perekonomian Rakyat Syariah Musyarakah Ummat Indonesia,Kota Tangerang,Provinsi Banten,620007,2843903.0,1553855.0,0.0,0.0,119919.0,0.0,0.0,0.0,,0.0,,122349.0,445878.0,77600.0,136575.0,,5215.0,0.0,667526.0,0.0,,,431079.0,483054.0,389896.0,0.0,50741.0,86.0,53.2,,1.71,,72.52,1183751.0,
2011,12,,,PT Bank Perekonomian Rakyat Syariah Berkah Dana Fadhlillah (Perseroda),Kab. Kampar,Provinsi Riau,620060,15118837.0,11619299.0,0.0,0.0,43132.0,0.0,157066.0,0.0,,0.0,,400856.0,10280887.0,1060550.0,249054.0,,39509.0,0.0,647417.0,0.0,,,2354430.0,3076881.0,1976893.0,0.0,322674.0,20.0,9.63,,2.5,,80.0,3026283.0,
2011,12,,,PT BPRS Magetan (Perseroda),Kab. Magetan,Provinsi Jawa Timur,620165,,,,,,,,,,,,,,,,,,,,,,,,,,,,,,,,,,,
2011,12,,,PT BPRS Gajahtongga KotoPiliang,Kota Sawahlunto,Provinsi Sumatera Barat,620162,,,,,,,,,,,,,,,,,,,,,,,,,,,,,,,,,,,
2011,12,,,PT Bank Perekonomian Rakyat Syariah Sampang Perseroda,Kab. Sampang,Provinsi Jawa Timur,620166,,,,,,,,,,,,,,,,,,,,,,,,,,,,,,,,,,,
2011,12,,,PT BPRS Bina Finansia,Kota Semarang,Provinsi Jawa Tengah,620102,,,,,,,,,,,,,,,,,,,,,,,,,,,,,,,,,,,
2011,12,,,PT Bank Perekonomian Rakyat Syariah Rahma Syariah,Kab. Kediri,Provinsi Jawa Timur,620150,5385372.0,3459471.0,0.0,0.0,0.0,0.0,785150.0,50000.0,,0.0,,826198.0,0.0,2669874.0,25172.0,,142913.0,0.0,3806.0,0.0,,,695410.0,984000.0,732177.0,0.0,-37859.0,42.03,22.52,,-0.71,,81.98,678494.0,
2011,12,,,PT Bank Perekonomian Rakyat Syariah Unawi Barokah,Kab. Sidoarjo,Provinsi Jawa Timur,620155,1974256.0,1207197.0,0.0,0.0,0.0,0.0,0.0,0.0,,0.0,,6524.0,660201.0,125911.0,8741.0,,5927.0,0.0,403695.0,0.0,,,127373.0,158110.0,355305.0,0.0,-228002.0,55.25,0.61,,-11.55,,152.3,458363.0,
2011,12,,,PT Bank Perekonomian Rakyat Syariah Maslahat Dana Syariah Nusantara,Kota Bengkulu,Provinsi Bengkulu,620181,,,,,,,,,,,,,,,,,,,,,,,,,,,,,,,,,,,
2011,12,,,PT Bank Perekonomian Rakyat Syariah Sukowati Sragen (Perseroda),Kab. Sragen,Provinsi Jawa Tengah,620124,39051433.0,21445942.0,0.0,3725495.0,1115400.0,0.0,2082500.0,465125.0,,0.0,,6631037.0,1503248.0,7795350.0,194294.0,,711255.0,0.0,15721059.0,1666666.0,,,4386147.0,7416127.0,3114477.0,0.0,1081900.0,19.04,4.13,,3.59,,91.76,9040007.0,
2011,12,,,PT. BPRS Mitra Harmoni Kota Semarang,Kota Semarang,Provinsi Jawa Tengah,620151,6235628.0,3855684.0,0.0,27036.0,0.0,0.0,0.0,0.0,,0.0,,1523176.0,1199.0,2028500.0,28551.0,,11533.0,0.0,1829170.0,0.0,,,651715.0,854979.0,1298624.0,0.0,-659356.0,20.72,0.0,,-18.57,,62.66,1849878.0,
2011,12,,,PT Bank Perekonomian Rakyat Syariah Dharma Kuwera,Kab. Klaten,Provinsi Jawa Tengah,620159,6002735.0,2772663.0,0.0,24951.0,0.0,26400.0,1672111.0,0.0,,0.0,,1983311.0,97091.0,150500.0,27850.0,,25092.0,0.0,3222091.0,0.0,,,372479.0,475138.0,686162.0,0.0,-335350.0,0.0,0.0,,0.0,,0.0,1199463.0,
2011,12,,,PT Bank Perekonomian Rakyat Syariah Kedung Arto,Kota Semarang,Provinsi Jawa Tengah,620191,,,,,,,,,,,,,,,,,,,,,,,,,,,,,,,,,,,
2011,12,,,PT Bank Perekonomian Rakyat Syariah Tengku Chiek Dipante,Kab. Pidie,Provinsi NAD,620025,7864364.0,5142065.0,0.0,0.0,0.0,0.0,489382.0,0.0,,0.0,,15123.0,1269053.0,2811500.0,170218.0,,21393.0,0.0,2578600.0,100000.0,,,826830.0,1465210.0,875886.0,0.0,-87524.0,15.94,12.3,,-49.97,,98.0,1587041.0,
2011,12,,,PT Bank Perekonomian Rakyat Syariah Almabrur Klaten,Kab. Klaten,Provinsi Jawa Tengah,620142,9660157.0,5528429.0,0.0,847409.0,0.0,103726.0,389444.0,220000.0,,0.0,,2268.0,2367221.0,4308800.0,65568.0,,12963.0,0.0,2077407.0,0.0,,,748530.0,1448087.0,682720.0,0.0,64530.0,13.0,5.14,,0.7,,73.8,2301210.0,
2011,12,,,PT Bank Pembiayaan Rakyat Syariah Gayo Perseroda,Kab. Aceh Tengah,Provinsi NAD,620120,,,,,,,,,,,,,,,,,,,,,,,,,,,,,,,,,,,
2011,12,,,PT BPRS Kota Juang Perseroda,Kab. Aceh Jeumpa/Bireuen,Provinsi NAD,620144,,,,,,,,,,,,,,,,,,,,,,,,,,,,40.48,4.11,,-11.3,,184.11,,
2011,12,,,PT Bank Perekonomian Rakyat Syariah Dana Hidayatullah,Kota Yogyakarta,Provinsi D.I. Yogyakarta,620107,20131722.0,12099960.0,0.0,354681.0,394130.0,161792.0,905181.0,118324.0,,0.0,,1215106.0,4094935.0,10631669.0,96817.0,,26510.0,0.0,1554966.0,0.0,,,1740118.0,3075337.0,1412295.0,0.0,303309.0,15.35,5.28,,13.8,,82.35,4794309.0,
2011,12,,,PT Bank Perekonomian Rakyat Syariah Rahmah Hijrah Agung,Kota Lhokseumawe,Provinsi NAD,620049,,,,,,,,,,,,,,,,,,,,,,,,,,,,,,,,,,,
2011,12,,,PT Bank Perekonomian Rakyat Syariah Hikmah Khazanah,Kota Surakarta/Solo,Provinsi Jawa Tengah,620171,,,,,,,,,,,,,,,,,,,,,,,,,,,,,,,,,,,
2011,12,,,PT. BPRS Asad Alif,Kab. Kendal,Provinsi Jawa Tengah,620070,7586150.0,4385368.0,0.0,0.0,0.0,0.0,0.0,749270.0,,0.0,,228316.0,3321818.0,1070300.0,39604.0,,0.0,0.0,1666855.0,0.0,,,1038947.0,1363891.0,880357.0,4913.0,97642.0,210.0,7.51,,120.0,,90.0,1966771.0,
2011,12,,,PT. BPRS Al-Yaqin,Kab. Simalungun,Provinsi Sumatera Utara,620092,4739513.0,2955106.0,0.0,0.0,0.0,0.0,0.0,102209.0,,0.0,,401151.0,772707.0,579500.0,27375.0,,4174.0,0.0,1132012.0,873100.0,,,831079.0,1070747.0,547230.0,0.0,250039.0,37.45,3.0,,5.99,,107.08,1517245.0,
2011,12,,,PT Bank Perekonomian Rakyat Syariah Arsa Sejahtera,Kota Batu,Provinsi Jawa Timur,620079,12026835.0,6835970.0,0.0,0.0,0.0,0.0,484000.0,2680500.0,,0.0,,0.0,1033275.0,5832200.0,94180.0,,15053.0,0.0,3621631.0,0.0,,,1254960.0,2408512.0,938839.0,7437.0,324676.0,14.49,2.71,,3.07,,19.75,1145670.0,
2011,12,,,PT Bank Perekonomian Rakyat Syariah Al Washliyah,Kota Medan,Provinsi Sumatera Utara,620036,13694555.0,5544132.0,0.0,879526.0,20000.0,0.0,56830.0,0.0,,0.0,,138750.0,3015419.0,4766450.0,112415.0,,276888.0,0.0,2919056.0,0.0,,,1462151.0,2091937.0,1099951.0,0.0,316944.0,74.33,7.24,,5.5,,82.05,6696352.0,
2011,12,,,PT Bank Perekonomian Rakyat Syariah Annisa Mukti,Kab. Sidoarjo,Provinsi Jawa Timur,620135,5163457.0,4029157.0,0.0,0.0,0.0,0.0,0.0,75000.0,,0.0,,0.0,475580.0,2017500.0,32251.0,,9227.0,0.0,2100943.0,0.0,,,831263.0,1077918.0,698232.0,0.0,138144.0,13.13,0.29,,3.84,,80.39,867671.0,
2011,12,,,PT Bank Perekonomian Rakyat Syariah Situbondo,Kab. Situbondo,Provinsi Jawa Timur,620081,8156325.0,4894958.0,0.0,92000.0,24657.0,0.0,0.0,60000.0,,0.0,,188282.0,1747523.0,89000.0,127919.0,,6516.0,0.0,131187.0,0.0,,,1489510.0,1517149.0,1134879.0,0.0,324577.0,422.15,5.63,,4.56,,66.34,2469110.0,
2011,12,,,PT Bank Perekonomian Rakyat Syariah Artha Amanah Ummat,Kab. Semarang,Provinsi Jawa Tengah,620116,,,,,,,,,,,,,,,,,,,,,,,,,,,,91.35,6.49,,27.9,,2.71,,
2011,12,,,PT Bank Perekonomian Rakyat Syariah Ampek Angkek Candung,Kab. Agam,Provinsi Sumatera Barat,620071,39979526.0,33327398.0,0.0,0.0,76046.0,333.0,0.0,0.0,,0.0,,12084426.0,52654.0,10626781.0,398076.0,,254290.0,0.0,2670552.0,10831500.0,,,4701849.0,6648847.0,3436601.0,31095.0,1019184.0,10.65,1.8,,3.43,,90.05,4930098.0,
2011,12,,,PT Bank Perekonomian Rakyat Syariah Gebu Prima,Kota Medan,Provinsi Sumatera Utara,620055,17392766.0,12094691.0,0.0,69442.0,0.0,0.0,0.0,0.0,,0.0,,26994.0,7262575.0,6917500.0,434517.0,,30700.0,0.0,60602.0,0.0,,,1720432.0,2747883.0,1618231.0,0.0,102201.0,27.0,20.24,,-2.2,,70.54,4497958.0,
2011,12,,,PT Bank Perekonomian Rakyat Syariah Insan Madani,Kab. Sukoharjo,Provinsi Jawa Tengah,620154,,,,,,,,,,,,,,,,,,,,,,,,,,,,,,,,,,,
2011,12,,,PT Bank Perekonomian Rakyat Syariah Ingin Jaya,Kab. Aceh Besar,Provinsi NAD,620203,,,,,,,,,,,,,,,,,,,,,,,,,,,,,,,,,,,
2011,12,,,PT Bank Perekonomian Rakyat Syariah Hikmah Bahari,Kota Tegal,Provinsi Jawa Tengah,620174,,,,,,,,,,,,,,,,,,,,,,,,,,,,,,,,,,,
2011,12,,,PT Bank Perekonomian Rakyat Syariah Tanmiya Artha,Kota Kediri,Provinsi Jawa Timur,620130,3065809.0,1696866.0,0.0,156129.0,1818.0,7749.0,76030.0,0.0,,0.0,,268211.0,900212.0,893500.0,41313.0,,2653.0,0.0,64319.0,0.0,,,584243.0,726144.0,536519.0,0.0,44313.0,41.0,8.25,,-0.64,,65.24,1007730.0,
2011,12,,,PT Bank Perekonomian Rakyat Syariah Meru Nusantara Mandiri,Kab. Magelang,Provinsi Jawa Tengah,620143,4635513.0,2811858.0,0.0,241560.0,0.0,4792.0,130000.0,0.0,,0.0,,145671.0,1421869.0,2676950.0,26658.0,,5460.0,0.0,21240.0,0.0,,,475714.0,738680.0,655425.0,0.0,-178077.0,12.46,0.61,,-46.1,,75.13,1184797.0,
2011,12,,,PT Bank Perekonomian Rakyat Syariah Baiturrahman,Kab. Aceh Besar,Provinsi NAD,620024,,,,,,,,,,,,,,,,,,,,,,,,,,,,27.0,21.34,,0.91,,59.63,,
2011,12,,,PT Bank Perekonomian Rakyat Syariah Dana Mulia,Kota Surakarta/Solo,Provinsi Jawa Tengah,620122,5610896.0,3030476.0,458536.0,309390.0,9333.0,105653.0,50000.0,100000.0,,19661.0,,647.0,1486582.0,2978107.0,75742.0,,7191.0,0.0,274031.0,321176.0,,,677073.0,1173605.0,709143.0,0.0,-76808.0,14.88,15.62,,-1.37,,86.67,1367664.0,
2011,12,,,PT Bank Perekonomian Rakyat Syariah Hikmah Wakilah,Kota Banda Aceh,Provinsi NAD,620046,17436278.0,8339331.0,0.0,0.0,0.0,0.0,2309000.0,0.0,,0.0,,90763.0,3994969.0,6245500.0,136765.0,,0.0,0.0,4637722.0,416667.0,,,2297407.0,3399354.0,1980384.0,0.0,355224.0,9.44,9.44,,2.04,,64.94,6114932.0,
2011,12,,,PT Bank Perekonomian Rakyat Syariah Buana Mitra Perwira,Kab. Purbalingga,Provinsi Jawa Tengah,620083,,,,,,,,,,,,,,,,,,,,,,,,,,,,12.93,3.18,,2.68,,84.83,,
2011,12,,,PT Bank Perekonomian Rakyat Syariah Taman Indah Darussalam,Kota Banda Aceh,Provinsi NAD,620158,1337911.0,438496.0,0.0,14999.0,0.0,0.0,25000.0,0.0,,0.0,,542872.0,0.0,0.0,5171.0,,576.0,0.0,1138.0,0.0,,,74006.0,74006.0,280912.0,0.0,-206675.0,0.0,0.0,,0.0,,0.0,580633.0,
2011,12,,,PT Bank Perekonomian Rakyat Syariah Mitra Harmoni Kota Malang,Kota Malang,Provinsi Jawa Timur,620153,3478334.0,1972508.0,0.0,198073.0,0.0,0.0,0.0,0.0,,0.0,,370534.0,5191.0,1215000.0,13581.0,,26640.0,0.0,874687.0,0.0,,,314560.0,388219.0,1026616.0,0.0,-712596.0,41.0,0.0,,-20.49,,83.79,596370.0,
2011,12,,,PT Bank Perekonomian Rakyat Syariah Bangun Arta,Kab. Cilacap,Provinsi Jawa Tengah,620195,,,,,,,,,,,,,,,,,,,,,,,,,,,,,,,,,,,
2011,12,,,PT Bank Perekonomian Rakyat Syariah Dana Amanah Surakarta,Kota Surakarta/Solo,Provinsi Jawa Tengah,620125,4267134.0,1153259.0,3500.0,936364.0,151000.0,6000.0,430000.0,157237.0,,0.0,,0.0,1053572.0,1928500.0,25928.0,,4621.0,0.0,328178.0,0.0,,,356953.0,565168.0,544308.0,0.0,-187865.0,30.0,8.28,,-4.4,,95.15,1066424.0,
2011,12,,,PT Bank Perekonomian Rakyat Syariah Bumi Artha Sampang,Kab. Cilacap,Provinsi Jawa Tengah,620112,13986041.0,9214332.0,0.0,0.0,0.0,0.0,166000.0,475889.0,,0.0,,4437425.0,1240168.0,5089990.0,146629.0,,116536.0,0.0,353579.0,0.0,,,2224531.0,2786270.0,1700362.0,0.0,461816.0,0.0,5.3,,0.0,,0.0,3554957.0,
2011,12,,,PT Bank Perekonomian Rakyat Syariah Mustaqim Aceh Perseroda,Kota Banda Aceh,Provinsi NAD,620187,,,,,,,,,,,,,,,,,,,,,,,,,,,,,,,,,,,
2011,12,,,PT Bank Perekonomian Rakyat Syariah Arthaaceh Sejahtera,Kota Banda Aceh,Provinsi NAD,620192,,,,,,,,,,,,,,,,,,,,,,,,,,,,,,,,,,,
2011,12,,,PT Bank Perekonomian Rakyat Syariah Fadhilah Kota Bengkulu (Perseroda),Kota Bengkulu,Provinsi Bengkulu,620184,,,,,,,,,,,,,,,,,,,,,,,,,,,,,,,,,,,
2011,12,,,PT BPRS Bumi Rinjani Malang,Kota Malang,Provinsi Jawa Timur,620078,7929674.0,3898662.0,0.0,0.0,0.0,0.0,177000.0,2145500.0,,0.0,,0.0,410362.0,4120000.0,199074.0,,8945.0,0.0,2219012.0,0.0,,,810367.0,1554958.0,856108.0,1576.0,-28645.0,21.62,8.4,,-3.22,,137.32,1265456.0,
2011,12,,,PT. BPRS Hareukat,Kab. Aceh Besar,Provinsi NAD,620003,9920257.0,5640016.0,0.0,0.0,11420.0,0.0,1537400.0,0.0,,0.0,,106227.0,3279883.0,1403600.0,181878.0,,4486.0,0.0,3823170.0,150000.0,,,1551523.0,2165806.0,1390970.0,0.0,136740.0,17.0,9.3,,1.56,,73.66,2413621.0,
2011,12,,,PT. BPRS Safir,Kota Bengkulu,Provinsi Bengkulu,620090,,,,,,,,,,,,,,,,,,,,,,,,,,,,,,,,,,,
2011,12,,,PT. BPRS Ikhsanul Amal,Kab. Kebumen,Provinsi Jawa Tengah,620047,9996409.0,7382095.0,0.0,0.0,0.0,0.0,163611.0,511692.0,,0.0,,0.0,4406039.0,3040000.0,199073.0,,5513.0,0.0,548849.0,761968.0,,,2153102.0,2616446.0,1853670.0,6456.0,255132.0,15.4,8.63,,2.94,,86.5,1873752.0,
2011,12,,,PT BPRS Artha Surya Barokah,Kota Semarang,Provinsi Jawa Tengah,620084,,,,,,,,,,,,,,,,,,,,,,,,,,,,,,,,,,,
2011,12,,,PT Bank Perekonomian Rakyat Syariah Muamalat Harkat,Kab. Seluma,Provinsi Bengkulu,620052,,,,,,,,,,,,,,,,,,,,,,,,,,,,,,,,,,,
2011,12,,,PT Bank Perekonomian Rakyat Syariah Suriyah,Kab. Cilacap,Provinsi Jawa Tengah,620086,40292800.0,26231964.0,121252.0,1097146.0,43983.0,207042.0,1511111.0,2349964.0,,0.0,,9272950.0,595286.0,14963060.0,635256.0,,508692.0,0.0,11137664.0,0.0,,,4207537.0,6873449.0,3017600.0,0.0,974598.0,14.37,2.57,,5.79,,110.2,8609816.0,
2011,12,,,PT Bank Perekonomian Rakyat Syariah Central Syariah Utama,Kota Surakarta/Solo,Provinsi Jawa Tengah,620137,7338197.0,3413761.0,0.0,91381.0,0.0,0.0,1303759.0,135544.0,,0.0,,442037.0,692527.0,2125770.0,44268.0,,37802.0,0.0,2786869.0,0.0,,,694014.0,1227528.0,760082.0,0.0,-69991.0,19.79,7.97,,-1.14,,136.78,877734.0,
2012,12,,,PT Bank Perekonomian Rakyat Syariah Lampung Barat (Perseroda),Kab. Lampung Barat,Provinsi Lampung,620175,,,,,,,,,,,,,,,,,,,,,,,,,,,,,,,,,,,
2012,12,,,PT Bank Perekonomian Rakyat Syariah Buana Mitra Perwira,Kab. Purbalingga,Provinsi Jawa Tengah,620083,,,,,,,,,,,,,,,,,,,,,,,,,,,,12.5,3.8,,2.91,,74.37,,
2012,12,,,PT Bank Perekonomian Rakyat Syariah Harta Insan Karimah Mitra Cahaya Indonesia,Kab. Sleman,Provinsi D.I. Yogyakarta,620133,9071296.0,3143880.0,0.0,190539.0,0.0,0.0,6597.0,2407000.0,,0.0,,674198.0,1014390.0,6262400.0,42880.0,,116727.0,0.0,461970.0,0.0,,,1037570.0,1697158.0,809489.0,0.0,238082.0,6.62,3.74,,3.29,,71.33,2289189.0,
2012,12,,,PT BPRS Haji Miskin,Kab. Tanah Datar,Provinsi Sumatera Barat,620099,26648051.0,19398975.0,0.0,659417.0,0.0,562592.0,1127710.0,0.0,,0.0,,0.0,5713709.0,4658000.0,247269.0,,87607.0,0.0,10467926.0,2290850.0,,,2967880.0,4808857.0,2312260.0,16765.0,572103.0,17.35,2.76,,0.22,,83.41,4267017.0,
2012,12,,,PT Bank Perekonomian Rakyat Syariah Riyal Irsyadi,Kota Bekasi,Provinsi Jawa Barat,620005,33057033.0,26995156.0,0.0,0.0,0.0,3118.0,22500.0,0.0,,0.0,,4781284.0,11988.0,10288240.0,457151.0,,60088.0,0.0,14070308.0,0.0,,,4236953.0,7322641.0,2731327.0,0.0,1254385.0,19.18,2.43,,4.51,,85.53,5429354.0,
2012,12,,,PT BPRS Guguk Mas Makmur,Kab. Limapuluh Koto,Provinsi Sumatera Barat,620194,,,,,,,,,,,,,,,,,,,,,,,,,,,,,,,,,,,
2012,12,,,PT Bank Perekonomian Rakyat Syariah Bandar Lampung (Perseroda),Kota Bandar Lampung,Provinsi Lampung,620051,,,,,,,,,,,,,,,,,,,,,,,,,,,,19.23,2.71,,2.49,,89.35,,
2012,12,,,PT Bank Perekonomian Rakyat Syariah Alsalaam Amal Salman,Kota Depok,Provinsi Jawa Barat,620101,216688485.0,193308967.0,0.0,1023168.0,799293.0,0.0,986128.0,0.0,,0.0,,10615399.0,28078273.0,151247134.0,6681271.0,,891394.0,0.0,6683128.0,0.0,,,29896795.0,48019717.0,24875105.0,0.0,3634782.0,10.75,5.41,,2.36,,93.17,14733661.0,
2012,12,,,PT BPRS Taeh Baruah,Kab. Limapuluh Koto,Provinsi Sumatera Barat,620190,,,,,,,,,,,,,,,,,,,,,,,,,,,,,,,,,,,
2012,12,,,PT Bank Perekonomian Rakyat Syariah Formes Sleman,Kab. Sleman,Provinsi D.I. Yogyakarta,620136,20971503.0,11326141.0,0.0,714900.0,22458.0,0.0,735665.0,62759.0,,0.0,,1447058.0,3747290.0,9851300.0,187479.0,,181746.0,0.0,4527801.0,0.0,,,1576897.0,3070710.0,1385253.0,0.0,166808.0,9.11,11.71,,1.02,,85.49,7737808.0,
2012,12,,,PT Bank Perekonomian Rakyat Syariah Albarokah,Kota Depok,Provinsi Jawa Barat,620053,8197623.0,4044647.0,0.0,0.0,237327.0,0.0,180000.0,0.0,,0.0,,3895.0,1180723.0,3877647.0,49244.0,,90624.0,0.0,26883.0,0.0,,,1291951.0,1912773.0,947505.0,0.0,323572.0,0.0,6.12,,0.0,,0.0,3168938.0,
2012,12,,,PT Bank Perekonomian Rakyat Syariah Khatulistiwa,Kab. Pasaman,Provinsi Sumatera Barat,620201,,,,,,,,,,,,,,,,,,,,,,,,,,,,,,,,,,,
2012,12,,,PT Bank Perekonomian Rakyat Syariah Rajasa Lampung Tengah (Perseroda),Kab. Lampung Tengah,Provinsi Lampung,620129,10101130.0,3883486.0,0.0,0.0,42000.0,4622411.0,0.0,0.0,,0.0,,733090.0,176814.0,812000.0,254914.0,,57342.0,0.0,3613999.0,0.0,,,2342665.0,2497954.0,1926967.0,0.0,357208.0,79.0,18.34,,23.39,,169.0,1363933.0,
2012,12,,,PT Bank Perekonomian Rakyat Syariah Sleman (Perseroda),Kab. Sleman,Provinsi D.I. Yogyakarta,620193,,,,,,,,,,,,,,,,,,,,,,,,,,,,,,,,,,,
2012,12,,,PT BANK PEREKONOMIAN RAKYAT SYARIAH MASYARAKAT LINTAU BUO,Kab. Agam,Provinsi Sumatera Barat,620196,,,,,,,,,,,,,,,,,,,,,,,,,,,,,,,,,,,
2012,12,,,PT Bank Perekonomian Rakyat Syariah Alhijrah Amanah,Kota Depok,Provinsi Jawa Barat,620062,5020865.0,3069099.0,0.0,0.0,88340.0,0.0,96849.0,555807.0,,0.0,,839741.0,0.0,783630.0,98799.0,,73110.0,0.0,1496048.0,0.0,,,676835.0,890374.0,583338.0,0.0,30802.0,34.0,31.38,,0.61,,122.23,662903.0,
2012,12,,,PT BPRS Sungai PuaSyariah,Kab. Agam,Provinsi Sumatera Barat,620186,,,,,,,,,,,,,,,,,,,,,,,,,,,,,,,,,,,
2012,12,,,PT Bank Perekonomian Rakyat Syariah Tanggamus (Perseroda),Kab. Tanggamus,Provinsi Lampung,620082,22671858.0,15446591.0,0.0,0.0,0.0,0.0,0.0,41666.0,,0.0,,397727.0,8095691.0,341154.0,187981.0,,31521.0,0.0,5803781.0,0.0,,,2517174.0,3331308.0,2064657.0,0.0,381646.0,80.0,1.81,,2.15,,82.55,6486293.0,
2012,12,,,PT Bank Perekonomian Rakyat Syariah Dana Hidayatullah,Kota Yogyakarta,Provinsi D.I. Yogyakarta,620107,30606339.0,13085470.0,0.0,506233.0,401281.0,28333.0,951558.0,43866.0,,0.0,,744474.0,8296087.0,17148769.0,248699.0,,11372.0,0.0,1455179.0,0.0,,,2205570.0,3951935.0,1633212.0,0.0,521208.0,13.85,7.9,,7.7,,87.57,13483798.0,
2012,12,,,PT. BPRS Cilegon Mandiri,Kota Cilegon,Provinsi Banten,620080,65448597.0,18887006.0,17682310.0,867236.0,14000.0,97362.0,0.0,6090927.0,,0.0,,3242812.0,4163371.0,2155500.0,1621117.0,,100752.0,0.0,2582649.0,0.0,,,5282368.0,6116537.0,4978895.0,131746.0,5026642.0,112.0,10.81,,6.74,,456.39,13232123.0,
2012,12,,,PT Bank Perekonomian Rakyat Syariah Cahaya Hidup,Kab. Sleman,Provinsi D.I. Yogyakarta,620163,,,,,,,,,,,,,,,,,,,,,,,,,,,,35.84,17.42,,-17.76,,73.54,,
2012,12,,,PT. BPRS Rif'atul Ummah,Kab. Bogor,Provinsi Jawa Barat,620068,10598735.0,3514552.0,276009.0,0.0,890792.0,522363.0,0.0,11342.0,,0.0,,2199369.0,0.0,1617500.0,40860.0,,159698.0,0.0,4958634.0,36718.0,,,728932.0,1040074.0,706483.0,0.0,5515.0,0.0,30.29,,0.0,,0.0,3612177.0,
2012,12,,,PT. BPRS Hareukat,Kab. Aceh Besar,Provinsi NAD,620003,10579411.0,6103160.0,0.0,0.0,7058.0,0.0,460350.0,0.0,,0.0,,99828.0,3448725.0,2063600.0,112618.0,,3644.0,0.0,3526457.0,120000.0,,,1432846.0,2032036.0,1275324.0,0.0,151954.0,20.0,9.95,,1.44,,63.62,3584566.0,
2012,12,,,PT BANK PEREKONOMIAN RAKYAT SYARIAH NIAGA MADANI,Kota Makassar,Provinsi Sulawesi Selatan,620039,59554555.0,42820797.0,0.0,0.0,7119.0,0.0,0.0,0.0,,0.0,,0.0,3214582.0,30152150.0,987171.0,,483758.0,0.0,21728524.0,0.0,,,11678617.0,17054146.0,10888576.0,20985.0,834951.0,0.0,15.09,,0.0,,0.0,12803695.0,
2012,12,,,PT Bank Perekonomian Rakyat Syariah Ampek Angkek Candung,Kab. Agam,Provinsi Sumatera Barat,620071,,,,,,,,,,,,,,,,,,,,,,,,,,,,11.18,2.37,,2.5,,90.45,,
2012,12,,,PT BPRS Berkah Amal Salman,Kota Bandung,Provinsi Jawa Barat,620001,,,,,,,,,,,,,,,,,,,,,,,,,,,,,,,,,,,
2012,12,,,PT. BPRS Safir,Kota Bengkulu,Provinsi Bengkulu,620090,96431327.0,80596709.0,0.0,0.0,1439401.0,0.0,0.0,0.0,,0.0,,10303930.0,0.0,49858750.0,957691.0,,123223.0,0.0,27438855.0,0.0,,,10562573.0,20857203.0,6825104.0,91485.0,2819396.0,10.26,10.12,,4.28,,87.98,11046895.0,
2012,12,,,PT. BPRS Asri Madani Nusantara,Kab. Jember,Provinsi Jawa Timur,620033,,,,,,,,,,,,,,,,,,,,,,,,,,,,17.49,1.46,,3.13,,87.41,,
2012,12,,,PT Bank Perekonomian Rakyat Syariah Kabupaten Ngawi Perseroda,Kab. Ngawi,Provinsi Jawa Timur,620183,,,,,,,,,,,,,,,,,,,,,,,,,,,,,,,,,,,
2012,12,,,PT BPRS Bina Finansia,Kota Semarang,Provinsi Jawa Tengah,620102,,,,,,,,,,,,,,,,,,,,,,,,,,,,17.23,12.91,,1.76,,84.25,,
2012,12,,,PT Bank Perekonomian Rakyat Syariah Fadhilah Kota Bengkulu (Perseroda),Kota Bengkulu,Provinsi Bengkulu,620184,,,,,,,,,,,,,,,,,,,,,,,,,,,,,,,,,,,
2012,12,,,PT Bank Perekonomian Rakyat Syariah Dana Mulia,Kota Surakarta/Solo,Provinsi Jawa Tengah,620122,12454547.0,5690502.0,58534.0,1189480.0,0.0,37342.0,110000.0,2433975.0,,0.0,,182413.0,1791646.0,3126948.0,73926.0,,7304.0,0.0,4810464.0,1471140.0,,,1083243.0,1749226.0,934598.0,750.0,121470.0,13.03,6.34,,1.45,,91.68,2688079.0,
2012,12,,,PT. BPRS Gotong Royong,Kab. Subang,Provinsi Jawa Barat,620172,,,,,,,,,,,,,,,,,,,,,,,,,,,,,,,,,,,
2012,12,,,PT Bank Perekonomian Rakyat Syariah Maslahat Dana Syariah Nusantara,Kota Bengkulu,Provinsi Bengkulu,620181,,,,,,,,,,,,,,,,,,,,,,,,,,,,,,,,,,,
2012,12,,,PT Bank Perekonomian Rakyat Syariah Fajar Sejahtera Bali,Kab. Badung,Provinsi Bali,620026,10783278.0,10065494.0,0.0,0.0,0.0,0.0,0.0,0.0,,0.0,,6157555.0,0.0,4152500.0,1595316.0,,17528.0,0.0,0.0,10000.0,,,3314795.0,3933406.0,4171409.0,0.0,-859759.0,6.04,23.12,,-7.97,,4.78,2073634.0,
2012,12,,,PT Bank Perekonomian Rakyat Syariah Dana Moneter,Kota Makassar,Provinsi Sulawesi Selatan,620030,20683834.0,18319744.0,0.0,0.0,31000.0,0.0,0.0,0.0,,0.0,,7984228.0,1625756.0,4332000.0,984240.0,,15950.0,0.0,34485.0,0.0,,,3727356.0,4239014.0,3693727.0,0.0,-38752.0,37.5,7.49,,0.21,,131.62,2536017.0,
2012,12,,,PT. BPRS Mitra Harmoni Kota Semarang,Kota Semarang,Provinsi Jawa Tengah,620151,7108309.0,5553578.0,0.0,1769.0,0.0,0.0,0.0,0.0,,0.0,,723222.0,1121.0,2919700.0,38546.0,,12722.0,0.0,2861721.0,0.0,,,999017.0,1295028.0,1250904.0,0.0,-252227.0,11.83,1.53,,-3.55,,78.45,1236475.0,
2012,12,,,PT BPRS Magetan (Perseroda),Kab. Magetan,Provinsi Jawa Timur,620165,,,,,,,,,,,,,,,,,,,,,,,,,,,,,,,,,,,
2012,12,,,PT Bank Perekonomian Rakyat Syariah Kedung Arto,Kota Semarang,Provinsi Jawa Tengah,620191,,,,,,,,,,,,,,,,,,,,,,,,,,,,,,,,,,,
2012,12,,,PT Bank Perekonomian Rakyat Syariah Bhakti Sumekar Perseroda,Kab. Sumenep,Provinsi Jawa Timur,620085,,,,,,,,,,,,,,,,,,,,,,,,,,,,79.02,2.89,,6.22,,85.47,,
2012,12,,,PT Bank Perekonomian Rakyat Syariah Hikmah Bahari,Kota Tegal,Provinsi Jawa Tengah,620174,,,,,,,,,,,,,,,,,,,,,,,,,,,,,,,,,,,
2012,12,,,PT Bank Perekonomian Rakyat Syariah Muamalat Harkat,Kab. Seluma,Provinsi Bengkulu,620052,26783362.0,21011752.0,0.0,0.0,0.0,666680.0,0.0,21666.0,,0.0,,42213.0,8650376.0,5610100.0,148634.0,,47824.0,0.0,9580139.0,0.0,,,4180760.0,6012073.0,3122026.0,26160.0,866963.0,12.32,7.67,,2.73,,16.66,3438779.0,
2012,12,,,PT Bank Perekonomian Rakyat Syariah PNM Mentari,Kab. Garut,Provinsi Jawa Barat,620008,32331933.0,17601806.0,0.0,5136710.0,1151264.0,0.0,846749.0,0.0,,0.0,,513394.0,3768086.0,11049850.0,457969.0,,24432.0,0.0,9260434.0,1969697.0,,,4617444.0,7029867.0,2674954.0,0.0,2018566.0,23.73,1.97,,7.23,,79.3,6916034.0,
2012,12,,,PT Bank Perekonomian Rakyat Syariah Harum Hikmahnugraha,Kab. Garut,Provinsi Jawa Barat,620029,,,,,,,,,,,,,,,,,,,,,,,,,,,,,,,,,,,
2012,12,,,PT Bank Perekonomian Rakyat Syariah Almabrur Babadan,Kab. Ponorogo,Provinsi Jawa Timur,620073,,,,,,,,,,,,,,,,,,,,,,,,,,,,47.43,2.7,,4.89,,81.68,,
2012,12,,,PT Bank Perekonomian Rakyat Syariah Tanmiya Artha,Kota Kediri,Provinsi Jawa Timur,620130,4001239.0,2023964.0,0.0,242508.0,0.0,0.0,154225.0,0.0,,0.0,,175588.0,1563799.0,1037500.0,24614.0,,27753.0,0.0,80509.0,0.0,,,668191.0,840280.0,461342.0,0.0,179176.0,41.0,4.74,,4.96,,94.0,1468574.0,
2012,12,,,PT Bank Perekonomian Rakyat Syariah Barokah Dana Sejahtera,Kota Yogyakarta,Provinsi D.I. Yogyakarta,620115,,,,,,,,,,,,,,,,,,,,,,,,,,,,10.72,6.3,,1.67,,96.24,,
2012,12,,,PT Bank Perekonomian Rakyat Syariah Sindanglaya Kotanopan,Kab. Mandailing Natal,Provinsi Sumatera Utara,620111,8342508.0,4542707.0,0.0,565548.0,0.0,0.0,0.0,733000.0,,0.0,,3229099.0,0.0,1109900.0,34395.0,,61400.0,0.0,1756892.0,0.0,,,1771015.0,1888042.0,880886.0,0.0,778617.0,44.0,0.0,,12.21,,90.61,2006578.0,
2012,12,,,PT Bank Perekonomian Rakyat Syariah Lampung Timur (Perseroda),Kab. Lampung Timur,Provinsi Lampung,620140,,,,,,,,,,,,,,,,,,,,,,,,,,,,79.0,4.34,,3.69,,83.15,,
2012,12,,,PT Bank Perekonomian Rakyat Syariah Vitka Central,Kota Batam,Provinsi Kep. Riau,620134,31314041.0,27151511.0,0.0,221509.0,12263.0,0.0,42044.0,0.0,,0.0,,473198.0,3288877.0,11328259.0,808303.0,,24349.0,0.0,14330871.0,0.0,,,2590202.0,5025678.0,2514239.0,0.0,43953.0,10.09,18.54,,0.15,,88.23,3898565.0,
2012,12,,,PT Bank Perekonomian Rakyat Syariah Margirizki Bahagia,Kab. Bantul,Provinsi D.I. Yogyakarta,620017,34971173.0,17971448.0,0.0,783024.0,52277.0,0.0,830513.0,1369444.0,,0.0,,4647952.0,2148538.0,23236200.0,109587.0,,15218.0,0.0,1571402.0,0.0,,,2553534.0,4504634.0,1718928.0,0.0,747623.0,12.17,3.39,,2.85,,70.0,12617402.0,
2012,12,,,PT Bank Perekonomian Rakyat Syariah Kotabumi (Perseroda),Kab. Lampung Selatan,Provinsi Lampung,620131,,,,,,,,,,,,,,,,,,,,,,,,,,,,27.46,0.78,,3.72,,73.95,,
2012,12,,,PT Bank Perekonomian Rakyat Syariah Bangun Drajat Warga,Kab. Bantul,Provinsi D.I. Yogyakarta,620018,31534085.0,10596513.0,0.0,459524.0,26429.0,93062.0,8384019.0,1612777.0,,0.0,,7510424.0,10707563.0,6802865.0,424436.0,,115201.0,0.0,1889414.0,0.0,,,3316286.0,4341808.0,2102478.0,30100.0,1018349.0,20.47,8.8,,4.21,,87.53,9402295.0,
2012,12,,,PT Bank Pembiayaan Rakyat Syariah Jam Gadang Perseroda,Kota Bukittinggi,Provinsi Sumatera Barat,620185,,,,,,,,,,,,,,,,,,,,,,,,,,,,,,,,,,,
2012,12,,,PT Bank Perekonomian Rakyat Syariah Madina Mandiri Sejahtera,Kab. Bantul,Provinsi D.I. Yogyakarta,620118,,,,,,,,,,,,,,,,,,,,,,,,,,,,14.0,3.88,,2.44,,89.36,,
2012,12,,,PT Bank Perekonomian Rakyat Syariah Harta Insan Karimah Cibitung,Kota Bekasi,Provinsi Jawa Barat,620020,,,,,,,,,,,,,,,,,,,,,,,,,,,,32.87,2.6,,7.21,,106.0,,
2012,12,,,PT Bank Perekonomian Rakyat Syariah Harta Insan Karimah Bekasi,Kota Bekasi,Provinsi Jawa Barat,620015,103935761.0,58622715.0,0.0,141947.0,0.0,0.0,588967.0,24934001.0,,0.0,,5310621.0,213538.0,47796650.0,1881764.0,,0.0,0.0,38864209.0,0.0,,,8636865.0,18502187.0,5928885.0,51242.0,2032954.0,27.0,3.01,,2.6,,86.0,16493132.0,
2012,12,,,PT BPRS Gajahtongga KotoPiliang,Kota Sawahlunto,Provinsi Sumatera Barat,620162,12844236.0,9980569.0,0.0,0.0,0.0,0.0,0.0,0.0,,0.0,,7994777.0,0.0,3021000.0,135675.0,,31480.0,0.0,170104.0,0.0,,,2386660.0,2717472.0,2096294.0,0.0,253417.0,14.04,3.23,,2.26,,90.6,2843934.0,
2012,12,,,PT Bank Perekonomian Rakyat Syariah Gebu Prima,Kota Medan,Provinsi Sumatera Utara,620055,,,,,,,,,,,,,,,,,,,,,,,,,,,,22.45,12.94,,-2.27,,61.78,,
2012,12,,,PT. BPRS Ummu,Kab. Pasuruan,Provinsi Jawa Timur,620074,8042542.0,5678030.0,0.0,0.0,0.0,0.0,421938.0,0.0,,0.0,,4292069.0,0.0,520200.0,317012.0,,3616.0,0.0,777987.0,1291667.0,,,1566336.0,1809122.0,1441087.0,0.0,274288.0,16.22,12.59,,-13.9,,77.37,1460854.0,
2012,12,,,PT Bank Perekonomian Rakyat Syariah Artha Amanah Ummat,Kab. Semarang,Provinsi Jawa Tengah,620116,10791792.0,6108200.0,0.0,817166.0,0.0,0.0,58500.0,422777.0,,0.0,,73351.0,2822666.0,5629500.0,139299.0,,9396.0,0.0,1339779.0,0.0,,,1054766.0,1733518.0,708551.0,8212.0,280236.0,12.7,2.41,,3.54,,86.88,3339647.0,
2012,12,,,PT Bank Perekonomian Rakyat Syariah Gala Mitra Abadi,Kab. Grobogan,Provinsi Jawa Tengah,620063,7473179.0,3770276.0,0.0,0.0,207400.0,0.0,94414.0,1444940.0,,0.0,,970913.0,0.0,5201110.0,421298.0,,35675.0,0.0,648030.0,0.0,,,544159.0,1531867.0,908234.0,0.0,-229835.0,0.0,57.31,,0.0,,0.0,1988903.0,
2012,12,,,PT. BPRS Asad Alif,Kab. Kendal,Provinsi Jawa Tengah,620070,9615647.0,6313917.0,0.0,0.0,0.0,0.0,0.0,540987.0,,0.0,,50167.0,5321739.0,1778500.0,78987.0,,0.0,0.0,1049238.0,0.0,,,1202101.0,1668696.0,992202.0,11469.0,170272.0,14.0,10.26,,2.3,,98.0,2311587.0,
2012,12,,,PT Bank Perekonomian Rakyat Syariah Daarul Hayat,Kota Cimahi,Provinsi Jawa Barat,620035,8568516.0,4169100.0,0.0,156048.0,152454.0,0.0,0.0,763500.0,,0.0,,10463.0,609484.0,6191200.0,130343.0,,0.0,0.0,1081642.0,0.0,,,762181.0,1732772.0,1022828.0,0.0,-199706.0,15.0,3.49,,-5.42,,84.51,1451838.0,
2012,12,,,PT BPRS SHADIQ AMANAH,Kota Cimahi,Provinsi Jawa Barat,620019,245068281.0,143411046.0,0.0,26015846.0,7583837.0,0.0,200000.0,0.0,,0.0,,14432684.0,0.0,213792162.0,2516561.0,,410417.0,0.0,772878.0,0.0,,,34357196.0,44434304.0,33954698.0,0.0,38568.0,11.0,4.55,,0.02,,72.65,53804300.0,
2012,12,,,PT. BPRS Al-Yaqin,Kab. Simalungun,Provinsi Sumatera Utara,620092,,,,,,,,,,,,,,,,,,,,,,,,,,,,27.12,1.18,,4.33,,166.4,,
2012,12,,,PT Bank Perekonomian Rakyat Syariah Amanah Bangsa,Kab. Simalungun,Provinsi Sumatera Utara,620032,7793662.0,2796969.0,0.0,0.0,58302.0,0.0,3172556.0,28603.0,,0.0,,3315287.0,0.0,2953000.0,119998.0,,11419.0,0.0,615590.0,0.0,,,1414673.0,1824222.0,1200402.0,0.0,170541.0,88.9,5.87,,1.58,,116.0,1707498.0,
2012,12,,,PT Bank Perekonomian Rakyat Syariah Al Washliyah,Kota Medan,Provinsi Sumatera Utara,620036,14123127.0,4404615.0,0.0,848336.0,0.0,0.0,97138.0,0.0,,0.0,,133144.0,2897971.0,6438250.0,662267.0,,250571.0,0.0,2571403.0,0.0,,,1576436.0,2216399.0,2273219.0,0.0,-671727.0,59.0,8.14,,-4.76,,56.5,8664146.0,
2012,12,,,PT Bank Perekonomian Rakyat Syariah Tani Tulang Bawang Barat (Perseroda),Kab. Tulang Bawang Barat,Provinsi Lampung,620176,,,,,,,,,,,,,,,,,,,,,,,,,,,,,,,,,,,
2012,12,,,PT BPRS Artha Surya Barokah,Kota Semarang,Provinsi Jawa Tengah,620084,,,,,,,,,,,,,,,,,,,,,,,,,,,,,,,,,,,
2012,12,,,PT BPRS Mentari Pasaman Saiyo,Kab. Pasaman Barat,Provinsi Sumatera Barat,620059,6830345.0,5225822.0,0.0,0.0,28500.0,0.0,0.0,92611.0,,0.0,,0.0,4729021.0,915000.0,322860.0,,168456.0,0.0,582234.0,0.0,,,1250169.0,1622219.0,1689900.0,0.0,-376784.0,11.91,9.95,,-5.25,,93.81,1609224.0,
2012,12,,,PT Bank Perekonomian Rakyat Syariah Carana Kiat Andalas,Kab. Agam,Provinsi Sumatera Barat,620064,23052947.0,18155289.0,0.0,0.0,3135.0,0.0,0.0,0.0,,0.0,,8310008.0,0.0,7819455.0,435060.0,,238266.0,0.0,4784267.0,0.0,,,3266626.0,4411851.0,3398760.0,0.0,41225.0,12.16,10.6,,0.18,,79.66,3889692.0,
2012,12,,,PT BANK PEREKONOMIAN RAKYAT ARTHA MADANI,Kota Bekasi,Provinsi Jawa Barat,620088,41041366.0,27005584.0,0.0,0.0,73399.0,0.0,0.0,8270000.0,,0.0,,8316803.0,174500.0,18612800.0,198097.0,,178776.0,0.0,6818709.0,0.0,,,6110246.0,8344435.0,4217973.0,46238.0,1914934.0,18.0,1.72,,558.0,,108.73,3876327.0,
2012,12,,,PT BPRS Hidayah,Wil. Kota Jakarta Barat,Provinsi DKI Jakarta,620119,24691946.0,11967448.0,0.0,0.0,0.0,0.0,5593846.0,0.0,,0.0,,1095250.0,227698.0,832699.0,903170.0,,19462.0,0.0,21110172.0,0.0,,,1221693.0,4638646.0,2478926.0,1100.0,-1270711.0,9.3,30.54,,-4.52,,71.42,6106473.0,
2012,12,,,PT Bank Perekonomian Rakyat Syariah Hasanah Mandiri,Kota Depok,Provinsi Jawa Barat,620006,10265939.0,8074755.0,0.0,0.0,0.0,0.0,81400.0,0.0,,0.0,,0.0,4088.0,4990000.0,32963.0,,6895.0,0.0,3753858.0,33536.0,,,819825.0,1824650.0,742263.0,0.0,77562.0,17.65,11.47,,0.76,,101.32,591030.0,
2012,12,,,PT Bank Perekonomian Rakyat Syariah Mitra Harmoni Yogyakarta,Kota Yogyakarta,Provinsi D.I. Yogyakarta,620149,9424548.0,7961241.0,0.0,16101.0,0.0,0.0,27500.0,0.0,,0.0,,1249838.0,236468.0,5992500.0,43397.0,,33979.0,0.0,1106517.0,0.0,,,1198045.0,1814130.0,1331942.0,0.0,-134601.0,11.06,0.85,,-1.53,,91.11,1013763.0,
2012,12,,,PT Bank Perekonomian Rakyat Syariah Unisia Insan Indonesia,Kota Yogyakarta,Provinsi D.I. Yogyakarta,620178,,,,,,,,,,,,,,,,,,,,,,,,,,,,,,,,,,,
2012,12,,,PT Bank Perekonomian Rakyat Syariah Way Kanan (Perseroda),Kab. Lampung Selatan,Provinsi Lampung,620157,16405795.0,7903131.0,0.0,3136224.0,1263200.0,0.0,0.0,0.0,,0.0,,3950468.0,1490262.0,220500.0,191762.0,,116063.0,0.0,6918516.0,0.0,,,2599812.0,2886978.0,1253846.0,0.0,1220599.0,38.78,1.0,,11.85,,125.31,4108874.0,
2012,12,,,PT Bank Perekonomian Rakyat Syariah Danagung Syariah,Kab. Sleman,Provinsi D.I. Yogyakarta,620128,,,,,,,,,,,,,,,,,,,,,,,,,,,,13.0,4.58,,1.71,,65.58,,
2012,12,,,PT Bank Perekonomian Rakyat Syariah Mitra Amal Mulia,Kab. Sleman,Provinsi D.I. Yogyakarta,620117,22667322.0,13627229.0,0.0,887564.0,205075.0,433354.0,372217.0,220950.0,,0.0,,475830.0,1763799.0,14476321.0,277975.0,,30349.0,0.0,1734402.0,0.0,,,2087593.0,3665846.0,1543350.0,13156.0,421013.0,22.68,2.36,,1.86,,87.32,4515075.0,
2012,12,,,PT Bank Perekonomian Rakyat Syariah Balerong Bunta,Kab. Tanah Datar,Provinsi Sumatera Barat,620197,,,,,,,,,,,,,,,,,,,,,,,,,,,,,,,,,,,
2012,12,,,PT Bank Perekonomian Rakyat Syariah Al Falah,Kab. Banyuasin,Provinsi Sumatera Selatan,620040,,,,,,,,,,,,,,,,,,,,,,,,,,,,,,,,,,,
2012,12,,,PT Bank Perekonomian Rakyat Syariah Hasanah,Kota Pekanbaru,Provinsi Riau,620041,6952188.0,4238937.0,0.0,50000.0,0.0,0.0,0.0,183610.0,,0.0,,124385.0,1788017.0,1695045.0,357005.0,,314466.0,0.0,1781798.0,0.0,,,952129.0,1193258.0,1100714.0,0.0,-130406.0,26.0,13.16,,-1.88,,67.49,2369964.0,
2012,12,,,PT Bank Perekonomian Rakyat Syariah Musyarakah Ummat Indonesia,Kota Tangerang,Provinsi Banten,620007,4132516.0,2102397.0,0.0,0.0,129049.0,0.0,775000.0,0.0,,0.0,,116158.0,357276.0,1011600.0,1513.0,,32787.0,0.0,473942.0,0.0,,,590730.0,688258.0,456295.0,0.0,127918.0,70.14,37.62,,2.51,,85.0,959291.0,
2012,12,,,PT Bank Perekonomian Rakyat Syariah Muamalah Cilegon,Kota Cilegon,Provinsi Banten,620034,14993522.0,9703875.0,0.0,64957.0,25300.0,0.0,141794.0,130145.0,,0.0,,7137264.0,0.0,2977450.0,394272.0,,43070.0,0.0,2264920.0,858053.0,,,1583469.0,2310229.0,1428724.0,0.0,76244.0,5.0,28.99,,0.51,,119.0,4421331.0,
2012,12,,,PT BANK PEREKONOMIAN RAKYAT SYARIAH SIAK JAYA,Kab. Siak,Provinsi Riau,620189,,,,,,,,,,,,,,,,,,,,,,,,,,,,,,,,,,,
2012,12,,,PT BPRS Harta Insan Karimah,Kota Tangerang,Provinsi Banten,620012,290876541.0,165867345.0,0.0,1235239.0,232571.0,0.0,1255000.0,99738936.0,,0.0,,130151.0,28024670.0,197022268.0,2540955.0,,1129750.0,0.0,27119258.0,0.0,,,28734245.0,52370785.0,17038971.0,289228.0,8595793.0,14.1,3.58,,4.4,,111.2,19359146.0,
2012,12,,,PT Bank Perekonomian Rakyat Syariah Bangka Belitung,Kota Pangkal Pinang,Provinsi Kep. Bangka Belitung,620076,302627030.0,183247122.0,0.0,2183095.0,1235284.0,3446106.0,0.0,25017361.0,,0.0,,5705696.0,106304839.0,142535230.0,4018440.0,,997092.0,0.0,5551448.0,0.0,,,34900050.0,55132699.0,23389728.0,0.0,11552843.0,19.13,12.15,,4.35,,73.9,76057473.0,
2012,12,,,PT Bank Perekonomian Rakyat Syariah Rizky Barokah,Kota Tangerang Selatan,Provinsi Banten,620199,,,,,,,,,,,,,,,,,,,,,,,,,,,,,,,,,,,
2012,12,,,PT Bank Perekonomian Rakyat Syariah Berkah Dana Fadhlillah (Perseroda),Kab. Kampar,Provinsi Riau,620060,15992096.0,9613854.0,0.0,15750.0,334404.0,0.0,157067.0,0.0,,0.0,,810273.0,11406148.0,821100.0,854943.0,,16378.0,0.0,224374.0,0.0,,,2130026.0,2762491.0,2936840.0,0.0,-803156.0,20.0,31.35,,-5.2,,61.15,5964342.0,
2012,12,,,PT BANK PEREKONOMIAN RAKYAT SYARIAH AL MAKMUR,Kota Payakumbuh,Provinsi Sumatera Barat,620132,40967461.0,25862360.0,0.0,0.0,0.0,0.0,0.0,2411175.0,,0.0,,10750517.0,1109461.0,20117357.0,257258.0,,160718.0,0.0,6143509.0,0.0,,,4622185.0,7203573.0,3903602.0,0.0,639240.0,9.67,0.45,,2.71,,74.62,11102088.0,
2012,12,,,PT Bank Perekonomian Rakyat Syariah Patriot Bekasi Perseroda,Kota Bekasi,Provinsi Jawa Barat,620108,28610813.0,13973279.0,0.0,4890530.0,346419.0,0.0,0.0,303900.0,,0.0,,3614091.0,1076065.0,10408900.0,5914792.0,,7024.0,0.0,3650645.0,0.0,,,2923112.0,3810420.0,7513617.0,0.0,-4651795.0,52.31,53.88,,-19.79,,0.0,10418934.0,
2012,12,,,PT BPRS Barakah Nawaitul Ikhlas,Kota Solok,Provinsi Sumatera Barat,620123,5757376.0,4082401.0,0.0,192925.0,4750.0,0.0,0.0,0.0,,0.0,,3469.0,2411778.0,952700.0,29231.0,,12865.0,0.0,35953.0,1691742.0,,,661974.0,978476.0,621660.0,0.0,36281.0,16.34,3.21,,0.7,,84.26,1140935.0,
2012,12,,,PT Bank Perekonomian Rakyat Syariah Aman Syariah,Kab. Lampung Timur,Provinsi Lampung,620173,,,,,,,,,,,,,,,,,,,,,,,,,,,,,,,,,,,
2012,12,,,PT Bank Perekonomian Rakyat Syariah Syarikat Madani,Kota Batam,Provinsi Kep. Riau,620121,57322580.0,43042814.0,0.0,3375448.0,3576170.0,0.0,0.0,85000.0,,0.0,,0.0,4921837.0,20369297.0,282517.0,,1038496.0,0.0,22391419.0,0.0,,,7790325.0,10721952.0,5657520.0,0.0,1734789.0,17.61,1.45,,3.62,,198.01,5013977.0,
2012,12,,,PT Bank Perekonomian Rakyat Syariah Hijra Alami,Wil. Kota Jakarta Selatan,Provinsi DKI Jakarta,620138,10901661.0,6189152.0,0.0,722893.0,0.0,0.0,0.0,1746500.0,,0.0,,641934.0,89441.0,5959344.0,49891.0,,26378.0,0.0,2154908.0,0.0,,,1618264.0,2396552.0,1118475.0,0.0,501767.0,20.83,7.26,,5.43,,114.0,1971944.0,
2012,12,,,PT Bank Perekonomian Rakyat Syariah Indo Timur,Kota Makassar,Provinsi Sulawesi Selatan,620010,12376795.0,463687.0,0.0,0.0,0.0,0.0,33060.0,0.0,,0.0,,8238042.0,1464178.0,1225000.0,34301.0,,7122.0,0.0,0.0,0.0,,,667877.0,753521.0,360674.0,0.0,295703.0,44.59,4.17,,1.82,,4.55,11836460.0,
2012,12,,,PT. BPRS Gotong Royong,Kota Sukabumi,Provinsi Jawa Barat,620172,,,,,,,,,,,,,,,,,,,,,,,,,,,,,,,,,,,
2012,12,,,PT Bank Perekonomian Rakyat Syariah Insan Madani,Kab. Sukoharjo,Provinsi Jawa Tengah,620154,,,,,,,,,,,,,,,,,,,,,,,,,,,,20.93,7.72,,1.38,,77.75,,
2012,12,,,PT BPRS Saka Dana Mulia,Kab. Kudus,Provinsi Jawa Tengah,620167,,,,,,,,,,,,,,,,,,,,,,,,,,,,,,,,,,,
2012,12,,,PT Bank Perekonomian Rakyat Syariah Amanah Insan Cita,Kab. Deli Serdang,Provinsi Sumatera Utara,620145,6194304.0,4469830.0,0.0,0.0,0.0,115777.0,181000.0,0.0,,0.0,,773670.0,0.0,3491600.0,67523.0,,25102.0,0.0,176139.0,0.0,,,770651.0,1092974.0,753890.0,0.0,16761.0,39.04,0.81,,0.93,,79.75,1193977.0,
2012,12,,,PT Bank Perekonomian Rakyat Syariah Mitra Agro Usaha,Kota Bandar Lampung,Provinsi Lampung,620169,,,,,,,,,,,,,,,,,,,,,,,,,,,,,,,,,,,
2012,12,,,PT Bank Perekonomian Rakyat Syariah Bina Amanah Satria,Kab. Banyumas,Provinsi Jawa Tengah,620087,,,,,,,,,,,,,,,,,,,,,,,,,,,,14.17,4.15,,3.12,,80.1,,
2012,12,,,PT Bank Perekonomian Rakyat Syariah Puduarta Insani,Kab. Deli Serdang,Provinsi Sumatera Utara,620058,38100898.0,27422661.0,0.0,143194.0,50000.0,0.0,33000.0,0.0,,0.0,,6766488.0,0.0,11750785.0,265514.0,,90290.0,0.0,15908411.0,0.0,,,3474416.0,5829025.0,2728129.0,0.0,637533.0,18.19,0.55,,1.92,,84.0,9915191.0,
2012,12,,,PT Bank Perekonomian Rakyat Syariah Almadinah Tasikmalaya Perseroda,Kota Tasikmalaya,Provinsi Jawa Barat,620156,,,,,,,,,,,,,,,,,,,,,,,,,,,,37.51,0.11,,0.97,,89.72,,
2012,12,,,PT BPRS Al Hidayah,Kab. Pasuruan,Provinsi Jawa Timur,620072,14051386.0,5497261.0,0.0,0.0,0.0,0.0,5998500.0,389700.0,,0.0,,0.0,3678310.0,2206000.0,179669.0,,39048.0,0.0,7130356.0,61200.0,,,2644446.0,3683850.0,2388032.0,0.0,278328.0,7.1,3.44,,3.21,,3.23,1443010.0,
2012,12,,,PT Bank Perekonomian Rakyat Syariah Amanah Insani,Kab. Bekasi,Provinsi Jawa Barat,620066,,,,,,,,,,,,,,,,,,,,,,,,,,,,23.79,7.41,,2.4,,81.49,,
2012,12,,,PT Bank Perekonomian Rakyat Syariah Alwadiah,Kota Tasikmalaya,Provinsi Jawa Barat,620037,16882167.0,12945743.0,0.0,0.0,0.0,0.0,23862.0,1402911.0,,0.0,,4905.0,3134285.0,9071669.0,267688.0,,247687.0,0.0,1158783.0,0.0,,,2739601.0,3458762.0,1480794.0,0.0,1257907.0,29.93,4.67,,7.45,,107.52,2310597.0,
2012,12,,,PT. BPRS Artha Mas Abadi,Kab. Pati,Provinsi Jawa Tengah,620100,11449978.0,5030251.0,0.0,0.0,21000.0,0.0,111130.0,4376142.0,,0.0,,2922784.0,168941.0,4106200.0,264450.0,,7799.0,0.0,2714661.0,0.0,,,2304134.0,2828387.0,1762696.0,12831.0,436250.0,17.08,8.01,,5.28,,159.28,1794381.0,
2012,12,,,PT Bank Perekonomian Rakyat Syariah Serambi Mekah,Kota Langsa,Provinsi NAD,620152,3064798.0,909947.0,0.0,2781.0,0.0,0.0,111500.0,0.0,,0.0,,1553760.0,0.0,62000.0,19295.0,,3858.0,0.0,1299275.0,0.0,,,284602.0,321216.0,632208.0,0.0,-286017.0,8.46,3.22,,-12.0,,51.92,1397988.0,
2012,12,,,PT Bank Perekonomian Rakyat Syariah Metro Madani,Kota Metro,Provinsi Lampung,620091,58236108.0,31917134.0,0.0,65654.0,2087323.0,0.0,2559876.0,94444.0,,0.0,,14318960.0,1266562.0,17545535.0,364312.0,,88978.0,0.0,17921623.0,1330167.0,,,7121823.0,11102329.0,4604560.0,0.0,2070083.0,14.33,1.47,,4.82,,65.55,19337390.0,
2012,12,,,PT Bank Perekonomian Rakyat Syariah Arta Leksana,Kab. Banyumas,Provinsi Jawa Tengah,620110,,,,,,,,,,,,,,,,,,,,,,,,,,,,,,,,,,,
2012,12,,,PT Bank Perekonomian Rakyat Syariah Adeco,Kota Langsa,Provinsi NAD,620141,7529948.0,3829052.0,0.0,0.0,0.0,0.0,261000.0,0.0,,0.0,,353689.0,844869.0,774500.0,95076.0,,4109.0,0.0,2276604.0,83333.0,,,905629.0,1282310.0,798572.0,0.0,102311.0,53.0,10.35,,1.36,,79.64,1982612.0,
2012,12,,,PT. BPRS Jabal Tsur,Kab. Pasuruan,Provinsi Jawa Timur,620103,,,,,,,,,,,,,,,,,,,,,,,,,,,,11.49,4.5,,42.07,,29.37,,
2012,12,,,PT Bank Perekonomian Rakyat Syariah Bobato Lestari,Kota Tidore Kepulauan,Provinsi Maluku Utara,620179,,,,,,,,,,,,,,,,,,,,,,,,,,,,,,,,,,,
2012,12,,,PT Bank Perekonomian Rakyat Syariah Rahmah Hijrah Agung,Kota Lhokseumawe,Provinsi NAD,620049,,,,,,,,,,,,,,,,,,,,,,,,,,,,0.0,8.44,,0.0,,0.0,,
2012,12,,,PT Bank Perekonomian Rakyat Syariah Daya Artha Mentari,Kab. Pasuruan,Provinsi Jawa Timur,620056,16527664.0,9614788.0,0.0,1516289.0,9869.0,0.0,419911.0,92675.0,,0.0,,1386876.0,5459933.0,1275300.0,332169.0,,3949.0,0.0,6383793.0,0.0,,,2475902.0,3455108.0,1912934.0,14527.0,504731.0,13.82,8.91,,3.92,,84.02,3319890.0,
2012,12,,,PT Bank Perekonomian Rakyat Syariah Gunung Slamet,Kab. Banyumas,Provinsi Jawa Tengah,620146,19986866.0,14945294.0,0.0,1090401.0,61600.0,0.0,521500.0,860000.0,,0.0,,2453726.0,16100.0,13920400.0,95061.0,,25163.0,0.0,1460899.0,0.0,,,1470401.0,3034326.0,1085247.0,0.0,354400.0,16.43,0.14,,2.29,,0.0,2361335.0,
2012,12,,,PT Bank Perekonomian Rakyat Syariah Mitra Harmoni Kota Bandung,Kota Bogor,Provinsi Jawa Barat,620161,4683617.0,2777674.0,0.0,0.0,0.0,0.0,0.0,0.0,,0.0,,587418.0,2504.0,2784000.0,19689.0,,26904.0,0.0,551617.0,0.0,,,440200.0,617702.0,1143431.0,0.0,-703231.0,24.0,1.74,,-15.01,,60.05,1199443.0,
2012,12,,,PT Bank Perekonomian Rakyat Syariah Harta Insan Karimah Jawa Tengah,Kab. Banyumas,Provinsi Jawa Tengah,620089,11616466.0,3528012.0,30053.0,253768.0,145209.0,44364.0,0.0,2409623.0,,0.0,,2187069.0,63347.0,3087000.0,59341.0,,15896.0,0.0,5037916.0,38717.0,,,1294125.0,2019912.0,1138099.0,0.0,141023.0,18.9,4.08,,14.58,,53.85,4626856.0,
2012,12,,,PT Bank Perekonomian Rakyat Syariah Baiturridha Pusaka,Kota Bogor,Provinsi Jawa Barat,620011,38181391.0,286287.0,0.0,29905713.0,0.0,0.0,212625.0,0.0,,0.0,,6178719.0,897515.0,7802267.0,299557.0,,574737.0,0.0,17268171.0,0.0,,,5338568.0,7974137.0,3094424.0,0.0,2140359.0,16.83,1.07,,5.61,,96.02,7614077.0,
2012,12,,,PT Bank Perekonomian Rakyat Syariah Barkah Gemadana,Kab. Banjar,Provinsi Kalimantan Selatan,620013,31862228.0,17168524.0,0.0,28667.0,9000.0,0.0,100000.0,988400.0,,0.0,,101789.0,14203684.0,11621300.0,245782.0,,286233.0,0.0,845269.0,0.0,,,2229976.0,3868989.0,1788917.0,33945.0,1158388.0,22.95,5.37,,5.07,,60.65,11498408.0,
2012,12,,,PT Bank Perekonomian Rakyat Syariah Bangun Arta,Kab. Cilacap,Provinsi Jawa Tengah,620195,,,,,,,,,,,,,,,,,,,,,,,,,,,,,,,,,,,
2012,12,,,PT BPRS Bhakti Haji,Kab. Malang,Provinsi Jawa Timur,620048,3606189.0,1547857.0,0.0,167002.0,580.0,0.0,0.0,448500.0,,0.0,,22038.0,2554878.0,353000.0,16608.0,,6908.0,0.0,4154.0,0.0,,,558056.0,651103.0,433150.0,2960.0,101004.0,28.0,5.22,,2.8,,62.9,1296841.0,
2012,12,,,PT Bank Perekonomian Rakyat Syariah Dharma Kuwera,Kab. Klaten,Provinsi Jawa Tengah,620159,,,,,,,,,,,,,,,,,,,,,,,,,,,,0.0,1.7,,0.0,,0.0,,
2012,12,,,PT Bank Perekonomian Rakyat Syariah Artha Pamenang,Kab. Kediri,Provinsi Jawa Timur,620147,,,,,,,,,,,,,,,,,,,,,,,,,,,,19.01,2.26,,7.25,,82.96,,
2012,12,,,PT Bank Perekonomian Rakyat Syariah Tengku Chiek Dipante,Kab. Pidie,Provinsi NAD,620025,6792553.0,4651659.0,0.0,0.0,0.0,0.0,306952.0,0.0,,0.0,,15123.0,1611707.0,2548500.0,206770.0,,17569.0,0.0,1804859.0,50000.0,,,629275.0,1172840.0,946623.0,0.0,-323900.0,13.0,16.79,,-12.0,,106.14,1460720.0,
2012,12,,,PT Bank Perekonomian Rakyat Syariah Taman Indah Darussalam,Kota Banda Aceh,Provinsi NAD,620158,,,,,,,,,,,,,,,,,,,,,,,,,,,,52.17,9.25,,-13.17,,101.23,,
2012,12,,,PT Bank Perekonomian Rakyat Syariah Al Hijrah Thayibah,Kab. Malang,Provinsi Jawa Timur,620198,,,,,,,,,,,,,,,,,,,,,,,,,,,,,,,,,,,
2012,12,,,PT Bank Perekonomian Rakyat Syariah Hikmah Wakilah,Kota Banda Aceh,Provinsi NAD,620046,19076575.0,9841014.0,0.0,0.0,0.0,0.0,1803000.0,0.0,,0.0,,24873.0,5427577.0,8248500.0,170463.0,,0.0,0.0,2397680.0,200000.0,,,2662310.0,3490962.0,2162962.0,0.0,496511.0,24.0,7.34,,2.6,,80.78,6860904.0,
2012,12,,,PT Bank Perekonomian Rakyat Syariah Manfaatsyariah,Kab. Kutai Kartanegara,Provinsi Kalimantan Timur,620014,9277484.0,6040210.0,0.0,0.0,0.0,0.0,463027.0,0.0,,0.0,,6873580.0,0.0,332000.0,858757.0,,13512.0,0.0,38211.0,1289528.0,,,1489687.0,1928634.0,1853836.0,0.0,-385874.0,13.0,31.54,,-4.0,,111.0,2766822.0,
2012,12,,,PT Bank Perekonomian Rakyat Syariah Almabrur Klaten,Kab. Klaten,Provinsi Jawa Tengah,620142,13591692.0,7613661.0,0.0,1316567.0,0.0,57550.0,351389.0,963500.0,,0.0,,428.0,3866801.0,7000494.0,93629.0,,58021.0,0.0,1425192.0,0.0,,,1307177.0,2278847.0,916136.0,0.0,349258.0,12.0,6.09,,3.48,,76.52,3111185.0,
2012,12,,,PT. BPRS Ikhsanul Amal,Kab. Kebumen,Provinsi Jawa Tengah,620047,9966906.0,5350011.0,0.0,0.0,0.0,0.0,70833.0,682904.0,,0.0,,0.0,5147286.0,2018800.0,210650.0,,3461.0,0.0,918685.0,577911.0,,,1955757.0,2434810.0,1825578.0,4232.0,156019.0,19.16,13.25,,1.93,,68.06,3551068.0,
2012,12,,,PT Bank Perekonomian Rakyat Syariah Bumi Rinjani Kepanjen,Kab. Malang,Provinsi Jawa Timur,620106,23589990.0,16333706.0,0.0,426631.0,0.0,0.0,0.0,1976500.0,,0.0,,0.0,4415686.0,10244450.0,264618.0,,74663.0,0.0,5709666.0,0.0,,,3944423.0,6034276.0,2578268.0,34715.0,1134001.0,14.89,2.93,,7.2,,84.25,3636031.0,
2012,12,,,PT Bank Perekonomian Rakyat Syariah Rahma Syariah,Kab. Kediri,Provinsi Jawa Timur,620150,5212137.0,2686509.0,0.0,0.0,0.0,0.0,1310165.0,0.0,,0.0,,1698684.0,0.0,1991542.0,42084.0,,76939.0,0.0,40492.0,0.0,,,920935.0,1138028.0,1255946.0,0.0,-338100.0,39.62,9.96,,-6.68,,78.45,872855.0,
2012,12,,,PT Bank Perekonomian Rakyat Syariah Gowata,Kab. Gowa,Provinsi Sulawesi Selatan,620065,,,,,,,,,,,,,,,,,,,,,,,,,,,,0.0,14.17,,0.0,,0.0,,
2012,12,,,PT Bank Perekonomian Rakyat Syariah Meru Nusantara Mandiri,Kab. Magelang,Provinsi Jawa Tengah,620143,,,,,,,,,,,,,,,,,,,,,,,,,,,,,,,,,,,
2012,12,,,PT Bank Perekonomian Rakyat Syariah Rahmania Dana Sejahtera,Kab. Aceh Jeumpa/Bireuen,Provinsi NAD,620148,3864899.0,2593268.0,0.0,0.0,0.0,0.0,0.0,0.0,,0.0,,158839.0,108227.0,1528500.0,4833.0,,32496.0,0.0,1231387.0,0.0,,,402914.0,519353.0,486819.0,0.0,-83282.0,29.0,4.89,,-2.15,,68.14,960961.0,
2012,12,,,PT Bank Perekonomian Rakyat Syariah Khairan Inti Amanah,Kab. Parimo/Banggai,Provinsi Sulawesi Tengah,620188,,,,,,,,,,,,,,,,,,,,,,,,,,,,,,,,,,,
2012,12,,,PT BPRS Kota Juang Perseroda,Kab. Aceh Jeumpa/Bireuen,Provinsi NAD,620144,2735172.0,2099083.0,0.0,0.0,0.0,0.0,0.0,0.0,,0.0,,0.0,1148618.0,162162.0,48664.0,,2318.0,0.0,866331.0,0.0,,,566964.0,792184.0,565839.0,0.0,-1587.0,30.64,8.47,,-0.05,,76.82,562748.0,
2012,12,,,PT Bank Perekonomian Rakyat Syariah Botani Bina Rahmah,Kab. Bogor,Provinsi Jawa Barat,620061,10539873.0,6571692.0,0.0,0.0,63977.0,75833.0,1265546.0,0.0,,0.0,,2069516.0,0.0,4537500.0,152819.0,,110413.0,0.0,1328726.0,82625.0,,,1422140.0,2100924.0,1146769.0,0.0,256255.0,24.79,4.8,,2.53,,112.13,2042436.0,
2012,12,,,PT Bank Perekonomian Rakyat Syariah Mitra Harmoni Kota Bandung,Kota Bandung,Provinsi Jawa Barat,620161,4683617.0,2777674.0,0.0,0.0,0.0,0.0,0.0,0.0,,0.0,,587418.0,2504.0,2784000.0,19689.0,,26904.0,0.0,551617.0,0.0,,,440200.0,617702.0,1143431.0,0.0,-703231.0,24.0,1.74,,-15.01,,60.05,1199443.0,
2012,12,,,PT Bank Pembiayaan Rakyat Syariah Gayo Perseroda,Kab. Aceh Tengah,Provinsi NAD,620120,11344264.0,9184633.0,0.0,0.0,0.0,0.0,0.0,0.0,,0.0,,1079.0,3929220.0,1173000.0,99890.0,,23457.0,0.0,81869.0,0.0,,,1620720.0,2058151.0,1502028.0,3020.0,103039.0,0.0,10.02,,0.0,,0.0,989124.0,
2012,12,,,PT BPRS Berkah Amal Salman,Kota Bogor,Provinsi Jawa Barat,620001,,,,,,,,,,,,,,,,,,,,,,,,,,,,,,,,,,,
2012,12,,,PT Bank Perekonomian Rakyat Syariah Suriyah,Kab. Cilacap,Provinsi Jawa Tengah,620086,,,,,,,,,,,,,,,,,,,,,,,,,,,,13.28,2.86,,2.81,,112.8,,
2012,12,,,PT Bank Perekonomian Rakyat Syariah Arthaaceh Sejahtera,Kota Banda Aceh,Provinsi NAD,620192,,,,,,,,,,,,,,,,,,,,,,,,,,,,,,,,,,,
2012,12,,,PT BPRS Mitra Amanah,Kota Palangkaraya,Provinsi Kalimantan Tengah,620170,,,,,,,,,,,,,,,,,,,,,,,,,,,,,,,,,,,
2012,12,,,PT BPRS Bumi Rinjani Probolinggo,Kab. Probolinggo,Provinsi Jawa Timur,620105,,,,,,,,,,,,,,,,,,,,,,,,,,,,14.71,12.11,,0.41,,2.63,,
2012,12,,,PT Bank Perekonomian Rakyat Syariah Mandiri Mitra Sukses,Kab. Gresik,Provinsi Jawa Timur,620126,,,,,,,,,,,,,,,,,,,,,,,,,,,,21.45,2.46,,0.4,,84.68,,
2012,12,,,PT Bank Perekonomian Rakyat Syariah Sampang Perseroda,Kab. Sampang,Provinsi Jawa Timur,620166,,,,,,,,,,,,,,,,,,,,,,,,,,,,,,,,,,,
2012,12,,,PT BPRS Bumi Rinjani,Kota Batu,Provinsi Jawa Timur,620109,9208917.0,5818936.0,0.0,0.0,0.0,0.0,0.0,2231240.0,,0.0,,0.0,1413875.0,5298200.0,142263.0,,17303.0,0.0,964075.0,0.0,,,1282280.0,2132118.0,897393.0,8850.0,305074.0,18.95,8.43,,4.09,,71.26,889754.0,
2012,12,,,PT Bank Perekonomian Rakyat Syariah Tulen Amanah,Kab. Lombok Tengah,Provinsi Nusa Tenggara Barat,620009,8028524.0,6202010.0,0.0,0.0,0.0,0.0,0.0,0.0,,0.0,,0.0,2487364.0,1984500.0,63024.0,,70109.0,0.0,842775.0,0.0,,,1304529.0,1739000.0,593807.0,0.0,716491.0,35.0,6.2,,8.92,,119.91,1308604.0,
2012,12,,,PT Bank Perekonomian Rakyat Syariah Baktimakmur Indah,Kab. Sidoarjo,Provinsi Jawa Timur,620022,,,,,,,,,,,,,,,,,,,,,,,,,,,,96.81,2.38,,3.98,,88.55,,
2012,12,,,PT. BANK PEREKONOMIAN RAKYAT SYARIAH PNM PATUH BERAMAL AMALI,Kota Mataram,Provinsi Nusa Tenggara Barat,620021,,,,,,,,,,,,,,,,,,,,,,,,,,,,30.96,2.9,,7.28,,74.31,,
2012,12,,,PT Bank Perekonomian Rakyat Syariah Annisa Mukti,Kab. Sidoarjo,Provinsi Jawa Timur,620135,,,,,,,,,,,,,,,,,,,,,,,,,,,,0.0,0.07,,0.0,,0.0,,
2012,12,,,PT Bank Perekonomian Rakyat Syariah Arsa Sejahtera,Kota Batu,Provinsi Jawa Timur,620079,17698766.0,11369312.0,0.0,0.0,0.0,0.0,0.0,1855000.0,,0.0,,0.0,578137.0,7972400.0,107962.0,,20228.0,0.0,7474417.0,0.0,,,1567281.0,3122597.0,1038071.0,13257.0,453584.0,10.61,3.11,,34.88,,187.69,3129895.0,
2012,12,,,PT Bank Perekonomian Rakyat Syariah Amanah Rabbaniah,Kab. Bandung,Provinsi Jawa Barat,620002,,,,,,,,,,,,,,,,,,,,,,,,,,,,13.17,9.94,,3.24,,82.58,,
2012,12,,,PT Bank Perekonomian Rakyat Syariah Karya Mugi Sentosa,Kota Surabaya,Provinsi Jawa Timur,620113,22858151.0,7439998.0,0.0,122927.0,2913610.0,0.0,490911.0,661112.0,,0.0,,8682489.0,790456.0,4530450.0,169003.0,,68747.0,0.0,1371382.0,2500000.0,,,2011902.0,2347937.0,1494226.0,0.0,538195.0,31.43,4.49,,2.94,,83.04,8837354.0,
2012,12,,,PT Bank Perekonomian Rakyat Syariah Madinah,Kab. Lamongan,Provinsi Jawa Timur,620139,4848858.0,3366204.0,0.0,0.0,0.0,0.0,0.0,662000.0,,0.0,,327161.0,1842983.0,1528000.0,66321.0,,30972.0,0.0,9117.0,0.0,,,1004738.0,1160783.0,721657.0,2836.0,274609.0,23.09,3.9,,6.6,,108.92,726279.0,
2012,12,,,PT Bank Perekonomian Rakyat Syariah Situbondo,Kab. Situbondo,Provinsi Jawa Timur,620081,,,,,,,,,,,,,,,,,,,,,,,,,,,,514.13,5.62,,5.99,,72.42,,
2012,12,,,PT Bank Perekonomian Rakyat Syariah Lantabur Tebuireng,Kab. Jombang,Provinsi Jawa Timur,620098,,,,,,,,,,,,,,,,,,,,,,,,,,,,11.0,4.13,,2.91,,85.82,,
2012,12,,,PT Bank Perekonomian Rakyat Syariah Nurul Ikhwan,Kab. Polewali Mandar,Provinsi Sulawesi Barat,620045,924501.0,919699.0,0.0,0.0,24613.0,0.0,0.0,0.0,,0.0,,4356.0,317255.0,0.0,310852.0,,5583.0,0.0,266379.0,0.0,,,253603.0,271092.0,189677.0,0.0,55438.0,43.61,34.7,,4.24,,153.14,245799.0,
2012,12,,,PT Bank Perekonomian Rakyat Syariah Tunas Artha Jaya Abadi,Kab. Kediri,Provinsi Jawa Timur,620200,,,,,,,,,,,,,,,,,,,,,,,,,,,,,,,,,,,
2012,12,,,PT Bank Perekonomian Rakyat Syariah Sarana Prima Mandiri,Kab. Pamekasan,Provinsi Jawa Timur,620127,18411505.0,10579121.0,0.0,0.0,694006.0,471003.0,0.0,897238.0,,0.0,,6108650.0,185632.0,8559550.0,149096.0,,470998.0,0.0,1544535.0,39947.0,,,1830918.0,2865265.0,1998055.0,0.0,-92628.0,12.55,4.93,,0.0,,70.77,5032637.0,
2012,12,,,PT Bank Perekonomian Rakyat Syariah Investama Mega Bakti,Kota Makassar,Provinsi Sulawesi Selatan,620077,,,,,,,,,,,,,,,,,,,,,,,,,,,,21.08,4.8,,3.48,,100.85,,
2012,12,,,PT Bank Perekonomian Rakyat Syariah Sukowati Sragen (Perseroda),Kab. Sragen,Provinsi Jawa Tengah,620124,57905793.0,29258503.0,0.0,8253917.0,599000.0,0.0,4569445.0,0.0,,0.0,,6493815.0,3130661.0,20039500.0,280794.0,,1761417.0,0.0,16289943.0,3583333.0,,,6498887.0,11829877.0,4237465.0,0.0,1999826.0,14.53,4.32,,4.78,,96.33,13876459.0,
2012,12,,,PT Bank Perekonomian Rakyat Syariah Saruma Sejahtera Halmahera Selatan,Kab. Halmahera Selatan,Provinsi Maluku Utara,620182,,,,,,,,,,,,,,,,,,,,,,,,,,,,,,,,,,,
2012,12,,,PT. BANK PEREKONOMIAN RAKYAT SYARIAH DINAR ASHRI,Kota Mataram,Provinsi Nusa Tenggara Barat,620104,107954405.0,53294070.0,0.0,0.0,1987682.0,0.0,0.0,175000.0,,0.0,,0.0,58749704.0,9100621.0,497489.0,,740945.0,0.0,21526708.0,0.0,,,9847349.0,14683833.0,4990826.0,120000.0,3490981.0,29.0,2.79,,6.0,,63.3,48642449.0,
2012,12,,,PT Bank Perekonomian Rakyat Syariah Gaido Indonesia,Kab. Cianjur,Provinsi Jawa Barat,620043,10375277.0,7051812.0,0.0,0.0,0.0,0.0,0.0,0.0,,0.0,,697165.0,0.0,1240500.0,71469.0,,38293.0,0.0,2168401.0,5060522.0,,,,,,,,,,,,,,3115906.0,
2012,12,,,PT Bank Perekonomian Rakyat Syariah Mitra Mentari Sejahtera,Kab. Ponorogo,Provinsi Jawa Timur,620180,,,,,,,,,,,,,,,,,,,,,,,,,,,,,,,,,,,
2012,12,,,PT Bank Perekonomian Rakyat Syariah Ingin Jaya,Kab. Aceh Besar,Provinsi NAD,620203,,,,,,,,,,,,,,,,,,,,,,,,,,,,,,,,,,,
2012,12,,,PT Bank Perekonomian Rakyat Syariah Amanah Sejahtera,Kab. Gresik,Provinsi Jawa Timur,620050,54865829.0,29819924.0,0.0,0.0,338367.0,0.0,522083.0,4490667.0,,0.0,,10147133.0,23854432.0,13728400.0,1009967.0,,41476.0,0.0,761807.0,683000.0,,,7911360.0,10176427.0,6079973.0,0.0,1641199.0,12.19,13.33,,2.88,,123.1,13203810.0,
2012,12,,,PT Bank Perekonomian Rakyat Syariah Mitra Harmoni Kota Malang,Kota Malang,Provinsi Jawa Timur,620153,4841702.0,3125566.0,0.0,385292.0,0.0,0.0,0.0,0.0,,0.0,,560529.0,62288.0,2428000.0,21574.0,,22855.0,0.0,1218131.0,0.0,,,681494.0,902966.0,1118533.0,0.0,-436383.0,19.0,0.07,,-9.01,,96.93,844207.0,
2012,12,,,PT Bank Perekonomian Rakyat Syariah Amanah Ummah,Kab. Bogor,Provinsi Jawa Barat,620004,111681979.0,70953102.0,2659511.0,75616.0,4379393.0,1187279.0,40000.0,0.0,,0.0,,66016547.0,1912897.0,30827636.0,1171958.0,,78398.0,0.0,2683324.0,0.0,,,13677026.0,16617394.0,10515469.0,243750.0,2373859.0,14.17,1.09,,2.69,,72.63,31956007.0,
2012,12,,,PT Bank Perekonomian Rakyat Syariah Mustaqim Aceh Perseroda,Kota Banda Aceh,Provinsi NAD,620187,,,,,,,,,,,,,,,,,,,,,,,,,,,,,,,,,,,
2012,12,,,PT Bank Perekonomian Rakyat Syariah Surya Sejati,Kab. Takalar,Provinsi Sulawesi Selatan,620031,,,,,,,,,,,,,,,,,,,,,,,,,,,,54.88,21.35,,3.78,,77.36,,
2012,12,,,PT Bank Perekonomian Rakyat Syariah Bumi Artha Sampang,Kab. Cilacap,Provinsi Jawa Tengah,620112,18739943.0,12523119.0,0.0,0.0,0.0,0.0,310000.0,688361.0,,0.0,,7045264.0,2354272.0,5527200.0,251071.0,,79914.0,0.0,949431.0,0.0,,,2801925.0,3409020.0,2326557.0,0.0,418401.0,23.24,7.8,,2.49,,90.59,4993041.0,
2012,12,,,PT Bank Perekonomian Rakyat Syariah Bahari Berkesan,Kota Ternate,Provinsi Maluku Utara,620164,,,,,,,,,,,,,,,,,,,,,,,,,,,,0.0,0.0,,0.0,,0.0,,
2012,12,,,PT Bank Perekonomian Rakyat Syariah Unawi Barokah,Kab. Sidoarjo,Provinsi Jawa Timur,620155,2374156.0,1423638.0,0.0,0.0,0.0,0.0,0.0,0.0,,0.0,,85144.0,770288.0,268075.0,11329.0,,7344.0,0.0,504122.0,0.0,,,370039.0,458017.0,402804.0,0.0,-32815.0,45.93,0.87,,-1.38,,126.71,720621.0,
2012,12,,,PT Bank Perekonomian Rakyat Syariah Baiturrahman,Kab. Aceh Besar,Provinsi NAD,620024,16658795.0,6842783.0,0.0,0.0,0.0,0.0,42000.0,0.0,,0.0,,0.0,8671338.0,1613000.0,277202.0,,0.0,0.0,5517351.0,200000.0,,,1253476.0,1764868.0,2617101.0,0.0,-1365515.0,9.52,15.39,,-8.08,,60.66,9620817.0,
2012,12,,,PT Bank Perekonomian Rakyat Syariah Harta Insan Karimah Parahyangan,Kab. Bandung,Provinsi Jawa Barat,620054,250114851.0,220843734.0,0.0,100628.0,319794.0,0.0,565000.0,250000.0,,0.0,,11768339.0,2422.0,41210500.0,3078456.0,,1541189.0,0.0,170062598.0,0.0,,,38494483.0,65414679.0,30148655.0,201000.0,6029306.0,13.1,2.27,,3.4,,101.3,21976395.0,
2012,12,,,PT Bank Perekonomian Rakyat Syariah Harta Insan Karimah Fajar Nitro,Kota Makassar,Provinsi Sulawesi Selatan,620168,,,,,,,,,,,,,,,,,,,,,,,,,,,,,,,,,,,
2012,12,,,PT Bank Perekonomian Rakyat Syariah Baiturridha Pusaka,Kota Bandung,Provinsi Jawa Barat,620011,38181391.0,286287.0,0.0,29905713.0,0.0,0.0,212625.0,0.0,,0.0,,6178719.0,897515.0,7802267.0,299557.0,,574737.0,0.0,17268171.0,0.0,,,5338568.0,7974137.0,3094424.0,0.0,2140359.0,16.83,1.07,,5.61,,96.02,7614077.0,
2012,12,,,PT Bank Perekonomian Rakyat Syariah Central Syariah Utama,Kota Surakarta/Solo,Provinsi Jawa Tengah,620137,,,,,,,,,,,,,,,,,,,,,,,,,,,,23.14,16.11,,-36.51,,76.7,,
2012,12,,,PT BPRS Bumi Rinjani Malang,Kota Malang,Provinsi Jawa Timur,620078,8488766.0,4390147.0,0.0,0.0,0.0,0.0,91000.0,2235800.0,,0.0,,0.0,245742.0,4235000.0,138053.0,,14454.0,0.0,2313033.0,0.0,,,1582121.0,2526679.0,1353297.0,7780.0,259182.0,23.31,6.59,,1.39,,149.9,1403269.0,
2012,12,,,PT. BPRS Muamalat Yotefa,Kab. Jayapura,Provinsi Papua,620067,,,,,,,,,,,,,,,,,,,,,,,,,,,,,,,,,,,
2012,12,,,PT Bank Perekonomian Rakyat Syariah Hikmah Khazanah,Kota Surakarta/Solo,Provinsi Jawa Tengah,620171,,,,,,,,,,,,,,,,,,,,,,,,,,,,,,,,,,,
2012,12,,,PT. BPRS Jabal Nur Tebuireng,Kota Surabaya,Provinsi Jawa Timur,620114,14938741.0,7816061.0,0.0,0.0,39820.0,0.0,0.0,3121500.0,,0.0,,1430753.0,96821.0,2572400.0,161372.0,,47903.0,0.0,8824800.0,0.0,,,1913494.0,3174525.0,1346177.0,14174.0,483679.0,19.68,2.2,,4.64,,198.9,2933623.0,
2012,12,,,PT Bank Perekonomian Rakyat Syariah Harta Insan Karimah Insan Cita,Kab. Bogor,Provinsi Jawa Barat,620069,8140275.0,3552617.0,0.0,231491.0,189138.0,15000.0,0.0,2790.0,,0.0,,2074246.0,922186.0,2197834.0,248824.0,,88612.0,0.0,649685.0,0.0,,,984038.0,1355052.0,1037020.0,0.0,-68820.0,44.93,21.77,,-5.3,,60.15,4316753.0,
2012,12,,,PT Bank Perekonomian Rakyat Syariah Almasoem,Kab. Bandung,Provinsi Jawa Barat,620027,71115589.0,41181598.0,0.0,0.0,10620678.0,0.0,0.0,2616605.0,,0.0,,14441514.0,10456813.0,30897275.0,943959.0,,531048.0,0.0,3738697.0,500000.0,,,10387592.0,14854723.0,8490699.0,0.0,1515299.0,22.36,9.53,,2.76,,78.11,16096922.0,
2012,12,,,PT BPRS Mojo Artho Kota Mojokerto Perseroda,Kota Mojokerto,Provinsi Jawa Timur,620160,,,,,,,,,,,,,,,,,,,,,,,,,,,,85.0,2.23,,2.5,,92.0,,
2012,12,,,PT Bank Perekonomian Rakyat Syariah Al Ihsan,Kab. Bandung,Provinsi Jawa Barat,620044,4376580.0,854152.0,0.0,1118503.0,232025.0,0.0,0.0,443121.0,,0.0,,3104044.0,0.0,787600.0,94475.0,,19263.0,0.0,22687.0,45790.0,,,860325.0,924026.0,780069.0,0.0,87581.0,14.0,10.13,,2.31,,68.0,1708533.0,
2012,12,,,PT BPRS Bogor Tegar Beriman,Kab. Bogor,Provinsi Jawa Barat,620177,,,,,,,,,,,,,,,,,,,,,,,,,,,,,,,,,,,
2012,12,,,PT Bank Perekonomian Rakyat Syariah Dana Amanah Surakarta,Kota Surakarta/Solo,Provinsi Jawa Tengah,620125,6442273.0,2016077.0,0.0,1403051.0,29750.0,40512.0,437500.0,714565.0,,0.0,,1366586.0,0.0,2586000.0,44082.0,,5736.0,0.0,320118.0,1258833.0,,,628670.0,1026826.0,669872.0,0.0,-47263.0,19.0,7.79,,-0.73,,117.43,1517933.0,
2013,12,,,PT Bank Perekonomian Rakyat Syariah Barkah Gemadana,Kab. Banjar,Provinsi Kalimantan Selatan,620013,34790587.0,18932940.0,0.0,44542.0,5200.0,0.0,100000.0,825000.0,,0.0,,201419.0,14926216.0,10397300.0,157413.0,,288962.0,0.0,280576.0,0.0,,,2391144.0,3982964.0,1820669.0,22877.0,809060.0,39.14,5.03,,2.86,,58.85,12810978.0,
2013,12,,,PT Bank Perekonomian Rakyat Syariah Ingin Jaya,Kab. Aceh Besar,Provinsi NAD,620203,,,,,,,,,,,,,,,,,,,,,,,,,,,,,,,,,,,
2013,12,,,PT Bank Perekonomian Rakyat Syariah Dharma Kuwera,Kab. Klaten,Provinsi Jawa Tengah,620159,13645827.0,5140372.0,0.0,119492.0,31579.0,0.0,6036731.0,0.0,,0.0,,4343934.0,285092.0,1100300.0,102924.0,,105574.0,0.0,6523051.0,0.0,,,1441277.0,2028676.0,1372296.0,0.0,28998.0,0.0,10.0,,0.0,,0.0,2124024.0,
2013,12,,,PT BPRS Sungai PuaSyariah,Kab. Agam,Provinsi Sumatera Barat,620186,,,,,,,,,,,,,,,,,,,,,,,,,,,,,,,,,,,
2013,12,,,PT Bank Perekonomian Rakyat Syariah Gowata,Kab. Gowa,Provinsi Sulawesi Selatan,620065,2556398.0,809870.0,0.0,668135.0,0.0,0.0,0.0,0.0,,0.0,,0.0,188810.0,430000.0,12360.0,,2968.0,0.0,766004.0,0.0,,,621558.0,648394.0,471584.0,0.0,156085.0,47.45,17.37,,6.02,,238.85,176602.0,
2013,12,,,PT Bank Perekonomian Rakyat Syariah Alhijrah Amanah,Kota Depok,Provinsi Jawa Barat,620062,6139222.0,3887339.0,0.0,100000.0,86396.0,0.0,96349.0,302773.0,,0.0,,1215443.0,0.0,1270421.0,120731.0,,89013.0,0.0,1484475.0,0.0,,,903478.0,1272317.0,776581.0,0.0,51535.0,35.0,29.13,,5.0,,112.63,1189887.0,
2013,12,,,PT Bank Perekonomian Rakyat Syariah Ampek Angkek Candung,Kab. Agam,Provinsi Sumatera Barat,620071,50889664.0,42913154.0,0.0,0.0,31922.0,0.0,0.0,0.0,,0.0,,14621193.0,101343.0,11958209.0,809541.0,,534544.0,0.0,18717560.0,166667.0,,,6224918.0,9280670.0,5076917.0,26235.0,785531.0,12.02,3.75,,1.89,,92.07,5867040.0,
2013,12,,,PT BANK PEREKONOMIAN RAKYAT SYARIAH MASYARAKAT LINTAU BUO,Kab. Agam,Provinsi Sumatera Barat,620196,,,,,,,,,,,,,,,,,,,,,,,,,,,,,,,,,,,
2013,12,,,PT Bank Perekonomian Rakyat Syariah Baiturrahman,Kab. Aceh Besar,Provinsi NAD,620024,19336595.0,6705322.0,0.0,0.0,0.0,0.0,0.0,0.0,,0.0,,0.0,10772828.0,1583000.0,253471.0,,0.0,0.0,5441457.0,0.0,,,1657952.0,2104110.0,1528998.0,0.0,164204.0,18.87,20.29,,0.85,,4.13,12596348.0,
2013,12,,,PT Bank Perekonomian Rakyat Syariah Sukowati Sragen (Perseroda),Kab. Sragen,Provinsi Jawa Tengah,620124,74815284.0,45822011.0,0.0,12307533.0,43700.0,0.0,495833.0,0.0,,0.0,,7974429.0,4518366.0,35389650.0,501846.0,,1088481.0,0.0,12946583.0,4416666.0,,,8734641.0,13836305.0,5825250.0,0.0,2315721.0,13.82,6.02,,4.35,,103.74,13904418.0,
2013,12,,,PT Bank Perekonomian Rakyat Syariah Mustaqim Aceh Perseroda,Kota Banda Aceh,Provinsi NAD,620187,,,,,,,,,,,,,,,,,,,,,,,,,,,,,,,,,,,
2013,12,,,PT Bank Perekonomian Rakyat Syariah Sleman (Perseroda),Kab. Sleman,Provinsi D.I. Yogyakarta,620193,,,,,,,,,,,,,,,,,,,,,,,,,,,,,,,,,,,
2013,12,,,PT Bank Perekonomian Rakyat Syariah Indo Timur,Kota Makassar,Provinsi Sulawesi Selatan,620010,,,,,,,,,,,,,,,,,,,,,,,,,,,,,,,,,,,
2013,12,,,PT Bank Perekonomian Rakyat Syariah Surya Sejati,Kab. Takalar,Provinsi Sulawesi Selatan,620031,2591643.0,1677019.0,0.0,0.0,0.0,0.0,149000.0,0.0,,0.0,,6443.0,662438.0,396700.0,94501.0,,1195.0,0.0,52810.0,400000.0,,,633513.0,788939.0,477062.0,0.0,149871.0,58.5,17.11,,7.04,,171.36,730291.0,
2013,12,,,PT Bank Perekonomian Rakyat Syariah Arta Leksana,Kab. Banyumas,Provinsi Jawa Tengah,620110,,,,,,,,,,,,,,,,,,,,,,,2839205.0,4245127.0,2359303.0,0.0,442068.0,18.68,6.61,,1.73,,75.69,,
2013,12,,,PT Bank Perekonomian Rakyat Syariah Albarokah,Kota Depok,Provinsi Jawa Barat,620053,9883596.0,5941310.0,0.0,0.0,257753.0,0.0,300000.0,0.0,,0.0,,10015.0,1530894.0,4884660.0,95000.0,,165708.0,0.0,0.0,0.0,,,1600210.0,2362666.0,1043621.0,0.0,512327.0,44.9,7.56,,5.62,,46.5,2915823.0,
2013,12,,,PT. BPRS Gotong Royong,Kota Sukabumi,Provinsi Jawa Barat,620172,,,,,,,,,,,,,,,,,,,,,,,,,,,,,,,,,,,
2013,12,,,PT BPRS Berkah Amal Salman,Kota Bogor,Provinsi Jawa Barat,620001,,,,,,,,,,,,,,,,,,,,,,,,,,,,,,,,,,,
2013,12,,,PT Bank Perekonomian Rakyat Syariah Daarul Hayat,Kota Cimahi,Provinsi Jawa Barat,620035,4205869.0,2235189.0,0.0,211185.0,86077.0,0.0,0.0,120000.0,,0.0,,12585.0,591060.0,2730113.0,447352.0,,0.0,0.0,697017.0,0.0,,,246525.0,884749.0,1599292.0,0.0,-1025633.0,8.0,39.89,,-24.38,,79.56,863891.0,
2013,12,,,PT Bank Perekonomian Rakyat Syariah Tengku Chiek Dipante,Kab. Pidie,Provinsi NAD,620025,5148193.0,3281063.0,0.0,0.0,0.0,0.0,243385.0,0.0,,0.0,,9613.0,1346308.0,2081000.0,425046.0,,11444.0,0.0,1040493.0,0.0,,,485158.0,867533.0,1126203.0,0.0,-585460.0,18.0,57.22,,-11.37,,96.46,1469269.0,
2013,12,,,PT Bank Perekonomian Rakyat Syariah Cahaya Hidup,Kab. Sleman,Provinsi D.I. Yogyakarta,620163,4525613.0,2129297.0,0.0,370000.0,0.0,0.0,1355000.0,18738.0,,0.0,,17080.0,153254.0,1876696.0,41267.0,,19707.0,0.0,1201755.0,0.0,,,370160.0,514376.0,669743.0,0.0,-311325.0,36.31,5.72,,-8.5,,-9.15,431072.0,
2013,12,,,PT Bank Perekonomian Rakyat Syariah Almabrur Klaten,Kab. Klaten,Provinsi Jawa Tengah,620142,16428097.0,10459270.0,0.0,1119710.0,0.0,24862.0,101667.0,1045333.0,,0.0,,442.0,5048030.0,8829600.0,173025.0,,40003.0,0.0,868001.0,0.0,,,1800345.0,2954991.0,1323471.0,11632.0,401265.0,13.0,16.97,,3.0,,78.33,3499229.0,
2013,12,,,PT Bank Perekonomian Rakyat Syariah Bangka Belitung,Kota Pangkal Pinang,Provinsi Kep. Bangka Belitung,620076,383642570.0,212699291.0,0.0,2212648.0,1349608.0,2918745.0,0.0,33425010.0,,0.0,,5068473.0,132024549.0,186578890.0,4819972.0,,1108129.0,0.0,7099224.0,0.0,,,43365801.0,67755448.0,29251726.0,0.0,14110462.0,19.64,10.23,,4.04,,79.29,112494788.0,
2013,12,,,PT Bank Perekonomian Rakyat Syariah Mitra Harmoni Kota Bandung,Kota Bogor,Provinsi Jawa Barat,620161,6255227.0,4497615.0,0.0,0.0,0.0,0.0,0.0,0.0,,0.0,,795157.0,66021.0,3093000.0,29674.0,,38616.0,0.0,1468840.0,0.0,,,865065.0,1160523.0,1295459.0,0.0,-437581.0,16.0,3.49,,-7.0,,72.79,1337509.0,
2013,12,,,PT BPRS Saka Dana Mulia,Kab. Kudus,Provinsi Jawa Tengah,620167,4126754.0,1069165.0,0.0,0.0,0.0,0.0,0.0,145500.0,,0.0,,1899739.0,0.0,327500.0,27985.0,,2391.0,0.0,100429.0,0.0,,,299946.0,305914.0,494493.0,0.0,-203305.0,99.26,3.5,,-7.74,,52.19,2643693.0,
2013,12,,,PT BPRS Barakah Nawaitul Ikhlas,Kota Solok,Provinsi Sumatera Barat,620123,6105083.0,4107190.0,0.0,179662.0,4750.0,0.0,0.0,0.0,,0.0,,16964.0,2995942.0,1270185.0,71342.0,,16177.0,0.0,1104218.0,0.0,,,714951.0,1132215.0,661232.0,0.0,52729.0,17.63,3.07,,0.92,,79.94,1628524.0,
2013,12,,,PT. BPRS Muamalat Yotefa,Kab. Jayapura,Provinsi Papua,620067,,,,,,,,,,,,,,,,,,,,,,,,,,,,,,,,,,,
2013,12,,,PT Bank Perekonomian Rakyat Syariah Puduarta Insani,Kab. Deli Serdang,Provinsi Sumatera Utara,620058,42717308.0,29817412.0,0.0,61666.0,1720.0,0.0,700000.0,0.0,,0.0,,9797589.0,0.0,16332640.0,327283.0,,85939.0,0.0,12910334.0,0.0,,,3190616.0,6053545.0,2551103.0,0.0,519096.0,12.31,0.72,,1.62,,0.86,11698050.0,
2013,12,,,PT. BPRS Rif'atul Ummah,Kab. Bogor,Provinsi Jawa Barat,620068,9201527.0,4145198.0,270991.0,0.0,735834.0,946323.0,0.0,10892.0,,0.0,,1812631.0,0.0,1369500.0,22852.0,,64950.0,0.0,3953655.0,18888.0,,,1399596.0,1612820.0,1164296.0,0.0,218946.0,25.38,14.53,,1.02,,1.77,1605862.0,
2013,12,,,PT Bank Perekonomian Rakyat Syariah Fajar Sejahtera Bali,Kab. Badung,Provinsi Bali,620026,2886861.0,6235771.0,0.0,0.0,0.0,0.0,0.0,0.0,,0.0,,1262.0,2617101.0,1513500.0,3723558.0,,7870.0,0.0,0.0,10000.0,,,3431599.0,3825189.0,5145798.0,0.0,-2458567.0,-47.6,72.12,,-85.16,,-30.57,147176.0,
2013,12,,,PT Bank Perekonomian Rakyat Syariah Bhakti Sumekar Perseroda,Kab. Sumenep,Provinsi Jawa Timur,620085,317486372.0,200295923.0,0.0,0.0,35639161.0,0.0,2193278.0,2008500.0,,0.0,,43746871.0,248580.0,61900817.0,2516463.0,,610262.0,0.0,126829009.0,0.0,,,30980189.0,46132969.0,16965395.0,0.0,11877680.0,61.24,1.75,,5.63,,79.55,69562125.0,
2013,12,,,PT Bank Perekonomian Rakyat Syariah Bandar Lampung (Perseroda),Kota Bandar Lampung,Provinsi Lampung,620051,28893417.0,7182033.0,0.0,14994422.0,12333.0,0.0,0.0,0.0,,0.0,,2175683.0,403260.0,9229700.0,374703.0,,72330.0,0.0,14090459.0,0.0,,,3320390.0,5699444.0,2295601.0,0.0,787149.0,11.97,1.68,,3.58,,88.96,6753020.0,
2013,12,,,PT BANK PEREKONOMIAN RAKYAT SYARIAH AL MAKMUR,Kota Payakumbuh,Provinsi Sumatera Barat,620132,45487645.0,26714356.0,0.0,0.0,0.0,0.0,0.0,4268350.0,,0.0,,11989192.0,1155311.0,25366252.0,315803.0,,437577.0,0.0,3577128.0,0.0,,,4975679.0,7591826.0,4233028.0,0.0,611083.0,9.67,0.76,,3.07,,69.69,12919416.0,
2013,12,,,PT Bank Perekonomian Rakyat Syariah Kabupaten Ngawi Perseroda,Kab. Ngawi,Provinsi Jawa Timur,620183,,,,,,,,,,,,,,,,,,,,,,,,,,,,,,,,,,,
2013,12,,,PT Bank Perekonomian Rakyat Syariah Patriot Bekasi Perseroda,Kota Bekasi,Provinsi Jawa Barat,620108,29780287.0,15730496.0,0.0,3433777.0,300990.0,0.0,0.0,1823350.0,,0.0,,3755150.0,786528.0,6170300.0,3397815.0,,15027.0,0.0,5553437.0,0.0,,,4201161.0,4786883.0,2999682.0,0.0,1218567.0,74.0,19.23,,4.27,,89.48,7188554.0,
2013,12,,,PT. BPRS Asri Madani Nusantara,Kab. Jember,Provinsi Jawa Timur,620033,11984057.0,9612291.0,0.0,376332.0,63150.0,55695.0,0.0,0.0,,0.0,,0.0,4818032.0,1626100.0,82707.0,,119723.0,0.0,3533891.0,375000.0,,,1382250.0,2193523.0,995280.0,9904.0,346370.0,14.53,0.86,,3.46,,89.69,1639992.0,
2013,12,,,PT Bank Perekonomian Rakyat Syariah Aman Syariah,Kab. Lampung Timur,Provinsi Lampung,620173,,,,,,,,,,,,,,,,,,,,,,,,,,,,,,,,,,,
2013,12,,,PT Bank Perekonomian Rakyat Syariah Sarana Prima Mandiri,Kab. Pamekasan,Provinsi Jawa Timur,620127,21503221.0,13245210.0,0.0,0.0,2258549.0,480669.0,0.0,156238.0,,0.0,,4296783.0,148918.0,10324673.0,127568.0,,60265.0,0.0,4172680.0,19480.0,,,2320365.0,3320762.0,1860004.0,0.0,531487.0,15.82,6.58,,2.47,,77.15,4437386.0,
2013,12,,,PT BPRS Guguk Mas Makmur,Kab. Limapuluh Koto,Provinsi Sumatera Barat,620194,,,,,,,,,,,,,,,,,,,,,,,,,,,,,,,,,,,
2013,12,,,PT Bank Perekonomian Rakyat Syariah Al Ihsan,Kab. Bandung,Provinsi Jawa Barat,620044,4301396.0,1275538.0,0.0,1400354.0,235900.0,0.0,0.0,149570.0,,0.0,,2935691.0,0.0,762500.0,110517.0,,12805.0,0.0,24079.0,37450.0,,,1003143.0,1082955.0,861388.0,0.0,142240.0,18.0,10.43,,3.31,,74.26,1197212.0,
2013,12,,,PT Bank Perekonomian Rakyat Syariah Way Kanan (Perseroda),Kab. Lampung Selatan,Provinsi Lampung,620157,25181696.0,9098662.0,0.0,5316997.0,4336288.0,0.0,0.0,350000.0,,0.0,,4683858.0,1880426.0,505500.0,190687.0,,122239.0,0.0,12366250.0,0.0,,,4163515.0,5072394.0,1969571.0,0.0,1882427.0,26.69,0.96,,10.44,,106.38,5539860.0,
2013,12,,,PT. BPRS Ikhsanul Amal,Kab. Kebumen,Provinsi Jawa Tengah,620047,8719269.0,4515911.0,0.0,0.0,0.0,0.0,161111.0,1271146.0,,0.0,,0.0,3706424.0,1633000.0,192130.0,,3828.0,0.0,1756999.0,366303.0,,,1147360.0,1542357.0,1357776.0,522.0,-46425.0,20.0,14.94,,-0.49,,99.24,2269242.0,
2013,12,,,PT Bank Pembiayaan Rakyat Syariah Gayo Perseroda,Kab. Aceh Tengah,Provinsi NAD,620120,13010636.0,9935063.0,0.0,0.0,0.0,0.0,0.0,0.0,,0.0,,4409.0,3969760.0,1589000.0,106437.0,,13013.0,0.0,99819.0,0.0,,,1806197.0,2322345.0,1486205.0,7945.0,271125.0,75.47,13.93,,2.65,,93.65,2185383.0,
2013,12,,,PT Bank Perekonomian Rakyat Syariah Dana Hidayatullah,Kota Yogyakarta,Provinsi D.I. Yogyakarta,620107,23327211.0,13647573.0,0.0,243843.0,322166.0,10000.0,1545815.0,315000.0,,0.0,,782144.0,5213229.0,13141400.0,642162.0,,15824.0,0.0,1425367.0,0.0,,,2098680.0,3789540.0,1835397.0,0.0,206320.0,15.27,10.13,,1.69,,90.18,6651736.0,
2013,12,,,PT Bank Perekonomian Rakyat Syariah Tanggamus (Perseroda),Kab. Tanggamus,Provinsi Lampung,620082,25244816.0,17234066.0,0.0,0.0,0.0,0.0,0.0,0.0,,0.0,,348770.0,9901188.0,842654.0,279045.0,,55905.0,0.0,5105649.0,0.0,,,3022392.0,4219507.0,2152003.0,0.0,739584.0,63.0,4.4,,3.81,,74.38,7357909.0,
2013,12,,,PT Bank Perekonomian Rakyat Syariah Baiturridha Pusaka,Kota Bandung,Provinsi Jawa Barat,620011,56187487.0,1482368.0,0.0,37593360.0,60000.0,0.0,312625.0,62500.0,,0.0,,6277551.0,1280270.0,7480734.0,445411.0,,378158.0,0.0,32185919.0,0.0,,,8752245.0,12539636.0,4426353.0,0.0,3354263.0,19.05,0.68,,5.97,,91.32,13019915.0,
2013,12,,,PT Bank Perekonomian Rakyat Syariah Mitra Harmoni Yogyakarta,Kota Yogyakarta,Provinsi D.I. Yogyakarta,620149,12041602.0,10155213.0,0.0,14885.0,0.0,0.0,37500.0,0.0,,0.0,,1177860.0,1349214.0,6779750.0,59892.0,,51620.0,0.0,1748113.0,0.0,,,1656957.0,2470557.0,1508679.0,0.0,129799.0,9.0,3.03,,1.36,,90.16,1543701.0,
2013,12,,,PT Bank Perekonomian Rakyat Syariah Gebu Prima,Kota Medan,Provinsi Sumatera Utara,620055,17531880.0,13802860.0,0.0,393340.0,0.0,0.0,0.0,0.0,,0.0,,557776.0,7849177.0,5949500.0,348163.0,,12398.0,0.0,66982.0,0.0,,,1758577.0,2512718.0,1920999.0,0.0,5779.0,19.82,5.94,,-1.01,,81.36,1496219.0,
2013,12,,,PT Bank Perekonomian Rakyat Syariah Lampung Timur (Perseroda),Kab. Lampung Timur,Provinsi Lampung,620140,14261512.0,1227025.0,0.0,9152816.0,4800.0,0.0,0.0,577619.0,,0.0,,1854133.0,15152.0,395000.0,237370.0,,24828.0,0.0,5453983.0,0.0,,,1645240.0,2752295.0,1260523.0,0.0,336550.0,55.0,6.36,,2.65,,78.21,3370072.0,
2013,12,,,PT Bank Perekonomian Rakyat Syariah Muamalat Harkat,Kab. Seluma,Provinsi Bengkulu,620052,27886546.0,23654656.0,0.0,0.0,7500.0,46346.0,0.0,0.0,,0.0,,204616.0,10450331.0,6034750.0,125173.0,,63593.0,0.0,7441608.0,0.0,,,5360766.0,7475641.0,3845093.0,37407.0,1211204.0,14.21,17.01,,8.25,,18.63,2207286.0,
2013,12,,,PT. BPRS Safir,Kota Bengkulu,Provinsi Bengkulu,620090,,,,,,,,,,,,,,,,,,,,,,,,,,,,,,,,,,,
2013,12,,,PT Bank Perekonomian Rakyat Syariah Metro Madani,Kota Metro,Provinsi Lampung,620091,69836580.0,39727810.0,0.0,188712.0,2527536.0,0.0,4645139.0,1261111.0,,0.0,,18193765.0,1254966.0,17891600.0,446313.0,,73147.0,0.0,25422953.0,502500.0,,,8156111.0,12669831.0,5645265.0,0.0,2146449.0,12.56,1.65,,4.14,,73.35,18938864.0,
2013,12,,,PT Bank Perekonomian Rakyat Syariah Kedung Arto,Kota Semarang,Provinsi Jawa Tengah,620191,,,,,,,,,,,,,,,,,,,,,,,,,,,,,,,,,,,
2013,12,,,PT Bank Perekonomian Rakyat Syariah Fadhilah Kota Bengkulu (Perseroda),Kota Bengkulu,Provinsi Bengkulu,620184,,,,,,,,,,,,,,,,,,,,,,,,,,,,,,,,,,,
2013,12,,,PT BPRS Bina Finansia,Kota Semarang,Provinsi Jawa Tengah,620102,16053160.0,12373903.0,0.0,605177.0,14444.0,1794.0,5870.0,0.0,,0.0,,0.0,5494236.0,7368711.0,457728.0,,103580.0,0.0,1399205.0,0.0,,,1765015.0,2790748.0,1607944.0,0.0,138608.0,12.51,9.15,,0.37,,85.92,1538730.0,
2013,12,,,PT. BPRS Mitra Harmoni Kota Semarang,Kota Semarang,Provinsi Jawa Tengah,620151,7736876.0,6279481.0,0.0,9200.0,0.0,0.0,0.0,0.0,,0.0,,621784.0,121649.0,2698700.0,60598.0,,54677.0,0.0,3132776.0,0.0,,,1337274.0,1727954.0,1318486.0,0.0,17467.0,17.92,1.61,,0.23,,126.92,1356867.0,
2013,12,,,PT. BPRS Gotong Royong,Kab. Subang,Provinsi Jawa Barat,620172,,,,,,,,,,,,,,,,,,,,,,,,,,,,,,,,,,,
2013,12,,,PT Bank Perekonomian Rakyat Syariah Formes Sleman,Kab. Sleman,Provinsi D.I. Yogyakarta,620136,24406173.0,13638504.0,0.0,1049622.0,13289.0,0.0,521465.0,600024.0,,0.0,,1773021.0,5562085.0,9758700.0,181252.0,,126258.0,0.0,5419515.0,0.0,,,1789643.0,3889652.0,1678767.0,0.0,120156.0,10.16,3.68,,0.57,,92.57,6229257.0,
2013,12,,,PT Bank Perekonomian Rakyat Syariah Harum Hikmahnugraha,Kab. Garut,Provinsi Jawa Barat,620029,,,,,,,,,,,,,,,,,,,,,,,,,,,,,,,,,,,
2013,12,,,PT BPRS Taeh Baruah,Kab. Limapuluh Koto,Provinsi Sumatera Barat,620190,,,,,,,,,,,,,,,,,,,,,,,,,,,,,,,,,,,
2013,12,,,PT Bank Perekonomian Rakyat Syariah Dana Moneter,Kota Makassar,Provinsi Sulawesi Selatan,620030,31503967.0,28643236.0,0.0,0.0,31000.0,0.0,0.0,0.0,,0.0,,17103933.0,1788777.0,2677500.0,1092962.0,,80535.0,0.0,39460.0,0.0,,,5235628.0,5656061.0,4517628.0,0.0,588425.0,33.55,6.8,,2.54,,120.13,3256814.0,
2013,12,,,PT Bank Perekonomian Rakyat Syariah Harta Insan Karimah Mitra Cahaya Indonesia,Kab. Sleman,Provinsi D.I. Yogyakarta,620133,8689814.0,2847143.0,0.0,304610.0,0.0,0.0,690592.0,1519315.0,,0.0,,385933.0,895748.0,6380250.0,70421.0,,82080.0,0.0,51777.0,0.0,,,1113833.0,1898280.0,1077058.0,0.0,40897.0,15.08,6.77,,0.44,,69.98,2338206.0,
2013,12,,,PT Bank Perekonomian Rakyat Syariah Khatulistiwa,Kab. Pasaman,Provinsi Sumatera Barat,620201,,,,,,,,,,,,,,,,,,,,,,,,,,,,,,,,,,,
2013,12,,,PT Bank Perekonomian Rakyat Syariah PNM Mentari,Kab. Garut,Provinsi Jawa Barat,620008,36571104.0,22451176.0,0.0,3974524.0,1278994.0,0.0,3000966.0,0.0,,0.0,,662993.0,5266715.0,12236600.0,484984.0,,39387.0,0.0,9806320.0,939394.0,,,5630937.0,8096321.0,3391793.0,0.0,1873655.0,26.81,1.98,,6.6,,86.81,5047849.0,
2013,12,,,PT Bank Perekonomian Rakyat Syariah Lampung Barat (Perseroda),Kab. Lampung Barat,Provinsi Lampung,620175,,,,,,,,,,,,,,,,,,,,,,,,,,,,,,,,,,,
2013,12,,,PT Bank Perekonomian Rakyat Syariah Alsalaam Amal Salman,Kota Depok,Provinsi Jawa Barat,620101,214719895.0,185451242.0,0.0,1242794.0,305344.0,0.0,763475.0,0.0,,0.0,,11270883.0,28224685.0,149635509.0,6423241.0,,654182.0,0.0,4915917.0,0.0,,,29408233.0,45063352.0,26300207.0,0.0,2232100.0,11.52,6.16,,1.39,,89.73,21627686.0,
2013,12,,,PT BPRS Berkah Amal Salman,Kota Bandung,Provinsi Jawa Barat,620001,,,,,,,,,,,,,,,,,,,,,,,,,,,,,,,,,,,
2013,12,,,PT Bank Perekonomian Rakyat Syariah Artha Amanah Ummat,Kab. Semarang,Provinsi Jawa Tengah,620116,12428390.0,7871983.0,0.0,706179.0,28000.0,0.0,130556.0,428157.0,,0.0,,141251.0,2813077.0,5607000.0,156115.0,,9059.0,0.0,2705885.0,0.0,,,1246595.0,2067062.0,826251.0,10582.0,361124.0,12.47,3.83,,3.72,,107.05,3128914.0,
2013,12,,,PT Bank Perekonomian Rakyat Syariah Tunas Artha Jaya Abadi,Kab. Kediri,Provinsi Jawa Timur,620200,,,,,,,,,,,,,,,,,,,,,,,,,,,,,,,,,,,
2013,12,,,PT Bank Perekonomian Rakyat Syariah Maslahat Dana Syariah Nusantara,Kota Bengkulu,Provinsi Bengkulu,620181,,,,,,,,,,,,,,,,,,,,,,,,,,,,,,,,,,,
2013,12,,,PT Bank Perekonomian Rakyat Syariah Rahmah Hijrah Agung,Kota Lhokseumawe,Provinsi NAD,620049,10406885.0,7327706.0,0.0,0.0,0.0,0.0,50000.0,15000.0,,0.0,,1020856.0,5402206.0,2438100.0,541202.0,,57752.0,0.0,467982.0,0.0,,,1970177.0,2421544.0,3182580.0,0.0,-1082111.0,16.73,23.61,,-10.03,,73.85,2332517.0,
2013,12,,,PT BPRS Artha Surya Barokah,Kota Semarang,Provinsi Jawa Tengah,620084,36912687.0,20573675.0,0.0,1096673.0,623191.0,0.0,1202667.0,2858007.0,,0.0,,15196377.0,104094.0,14742386.0,268442.0,,142465.0,0.0,2464256.0,0.0,,,4227980.0,5338314.0,2365974.0,42654.0,1663495.0,13.0,2.76,,5.82,,78.73,7732771.0,
2013,12,,,PT BPRS Al Hidayah,Kab. Pasuruan,Provinsi Jawa Timur,620072,20180866.0,9830503.0,0.0,0.0,0.0,0.0,6354000.0,83700.0,,0.0,,0.0,3733236.0,3997000.0,364635.0,,9743.0,0.0,10952105.0,49074.0,,,3001650.0,4447787.0,2490852.0,0.0,503236.0,8.54,4.8,,4.4,,4.06,3394918.0,
2013,12,,,PT Bank Perekonomian Rakyat Syariah Unisia Insan Indonesia,Kota Yogyakarta,Provinsi D.I. Yogyakarta,620178,,,,,,,,,,,,,,,,,,,,,,,,,,,,,,,,,,,
2013,12,,,PT Bank Perekonomian Rakyat Syariah Arthaaceh Sejahtera,Kota Banda Aceh,Provinsi NAD,620192,,,,,,,,,,,,,,,,,,,,,,,,,,,,,,,,,,,
2013,12,,,PT Bank Perekonomian Rakyat Syariah Bangun Arta,Kab. Cilacap,Provinsi Jawa Tengah,620195,,,,,,,,,,,,,,,,,,,,,,,,,,,,,,,,,,,
2013,12,,,PT Bank Perekonomian Rakyat Syariah Baiturridha Pusaka,Kota Bogor,Provinsi Jawa Barat,620011,56187487.0,1482368.0,0.0,37593360.0,60000.0,0.0,312625.0,62500.0,,0.0,,6277551.0,1280270.0,7480734.0,445411.0,,378158.0,0.0,32185919.0,0.0,,,8752245.0,12539636.0,4426353.0,0.0,3354263.0,19.05,0.68,,5.97,,91.32,13019915.0,
2013,12,,,PT BPRS Mitra Amanah,Kota Palangkaraya,Provinsi Kalimantan Tengah,620170,,,,,,,,,,,,,,,,,,,,,,,,,,,,,,,,,,,
2013,12,,,PT Bank Perekonomian Rakyat Syariah Hikmah Wakilah,Kota Banda Aceh,Provinsi NAD,620046,21939820.0,12873875.0,0.0,0.0,0.0,0.0,1494840.0,0.0,,0.0,,42008.0,6045983.0,10071750.0,213111.0,,0.0,0.0,1079163.0,0.0,,,3163662.0,4041099.0,2571844.0,0.0,651838.0,36.0,5.87,,2.97,,68.27,6832062.0,
2013,12,,,PT. BPRS Hareukat,Kab. Aceh Besar,Provinsi NAD,620003,11262583.0,5999040.0,0.0,0.0,0.0,0.0,1562458.0,0.0,,0.0,,119355.0,3759332.0,1449100.0,182325.0,,3106.0,0.0,4797547.0,0.0,,,1385535.0,2044939.0,1454464.0,0.0,-61830.0,14.0,16.8,,-0.55,,74.79,3329059.0,
2013,12,,,PT Bank Perekonomian Rakyat Syariah Taman Indah Darussalam,Kota Banda Aceh,Provinsi NAD,620158,1100447.0,778170.0,0.0,4444.0,0.0,0.0,30000.0,0.0,,0.0,,593470.0,0.0,0.0,68318.0,,284.0,0.0,39393.0,0.0,,,355814.0,366068.0,479459.0,0.0,-123906.0,56.27,12.47,,-8.82,,136.93,208036.0,
2013,12,,,PT Bank Perekonomian Rakyat Syariah Manfaatsyariah,Kab. Kutai Kartanegara,Provinsi Kalimantan Timur,620014,8171486.0,4720630.0,0.0,0.0,0.0,0.0,176716.0,0.0,,0.0,,6438447.0,0.0,493000.0,766092.0,,9077.0,0.0,97244.0,598404.0,,,1631904.0,1781206.0,1808689.0,0.0,-195330.0,12.0,41.0,,-12.0,,141.0,3278583.0,
2013,12,,,PT Bank Perekonomian Rakyat Syariah Barokah Dana Sejahtera,Kota Yogyakarta,Provinsi D.I. Yogyakarta,620115,41942483.0,17079963.0,0.0,2037603.0,869619.0,2247.0,2066008.0,9696569.0,,0.0,,5838477.0,5192186.0,21904140.0,344643.0,,318121.0,0.0,5587197.0,0.0,,,3453588.0,5755619.0,2620751.0,0.0,764879.0,10.16,3.77,,2.45,,96.4,9004547.0,
2013,12,,,PT Bank Perekonomian Rakyat Syariah Rahmania Dana Sejahtera,Kab. Aceh Jeumpa/Bireuen,Provinsi NAD,620148,4748575.0,3397632.0,0.0,0.0,0.0,0.0,0.0,0.0,,0.0,,274406.0,75492.0,3331500.0,40123.0,,5198.0,0.0,300365.0,0.0,,,623444.0,882553.0,662942.0,0.0,-43835.0,23.0,6.76,,-0.16,,0.76,1099118.0,
2013,12,,,PT Bank Perekonomian Rakyat Syariah Buana Mitra Perwira,Kab. Purbalingga,Provinsi Jawa Tengah,620083,58166761.0,19294391.0,0.0,3106906.0,0.0,0.0,125000.0,15566644.0,,0.0,,20029970.0,4505479.0,21152170.0,304824.0,,220344.0,0.0,6623641.0,0.0,,,6554058.0,9051231.0,5122185.0,0.0,1400999.0,13.09,2.36,,3.0,,79.36,18144384.0,
2013,12,,,PT Bank Perekonomian Rakyat Syariah Gunung Slamet,Kab. Banyumas,Provinsi Jawa Tengah,620146,27026914.0,20625718.0,0.0,1243788.0,100000.0,0.0,360000.0,1020000.0,,0.0,,2975467.0,46131.0,18458300.0,131099.0,,102480.0,0.0,3058267.0,0.0,,,1979987.0,4144168.0,1473696.0,0.0,462757.0,13.0,0.0,,2.21,,92.16,3362030.0,
2013,12,,,PT Bank Perekonomian Rakyat Syariah Carana Kiat Andalas,Kab. Agam,Provinsi Sumatera Barat,620064,19904315.0,14363768.0,0.0,0.0,8135.0,0.0,0.0,0.0,,0.0,,8269024.0,0.0,5068855.0,245635.0,,363820.0,0.0,5018657.0,0.0,,,2517256.0,3498781.0,3185536.0,0.0,-952809.0,9.06,25.14,,-5.16,,99.06,4150193.0,
2013,12,,,PT Bank Perekonomian Rakyat Syariah Khairan Inti Amanah,Kab. Parimo/Banggai,Provinsi Sulawesi Tengah,620188,,,,,,,,,,,,,,,,,,,,,,,,,,,,,,,,,,,
2013,12,,,PT Bank Perekonomian Rakyat Syariah Mitra Harmoni Kota Bandung,Kota Bandung,Provinsi Jawa Barat,620161,6255227.0,4497615.0,0.0,0.0,0.0,0.0,0.0,0.0,,0.0,,795157.0,66021.0,3093000.0,29674.0,,38616.0,0.0,1468840.0,0.0,,,865065.0,1160523.0,1295459.0,0.0,-437581.0,16.0,3.49,,-7.0,,72.79,1337509.0,
2013,12,,,PT BPRS Kota Juang Perseroda,Kab. Aceh Jeumpa/Bireuen,Provinsi NAD,620144,4187602.0,3054712.0,0.0,0.0,0.0,0.0,0.0,0.0,,0.0,,2341.0,1370696.0,358200.0,44467.0,,1906.0,0.0,800647.0,0.0,,,685399.0,878620.0,589087.0,0.0,98069.0,60.57,3.97,,2.97,,73.73,1098249.0,
2013,12,,,PT Bank Perekonomian Rakyat Syariah Meru Nusantara Mandiri,Kab. Magelang,Provinsi Jawa Tengah,620143,8166740.0,4099474.0,0.0,353291.0,40000.0,0.0,525332.0,75000.0,,0.0,,563791.0,1990257.0,4410850.0,187739.0,,9661.0,0.0,260822.0,0.0,,,1362094.0,1955992.0,1214396.0,0.0,147928.0,16.85,9.91,,21.74,,70.57,2792795.0,
2013,12,,,PT Bank Perekonomian Rakyat Syariah Hasanah Mandiri,Kota Depok,Provinsi Jawa Barat,620006,10687010.0,8570925.0,0.0,0.0,0.0,0.0,160000.0,0.0,,0.0,,0.0,55437.0,5328000.0,33796.0,,7679.0,0.0,2687241.0,447758.0,,,1101868.0,2082399.0,940973.0,0.0,160895.0,25.33,7.93,,0.63,,102.68,380843.0,
2013,12,,,PT Bank Perekonomian Rakyat Syariah Hikmah Bahari,Kota Tegal,Provinsi Jawa Tengah,620174,,,,,,,,,,,,,,,,,,,,,,,,,,,,,,,,,,,
2013,12,,,PT Bank Perekonomian Rakyat Syariah Sindanglaya Kotanopan,Kab. Mandailing Natal,Provinsi Sumatera Utara,620111,7592241.0,4179123.0,0.0,633950.0,0.0,0.0,0.0,458500.0,,0.0,,2201823.0,0.0,1564200.0,42065.0,,64832.0,0.0,1539582.0,0.0,,,1793996.0,1977047.0,1025619.0,0.0,723435.0,52.85,0.61,,10.29,,88.3,1858526.0,
2013,12,,,PT Bank Perekonomian Rakyat Syariah Bumi Artha Sampang,Kab. Cilacap,Provinsi Jawa Tengah,620112,21422748.0,13177216.0,0.0,0.0,2400.0,0.0,563000.0,1279444.0,,0.0,,5449510.0,2857767.0,7569600.0,275143.0,,172899.0,0.0,2401769.0,0.0,,,3405079.0,4176838.0,2822693.0,0.0,525530.0,20.0,5.51,,3.14,,144.06,6197735.0,
2013,12,,,PT Bank Perekonomian Rakyat Syariah Insan Madani,Kab. Sukoharjo,Provinsi Jawa Tengah,620154,39037032.0,9616253.0,0.0,0.0,0.0,0.0,12320280.0,8031779.0,,0.0,,0.0,1502394.0,27538302.0,225673.0,,233695.0,0.0,1937523.0,0.0,,,2850426.0,5484815.0,1638277.0,0.0,1212165.0,,,,,,,6533771.0,
2013,12,,,PT BANK PEREKONOMIAN RAKYAT ARTHA MADANI,Kota Bekasi,Provinsi Jawa Barat,620088,72533817.0,52558378.0,0.0,0.0,72541.0,0.0,0.0,6779500.0,,0.0,,15273481.0,194013.0,19471072.0,556202.0,,443059.0,0.0,26357642.0,0.0,,,11810159.0,16205617.0,6331856.0,135762.0,5514723.0,29.0,2.07,,9.44,,104.21,10336892.0,
2013,12,,,PT Bank Perekonomian Rakyat Syariah Harta Insan Karimah Insan Cita,Kab. Bogor,Provinsi Jawa Barat,620069,15456606.0,8033484.0,0.0,674081.0,150444.0,5001.0,800000.0,613.0,,0.0,,2952756.0,1721037.0,6319204.0,282415.0,,135276.0,0.0,60622.0,0.0,,,1450722.0,1791125.0,1430622.0,0.0,0.0,44.75,8.53,,-2.33,,64.02,5970514.0,
2013,12,,,PT Bank Perekonomian Rakyat Syariah Harta Insan Karimah Bekasi,Kota Bekasi,Provinsi Jawa Barat,620015,136308606.0,82923128.0,0.0,413818.0,280000.0,0.0,381391.0,28858002.0,,0.0,,10306942.0,312574.0,69032490.0,2930689.0,,0.0,0.0,42413678.0,0.0,,,11542085.0,23459238.0,8318459.0,72000.0,2649004.0,12.0,5.17,,194.0,,705.0,21290782.0,
2013,12,,,PT Bank Perekonomian Rakyat Syariah Tanmiya Artha,Kota Kediri,Provinsi Jawa Timur,620130,4810919.0,2396487.0,0.0,197908.0,0.0,0.0,396704.0,0.0,,0.0,,479709.0,1743902.0,1337500.0,38118.0,,26508.0,0.0,71046.0,0.0,,,718448.0,919379.0,559758.0,0.0,129072.0,35.0,7.82,,2.68,,83.35,1508040.0,
2013,12,,,PT BANK PEREKONOMIAN RAKYAT SYARIAH NIAGA MADANI,Kota Makassar,Provinsi Sulawesi Selatan,620039,45493860.0,37547249.0,0.0,0.0,0.0,0.0,0.0,0.0,,0.0,,0.0,3152552.0,25413590.0,1107793.0,,1423327.0,0.0,12838087.0,0.0,,,10423922.0,14417962.0,11047757.0,0.0,-432207.0,10.36,19.84,,-1.02,,131.44,3930824.0,
2013,12,,,PT Bank Perekonomian Rakyat Syariah Rajasa Lampung Tengah (Perseroda),Kab. Lampung Tengah,Provinsi Lampung,620129,,,,,,,,,,,,,,,,,,,,,,,,,,,,,,,,,,,
2013,12,,,PT Bank Perekonomian Rakyat Syariah Danagung Syariah,Kab. Sleman,Provinsi D.I. Yogyakarta,620128,17589778.0,11055521.0,0.0,697469.0,46332.0,0.0,484964.0,1782783.0,,0.0,,1197417.0,399566.0,12995000.0,174122.0,,23601.0,0.0,1136431.0,0.0,,,2220197.0,3539018.0,1576468.0,0.0,591157.0,11.99,0.0,,3.9,,84.86,3371280.0,
2013,12,,,PT BPRS SHADIQ AMANAH,Kota Cimahi,Provinsi Jawa Barat,620019,366267941.0,234782616.0,0.0,53863516.0,1025185.0,0.0,0.0,0.0,,0.0,,20044525.0,0.0,329158596.0,9047901.0,,764220.0,0.0,2612852.0,0.0,,,75834058.0,97000239.0,83275504.0,0.0,-7972393.0,6.43,10.13,,-10.01,,79.57,61952446.0,
2013,12,,,PT Bank Perekonomian Rakyat Syariah Dana Mulia,Kota Surakarta/Solo,Provinsi Jawa Tengah,620122,20310399.0,9419769.0,960000.0,1183784.0,5000.0,9626.0,0.0,3984187.0,,0.0,,1541386.0,1952672.0,10261510.0,198685.0,,17453.0,0.0,3616408.0,1403390.0,,,1662412.0,3132779.0,1423776.0,10767.0,352949.0,10.64,12.86,,2.07,,78.12,3788223.0,
2013,12,,,PT Bank Perekonomian Rakyat Syariah Harta Insan Karimah Parahyangan,Kab. Bandung,Provinsi Jawa Barat,620054,337807685.0,295903578.0,0.0,59130.0,660830.0,0.0,460000.0,1180000.0,,0.0,,19656939.0,175700.0,53536600.0,4149304.0,,1638358.0,0.0,223478776.0,792165.0,,,48762604.0,77984466.0,31828616.0,420000.0,12178490.0,21.28,2.1,,5.95,,102.12,31430968.0,
2013,12,,,PT Bank Perekonomian Rakyat Syariah Mitra Harmoni Kota Malang,Kota Malang,Provinsi Jawa Timur,620153,5989050.0,4437499.0,0.0,621379.0,0.0,0.0,0.0,0.0,,0.0,,746234.0,161993.0,1891500.0,38671.0,,26554.0,0.0,2325226.0,0.0,,,1040260.0,1363187.0,1245520.0,0.0,-212355.0,22.0,2.42,,-3.42,,99.2,658333.0,
2013,12,,,PT BPRS Mentari Pasaman Saiyo,Kab. Pasaman Barat,Provinsi Sumatera Barat,620059,,,,,,,,,,,,,,,,,,,,,,,,,,,,,,,,,,,
2013,12,,,PT Bank Perekonomian Rakyat Syariah Riyal Irsyadi,Kota Bekasi,Provinsi Jawa Barat,620005,41396887.0,32355748.0,0.0,0.0,0.0,0.0,15000.0,0.0,,0.0,,4972743.0,12417.0,18268700.0,701108.0,,139398.0,0.0,13776724.0,0.0,,,5328630.0,9021176.0,3496863.0,0.0,1496259.0,17.24,1.75,,4.43,,88.77,8600857.0,
2013,12,,,PT Bank Perekonomian Rakyat Syariah Investama Mega Bakti,Kota Makassar,Provinsi Sulawesi Selatan,620077,33829048.0,15642099.0,0.0,0.0,318068.0,0.0,3068175.0,10203257.0,,0.0,,100824.0,2575661.0,140000.0,479921.0,,492459.0,0.0,31309.0,26877042.0,,,2445732.0,5563398.0,2070542.0,0.0,347939.0,13.21,11.02,,0.96,,98.44,3549482.0,
2013,12,,,PT BPRS Bumi Rinjani Malang,Kota Malang,Provinsi Jawa Timur,620078,6830065.0,4195298.0,0.0,81360.0,0.0,0.0,0.0,383000.0,,0.0,,0.0,273234.0,3356000.0,70255.0,,10549.0,0.0,2066181.0,0.0,,,1138875.0,1877528.0,1836237.0,512.0,-725899.0,20.26,9.47,,-10.62,,128.39,1350667.0,
2013,12,,,PT Bank Perekonomian Rakyat Syariah Kotabumi (Perseroda),Kab. Lampung Selatan,Provinsi Lampung,620131,54640463.0,17692972.0,0.0,27877571.0,2500.0,0.0,0.0,0.0,,0.0,,5908229.0,248274.0,7179950.0,269420.0,,498119.0,0.0,30509861.0,0.0,,,6883895.0,10994177.0,3964548.0,0.0,2279852.0,22.89,0.23,,5.97,,98.24,8569458.0,
2013,12,,,PT Bank Perekonomian Rakyat Syariah Dana Amanah Surakarta,Kota Surakarta/Solo,Provinsi Jawa Tengah,620125,8495845.0,3003604.0,83925.0,1678467.0,4268.0,139915.0,538375.0,312500.0,,0.0,,1385605.0,9722.0,3929500.0,105296.0,,10131.0,0.0,2342988.0,0.0,,,808595.0,1418839.0,889883.0,0.0,-87101.0,14.0,9.19,,-1.03,,9.19,2590592.0,
2013,12,,,PT Bank Perekonomian Rakyat Syariah Suriyah,Kab. Cilacap,Provinsi Jawa Tengah,620086,68230535.0,37267414.0,14224.0,1632637.0,81375.0,689134.0,2845208.0,6465640.0,,0.0,,18105956.0,873430.0,32357127.0,941944.0,,668918.0,0.0,10050841.0,0.0,,,6375694.0,10443281.0,4826404.0,0.0,1245342.0,14.1,2.96,,2.59,,72.65,18731510.0,
2013,12,,,PT Bank Perekonomian Rakyat Syariah Mitra Amal Mulia,Kab. Sleman,Provinsi D.I. Yogyakarta,620117,24747576.0,14398107.0,0.0,798474.0,396283.0,875374.0,297958.0,833149.0,,0.0,,940348.0,1370608.0,17008676.0,146833.0,,31286.0,0.0,1024223.0,0.0,,,2312408.0,3931636.0,1658058.0,15371.0,522625.0,21.65,4.85,,2.11,,88.51,4286027.0,
2013,12,,,PT Bank Perekonomian Rakyat Syariah Almasoem,Kab. Bandung,Provinsi Jawa Barat,620027,79316551.0,49614012.0,0.0,470000.0,11436525.0,0.0,0.0,5868677.0,,0.0,,24883467.0,1665121.0,36255454.0,1211133.0,,532175.0,0.0,4635869.0,0.0,,,12036466.0,15890702.0,9174523.0,0.0,2544343.0,20.27,5.58,,3.71,,87.56,10837755.0,
2013,12,,,PT Bank Perekonomian Rakyat Syariah Hikmah Khazanah,Kota Surakarta/Solo,Provinsi Jawa Tengah,620171,,,,,,,,,,,,,,,,,,,,,,,,,,,,,,,,,,,
2013,12,,,PT Bank Perekonomian Rakyat Syariah Central Syariah Utama,Kota Surakarta/Solo,Provinsi Jawa Tengah,620137,8866830.0,5360145.0,0.0,629965.0,0.0,0.0,117748.0,0.0,,0.0,,25.0,810265.0,4459628.0,38221.0,,136662.0,0.0,2280635.0,0.0,,,369164.0,1183380.0,899748.0,0.0,-532512.0,16.16,13.5,,-49.62,,81.04,1353748.0,
2013,12,,,PT Bank Perekonomian Rakyat Syariah Harta Insan Karimah Jawa Tengah,Kab. Banyumas,Provinsi Jawa Tengah,620089,11367729.0,4250046.0,0.0,610105.0,116005.0,39045.0,0.0,2033654.0,,0.0,,1838547.0,58998.0,3727100.0,58716.0,,19592.0,0.0,4388761.0,0.0,,,1377317.0,2210760.0,1251146.0,0.0,150393.0,,,,,,,3631882.0,
2013,12,,,PT Bank Perekonomian Rakyat Syariah Amanah Rabbaniah,Kab. Bandung,Provinsi Jawa Barat,620002,28452725.0,16350610.0,0.0,3544070.0,703859.0,0.0,0.0,760901.0,,0.0,,7308689.0,530494.0,15177250.0,428548.0,,141500.0,0.0,2209213.0,0.0,,,4271593.0,6188634.0,3268800.0,12000.0,900989.0,,,,,,,6473699.0,
2013,12,,,PT Bank Perekonomian Rakyat Syariah Madinah,Kab. Lamongan,Provinsi Jawa Timur,620139,6301881.0,3559942.0,0.0,0.0,0.0,0.0,0.0,1054093.0,,0.0,,484774.0,2340726.0,1902244.0,71002.0,,22939.0,0.0,220626.0,0.0,,,1164613.0,1330996.0,833598.0,7288.0,309570.0,23.4,3.45,,3.39,,97.59,1532468.0,
2013,12,,,PT Bank Perekonomian Rakyat Syariah Vitka Central,Kota Batam,Provinsi Kep. Riau,620134,39900784.0,36124244.0,0.0,775865.0,11561.0,0.0,30031.0,0.0,,0.0,,486965.0,4230593.0,17518879.0,1073751.0,,39041.0,0.0,15100688.0,0.0,,,0.0,0.0,0.0,0.0,0.0,11.32,16.34,,1.75,,93.19,3587961.0,
2013,12,,,PT BPRS Magetan (Perseroda),Kab. Magetan,Provinsi Jawa Timur,620165,8579506.0,6467107.0,0.0,0.0,0.0,0.0,0.0,0.0,,0.0,,1493018.0,296456.0,1600000.0,37891.0,,6976.0,0.0,2676.0,1745000.0,,,749600.0,860586.0,778640.0,0.0,-26166.0,81.13,0.0,,-0.3,,75.46,1912410.0,
2013,12,,,PT BPRS Bumi Rinjani,Kota Batu,Provinsi Jawa Timur,620109,9721102.0,6734500.0,0.0,0.0,0.0,0.0,0.0,1772380.0,,0.0,,0.0,1655727.0,4913700.0,170952.0,,15578.0,0.0,1407329.0,0.0,,,1401658.0,2296358.0,1143774.0,5769.0,228305.0,20.93,6.97,,2.47,,104.03,792049.0,
2013,12,,,PT Bank Perekonomian Rakyat Syariah Nurul Ikhwan,Kab. Polewali Mandar,Provinsi Sulawesi Barat,620045,1074247.0,1129756.0,0.0,0.0,16600.0,0.0,0.0,0.0,,0.0,,2394.0,402643.0,0.0,236871.0,,280.0,0.0,271727.0,0.0,,,324825.0,368444.0,208540.0,0.0,93275.0,43.83,29.9,,9.08,,283.03,129943.0,
2013,12,,,PT. BPRS Al-Yaqin,Kab. Simalungun,Provinsi Sumatera Utara,620092,7579704.0,5859332.0,0.0,0.0,0.0,0.0,0.0,45000.0,,0.0,,953597.0,697110.0,1825500.0,41403.0,,22507.0,0.0,2488704.0,573100.0,,,972519.0,1516453.0,762908.0,0.0,179577.0,16.66,5.4,,2.71,,168.55,1318893.0,
2013,12,,,PT Bank Perekonomian Rakyat Syariah Serambi Mekah,Kota Langsa,Provinsi NAD,620152,2150028.0,600017.0,0.0,0.0,0.0,0.0,0.0,0.0,,0.0,,247079.0,0.0,308000.0,21188.0,,4550.0,0.0,1196260.0,0.0,,,403752.0,457603.0,756043.0,0.0,-351766.0,32.34,60.28,,-12.0,,60.43,1473590.0,
2013,12,,,PT Bank Perekonomian Rakyat Syariah Bangun Drajat Warga,Kab. Bantul,Provinsi D.I. Yogyakarta,620018,43482789.0,17142724.0,0.0,492481.0,22229.0,207637.0,8645034.0,2623652.0,,0.0,,12259726.0,12933486.0,11009065.0,499012.0,,28918.0,0.0,2350634.0,0.0,,,3901414.0,5082861.0,2646430.0,32410.0,1157766.0,18.63,7.59,,2.67,,79.12,13267375.0,
2013,12,,,PT Bank Perekonomian Rakyat Syariah Alwadiah,Kota Tasikmalaya,Provinsi Jawa Barat,620037,22556265.0,16010629.0,0.0,0.0,0.0,0.0,23862.0,1400000.0,,0.0,,169068.0,5914560.0,9525470.0,385810.0,,87090.0,0.0,2324521.0,0.0,,,3166062.0,4235981.0,1481866.0,0.0,1505444.0,48.23,4.3,,6.67,,111.7,5067326.0,
2013,12,,,PT Bank Perekonomian Rakyat Syariah Amanah Sejahtera,Kab. Gresik,Provinsi Jawa Timur,620050,67958506.0,32893966.0,0.0,0.0,241351.0,0.0,121250.0,6840617.0,,0.0,,15395370.0,31601241.0,13892721.0,1095784.0,,28890.0,0.0,721561.0,607160.0,,,8478768.0,10442844.0,7015560.0,0.0,1302690.0,11.67,4.66,,1.59,,119.38,21112788.0,
2013,12,,,PT Bank Perekonomian Rakyat Syariah Bina Amanah Satria,Kab. Banyumas,Provinsi Jawa Tengah,620087,29651376.0,9643339.0,0.0,439150.0,849152.0,68877.0,401367.0,9410233.0,,0.0,,5897883.0,2260160.0,8612558.0,314678.0,,168674.0,0.0,9742562.0,0.0,,,4097965.0,5299556.0,3494137.0,0.0,716061.0,13.32,3.02,,2.77,,78.58,8486496.0,
2013,12,,,PT Bank Perekonomian Rakyat Syariah Mandiri Mitra Sukses,Kab. Gresik,Provinsi Jawa Timur,620126,28949296.0,10924536.0,0.0,0.0,0.0,0.0,0.0,12585500.0,,0.0,,480062.0,5949914.0,11551500.0,254398.0,,234263.0,0.0,7073059.0,0.0,,,3912348.0,5176404.0,3373596.0,0.0,590498.0,14.44,3.85,,0.2,,81.99,2573728.0,
2013,12,,,PT Bank Perekonomian Rakyat Syariah Tulen Amanah,Kab. Lombok Tengah,Provinsi Nusa Tenggara Barat,620009,13749735.0,11231779.0,0.0,0.0,0.0,0.0,0.0,0.0,,0.0,,0.0,3681078.0,5821600.0,177161.0,,19624.0,0.0,976622.0,0.0,,,2091118.0,2878448.0,943644.0,73500.0,1004297.0,28.0,6.31,,8.85,,118.0,2108295.0,
2013,12,,,PT Bank Perekonomian Rakyat Syariah Al Washliyah,Kota Medan,Provinsi Sumatera Utara,620036,13696752.0,4753295.0,0.0,1059704.0,0.0,0.0,146775.0,0.0,,0.0,,255881.0,2457988.0,6870250.0,417695.0,,230108.0,0.0,2010335.0,0.0,,,1499219.0,2233448.0,1462869.0,0.0,31552.0,24.0,6.26,,0.26,,62.18,7100471.0,
2013,12,,,PT Bank Perekonomian Rakyat Syariah Arsa Sejahtera,Kota Batu,Provinsi Jawa Timur,620079,20852725.0,16913880.0,0.0,0.0,0.0,0.0,0.0,290000.0,,0.0,,0.0,507353.0,8503772.0,151741.0,,19251.0,0.0,8865636.0,0.0,,,1979543.0,4319572.0,1256250.0,11165.0,756713.0,16.67,2.31,,3.89,,96.75,2184466.0,
2013,12,,,PT Bank Perekonomian Rakyat Syariah Baktimakmur Indah,Kab. Sidoarjo,Provinsi Jawa Timur,620022,122977506.0,42992225.0,0.0,1405221.0,1873800.0,86667.0,0.0,58256777.0,,0.0,,8918016.0,38182404.0,26073223.0,848716.0,,325120.0,0.0,32012435.0,0.0,,,13520819.0,19573879.0,8629887.0,123552.0,3861001.0,100.38,2.39,,4.55,,88.33,16870737.0,
2013,12,,,PT Bank Pembiayaan Rakyat Syariah Jam Gadang Perseroda,Kota Bukittinggi,Provinsi Sumatera Barat,620185,,,,,,,,,,,,,,,,,,,,,,,,,,,,,,,,,,,
2013,12,,,PT Bank Perekonomian Rakyat Syariah Harta Insan Karimah Cibitung,Kota Bekasi,Provinsi Jawa Barat,620020,55876880.0,44258235.0,0.0,5288.0,4700.0,0.0,0.0,50000.0,,0.0,,8411282.0,365479.0,7226930.0,803437.0,,468613.0,0.0,31753003.0,0.0,,,7882087.0,10607898.0,4801220.0,75000.0,2865312.0,24.86,1.97,,8.3,,0.0,10792998.0,
2013,12,,,PT Bank Perekonomian Rakyat Syariah Margirizki Bahagia,Kab. Bantul,Provinsi D.I. Yogyakarta,620017,40684081.0,20301614.0,0.0,753620.0,0.0,0.0,3051886.0,2461304.0,,0.0,,4958070.0,6524921.0,20994400.0,264136.0,,18469.0,0.0,4323906.0,0.0,,,3411709.0,6049327.0,2426765.0,0.0,851876.0,11.7,4.09,,2.9,,73.0,12495648.0,
2013,12,,,PT. BPRS Asad Alif,Kab. Kendal,Provinsi Jawa Tengah,620070,13113783.0,10744950.0,0.0,0.0,0.0,0.0,0.0,881969.0,,0.0,,44197.0,5843178.0,4512400.0,91340.0,,0.0,0.0,1090670.0,0.0,,,1496919.0,2076248.0,1148779.0,12907.0,301719.0,12.0,9.75,,2.2,,91.0,1158628.0,
2013,12,,,PT. BANK PEREKONOMIAN RAKYAT SYARIAH PNM PATUH BERAMAL AMALI,Kota Mataram,Provinsi Nusa Tenggara Barat,620021,20166400.0,12225488.0,0.0,0.0,210592.0,0.0,1328000.0,0.0,,0.0,,49072.0,4778970.0,6634500.0,366284.0,,271173.0,0.0,2785319.0,1184000.0,,,2629260.0,3789469.0,1346519.0,30402.0,1104792.0,28.87,2.46,,7.34,,78.46,5689627.0,
2013,12,,,PT Bank Perekonomian Rakyat Syariah Annisa Mukti,Kab. Sidoarjo,Provinsi Jawa Timur,620135,8258994.0,6432744.0,0.0,0.0,0.0,0.0,0.0,340000.0,,0.0,,0.0,763497.0,2802000.0,53517.0,,47151.0,0.0,2306036.0,0.0,,,1988128.0,2488141.0,1215439.0,15235.0,693084.0,31.65,0.81,,9.6,,84.22,1128493.0,
2013,12,,,PT Bank Perekonomian Rakyat Syariah Situbondo,Kab. Situbondo,Provinsi Jawa Timur,620081,8588462.0,5436936.0,0.0,197000.0,38807.0,0.0,0.0,0.0,,0.0,,541965.0,1449095.0,204500.0,194038.0,,4869.0,0.0,218679.0,0.0,,,1731961.0,1748998.0,1395664.0,0.0,310265.0,112.18,6.42,,4.26,,71.2,2603333.0,
2013,12,,,PT BPRS Mojo Artho Kota Mojokerto Perseroda,Kota Mojokerto,Provinsi Jawa Timur,620160,27108494.0,11096333.0,0.0,548788.0,314900.0,114025.0,3098000.0,0.0,,0.0,,377412.0,4124031.0,3781000.0,165631.0,,46978.0,0.0,11046733.0,0.0,,,3037842.0,4227652.0,1412633.0,20840.0,827268.0,54.0,2.0,,3.0,,86.0,10348146.0,
2013,12,,,PT Bank Perekonomian Rakyat Syariah Balerong Bunta,Kab. Tanah Datar,Provinsi Sumatera Barat,620197,,,,,,,,,,,,,,,,,,,,,,,,,,,,,,,,,,,
2013,12,,,PT Bank Perekonomian Rakyat Syariah Karya Mugi Sentosa,Kota Surabaya,Provinsi Jawa Timur,620113,28786709.0,13420273.0,0.0,276817.0,9041453.0,0.0,279798.0,442784.0,,0.0,,10464549.0,1309056.0,6031700.0,263225.0,,150300.0,0.0,883320.0,2500000.0,,,3629045.0,4317263.0,3018622.0,15884.0,598413.0,28.19,3.17,,2.43,,126.72,2481887.0,
2013,12,,,PT Bank Perekonomian Rakyat Syariah Harta Insan Karimah Fajar Nitro,Kota Makassar,Provinsi Sulawesi Selatan,620168,2897358.0,1071239.0,0.0,0.0,0.0,0.0,0.0,0.0,,0.0,,24924.0,740343.0,127500.0,12288.0,,19017.0,0.0,1338.0,0.0,,,89461.0,118735.0,1099533.0,0.0,-1015764.0,152.59,0.0,,33.53,,119.99,1540878.0,
2013,12,,,PT. BPRS Jabal Tsur,Kab. Pasuruan,Provinsi Jawa Timur,620103,24800591.0,7818935.0,0.0,3337598.0,429470.0,0.0,0.0,4409750.0,,0.0,,3748415.0,4173318.0,5175210.0,247060.0,,99061.0,0.0,8471279.0,69715.0,,,4284511.0,5444605.0,3409941.0,20929.0,763593.0,14.26,5.21,,3.08,,75.25,7294794.0,
2013,12,,,PT Bank Perekonomian Rakyat Syariah Daya Artha Mentari,Kab. Pasuruan,Provinsi Jawa Timur,620056,19147449.0,10549220.0,0.0,1516228.0,6464.0,0.0,323550.0,8000.0,,0.0,,2331046.0,5360811.0,2381800.0,384287.0,,2530.0,0.0,5985221.0,0.0,,,2593287.0,3612727.0,2098425.0,13663.0,512402.0,21.0,17.84,,3.07,,78.89,4511126.0,
2013,12,,,PT Bank Perekonomian Rakyat Syariah Bobato Lestari,Kota Tidore Kepulauan,Provinsi Maluku Utara,620179,,,,,,,,,,,,,,,,,,,,,,,,,,,,,,,,,,,
2013,12,,,PT Bank Perekonomian Rakyat Syariah Amanah Insani,Kab. Bekasi,Provinsi Jawa Barat,620066,52305114.0,23504570.0,0.0,0.0,1064682.0,0.0,13207430.0,0.0,,0.0,,22074750.0,0.0,22211952.0,384271.0,,388282.0,0.0,1846.0,0.0,,,5597730.0,7584664.0,4910399.0,121200.0,877804.0,17.0,8.56,,2.0,,72.76,13859875.0,
2013,12,,,PT Bank Perekonomian Rakyat Syariah Hasanah,Kota Pekanbaru,Provinsi Riau,620041,8943707.0,5181684.0,0.0,43600.0,0.0,0.0,0.0,283610.0,,0.0,,157854.0,2022276.0,3771545.0,286580.0,,36056.0,0.0,1594428.0,0.0,,,1077516.0,1380893.0,1103845.0,0.0,113072.0,28.92,11.14,,1.26,,62.92,3159365.0,
2013,12,,,PT. BPRS Ummu,Kab. Pasuruan,Provinsi Jawa Timur,620074,10416495.0,7627462.0,0.0,0.0,0.0,0.0,149480.0,0.0,,0.0,,0.0,5247004.0,1071200.0,149239.0,,4388.0,0.0,323750.0,1097222.0,,,1718754.0,2108780.0,1377127.0,0.0,258927.0,30.57,11.29,,2.15,,75.86,2017883.0,
2013,12,,,PT Bank Perekonomian Rakyat Syariah Bahari Berkesan,Kota Ternate,Provinsi Maluku Utara,620164,11793076.0,7745412.0,0.0,0.0,0.0,0.0,659800.0,0.0,,0.0,,619814.0,3805169.0,1713150.0,49622.0,,55429.0,0.0,4268.0,0.0,,,1049539.0,1266246.0,691941.0,0.0,401202.0,43.92,3.97,,0.67,,1.37,3313961.0,
2013,12,,,PT. BPRS Cilegon Mandiri,Kota Cilegon,Provinsi Banten,620080,72731266.0,26891402.0,14268213.0,2209958.0,48500.0,88305.0,0.0,8036502.0,,0.0,,3517646.0,4097867.0,5483178.0,1267320.0,,521698.0,0.0,1261218.0,0.0,,,9362381.0,10002625.0,5727244.0,109732.0,3662130.0,105.26,12.8,,5.12,,25.46,12269967.0,
2013,12,,,PT Bank Perekonomian Rakyat Syariah Muamalah Cilegon,Kota Cilegon,Provinsi Banten,620034,15973136.0,9438058.0,0.0,319524.0,25004.0,0.0,154894.0,164595.0,,0.0,,7095537.0,0.0,3068300.0,329157.0,,12976.0,0.0,1022515.0,707990.0,,,1664389.0,2205305.0,1438355.0,16383.0,657422.0,32.0,26.28,,4.0,,91.0,5323275.0,
2013,12,,,PT Bank Perekonomian Rakyat Syariah Syarikat Madani,Kota Batam,Provinsi Kep. Riau,620121,86365018.0,70703450.0,0.0,3363549.0,3015676.0,0.0,0.0,0.0,,0.0,,0.0,6048860.0,26925375.0,407383.0,,1394475.0,0.0,42762157.0,0.0,,,11143791.0,16164253.0,9034242.0,0.0,1674549.0,13.16,1.72,,2.25,,233.77,6791400.0,
2013,12,,,PT Bank Perekonomian Rakyat Syariah Rizky Barokah,Kota Tangerang Selatan,Provinsi Banten,620199,,,,,,,,,,,,,,,,,,,,,,,,,,,,,,,,,,,
2013,12,,,PT Bank Perekonomian Rakyat Syariah Rahma Syariah,Kab. Kediri,Provinsi Jawa Timur,620150,4883758.0,2975116.0,0.0,0.0,0.0,0.0,1007600.0,0.0,,0.0,,1072486.0,0.0,2236765.0,52268.0,,5308.0,0.0,51141.0,0.0,,,1008367.0,1193240.0,885585.0,0.0,113577.0,40.87,9.23,,2.09,,83.59,740916.0,
2013,12,,,PT Bank Perekonomian Rakyat Syariah Mitra Agro Usaha,Kota Bandar Lampung,Provinsi Lampung,620169,3597554.0,1025163.0,0.0,0.0,0.0,0.0,0.0,0.0,,0.0,,583371.0,0.0,118000.0,16055.0,,1904.0,0.0,5921.0,0.0,,,706013.0,714754.0,692133.0,0.0,12320.0,183.48,0.0,,0.34,,28.61,2328265.0,
2013,12,,,PT BPRS Bogor Tegar Beriman,Kab. Bogor,Provinsi Jawa Barat,620177,,,,,,,,,,,,,,,,,,,,,,,,,,,,,,,,,,,
2013,12,,,PT Bank Perekonomian Rakyat Syariah Hijra Alami,Wil. Kota Jakarta Selatan,Provinsi DKI Jakarta,620138,13477553.0,7144276.0,0.0,1155222.0,0.0,0.0,0.0,961362.0,,0.0,,900653.0,212995.0,7618122.0,74995.0,,30093.0,0.0,2204289.0,0.0,,,1852273.0,2861011.0,1305067.0,0.0,481745.0,24.23,10.8,,3.65,,70.62,2986392.0,
2013,12,,,PT Bank Perekonomian Rakyat Syariah Lantabur Tebuireng,Kab. Jombang,Provinsi Jawa Timur,620098,50364796.0,40741539.0,0.0,858196.0,74400.0,0.0,300000.0,944000.0,,0.0,,1351130.0,25953729.0,17196870.0,323924.0,,52668.0,0.0,695878.0,0.0,,,5547394.0,8183072.0,3526278.0,45361.0,1695834.0,11.89,6.46,,4.08,,95.95,5528419.0,
2013,12,,,PT Bank Perekonomian Rakyat Syariah Almabrur Babadan,Kab. Ponorogo,Provinsi Jawa Timur,620073,20806274.0,17460054.0,0.0,0.0,2000.0,0.0,0.0,0.0,,0.0,,8015.0,8081308.0,4615500.0,247436.0,,5269.0,0.0,3666648.0,0.0,,,2666586.0,3769383.0,1491062.0,30533.0,1061626.0,8.0,2.77,,5.87,,87.16,2317046.0,
2013,12,,,PT BPRS Hidayah,Wil. Kota Jakarta Barat,Provinsi DKI Jakarta,620119,15230395.0,8202978.0,0.0,0.0,0.0,0.0,3839652.0,0.0,,0.0,,133888.0,151699.0,800508.0,138088.0,,6391.0,0.0,12536840.0,0.0,,,2004582.0,3871529.0,2038939.0,500.0,261403.0,15.37,35.02,,1.4,,79.48,2337587.0,
2013,12,,,PT Bank Perekonomian Rakyat Syariah Mitra Mentari Sejahtera,Kab. Ponorogo,Provinsi Jawa Timur,620180,,,,,,,,,,,,,,,,,,,,,,,,,,,,,,,,,,,
2013,12,,,PT Bank Perekonomian Rakyat Syariah Sampang Perseroda,Kab. Sampang,Provinsi Jawa Timur,620166,45031258.0,34331335.0,0.0,0.0,100000.0,0.0,2197163.0,0.0,,0.0,,4585865.0,0.0,7047741.0,587690.0,,190036.0,0.0,11256205.0,7916666.0,,,4433724.0,6170427.0,3248296.0,0.0,1004745.0,46.51,4.3,,1.26,,82.59,7425222.0,
2013,12,,,PT. BPRS Jabal Nur Tebuireng,Kota Surabaya,Provinsi Jawa Timur,620114,28509862.0,18989566.0,0.0,1750.0,30930.0,0.0,0.0,4143250.0,,0.0,,2320027.0,87507.0,9722400.0,218658.0,,87203.0,0.0,13602722.0,0.0,,,2922461.0,5230305.0,2464922.0,0.0,457618.0,18.0,2.98,,2.28,,142.74,3192415.0,
2013,12,,,PT Bank Perekonomian Rakyat Syariah Musyarakah Ummat Indonesia,Kota Tangerang,Provinsi Banten,620007,3399093.0,931281.0,0.0,0.0,55632.0,0.0,250000.0,0.0,,0.0,,90902.0,410352.0,1009900.0,2182.0,,11747.0,0.0,238200.0,0.0,,,622836.0,723914.0,1131816.0,0.0,-502761.0,85.02,61.08,,-15.66,,40.76,1814879.0,
2013,12,,,PT Bank Perekonomian Rakyat Syariah Al Falah,Kab. Banyuasin,Provinsi Sumatera Selatan,620040,11626563.0,7237728.0,0.0,682552.0,2549.0,0.0,0.0,0.0,,0.0,,156628.0,2930367.0,2531700.0,66254.0,,6185.0,0.0,3512697.0,0.0,,,1971971.0,2636483.0,1366994.0,0.0,528613.0,28.96,2.93,,5.85,,78.91,3231764.0,
2013,12,,,PT Bank Perekonomian Rakyat Syariah Tani Tulang Bawang Barat (Perseroda),Kab. Tulang Bawang Barat,Provinsi Lampung,620176,,,,,,,,,,,,,,,,,,,,,,,,,,,,,,,,,,,
2013,12,,,PT Bank Perekonomian Rakyat Syariah Amanah Bangsa,Kab. Simalungun,Provinsi Sumatera Utara,620032,7056503.0,3543407.0,0.0,0.0,20350.0,0.0,1396228.0,14453.0,,0.0,,2474845.0,0.0,3544500.0,442745.0,,65699.0,0.0,157959.0,0.0,,,1463083.0,1810171.0,1178088.0,0.0,243348.0,0.25,10.79,,0.04,,0.82,2353179.0,
2013,12,,,PT Bank Perekonomian Rakyat Syariah Bumi Rinjani Kepanjen,Kab. Malang,Provinsi Jawa Timur,620106,30296363.0,22940066.0,0.0,252679.0,0.0,0.0,0.0,2334600.0,,0.0,,0.0,4997123.0,8978290.0,415517.0,,94852.0,0.0,12330591.0,0.0,,,5348841.0,7580605.0,3588692.0,42690.0,1349981.0,13.79,2.48,,6.43,,89.05,2890418.0,
2013,12,,,PT Bank Perekonomian Rakyat Syariah Adeco,Kota Langsa,Provinsi NAD,620141,9107565.0,5602849.0,0.0,0.0,0.0,0.0,137000.0,0.0,,0.0,,347912.0,807358.0,1445000.0,101075.0,,1443.0,0.0,3371349.0,0.0,,,1075111.0,1582345.0,1129073.0,0.0,-58341.0,48.0,6.77,,-0.64,,97.63,2448019.0,
2013,12,,,PT Bank Perekonomian Rakyat Syariah Gaido Indonesia,Kab. Cianjur,Provinsi Jawa Barat,620043,15348013.0,12059744.0,0.0,0.0,0.0,0.0,0.0,38500.0,,0.0,,1088472.0,0.0,2785000.0,156587.0,,116228.0,0.0,9543877.0,0.0,,,,,,,,,,,,,,3076331.0,
2013,12,,,PT BPRS Haji Miskin,Kab. Tanah Datar,Provinsi Sumatera Barat,620099,27474980.0,19027575.0,0.0,765274.0,10000.0,492076.0,1140200.0,0.0,,0.0,,65862.0,5259054.0,4806500.0,370226.0,,123443.0,0.0,12379940.0,826798.0,,,3444626.0,5643333.0,2740901.0,18024.0,605357.0,16.94,3.8,,2.21,,81.82,5674913.0,
2013,12,,,PT Bank Perekonomian Rakyat Syariah Unawi Barokah,Kab. Sidoarjo,Provinsi Jawa Timur,620155,3232357.0,1521763.0,0.0,0.0,0.0,0.0,0.0,0.0,,0.0,,103977.0,934643.0,1013611.0,16169.0,,10935.0,0.0,510663.0,0.0,,,475544.0,578357.0,556150.0,0.0,-80656.0,38.35,0.53,,-2.5,,74.15,1530357.0,
2013,12,,,PT. BANK PEREKONOMIAN RAKYAT SYARIAH DINAR ASHRI,Kota Mataram,Provinsi Nusa Tenggara Barat,620104,125048308.0,53168429.0,0.0,200000.0,2126182.0,0.0,0.0,0.0,,0.0,,0.0,70793555.0,16351052.0,596836.0,,2551107.0,0.0,14842124.0,0.0,,,10218041.0,15470848.0,5652704.0,125000.0,3241756.0,30.0,4.24,,4.49,,43.19,64677879.0,
2013,12,,,PT BPRS Gajahtongga KotoPiliang,Kota Sawahlunto,Provinsi Sumatera Barat,620162,13763296.0,11209130.0,0.0,0.0,0.0,0.0,0.0,0.0,,0.0,,7590544.0,0.0,3752000.0,225301.0,,24207.0,0.0,410414.0,0.0,,,2534974.0,2826813.0,2061099.0,0.0,433480.0,20.01,6.72,,3.49,,84.25,2651283.0,
2013,12,,,PT Bank Perekonomian Rakyat Syariah Botani Bina Rahmah,Kab. Bogor,Provinsi Jawa Barat,620061,14604075.0,6699107.0,0.0,0.0,795868.0,28333.0,1572055.0,0.0,,0.0,,3100149.0,0.0,5115500.0,205176.0,,167986.0,0.0,1815599.0,18625.0,,,1645351.0,2496568.0,1300389.0,0.0,314005.0,32.07,17.56,,1.03,,74.98,4416490.0,
2013,12,,,PT BPRS Bhakti Haji,Kab. Malang,Provinsi Jawa Timur,620048,3349931.0,1737734.0,0.0,163276.0,0.0,0.0,0.0,148500.0,,0.0,,17471.0,2247507.0,458000.0,15954.0,,79.0,0.0,2409.0,0.0,,,518790.0,605028.0,438875.0,1678.0,55174.0,27.0,4.71,,1.6,,63.7,1148023.0,
2013,12,,,PT BPRS Harta Insan Karimah,Kota Tangerang,Provinsi Banten,620012,365798388.0,193079481.0,0.0,1786402.0,288618.0,0.0,665000.0,122006348.0,,0.0,,134227.0,36409704.0,250070820.0,2566016.0,,1250977.0,0.0,28704782.0,0.0,,,32784191.0,59922379.0,18962240.0,342093.0,10006222.0,15.2,3.62,,4.3,,104.0,35759127.0,
2013,12,,,PT Bank Perekonomian Rakyat Syariah Gala Mitra Abadi,Kab. Grobogan,Provinsi Jawa Tengah,620063,5382975.0,3675548.0,0.0,0.0,329887.0,0.0,92864.0,1073383.0,,0.0,,1336713.0,2346.0,3038110.0,1617103.0,,36362.0,0.0,196540.0,0.0,,,592277.0,1362279.0,2134414.0,0.0,-1379547.0,24.38,50.14,,-28.91,,96.82,1621602.0,
2013,12,,,PT Bank Perekonomian Rakyat Syariah Madina Mandiri Sejahtera,Kab. Bantul,Provinsi D.I. Yogyakarta,620118,25577656.0,3803690.0,0.0,234963.0,0.0,8998.0,2104187.0,747500.0,,0.0,,2568167.0,1552249.0,17357800.0,507882.0,,16452.0,0.0,2907201.0,0.0,,,13275060.0,15838349.0,17237124.0,0.0,-3995381.0,7.0,28.52,,-17.05,,32.12,6374736.0,
2013,12,,,PT Bank Perekonomian Rakyat Syariah Artha Pamenang,Kab. Kediri,Provinsi Jawa Timur,620147,28149286.0,18732030.0,0.0,1750691.0,15850.0,0.0,0.0,0.0,,0.0,,180396.0,1129246.0,21771212.0,259101.0,,949719.0,0.0,208933.0,0.0,,,4239856.0,5895869.0,2581892.0,44099.0,1601064.0,15.33,2.34,,72.27,,78.37,6757280.0,
2013,12,,,PT Bank Perekonomian Rakyat Syariah Berkah Dana Fadhlillah (Perseroda),Kab. Kampar,Provinsi Riau,620060,17575651.0,10602247.0,0.0,113055.0,460886.0,0.0,157066.0,0.0,,0.0,,1064809.0,13244566.0,1887400.0,2283897.0,,16965.0,0.0,144657.0,0.0,,,2032656.0,2605913.0,3538809.0,0.0,-1496569.0,12.0,29.08,,-8.51,,57.5,7981311.0,
2013,12,,,PT BANK PEREKONOMIAN RAKYAT SYARIAH SIAK JAYA,Kab. Siak,Provinsi Riau,620189,,,,,,,,,,,,,,,,,,,,,,,,,,,,,,,,,,,
2013,12,,,PT Bank Perekonomian Rakyat Syariah Al Hijrah Thayibah,Kab. Malang,Provinsi Jawa Timur,620198,,,,,,,,,,,,,,,,,,,,,,,,,,,,,,,,,,,
2013,12,,,PT. BPRS Artha Mas Abadi,Kab. Pati,Provinsi Jawa Tengah,620100,16232808.0,8184405.0,0.0,18166.0,28500.0,0.0,77250.0,5287210.0,,0.0,,4200640.0,256632.0,3662700.0,422340.0,,7108.0,0.0,6256636.0,0.0,,,3062099.0,3839386.0,2297569.0,18191.0,618499.0,14.41,7.4,,5.08,,112.39,2637526.0,
2013,12,,,PT Bank Perekonomian Rakyat Syariah Amanah Ummah,Kab. Bogor,Provinsi Jawa Barat,620004,128954212.0,90524306.0,2016737.0,191098.0,2803448.0,795771.0,40000.0,500000.0,,0.0,,76982736.0,1843135.0,35548086.0,1759548.0,,74933.0,0.0,3354298.0,0.0,,,15922961.0,19507250.0,11868719.0,280420.0,3062739.0,12.69,0.7,,3.53,,76.93,31862603.0,
2013,12,,,PT Bank Perekonomian Rakyat Syariah Almadinah Tasikmalaya Perseroda,Kota Tasikmalaya,Provinsi Jawa Barat,620156,16445203.0,13909813.0,0.0,0.0,0.0,0.0,0.0,394000.0,,0.0,,853644.0,1602757.0,1223100.0,99530.0,,52205.0,0.0,8297506.0,13306.0,,,1983419.0,3203595.0,1353755.0,0.0,500633.0,40.0,1.65,,3.0,,389.0,1469836.0,
2013,12,,,PT Bank Perekonomian Rakyat Syariah Saruma Sejahtera Halmahera Selatan,Kab. Halmahera Selatan,Provinsi Maluku Utara,620182,,,,,,,,,,,,,,,,,,,,,,,,,,,,,,,,,,,
2013,12,,,PT BPRS Bumi Rinjani Probolinggo,Kab. Probolinggo,Provinsi Jawa Timur,620105,13853985.0,6991180.0,0.0,0.0,0.0,0.0,0.0,3613350.0,,26200.0,,166205.0,1143361.0,2927000.0,394535.0,,12411.0,0.0,8097666.0,0.0,,,2376345.0,3385480.0,2353101.0,1142.0,7257.0,14.97,8.51,,0.0,,2.0,2446908.0,
2013,12,,,PT Bank Perekonomian Rakyat Syariah Amanah Insan Cita,Kab. Deli Serdang,Provinsi Sumatera Utara,620145,8265723.0,6375624.0,0.0,0.0,0.0,24988.0,302000.0,0.0,,0.0,,1338239.0,0.0,4389450.0,39312.0,,9082.0,0.0,525694.0,0.0,,,1119473.0,1601262.0,818828.0,0.0,275465.0,27.44,0.0,,4.49,,84.51,1339480.0,
2014,12,,,PT Bank Perekonomian Rakyat Syariah Harta Insan Karimah Mitra Cahaya Indonesia,Kab. Sleman,Provinsi D.I. Yogyakarta,620133,8864247.0,2392623.0,0.0,199219.0,0.0,0.0,1634689.0,719890.0,,0.0,,444322.0,666469.0,6899550.0,222856.0,,9762.0,0.0,82600.0,0.0,,,909136.0,1774535.0,1646062.0,0.0,-748461.0,14.08,20.91,,-7.05,,61.75,2875599.0,
2014,12,,,PT Bank Perekonomian Rakyat Syariah Dana Hidayatullah,Kota Yogyakarta,Provinsi D.I. Yogyakarta,620107,,,,,,,,,,,,,,,,,,,,,,,,,,,,,,,,,,,
2014,12,,,PT Bank Perekonomian Rakyat Syariah Mandiri Mitra Sukses,Kab. Gresik,Provinsi Jawa Timur,620126,34345376.0,12198832.0,0.0,0.0,0.0,0.0,0.0,15388500.0,,0.0,,890190.0,7489614.0,12830000.0,190951.0,,353471.0,0.0,9671870.0,0.0,,,4278399.0,6435536.0,4316960.0,0.0,25231.0,15.49,1.98,,0.01,,81.58,3861264.0,
2014,12,,,PT BANK PEREKONOMIAN RAKYAT ARTHA MADANI,Kota Bekasi,Provinsi Jawa Barat,620088,104359017.0,80038125.0,0.0,0.0,180181.0,0.0,0.0,7260000.0,,0.0,,17668492.0,172833.0,24599372.0,1463678.0,,1384321.0,0.0,48394169.0,0.0,,,16093973.0,24572023.0,9975005.0,117496.0,6001472.0,15.0,3.89,,5.75,,96.93,11696306.0,
2014,12,,,PT Bank Perekonomian Rakyat Syariah Mitra Harmoni Kota Bandung,Kota Bandung,Provinsi Jawa Barat,620161,9174874.0,7826541.0,0.0,0.0,0.0,0.0,0.0,0.0,,0.0,,1526751.0,224849.0,2845000.0,62980.0,,79293.0,0.0,3362717.0,0.0,,,1423542.0,1807985.0,1561424.0,0.0,-157329.0,15.0,3.41,,-1.71,,86.38,1197285.0,
2014,12,,,PT Bank Perekonomian Rakyat Syariah Mitra Harmoni Yogyakarta,Kota Yogyakarta,Provinsi D.I. Yogyakarta,620149,16082021.0,12917396.0,0.0,7427.0,0.0,0.0,42500.0,0.0,,0.0,,1800385.0,1492961.0,9956000.0,98340.0,,41239.0,0.0,1208355.0,0.0,,,2011495.0,3076301.0,1826135.0,0.0,148036.0,12.59,3.34,,1.25,,90.03,2474498.0,
2014,12,,,PT Bank Perekonomian Rakyat Syariah Bangun Arta,Kab. Cilacap,Provinsi Jawa Tengah,620195,,,,,,,,,,,,,,,,,,,,,,,,,,,,,,,,,,,
2014,12,,,PT Bank Perekonomian Rakyat Syariah Dana Amanah Surakarta,Kota Surakarta/Solo,Provinsi Jawa Tengah,620125,8566881.0,3665850.0,91904.0,1424358.0,3768.0,172231.0,180842.0,248885.0,,0.0,,1612693.0,15704.0,3771500.0,145390.0,,10135.0,0.0,2326520.0,0.0,,,914651.0,1632538.0,893756.0,0.0,12430.0,15.0,11.93,,0.15,,100.97,2707838.0,
2014,12,,,PT Bank Perekonomian Rakyat Syariah Dharma Kuwera,Kab. Klaten,Provinsi Jawa Tengah,620159,,,,,,,,,,,,,,,,,,,,,,,,,,,,,,,,,,,
2014,12,,,PT Bank Perekonomian Rakyat Syariah Hikmah Bahari,Kota Tegal,Provinsi Jawa Tengah,620174,,,,,,,,,,,,,,,,,,,,,,,,,,,,,,,,,,,
2014,12,,,PT Bank Perekonomian Rakyat Syariah Formes Sleman,Kab. Sleman,Provinsi D.I. Yogyakarta,620136,24816572.0,14486388.0,0.0,1283896.0,8951.0,0.0,502445.0,682143.0,,0.0,,1638002.0,5436956.0,10481200.0,240047.0,,232406.0,0.0,4587695.0,0.0,,,2267133.0,4086538.0,1954480.0,0.0,270444.0,12.78,4.86,,1.32,,96.62,5631540.0,
2014,12,,,PT Bank Perekonomian Rakyat Syariah Kedung Arto,Kota Semarang,Provinsi Jawa Tengah,620191,,,,,,,,,,,,,,,,,,,,,,,,,,,,,,,,,,,
2014,12,,,PT Bank Perekonomian Rakyat Syariah Alsalaam Amal Salman,Kota Depok,Provinsi Jawa Barat,620101,,,,,,,,,,,,,,,,,,,,,,,,,,,,,,,,,,,
2014,12,,,PT Bank Perekonomian Rakyat Syariah Alhijrah Amanah,Kota Depok,Provinsi Jawa Barat,620062,7716021.0,5024877.0,0.0,113659.0,111404.0,0.0,96349.0,178000.0,,0.0,,1710666.0,0.0,1322348.0,149356.0,,107634.0,0.0,2241175.0,0.0,,,1095618.0,1520212.0,1026193.0,0.0,54328.0,35.0,25.3,,-5.56,,105.98,1689243.0,
2014,12,,,PT BPRS Bina Finansia,Kota Semarang,Provinsi Jawa Tengah,620102,19585182.0,14770081.0,0.0,584836.0,11111.0,0.0,5870.0,0.0,,0.0,,0.0,7552424.0,8735880.0,293681.0,,115289.0,0.0,846252.0,0.0,,,2053694.0,3312760.0,1740323.0,0.0,279587.0,14.23,9.42,,1.58,,79.27,2758029.0,
2014,12,,,PT Bank Perekonomian Rakyat Syariah Danagung Syariah,Kab. Sleman,Provinsi D.I. Yogyakarta,620128,22899934.0,11827131.0,0.0,1094997.0,60890.0,0.0,393996.0,3281743.0,,0.0,,1571054.0,277376.0,15014450.0,163804.0,,44235.0,0.0,2993160.0,0.0,,,2564266.0,3988483.0,1741464.0,0.0,803053.0,15.95,0.0,,4.3,,77.23,5551819.0,
2014,12,,,PT Bank Perekonomian Rakyat Syariah Dana Mulia,Kota Surakarta/Solo,Provinsi Jawa Tengah,620122,17302077.0,8155577.0,0.0,736037.0,18000.0,819.0,0.0,3131275.0,,0.0,,4842798.0,2716820.0,5914377.0,727333.0,,16412.0,0.0,2058629.0,493458.0,,,713010.0,2275296.0,1748064.0,1500.0,-1040417.0,10.93,52.69,,5.85,,79.08,4002753.0,
2014,12,,,PT Bank Perekonomian Rakyat Syariah PNM Mentari,Kab. Garut,Provinsi Jawa Barat,620008,,,,,,,,,,,,,,,,,,,,,,,,,,,,,,,,,,,
2014,12,,,PT Bank Perekonomian Rakyat Syariah Harta Insan Karimah Parahyangan,Kab. Bandung,Provinsi Jawa Barat,620054,478302784.0,411220929.0,0.0,0.0,1109081.0,0.0,360000.0,3840000.0,,0.0,,28934756.0,243329.0,69853600.0,7021509.0,,7366697.0,0.0,320773810.0,925089.0,,,55555548.0,97645621.0,37787660.0,420000.0,12852504.0,12.17,2.05,,4.2,,102.07,48624989.0,
2014,12,,,PT Bank Perekonomian Rakyat Syariah Baiturridha Pusaka,Kota Bogor,Provinsi Jawa Barat,620011,56830553.0,5401991.0,0.0,37314196.0,506500.0,0.0,512625.0,320833.0,,0.0,,5739720.0,2202565.0,8441784.0,459490.0,,447931.0,0.0,27748123.0,0.0,,,9805981.0,13381905.0,6012822.0,0.0,2905046.0,23.59,0.59,,6.86,,81.13,9521649.0,
2014,12,,,PT. BPRS Mitra Harmoni Kota Semarang,Kota Semarang,Provinsi Jawa Tengah,620151,10341072.0,8471655.0,0.0,211384.0,0.0,0.0,0.0,0.0,,0.0,,604316.0,410698.0,3793200.0,60939.0,,96679.0,0.0,4254354.0,0.0,,,1554136.0,2079034.0,1449755.0,0.0,74534.0,13.09,2.82,,0.92,,127.64,1133771.0,
2014,12,,,PT Bank Perekonomian Rakyat Syariah Bumi Artha Sampang,Kab. Cilacap,Provinsi Jawa Tengah,620112,21127169.0,15056651.0,0.0,0.0,0.0,0.0,1322500.0,633333.0,,0.0,,5531435.0,2915104.0,8353200.0,331708.0,,184105.0,0.0,967972.0,0.0,,,3335350.0,4332076.0,2670055.0,0.0,626018.0,19.0,7.74,,3.37,,101.27,3975470.0,
2014,12,,,PT Bank Perekonomian Rakyat Syariah Meru Nusantara Mandiri,Kab. Magelang,Provinsi Jawa Tengah,620143,8740136.0,4368142.0,0.0,629182.0,31000.0,0.0,493350.0,80000.0,,0.0,,333546.0,2001002.0,5220520.0,98448.0,,9292.0,0.0,312430.0,0.0,,,1086197.0,1603765.0,1131933.0,0.0,-68013.0,15.68,16.25,,-0.67,,71.26,2830286.0,
2014,12,,,PT BPRS Hidayah,Wil. Kota Jakarta Barat,Provinsi DKI Jakarta,620119,11366519.0,6593470.0,0.0,0.0,0.0,0.0,2777439.0,0.0,,0.0,,0.0,0.0,0.0,568481.0,,0.0,0.0,9267356.0,0.0,,,832088.0,1036016.0,2211919.0,0.0,-1253800.0,28.94,54.82,,-11.03,,70.63,2444072.0,
2014,12,,,PT BPRS Berkah Amal Salman,Kota Bandung,Provinsi Jawa Barat,620001,,,,,,,,,,,,,,,,,,,,,,,,,,,,,,,,,,,
2014,12,,,PT Bank Perekonomian Rakyat Syariah Almasoem,Kab. Bandung,Provinsi Jawa Barat,620027,,,,,,,,,,,,,,,,,,,,,,,,,,,,,,,,,,,
2014,12,,,PT Bank Perekonomian Rakyat Syariah Amanah Rabbaniah,Kab. Bandung,Provinsi Jawa Barat,620002,33002488.0,18309214.0,0.0,5496144.0,770312.0,0.0,0.0,808898.0,,0.0,,8894083.0,541709.0,18091700.0,777772.0,,248529.0,0.0,1875442.0,0.0,,,5105824.0,7045460.0,3967492.0,12000.0,1031287.0,,,,,,,7269123.0,
2014,12,,,PT Bank Perekonomian Rakyat Syariah Albarokah,Kota Depok,Provinsi Jawa Barat,620053,11721230.0,8310493.0,0.0,0.0,197988.0,0.0,556896.0,0.0,,0.0,,9297.0,903199.0,6833195.0,142600.0,,474917.0,0.0,0.0,0.0,,,1740834.0,2662464.0,1258998.0,0.0,465544.0,34.0,10.62,,4.91,,71.88,2267553.0,
2014,12,,,PT Bank Perekonomian Rakyat Syariah Bangun Drajat Warga,Kab. Bantul,Provinsi D.I. Yogyakarta,620018,53909789.0,21083861.0,0.0,329687.0,18629.0,175176.0,9452971.0,2355379.0,,0.0,,15350676.0,15028900.0,13250005.0,706780.0,,33483.0,0.0,3649103.0,0.0,,,4678120.0,6103885.0,3388443.0,29883.0,1118447.0,17.86,12.34,,4.46,,76.59,18892013.0,
2014,12,,,PT Bank Perekonomian Rakyat Syariah Baktimakmur Indah,Kab. Sidoarjo,Provinsi Jawa Timur,620022,142773806.0,44988340.0,0.0,1251833.0,312648.0,46667.0,0.0,76276387.0,,0.0,,7161724.0,44996792.0,27916555.0,2050875.0,,186026.0,0.0,41557318.0,0.0,,,17518218.0,25201354.0,12020776.0,137932.0,4330570.0,40.02,10.28,,4.09,,89.72,18885816.0,
2014,12,,,PT. BPRS Ikhsanul Amal,Kab. Kebumen,Provinsi Jawa Tengah,620047,8831265.0,5334761.0,0.0,0.0,0.0,0.0,116667.0,1114559.0,,0.0,,0.0,4149517.0,2070500.0,523865.0,,3635.0,0.0,530245.0,123108.0,,,1078534.0,1430067.0,1447989.0,1500.0,-298455.0,29.0,9.31,,-3.31,,76.16,2064463.0,
2014,12,,,PT BPRS Berkah Amal Salman,Kota Bogor,Provinsi Jawa Barat,620001,,,,,,,,,,,,,,,,,,,,,,,,,,,,,,,,,,,
2014,12,,,PT Bank Perekonomian Rakyat Syariah Gaido Indonesia,Kab. Cianjur,Provinsi Jawa Barat,620043,,,,,,,,,,,,,,,,,,,,,,,,,,,,7.0,11.27,,3.5,,166.0,,
2014,12,,,PT Bank Perekonomian Rakyat Syariah Annisa Mukti,Kab. Sidoarjo,Provinsi Jawa Timur,620135,8355503.0,6106343.0,0.0,0.0,0.0,0.0,0.0,564000.0,,0.0,,0.0,1211849.0,2261900.0,72420.0,,51294.0,0.0,2039070.0,0.0,,,1919313.0,2454936.0,1418924.0,8090.0,451080.0,40.88,1.07,,5.58,,192.02,1381621.0,
2014,12,,,PT Bank Perekonomian Rakyat Syariah Harta Insan Karimah Cibitung,Kota Bekasi,Provinsi Jawa Barat,620020,96464545.0,73886254.0,0.0,0.0,0.0,0.0,0.0,3170000.0,,0.0,,17872272.0,474027.0,26592184.0,1685793.0,,2405891.0,0.0,37292279.0,0.0,,,13282895.0,20555476.0,8029307.0,112500.0,4415792.0,,,,,,,19460838.0,
2014,12,,,PT Bank Perekonomian Rakyat Syariah Barokah Dana Sejahtera,Kota Yogyakarta,Provinsi D.I. Yogyakarta,620115,56956440.0,20654660.0,0.0,1968469.0,521278.0,0.0,248405.0,14671690.0,,0.0,,8879394.0,6330664.0,26231250.0,486001.0,,404551.0,0.0,10047959.0,0.0,,,4299174.0,7861323.0,3300004.0,0.0,1171640.0,12.74,4.8,,2.52,,91.85,16373270.0,
2014,12,,,PT Bank Perekonomian Rakyat Syariah Margirizki Bahagia,Kab. Bantul,Provinsi D.I. Yogyakarta,620017,42751494.0,24954003.0,0.0,192918.0,0.0,0.0,2441266.0,2459076.0,,0.0,,4456039.0,2731059.0,22518400.0,337886.0,,54031.0,0.0,4070161.0,4861110.0,,,3870913.0,6623925.0,2679703.0,0.0,1048254.0,11.03,4.45,,4.21,,90.0,11318207.0,
2014,12,,,PT Bank Perekonomian Rakyat Syariah Almabrur Klaten,Kab. Klaten,Provinsi Jawa Tengah,620142,18564573.0,11661205.0,0.0,922417.0,0.0,20964.0,0.0,235278.0,,0.0,,455.0,5015671.0,10995850.0,173025.0,,32343.0,0.0,529931.0,0.0,,,1873241.0,3116498.0,1496636.0,9029.0,348302.0,16.0,6.75,,2.27,,69.88,5580383.0,
2014,12,,,PT Bank Perekonomian Rakyat Syariah Unawi Barokah,Kab. Sidoarjo,Provinsi Jawa Timur,620155,3412195.0,1366428.0,0.0,0.0,0.0,0.0,0.0,0.0,,0.0,,24579.0,779453.0,666111.0,16410.0,,13224.0,0.0,1328410.0,0.0,,,463153.0,605470.0,512393.0,0.0,-58110.0,36.73,2.27,,-2.25,,92.95,1937314.0,
2014,12,,,PT Bank Perekonomian Rakyat Syariah Buana Mitra Perwira,Kab. Purbalingga,Provinsi Jawa Tengah,620083,71035545.0,27760568.0,0.0,4072371.0,0.0,0.0,0.0,16057314.0,,0.0,,26053836.0,5528278.0,24615175.0,395683.0,,521512.0,0.0,4003317.0,3666664.0,,,7640024.0,10494991.0,5916915.0,0.0,1472405.0,15.0,2.72,,2.62,,80.39,20425289.0,
2014,12,,,PT. BPRS Cilegon Mandiri,Kota Cilegon,Provinsi Banten,620080,87121822.0,39806917.0,10562497.0,5283528.0,135000.0,79248.0,0.0,9737805.0,,0.0,,7018982.0,5842323.0,8855928.0,2246288.0,,740431.0,0.0,924094.0,0.0,,,12156419.0,13178818.0,7623884.0,167787.0,5644210.0,90.78,9.15,,23.58,,301.72,10484905.0,
2014,12,,,PT Bank Perekonomian Rakyat Syariah Hijra Alami,Wil. Kota Jakarta Selatan,Provinsi DKI Jakarta,620138,16018888.0,7623718.0,0.0,1480566.0,500000.0,0.0,0.0,1774130.0,,0.0,,876590.0,255511.0,9055042.0,230529.0,,31696.0,0.0,2698171.0,0.0,,,2125592.0,3224694.0,1504908.0,0.0,583889.0,23.0,9.68,,3.85,,105.0,4226073.0,
2014,12,,,PT BPRS Bogor Tegar Beriman,Kab. Bogor,Provinsi Jawa Barat,620177,,,,,,,,,,,,,,,,,,,,,,,,,,,,,,,,,,,
2014,12,,,PT Bank Perekonomian Rakyat Syariah Sampang Perseroda,Kab. Sampang,Provinsi Jawa Timur,620166,,,,,,,,,,,,,,,,,,,,,,,,,,,,,,,,,,,
2014,12,,,PT Bank Perekonomian Rakyat Syariah Unisia Insan Indonesia,Kota Yogyakarta,Provinsi D.I. Yogyakarta,620178,,,,,,,,,,,,,,,,,,,,,,,,,,,,,,,,,,,
2014,12,,,PT Bank Perekonomian Rakyat Syariah Lantabur Tebuireng,Kab. Jombang,Provinsi Jawa Timur,620098,63797445.0,44247193.0,0.0,1329612.0,24501.0,0.0,170000.0,569000.0,,0.0,,1341030.0,35320469.0,20496046.0,747534.0,,5655.0,0.0,705164.0,0.0,,,6648143.0,9655827.0,4365687.0,50138.0,2010394.0,11.0,8.21,,3.71,,81.07,16472479.0,
2014,12,,,PT BPRS Artha Surya Barokah,Kota Semarang,Provinsi Jawa Tengah,620084,47045203.0,20397240.0,0.0,824918.0,429657.0,0.0,1345028.0,6456738.0,,0.0,,19182515.0,115941.0,15275950.0,430359.0,,395125.0,0.0,6209327.0,0.0,,,5601830.0,7058846.0,3345026.0,55756.0,1902665.0,14.68,4.58,,5.31,,85.19,11654500.0,
2014,12,,,PT Bank Perekonomian Rakyat Syariah Harum Hikmahnugraha,Kab. Garut,Provinsi Jawa Barat,620029,,,,,,,,,,,,,,,,,,,,,,,,,,,,,,,,,,,
2014,12,,,PT Bank Perekonomian Rakyat Syariah Al Ihsan,Kab. Bandung,Provinsi Jawa Barat,620044,5450242.0,1927024.0,0.0,1144729.0,187290.0,0.0,0.0,80321.0,,0.0,,3492494.0,0.0,1289500.0,181253.0,,14390.0,0.0,19465.0,31612.0,,,1063380.0,1159656.0,1003390.0,0.0,90272.0,18.0,11.27,,1.44,,62.7,2147059.0,
2014,12,,,PT BPRS Bhakti Haji,Kab. Malang,Provinsi Jawa Timur,620048,3313329.0,1784490.0,0.0,328407.0,0.0,0.0,0.0,308000.0,,0.0,,13420.0,1761737.0,468000.0,34991.0,,3944.0,0.0,19661.0,0.0,,,600078.0,689048.0,596211.0,0.0,-15518.0,44.0,11.28,,0.0,,88.0,758534.0,
2014,12,,,PT Bank Perekonomian Rakyat Syariah Bumi Rinjani Kepanjen,Kab. Malang,Provinsi Jawa Timur,620106,,,,,,,,,,,,,,,,,,,,,,,,,,,,,,,,,,,
2014,12,,,PT Bank Perekonomian Rakyat Syariah Musyarakah Ummat Indonesia,Kota Tangerang,Provinsi Banten,620007,7283179.0,2785677.0,0.0,0.0,52949.0,0.0,149100.0,1739500.0,,0.0,,156272.0,485301.0,4896115.0,16784.0,,17397.0,0.0,29835.0,0.0,,,1009986.0,1204896.0,957948.0,0.0,60268.0,31.6,15.48,,0.83,,61.67,1777734.0,
2014,12,,,PT Bank Perekonomian Rakyat Syariah Botani Bina Rahmah,Kab. Bogor,Provinsi Jawa Barat,620061,,,,,,,,,,,,,,,,,,,,,,,,,,,,,,,,,,,
2014,12,,,PT Bank Perekonomian Rakyat Syariah Alwadiah,Kota Tasikmalaya,Provinsi Jawa Barat,620037,25870285.0,20053761.0,0.0,0.0,0.0,0.0,23862.0,1400000.0,,0.0,,385230.0,6291103.0,11570899.0,393482.0,,74104.0,0.0,1685270.0,0.0,,,3742413.0,4946727.0,1660659.0,0.0,2008846.0,86.57,4.36,,7.77,,117.7,4089070.0,
2014,12,,,PT BPRS SHADIQ AMANAH,Kota Cimahi,Provinsi Jawa Barat,620019,149732152.0,113969009.0,0.0,13664514.0,294361.0,0.0,0.0,0.0,,0.0,,6951410.0,0.0,142790868.0,13941669.0,,685885.0,0.0,2699567.0,0.0,,,40849668.0,56931505.0,66924794.0,0.0,-26283325.0,0.0,47.41,,-34.82,,91.21,24189515.0,
2014,12,,,PT. BPRS Asad Alif,Kab. Kendal,Provinsi Jawa Tengah,620070,12260677.0,8133265.0,0.0,0.0,0.0,0.0,0.0,838469.0,,0.0,,48697.0,5902815.0,3358800.0,216604.0,,0.0,0.0,1118068.0,0.0,,,1897313.0,2485147.0,1457904.0,26459.0,412507.0,15.7,23.31,,0.34,,59.0,3097094.0,
2014,12,,,PT Bank Perekonomian Rakyat Syariah Rizky Barokah,Kota Tangerang Selatan,Provinsi Banten,620199,,,,,,,,,,,,,,,,,,,,,,,,,,,,,,,,,,,
2014,12,,,PT Bank Perekonomian Rakyat Syariah Harta Insan Karimah Jawa Tengah,Kab. Banyumas,Provinsi Jawa Tengah,620089,10579329.0,3503559.0,0.0,482448.0,118761.0,50770.0,0.0,3354556.0,,0.0,,2147962.0,43636.0,3858700.0,117271.0,,13129.0,0.0,3733697.0,0.0,,,1459607.0,2332965.0,1801427.0,0.0,-368171.0,,,,,,,2436962.0,
2014,12,,,PT Bank Perekonomian Rakyat Syariah Al Hijrah Thayibah,Kab. Malang,Provinsi Jawa Timur,620198,,,,,,,,,,,,,,,,,,,,,,,,,,,,,,,,,,,
2014,12,,,PT BPRS Saka Dana Mulia,Kab. Kudus,Provinsi Jawa Tengah,620167,6106648.0,2564993.0,0.0,0.0,0.0,0.0,0.0,608000.0,,0.0,,2214016.0,0.0,405500.0,95897.0,,4318.0,0.0,1766438.0,0.0,,,749459.0,783896.0,828548.0,0.0,-80319.0,52.96,4.99,,-5.1,,73.31,2757566.0,
2014,12,,,PT Bank Perekonomian Rakyat Syariah Patriot Bekasi Perseroda,Kota Bekasi,Provinsi Jawa Barat,620108,35546667.0,22727874.0,0.0,3438657.0,29797.0,0.0,0.0,3913925.0,,0.0,,4362560.0,805080.0,6830800.0,1694727.0,,25211.0,0.0,6276353.0,0.0,,,5349852.0,5885818.0,3947668.0,0.0,1437740.0,73.94,9.89,,4.68,,216.42,4727767.0,
2014,12,,,PT Bank Perekonomian Rakyat Syariah Artha Amanah Ummat,Kab. Semarang,Provinsi Jawa Tengah,620116,14053877.0,9233923.0,0.0,1067805.0,22000.0,0.0,73053.0,496996.0,,0.0,,128352.0,2901987.0,6660900.0,176066.0,,13354.0,0.0,2881388.0,0.0,,,1464748.0,2386913.0,1008215.0,10946.0,403008.0,14.01,4.28,,3.38,,114.06,2954534.0,
2014,12,,,PT Bank Perekonomian Rakyat Syariah Bhakti Sumekar Perseroda,Kab. Sumenep,Provinsi Jawa Timur,620085,412435639.0,259559488.0,0.0,0.0,25501010.0,0.0,2198450.0,5615000.0,,0.0,,62451508.0,320428.0,103958128.0,2665199.0,,707730.0,0.0,148263100.0,9722222.0,,,34095215.0,53706231.0,20252461.0,0.0,11769950.0,46.91,1.24,,4.67,,78.24,109446669.0,
2014,12,,,PT Bank Perekonomian Rakyat Syariah Mitra Harmoni Kota Bandung,Kota Bogor,Provinsi Jawa Barat,620161,9174874.0,7826541.0,0.0,0.0,0.0,0.0,0.0,0.0,,0.0,,1526751.0,224849.0,2845000.0,62980.0,,79293.0,0.0,3362717.0,0.0,,,1423542.0,1807985.0,1561424.0,0.0,-157329.0,15.0,3.41,,-1.71,,86.38,1197285.0,
2014,12,,,PT. BPRS Rif'atul Ummah,Kab. Bogor,Provinsi Jawa Barat,620068,7449459.0,3674941.0,266266.0,0.0,760501.0,642585.0,0.0,10392.0,,0.0,,1368339.0,0.0,1350160.0,80852.0,,76621.0,0.0,2411156.0,0.0,,,1213253.0,1443045.0,876936.0,0.0,313829.0,0.0,18.28,,0.0,,0.0,848225.0,
2014,12,,,PT Bank Perekonomian Rakyat Syariah Gunung Slamet,Kab. Banyumas,Provinsi Jawa Tengah,620146,35354100.0,23872000.0,0.0,2202139.0,325000.0,0.0,955000.0,2168745.0,,0.0,,3701913.0,108673.0,23532000.0,185225.0,,108906.0,0.0,2391066.0,2783364.0,,,2638176.0,5482807.0,2050632.0,0.0,550150.0,12.0,0.57,,1.97,,107.97,5693402.0,
2014,12,,,PT. BPRS Artha Mas Abadi,Kab. Pati,Provinsi Jawa Tengah,620100,19022323.0,10092398.0,0.0,20750.0,34800.0,0.0,0.0,5947730.0,,0.0,,5112169.0,410752.0,5179400.0,333476.0,,28096.0,0.0,5944465.0,0.0,,,3759990.0,4667575.0,2779863.0,23899.0,932048.0,14.19,6.29,,5.58,,155.58,2519219.0,
2014,12,,,PT Bank Perekonomian Rakyat Syariah Almadinah Tasikmalaya Perseroda,Kota Tasikmalaya,Provinsi Jawa Barat,620156,20341286.0,18332535.0,0.0,74588.0,0.0,0.0,0.0,395900.0,,0.0,,1202751.0,1627953.0,2226400.0,143310.0,,4451.0,0.0,10630360.0,28688.0,,,2456192.0,3955461.0,1742017.0,0.0,615495.0,34.0,4.9,,3.03,,93.88,918567.0,
2014,12,,,PT Bank Perekonomian Rakyat Syariah Suriyah,Kab. Cilacap,Provinsi Jawa Tengah,620086,78012833.0,45615454.0,13105.0,1688053.0,799500.0,241637.0,1487292.0,7505322.0,,0.0,,19465188.0,1143319.0,37170045.0,1118452.0,,818007.0,0.0,8876026.0,2916666.0,,,7431022.0,12064080.0,5404574.0,0.0,1602094.0,13.38,4.01,,2.54,,82.91,20279396.0,
2014,12,,,PT Bank Perekonomian Rakyat Syariah Gala Mitra Abadi,Kab. Grobogan,Provinsi Jawa Tengah,620063,5549011.0,3514785.0,0.0,0.0,73605.0,0.0,50000.0,515643.0,,0.0,,932839.0,13842.0,3047810.0,291123.0,,50892.0,0.0,324183.0,0.0,,,1171159.0,1620692.0,737100.0,0.0,413871.0,27.48,23.9,,11.42,,78.81,1585151.0,
2014,12,,,PT. BPRS Gotong Royong,Kota Sukabumi,Provinsi Jawa Barat,620172,8768953.0,6388682.0,0.0,958434.0,136782.0,52500.0,0.0,0.0,,0.0,,874843.0,61145.0,2059101.0,52903.0,,109181.0,0.0,708167.0,1177500.0,,,973733.0,1057684.0,2195612.0,0.0,-1220984.0,54.13,0.0,,-12.0,,111.25,784706.0,
2014,12,,,PT Bank Perekonomian Rakyat Syariah Riyal Irsyadi,Kota Bekasi,Provinsi Jawa Barat,620005,45205438.0,34574284.0,0.0,0.0,0.0,0.0,154500.0,0.0,,0.0,,6194382.0,10785.0,20940900.0,1110873.0,,128459.0,0.0,13973683.0,0.0,,,5466066.0,9782337.0,4146389.0,0.0,1031085.0,15.06,13.79,,2.92,,85.66,9848548.0,
2014,12,,,PT Bank Perekonomian Rakyat Syariah Amanah Ummah,Kab. Bogor,Provinsi Jawa Barat,620004,153699208.0,111536351.0,1947044.0,81327.0,3035144.0,914514.0,79660.0,440000.0,,0.0,,90088208.0,2104079.0,42319736.0,2041154.0,,98340.0,0.0,2844884.0,0.0,,,18449170.0,22810425.0,13031287.0,328330.0,3959745.0,15.33,0.87,,4.01,,78.82,35372206.0,
2014,12,,,PT Bank Perekonomian Rakyat Syariah Amanah Insani,Kab. Bekasi,Provinsi Jawa Barat,620066,63118804.0,19486259.0,0.0,0.0,2215959.0,0.0,18594795.0,0.0,,0.0,,23006317.0,0.0,27826089.0,918645.0,,677122.0,0.0,6627.0,0.0,,,6564253.0,9013779.0,5532635.0,134537.0,1031639.0,26.78,10.31,,1.65,,64.0,20897090.0,
2014,12,,,PT Bank Perekonomian Rakyat Syariah Sleman (Perseroda),Kab. Sleman,Provinsi D.I. Yogyakarta,620193,,,,,,,,,,,,,,,,,,,,,,,,,,,,,,,,,,,
2014,12,,,PT Bank Perekonomian Rakyat Syariah Insan Madani,Kab. Sukoharjo,Provinsi Jawa Tengah,620154,49732620.0,9351183.0,0.0,0.0,0.0,0.0,2193657.0,26391382.0,,0.0,,0.0,1247209.0,36411958.0,276189.0,,340301.0,0.0,3225393.0,0.0,,,2497549.0,6020382.0,1739699.0,0.0,682641.0,20.81,16.54,,1.59,,77.66,9490173.0,
2014,12,,,PT Bank Perekonomian Rakyat Syariah Central Syariah Utama,Kota Surakarta/Solo,Provinsi Jawa Tengah,620137,6761672.0,4057944.0,0.0,74868.0,98542.0,0.0,4793.0,0.0,,0.0,,50025.0,980968.0,3213500.0,74535.0,,101921.0,0.0,1439736.0,0.0,,,838522.0,1603267.0,1034655.0,0.0,-204093.0,17.86,15.84,,-52.33,,80.17,1292132.0,
2014,12,,,PT. BPRS Gotong Royong,Kab. Subang,Provinsi Jawa Barat,620172,8768953.0,6388682.0,0.0,958434.0,136782.0,52500.0,0.0,0.0,,0.0,,874843.0,61145.0,2059101.0,52903.0,,109181.0,0.0,708167.0,1177500.0,,,973733.0,1057684.0,2195612.0,0.0,-1220984.0,54.13,0.0,,-12.0,,111.25,784706.0,
2014,12,,,PT Bank Perekonomian Rakyat Syariah Mitra Amal Mulia,Kab. Sleman,Provinsi D.I. Yogyakarta,620117,24922896.0,15540489.0,0.0,952957.0,158530.0,623232.0,582782.0,257854.0,,0.0,,664429.0,1354280.0,16502996.0,184555.0,,37126.0,0.0,1434615.0,0.0,,,2325466.0,4010808.0,1771008.0,15357.0,575115.0,23.61,3.31,,2.47,,93.28,3881526.0,
2014,12,,,PT Bank Perekonomian Rakyat Syariah Sukowati Sragen (Perseroda),Kab. Sragen,Provinsi Jawa Tengah,620124,86974782.0,58786720.0,0.0,10668712.0,124500.0,0.0,1725000.0,350287.0,,0.0,,11633846.0,6040880.0,33102855.0,631930.0,,3994661.0,0.0,18758956.0,4499996.0,,,10085670.0,15665574.0,7031745.0,0.0,2432234.0,12.51,10.14,,3.86,,110.22,13958256.0,
2014,12,,,PT Bank Perekonomian Rakyat Syariah Cahaya Hidup,Kab. Sleman,Provinsi D.I. Yogyakarta,620163,4560932.0,2854046.0,0.0,149793.0,0.0,0.0,1058000.0,0.0,,0.0,,29020.0,163577.0,1831240.0,137915.0,,23024.0,0.0,1502893.0,0.0,,,382244.0,618043.0,629383.0,0.0,-245943.0,28.76,0.0,,-6.44,,11.23,440636.0,
2014,12,,,PT Bank Perekonomian Rakyat Syariah Hikmah Khazanah,Kota Surakarta/Solo,Provinsi Jawa Tengah,620171,16448896.0,13387555.0,0.0,63611.0,20604.0,0.0,0.0,0.0,,0.0,,2114107.0,313933.0,6793500.0,78836.0,,105885.0,0.0,1058200.0,0.0,,,1704342.0,2028544.0,1616868.0,61.0,63271.0,66.16,0.0,,0.84,,82.63,2358297.0,
2014,12,,,PT Bank Perekonomian Rakyat Syariah Madina Mandiri Sejahtera,Kab. Bantul,Provinsi D.I. Yogyakarta,620118,32241060.0,20747092.0,0.0,420544.0,0.0,13473.0,4385134.0,2851063.0,,0.0,,3526342.0,1423340.0,23284500.0,503127.0,,337743.0,0.0,2093319.0,0.0,,,1733442.0,4156268.0,3103015.0,0.0,-960970.0,9.0,7.82,,-3.18,,100.65,3532099.0,
2014,12,,,PT Bank Perekonomian Rakyat Syariah Baiturridha Pusaka,Kota Bandung,Provinsi Jawa Barat,620011,56830553.0,5401991.0,0.0,37314196.0,506500.0,0.0,512625.0,320833.0,,0.0,,5739720.0,2202565.0,8441784.0,459490.0,,447931.0,0.0,27748123.0,0.0,,,,,,,,23.59,0.59,,6.86,,81.13,9521649.0,
2014,12,,,PT Bank Perekonomian Rakyat Syariah Amanah Sejahtera,Kab. Gresik,Provinsi Jawa Timur,620050,66548731.0,33889013.0,0.0,47778.0,972793.0,0.0,371667.0,11247503.0,,0.0,,16343015.0,29897327.0,12201887.0,1431446.0,,63834.0,0.0,1410257.0,406320.0,,,9426258.0,11077521.0,8421600.0,0.0,999826.0,12.85,6.73,,15.4,,124.51,14596546.0,
2014,12,,,PT Bank Perekonomian Rakyat Syariah Harta Insan Karimah Bekasi,Kota Bekasi,Provinsi Jawa Barat,620015,154139467.0,90848337.0,0.0,518766.0,43418.0,0.0,0.0,32584304.0,,0.0,,11677696.0,387556.0,90403894.0,2671337.0,,0.0,0.0,33880307.0,0.0,,,15794848.0,29707944.0,11946556.0,94500.0,2843786.0,16.0,4.94,,2.7,,89.9,26984848.0,
2014,12,,,PT Bank Perekonomian Rakyat Syariah Harta Insan Karimah Insan Cita,Kab. Bogor,Provinsi Jawa Barat,620069,19481027.0,13720799.0,0.0,339095.0,106385.0,0.0,900000.0,0.0,,0.0,,2991553.0,1615274.0,8446709.0,160173.0,,1582062.0,0.0,229939.0,0.0,,,2702727.0,3438801.0,2264622.0,0.0,347779.0,36.91,13.62,,-2.3,,86.12,3531790.0,
2014,12,,,PT Bank Perekonomian Rakyat Syariah Sarana Prima Mandiri,Kab. Pamekasan,Provinsi Jawa Timur,620127,21964997.0,12948579.0,0.0,0.0,3778164.0,519549.0,0.0,659238.0,,0.0,,5608379.0,211474.0,10311865.0,196835.0,,29835.0,0.0,2730868.0,8956.0,,,2969915.0,4441021.0,2172888.0,0.0,802922.0,12.8,14.46,,3.66,,85.99,3208631.0,
2014,12,,,PT Bank Perekonomian Rakyat Syariah Hasanah Mandiri,Kota Depok,Provinsi Jawa Barat,620006,9947957.0,7575818.0,0.0,0.0,0.0,0.0,165000.0,0.0,,0.0,,0.0,28678.0,5118642.0,33826.0,,8561.0,0.0,2014940.0,614780.0,,,1223020.0,2314485.0,1108296.0,0.0,114724.0,27.65,5.81,,-0.24,,101.77,256382.0,
2014,12,,,PT BPRS Harta Insan Karimah,Kota Tangerang,Provinsi Banten,620012,440092510.0,213205283.0,0.0,331454.0,263267.0,0.0,665000.0,160107126.0,,0.0,,318760.0,52906276.0,294602367.0,2265541.0,,1163999.0,0.0,32805961.0,0.0,,,36440953.0,69170084.0,21829417.0,360170.0,10534958.0,15.2,3.11,,3.7,,101.5,52571075.0,
2014,12,,,PT Bank Perekonomian Rakyat Syariah Daarul Hayat,Kota Cimahi,Provinsi Jawa Barat,620035,3807358.0,1513104.0,0.0,320076.0,110861.0,31500.0,0.0,125100.0,,0.0,,27859.0,449156.0,2753385.0,311269.0,,0.0,0.0,384651.0,0.0,,,116640.0,508678.0,778368.0,0.0,-463973.0,8.23,33.68,,-0.01,,65.03,1364040.0,
2014,12,,,PT. BPRS Asri Madani Nusantara,Kab. Jember,Provinsi Jawa Timur,620033,14141306.0,11219400.0,0.0,412744.0,6000.0,247722.0,0.0,0.0,,0.0,,0.0,4883879.0,2785100.0,104209.0,,195072.0,0.0,4333668.0,230502.0,,,1509890.0,2346071.0,1081202.0,11422.0,422007.0,14.33,1.44,,3.74,,88.91,1506465.0,
2014,12,,,PT Bank Perekonomian Rakyat Syariah Daya Artha Mentari,Kab. Pasuruan,Provinsi Jawa Timur,620056,13830114.0,8434743.0,0.0,971435.0,4725.0,0.0,255901.0,35000.0,,0.0,,1671526.0,6435409.0,1116200.0,1244360.0,,6455.0,0.0,3583411.0,0.0,,,2564292.0,3331457.0,4085735.0,0.0,-1305101.0,9.46,46.26,,-8.17,,78.17,3431560.0,
2014,12,,,PT Bank Perekonomian Rakyat Syariah Bina Amanah Satria,Kab. Banyumas,Provinsi Jawa Tengah,620087,34918684.0,16144565.0,0.0,748306.0,1401400.0,11125.0,258166.0,7643628.0,,0.0,,7512622.0,2830258.0,8042958.0,295937.0,,18323.0,0.0,9006823.0,2838664.0,,,4089934.0,5167630.0,3626923.0,0.0,710036.0,17.0,6.24,,2.27,,132.93,6832305.0,
2014,12,,,PT Bank Perekonomian Rakyat Syariah Arta Leksana,Kab. Banyumas,Provinsi Jawa Tengah,620110,,,,,,,,,,,,,,,,,,,,,,,3268194.0,4627912.0,2666895.0,0.0,625273.0,17.08,6.42,,3.18,,57.26,,
2014,12,,,PT Bank Perekonomian Rakyat Syariah Muamalah Cilegon,Kota Cilegon,Provinsi Banten,620034,15226206.0,8861336.0,0.0,428720.0,20448.0,0.0,217444.0,96945.0,,0.0,,6927123.0,0.0,2754800.0,389157.0,,27923.0,0.0,1021594.0,269095.0,,,1808649.0,2049409.0,1593556.0,3026.0,221311.0,34.0,37.1,,1.59,,97.67,4905737.0,
2014,12,,,PT BPRS Al Hidayah,Kab. Pasuruan,Provinsi Jawa Timur,620072,22809335.0,9330845.0,0.0,0.0,0.0,0.0,9282000.0,83700.0,,0.0,,0.0,3109088.0,1519000.0,365751.0,,20984.0,0.0,16440362.0,24537.0,,,2675685.0,4670502.0,2370060.0,0.0,343176.0,11.59,4.55,,1.97,,88.87,3666262.0,
2014,12,,,PT Bank Perekonomian Rakyat Syariah Amanah Insan Cita,Kab. Deli Serdang,Provinsi Sumatera Utara,620145,12134472.0,8784156.0,0.0,0.0,0.0,41623.0,756642.0,0.0,,0.0,,1424141.0,0.0,6989664.0,64086.0,,39651.0,0.0,1493456.0,0.0,,,1497581.0,2114463.0,1127738.0,0.0,325308.0,20.33,0.62,,3.16,,0.0,2256048.0,
2014,12,,,PT Bank Perekonomian Rakyat Syariah Kotabumi (Perseroda),Kab. Lampung Selatan,Provinsi Lampung,620131,72477697.0,25410341.0,0.0,29278209.0,1190500.0,0.0,515441.0,0.0,,0.0,,6559160.0,187650.0,12241500.0,609200.0,,530572.0,0.0,35787095.0,4642855.0,,,8007631.0,13573327.0,4978415.0,0.0,2345830.0,19.5,1.34,,4.7,,89.55,14463626.0,
2014,12,,,PT Bank Perekonomian Rakyat Syariah Lampung Timur (Perseroda),Kab. Lampung Timur,Provinsi Lampung,620140,14078531.0,1617451.0,0.0,9097140.0,1800.0,0.0,0.0,366534.0,,0.0,,1975001.0,2349.0,406500.0,335849.0,,33846.0,0.0,3594512.0,0.0,,,1761918.0,2459266.0,968902.0,0.0,783492.0,68.18,5.19,,5.92,,110.39,3149853.0,
2014,12,,,PT. BPRS Jabal Tsur,Kab. Pasuruan,Provinsi Jawa Timur,620103,30453043.0,6450431.0,0.0,13384379.0,407630.0,0.0,0.0,1185000.0,,0.0,,3958462.0,5596663.0,6417407.0,201804.0,,201242.0,0.0,10836788.0,21715.0,,,5515215.0,7141155.0,4991738.0,13062.0,445766.0,12.91,5.5,,1.46,,111.77,7205981.0,
2014,12,,,PT Bank Perekonomian Rakyat Syariah Gebu Prima,Kota Medan,Provinsi Sumatera Utara,620055,,,,,,,,,,,,,,,,,,,,,,,,,,,,,,,,,,,
2014,12,,,PT Bank Perekonomian Rakyat Syariah Berkah Dana Fadhlillah (Perseroda),Kab. Kampar,Provinsi Riau,620060,18082110.0,11845664.0,0.0,179084.0,250680.0,0.0,0.0,0.0,,0.0,,605780.0,14646555.0,1353942.0,719294.0,,13436.0,0.0,123779.0,0.0,,,2410414.0,3054648.0,2298557.0,0.0,121361.0,11.0,15.88,,0.82,,61.09,6104122.0,
2014,12,,,PT. BPRS Safir,Kota Bengkulu,Provinsi Bengkulu,620090,,,,,,,,,,,,,,,,,,,,,,,,,,,,,,,,,,,
2014,12,,,PT Bank Perekonomian Rakyat Syariah Hikmah Wakilah,Kota Banda Aceh,Provinsi NAD,620046,28745330.0,18506131.0,0.0,0.0,0.0,0.0,1669633.0,0.0,,0.0,,55093.0,9585564.0,12265350.0,267023.0,,0.0,0.0,672261.0,0.0,,,3559995.0,4979536.0,2737492.0,0.0,809662.0,39.0,4.7,,2.82,,72.91,7137648.0,
2014,12,,,PT BPRS Bumi Rinjani Malang,Kota Malang,Provinsi Jawa Timur,620078,6802655.0,4116815.0,0.0,27475.0,0.0,0.0,0.0,110000.0,,0.0,,0.0,305398.0,3512500.0,198113.0,,10416.0,0.0,2060220.0,0.0,,,892197.0,1563403.0,1080095.0,0.0,-209980.0,21.75,18.96,,-3.09,,111.43,2337594.0,
2014,12,,,PT. BPRS Ummu,Kab. Pasuruan,Provinsi Jawa Timur,620074,9300449.0,7140975.0,0.0,0.0,0.0,0.0,144030.0,0.0,,0.0,,4095389.0,1068256.0,511000.0,642523.0,,2830.0,0.0,17673.0,444444.0,,,1678624.0,2088983.0,1800581.0,0.0,487926.0,38.99,28.68,,5.25,,81.27,1971626.0,
2014,12,,,PT Bank Perekonomian Rakyat Syariah Way Kanan (Perseroda),Kab. Lampung Selatan,Provinsi Lampung,620157,31139604.0,7654422.0,0.0,8644143.0,4319041.0,0.0,0.0,400000.0,,0.0,,4462472.0,2183683.0,881500.0,323990.0,,91436.0,0.0,17181252.0,0.0,,,4293891.0,5717016.0,2461456.0,0.0,1533537.0,26.21,1.67,,6.09,,81.06,9620237.0,
2014,12,,,PT Bank Perekonomian Rakyat Syariah Muamalat Harkat,Kab. Seluma,Provinsi Bengkulu,620052,28839739.0,20350644.0,0.0,0.0,22416.0,0.0,0.0,0.0,,0.0,,105774.0,11363185.0,8917500.0,476230.0,,97724.0,0.0,4980316.0,0.0,,,4984299.0,7126999.0,4154196.0,21777.0,743134.0,15.12,29.61,,2.89,,14.68,6708240.0,
2014,12,,,PT Bank Perekonomian Rakyat Syariah Metro Madani,Kota Metro,Provinsi Lampung,620091,,,,,,,,,,,,,,,,,,,,,,,,,,,,,,,,,,,
2014,12,,,PT Bank Perekonomian Rakyat Syariah Al Falah,Kab. Banyuasin,Provinsi Sumatera Selatan,620040,13999771.0,9353908.0,0.0,746906.0,1133.0,0.0,0.0,0.0,,0.0,,161512.0,3761984.0,3581700.0,90444.0,,35952.0,0.0,3672275.0,0.0,,,2395144.0,3287388.0,1588233.0,0.0,718481.0,0.0,2.11,,0.0,,0.0,3528621.0,
2014,12,,,PT Bank Perekonomian Rakyat Syariah Artha Pamenang,Kab. Kediri,Provinsi Jawa Timur,620147,28891646.0,16348223.0,0.0,1969297.0,17150.0,0.0,0.0,0.0,,0.0,,719888.0,1912385.0,21890648.0,370336.0,,65933.0,0.0,497281.0,0.0,,,4706253.0,6905463.0,2973665.0,46854.0,1598891.0,14.85,4.83,,6.68,,66.75,9219494.0,
2014,12,,,PT BANK PEREKONOMIAN RAKYAT SYARIAH SIAK JAYA,Kab. Siak,Provinsi Riau,620189,,,,,,,,,,,,,,,,,,,,,,,,,,,,,,,,,,,
2014,12,,,PT Bank Perekonomian Rakyat Syariah Arthaaceh Sejahtera,Kota Banda Aceh,Provinsi NAD,620192,,,,,,,,,,,,,,,,,,,,,,,,,,,,,,,,,,,
2014,12,,,PT Bank Perekonomian Rakyat Syariah Mitra Agro Usaha,Kota Bandar Lampung,Provinsi Lampung,620169,5593247.0,1892763.0,0.0,161423.0,0.0,0.0,0.0,0.0,,0.0,,923499.0,0.0,1635700.0,26215.0,,12024.0,0.0,46982.0,0.0,,,859131.0,916135.0,771047.0,0.0,86684.0,113.44,0.0,,2.03,,37.23,3356345.0,
2014,12,,,PT Bank Perekonomian Rakyat Syariah Taman Indah Darussalam,Kota Banda Aceh,Provinsi NAD,620158,1643533.0,1099021.0,0.0,4304.0,0.0,0.0,10000.0,0.0,,0.0,,649439.0,0.0,600000.0,77143.0,,1245.0,0.0,15414.0,0.0,,,398489.0,440057.0,487654.0,0.0,-89865.0,35.82,10.26,,-5.76,,89.11,549165.0,
2014,12,,,PT Bank Perekonomian Rakyat Syariah Ingin Jaya,Kab. Aceh Besar,Provinsi NAD,620203,,,,,,,,,,,,,,,,,,,,,,,,,,,,,,,,,,,
2014,12,,,PT Bank Perekonomian Rakyat Syariah Syarikat Madani,Kota Batam,Provinsi Kep. Riau,620121,94826882.0,73243849.0,0.0,4611398.0,3377129.0,0.0,0.0,0.0,,0.0,,0.0,5539367.0,29567656.0,456509.0,,1465425.0,0.0,47021779.0,0.0,,,13241924.0,19196679.0,10681318.0,0.0,2009504.0,14.16,1.62,,2.24,,231.38,10729165.0,
2014,12,,,PT BPRS Gajahtongga KotoPiliang,Kota Sawahlunto,Provinsi Sumatera Barat,620162,,,,,,,,,,,,,,,,,,,,,,,,,,,,,,,,,,,
2014,12,,,PT Bank Perekonomian Rakyat Syariah Fajar Sejahtera Bali,Kab. Badung,Provinsi Bali,620026,6477464.0,1751955.0,0.0,1648239.0,0.0,0.0,604735.0,0.0,,0.0,,1262.0,1906535.0,685500.0,256626.0,,34998.0,0.0,0.0,10000.0,,,2273433.0,2378517.0,1997542.0,0.0,102040.0,80.41,5.65,,1.58,,61.98,2375489.0,
2014,12,,,PT. BPRS Al-Yaqin,Kab. Simalungun,Provinsi Sumatera Utara,620092,6120421.0,4169505.0,0.0,0.0,58000.0,0.0,0.0,40000.0,,0.0,,1021195.0,651202.0,1602500.0,520609.0,,18055.0,0.0,2139946.0,173100.0,,,923403.0,1480382.0,1510794.0,0.0,-600275.0,13.0,19.93,,-9.81,,112.07,2145423.0,
2014,12,,,PT BPRS Bumi Rinjani Probolinggo,Kab. Probolinggo,Provinsi Jawa Timur,620105,,,,,,,,,,,,,,,,,,,,,,,,,,,,,,,,,,,
2014,12,,,PT Bank Perekonomian Rakyat Syariah Mitra Harmoni Kota Malang,Kota Malang,Provinsi Jawa Timur,620153,9441837.0,6664850.0,0.0,702901.0,0.0,0.0,0.0,0.0,,0.0,,1473078.0,112350.0,3514000.0,82380.0,,30945.0,0.0,3489345.0,0.0,,,1440788.0,1964484.0,1456930.0,0.0,-15424.0,14.0,3.72,,-0.16,,86.18,1429701.0,
2014,12,,,PT BPRS Kota Juang Perseroda,Kab. Aceh Jeumpa/Bireuen,Provinsi NAD,620144,5632831.0,3991520.0,0.0,0.0,0.0,0.0,0.0,0.0,,0.0,,102.0,2260685.0,622000.0,42634.0,,5234.0,0.0,881295.0,0.0,,,878429.0,1108790.0,671297.0,0.0,209703.0,48.0,4.66,,3.99,,72.62,1477162.0,
2014,12,,,PT Bank Perekonomian Rakyat Syariah Bahari Berkesan,Kota Ternate,Provinsi Maluku Utara,620164,15924751.0,10181735.0,0.0,0.0,243444.0,0.0,1662667.0,0.0,,0.0,,574032.0,4059357.0,1783050.0,76261.0,,27636.0,0.0,20652.0,916666.0,,,1478609.0,1631852.0,1292861.0,0.0,278210.0,42.47,2.93,,0.17,,188.39,3585279.0,
2014,12,,,PT Bank Perekonomian Rakyat Syariah Mustaqim Aceh Perseroda,Kota Banda Aceh,Provinsi NAD,620187,,,,,,,,,,,,,,,,,,,,,,,,,,,,,,,,,,,
2014,12,,,PT Bank Perekonomian Rakyat Syariah Hasanah,Kota Pekanbaru,Provinsi Riau,620041,8432136.0,5896940.0,0.0,39600.0,0.0,0.0,0.0,83610.0,,0.0,,174496.0,2819049.0,3251005.0,306241.0,,12687.0,0.0,620744.0,0.0,,,984135.0,1318133.0,1196033.0,0.0,-195192.0,24.24,15.52,,-2.36,,72.11,2347692.0,
2014,12,,,PT Bank Perekonomian Rakyat Syariah Saruma Sejahtera Halmahera Selatan,Kab. Halmahera Selatan,Provinsi Maluku Utara,620182,,,,,,,,,,,,,,,,,,,,,,,,,,,,,,,,,,,
2014,12,,,PT Bank Perekonomian Rakyat Syariah Aman Syariah,Kab. Lampung Timur,Provinsi Lampung,620173,3777902.0,0.0,0.0,0.0,0.0,0.0,0.0,0.0,,0.0,,356400.0,0.0,0.0,0.0,,421502.0,0.0,0.0,0.0,,,268683.0,268683.0,268683.0,0.0,0.0,0.0,0.0,,0.0,,0.0,3383121.0,
2014,12,,,PT Bank Perekonomian Rakyat Syariah Rahmania Dana Sejahtera,Kab. Aceh Jeumpa/Bireuen,Provinsi NAD,620148,5541327.0,3796948.0,0.0,0.0,0.0,0.0,60000.0,0.0,,0.0,,401033.0,56602.0,3329500.0,39086.0,,13403.0,0.0,910937.0,0.0,,,729432.0,1074973.0,663416.0,0.0,68238.0,21.0,6.74,,1.23,,72.28,1366091.0,
2014,12,,,PT Bank Perekonomian Rakyat Syariah Tani Tulang Bawang Barat (Perseroda),Kab. Tulang Bawang Barat,Provinsi Lampung,620176,,,,,,,,,,,,,,,,,,,,,,,,,,,,,,,,,,,
2014,12,,,PT BPRS Haji Miskin,Kab. Tanah Datar,Provinsi Sumatera Barat,620099,29179221.0,21169690.0,0.0,552027.0,0.0,606957.0,1573729.0,0.0,,0.0,,81726.0,6673326.0,5131700.0,638814.0,,182146.0,0.0,12555453.0,57190.0,,,3287121.0,5537263.0,2500736.0,20060.0,671216.0,19.48,5.21,,2.76,,100.41,4981135.0,
2014,12,,,PT Bank Perekonomian Rakyat Syariah Al Washliyah,Kota Medan,Provinsi Sumatera Utara,620036,12497620.0,5077776.0,0.0,558989.0,0.0,0.0,277803.0,0.0,,0.0,,204116.0,2241069.0,6073750.0,419303.0,,218558.0,0.0,1362953.0,0.0,,,1317833.0,2081868.0,1495349.0,0.0,-177516.0,33.0,6.66,,1.42,,69.43,6065365.0,
2014,12,,,PT BPRS Taeh Baruah,Kab. Limapuluh Koto,Provinsi Sumatera Barat,620190,,,,,,,,,,,,,,,,,,,,,,,,,,,,,,,,,,,
2014,12,,,PT Bank Perekonomian Rakyat Syariah Tunas Artha Jaya Abadi,Kab. Kediri,Provinsi Jawa Timur,620200,,,,,,,,,,,,,,,,,,,,,,,,,,,,,,,,,,,
2014,12,,,PT Bank Perekonomian Rakyat Syariah Investama Mega Bakti,Kota Makassar,Provinsi Sulawesi Selatan,620077,38292326.0,17842581.0,0.0,0.0,1454879.0,0.0,4193187.0,10705131.0,,0.0,,88250.0,1558474.0,214000.0,464003.0,,106105.0,0.0,31450.0,32464362.0,,,6650272.0,6757104.0,6045548.0,0.0,526429.0,12.21,10.16,,1.49,,99.62,2956260.0,
2014,12,,,PT Bank Perekonomian Rakyat Syariah Rahma Syariah,Kab. Kediri,Provinsi Jawa Timur,620150,6564036.0,3188306.0,0.0,0.0,0.0,0.0,1361240.0,0.0,,0.0,,2057152.0,0.0,2856765.0,72143.0,,8203.0,0.0,48350.0,0.0,,,957131.0,1213791.0,906034.0,0.0,75508.0,36.53,10.96,,1.33,,70.37,1568731.0,
2014,12,,,PT Bank Perekonomian Rakyat Syariah Harta Insan Karimah Fajar Nitro,Kota Makassar,Provinsi Sulawesi Selatan,620168,4459038.0,3717105.0,0.0,0.0,0.0,0.0,0.0,0.0,,0.0,,33869.0,1252079.0,1558000.0,56707.0,,77674.0,0.0,13214.0,0.0,,,657836.0,820683.0,1115158.0,0.0,-460034.0,39.55,5.74,,-11.84,,130.7,600170.0,
2014,12,,,PT Bank Perekonomian Rakyat Syariah Khairan Inti Amanah,Kab. Parimo/Banggai,Provinsi Sulawesi Tengah,620188,,,,,,,,,,,,,,,,,,,,,,,,,,,,,,,,,,,
2014,12,,,PT BPRS Mojo Artho Kota Mojokerto Perseroda,Kota Mojokerto,Provinsi Jawa Timur,620160,44766834.0,21197845.0,0.0,505415.0,325500.0,532765.0,6393000.0,0.0,,0.0,,683550.0,5823921.0,9035900.0,254433.0,,109913.0,0.0,17359305.0,0.0,,,3611837.0,5789112.0,2523758.0,22546.0,1096980.0,46.0,1.71,,2.45,,88.0,12265579.0,
2014,12,,,PT Bank Perekonomian Rakyat Syariah Tanggamus (Perseroda),Kab. Tanggamus,Provinsi Lampung,620082,25922908.0,19753869.0,0.0,0.0,0.0,0.0,0.0,0.0,,0.0,,320440.0,12427105.0,743654.0,1005659.0,,14663.0,0.0,3254051.0,0.0,,,3204630.0,4193171.0,2733747.0,0.0,392729.0,72.0,6.84,,1.73,,83.31,6189030.0,
2014,12,,,PT BANK PEREKONOMIAN RAKYAT SYARIAH NIAGA MADANI,Kota Makassar,Provinsi Sulawesi Selatan,620039,,,,,,,,,,,,,,,,,,,,,,,,,,,,,,,,,,,
2014,12,,,PT BPRS Guguk Mas Makmur,Kab. Limapuluh Koto,Provinsi Sumatera Barat,620194,,,,,,,,,,,,,,,,,,,,,,,,,,,,,,,,,,,
2014,12,,,PT Bank Perekonomian Rakyat Syariah Manfaatsyariah,Kab. Kutai Kartanegara,Provinsi Kalimantan Timur,620014,6639473.0,1128832.0,0.0,0.0,0.0,0.0,3074.0,0.0,,0.0,,4793867.0,0.0,155000.0,5621.0,,11890.0,0.0,212071.0,0.0,,,1123702.0,1170225.0,3157588.0,0.0,-2064594.0,81.24,0.08,,-31.1,,22.81,4576183.0,
2014,12,,,PT Bank Perekonomian Rakyat Syariah Khatulistiwa,Kab. Pasaman,Provinsi Sumatera Barat,620201,,,,,,,,,,,,,,,,,,,,,,,,,,,,,,,,,,,
2014,12,,,PT Bank Perekonomian Rakyat Syariah Puduarta Insani,Kab. Deli Serdang,Provinsi Sumatera Utara,620058,,,,,,,,,,,,,,,,,,,,,,,,,,,,,,,,,,,
2014,12,,,PT Bank Perekonomian Rakyat Syariah Bobato Lestari,Kota Tidore Kepulauan,Provinsi Maluku Utara,620179,,,,,,,,,,,,,,,,,,,,,,,,,,,,,,,,,,,
2014,12,,,PT Bank Perekonomian Rakyat Syariah Serambi Mekah,Kota Langsa,Provinsi NAD,620152,2442781.0,802116.0,0.0,34583.0,0.0,0.0,0.0,0.0,,0.0,,285094.0,0.0,557500.0,81965.0,,4327.0,0.0,379538.0,0.0,,,262867.0,303968.0,641912.0,0.0,-377816.0,85.2,37.02,,-12.0,,44.08,1580543.0,
2014,12,,,PT. BPRS Muamalat Yotefa,Kab. Jayapura,Provinsi Papua,620067,,,,,,,,,,,,,,,,,,,,,,,,,,,,,,,,,,,
2014,12,,,PT BPRS Barakah Nawaitul Ikhlas,Kota Solok,Provinsi Sumatera Barat,620123,5937918.0,4426652.0,0.0,241571.0,3000.0,0.0,0.0,0.0,,0.0,,123521.0,2851505.0,2034000.0,72628.0,,14720.0,0.0,38231.0,0.0,,,883409.0,1271118.0,707235.0,0.0,174344.0,21.48,3.96,,2.96,,92.89,1151645.0,
2014,12,,,PT BANK PEREKONOMIAN RAKYAT SYARIAH AL MAKMUR,Kota Payakumbuh,Provinsi Sumatera Barat,620132,,,,,,,,,,,,,,,,,,,,,,,,,,,,,,,,,,,
2014,12,,,PT Bank Perekonomian Rakyat Syariah Maslahat Dana Syariah Nusantara,Kota Bengkulu,Provinsi Bengkulu,620181,,,,,,,,,,,,,,,,,,,,,,,,,,,,,,,,,,,
2014,12,,,PT Bank Perekonomian Rakyat Syariah Bangka Belitung,Kota Pangkal Pinang,Provinsi Kep. Bangka Belitung,620076,425384723.0,244269538.0,0.0,4176503.0,1391024.0,0.0,0.0,38395740.0,,0.0,,5569635.0,131157514.0,222234840.0,4984290.0,,1963083.0,0.0,8805170.0,0.0,,,47860390.0,75693224.0,32912284.0,0.0,14952514.0,18.39,11.96,,3.69,,70.7,113550664.0,
2014,12,,,PT Bank Perekonomian Rakyat Syariah Rahmah Hijrah Agung,Kota Lhokseumawe,Provinsi NAD,620049,11874495.0,7297314.0,0.0,0.0,0.0,0.0,52500.0,65000.0,,0.0,,1072854.0,6077459.0,3261100.0,361030.0,,39979.0,0.0,811081.0,0.0,,,1956317.0,2485057.0,2645862.0,0.0,-607967.0,8.7,17.16,,-5.49,,67.14,4125505.0,
2014,12,,,PT Bank Perekonomian Rakyat Syariah Bandar Lampung (Perseroda),Kota Bandar Lampung,Provinsi Lampung,620051,40087176.0,8433258.0,0.0,24226733.0,0.0,0.0,0.0,0.0,,0.0,,2917093.0,493903.0,9454700.0,627237.0,,143187.0,0.0,20965111.0,0.0,,,4585590.0,7953767.0,3020118.0,0.0,1191197.0,16.75,1.98,,3.89,,98.77,7529685.0,
2014,12,,,PT Bank Perekonomian Rakyat Syariah Sindanglaya Kotanopan,Kab. Mandailing Natal,Provinsi Sumatera Utara,620111,7093820.0,2863434.0,0.0,394203.0,0.0,0.0,0.0,314000.0,,0.0,,2235657.0,0.0,1359500.0,96032.0,,4377.0,0.0,1372707.0,0.0,,,1767942.0,1912719.0,1142022.0,0.0,532781.0,65.65,6.53,,8.8,,99.35,3096912.0,
2014,12,,,PT Bank Perekonomian Rakyat Syariah Tanmiya Artha,Kota Kediri,Provinsi Jawa Timur,620130,6667684.0,4698174.0,0.0,317473.0,3119.0,0.0,625180.0,0.0,,0.0,,410808.0,1740443.0,2763300.0,65128.0,,45414.0,0.0,536911.0,0.0,,,814406.0,1091742.0,658126.0,0.0,124702.0,20.0,7.41,,8.91,,81.32,862819.0,
2014,12,,,PT BPRS Mitra Amanah,Kota Palangkaraya,Provinsi Kalimantan Tengah,620170,4701860.0,3514141.0,0.0,0.0,0.0,0.0,0.0,0.0,,0.0,,0.0,1283789.0,972452.0,21640.0,,0.0,0.0,15634.0,0.0,,,603706.0,688565.0,1136054.0,0.0,-570015.0,66.0,0.0,,-12.12,,155.75,801314.0,
2014,12,,,PT BPRS Magetan (Perseroda),Kab. Magetan,Provinsi Jawa Timur,620165,11048703.0,8491323.0,0.0,0.0,0.0,0.0,0.0,0.0,,0.0,,1989395.0,185710.0,1531000.0,49644.0,,9934.0,0.0,4148.0,3851421.0,,,1037656.0,1344827.0,986500.0,0.0,41715.0,68.54,0.15,,0.38,,89.35,2279199.0,
2014,12,,,PT Bank Perekonomian Rakyat Syariah Adeco,Kota Langsa,Provinsi NAD,620141,11825536.0,7382729.0,0.0,0.0,0.0,0.0,108000.0,0.0,,0.0,,369630.0,835388.0,2940000.0,73627.0,,1303.0,0.0,3469899.0,0.0,,,1537127.0,2143207.0,953814.0,0.0,574813.0,43.0,4.99,,4.86,,91.15,2925290.0,
2014,12,,,PT Bank Perekonomian Rakyat Syariah Amanah Bangsa,Kab. Simalungun,Provinsi Sumatera Utara,620032,10903123.0,8666734.0,0.0,4500.0,9825.0,0.0,570218.0,0.0,,0.0,,3166432.0,0.0,3626500.0,508908.0,,52662.0,0.0,3166011.0,0.0,,,2052349.0,2443686.0,1878913.0,0.0,225130.0,9.71,5.56,,2.1,,121.5,1988624.0,
2014,12,,,PT. BPRS Jabal Nur Tebuireng,Kota Surabaya,Provinsi Jawa Timur,620114,45803966.0,26414280.0,0.0,210489.0,87633.0,0.0,0.0,6995200.0,,0.0,,5306403.0,81492.0,12721500.0,479950.0,,239605.0,0.0,23600823.0,235060.0,,,5243591.0,8589768.0,4548176.0,18088.0,617244.0,16.0,4.58,,1.3,,185.49,8679693.0,
2014,12,,,PT Bank Perekonomian Rakyat Syariah Tengku Chiek Dipante,Kab. Pidie,Provinsi NAD,620025,5209898.0,3125135.0,0.0,0.0,0.0,0.0,172100.0,0.0,,0.0,,10457.0,1233607.0,2301000.0,559722.0,,33213.0,0.0,968196.0,0.0,,,380988.0,647684.0,898405.0,0.0,-495909.0,22.0,55.42,,-9.5,,93.28,2004189.0,
2014,12,,,PT Bank Perekonomian Rakyat Syariah Mitra Mentari Sejahtera,Kab. Ponorogo,Provinsi Jawa Timur,620180,,,,,,,,,,,,,,,,,,,,,,,,,,,,,,,,,,,
2014,12,,,PT BPRS Sungai PuaSyariah,Kab. Agam,Provinsi Sumatera Barat,620186,,,,,,,,,,,,,,,,,,,,,,,,,,,,,,,,,,,
2014,12,,,PT Bank Perekonomian Rakyat Syariah Balerong Bunta,Kab. Tanah Datar,Provinsi Sumatera Barat,620197,,,,,,,,,,,,,,,,,,,,,,,,,,,,,,,,,,,
2014,12,,,PT. BANK PEREKONOMIAN RAKYAT SYARIAH DINAR ASHRI,Kota Mataram,Provinsi Nusa Tenggara Barat,620104,138569539.0,67371841.0,0.0,0.0,2838405.0,0.0,2275000.0,173814.0,,0.0,,0.0,61613206.0,42992262.0,793248.0,,2295010.0,0.0,9337556.0,0.0,,,11208379.0,17963259.0,6031220.0,126000.0,3709522.0,30.0,3.83,,3.34,,64.5,61854951.0,
2014,12,,,PT Bank Perekonomian Rakyat Syariah Barkah Gemadana,Kab. Banjar,Provinsi Kalimantan Selatan,620013,,,,,,,,,,,,,,,,,,,,,,,,,,,,,,,,,,,
2014,12,,,PT BPRS Mentari Pasaman Saiyo,Kab. Pasaman Barat,Provinsi Sumatera Barat,620059,9120428.0,5552178.0,0.0,0.0,64500.0,0.0,0.0,35000.0,,0.0,,0.0,5946689.0,1482900.0,224316.0,,118111.0,0.0,617041.0,0.0,,,1393183.0,1752856.0,1068273.0,32556.0,264485.0,0.0,13.45,,0.0,,0.0,3395684.0,
2014,12,,,PT. BPRS Hareukat,Kab. Aceh Besar,Provinsi NAD,620003,11772539.0,6848033.0,0.0,0.0,0.0,0.0,1814798.0,0.0,,0.0,,159373.0,4923593.0,1456200.0,121484.0,,6681.0,0.0,3724843.0,0.0,,,1337557.0,1968651.0,1312971.0,0.0,61647.0,17.0,12.45,,0.52,,79.43,2526258.0,
2014,12,,,PT Bank Perekonomian Rakyat Syariah Kabupaten Ngawi Perseroda,Kab. Ngawi,Provinsi Jawa Timur,620183,,,,,,,,,,,,,,,,,,,,,,,,,,,,,,,,,,,
2014,12,,,PT Bank Perekonomian Rakyat Syariah Baiturrahman,Kab. Aceh Besar,Provinsi NAD,620024,23971842.0,13260445.0,0.0,0.0,0.0,0.0,0.0,0.0,,0.0,,0.0,14030483.0,1285000.0,300110.0,,0.0,0.0,6663314.0,0.0,,,2228874.0,2645530.0,1834447.0,0.0,453735.0,14.0,16.68,,1.89,,71.8,10632215.0,
2014,12,,,PT Bank Perekonomian Rakyat Syariah Ampek Angkek Candung,Kab. Agam,Provinsi Sumatera Barat,620071,50003239.0,37187061.0,0.0,0.0,22068.0,0.0,0.0,0.0,,0.0,,15026729.0,129139.0,16748711.0,1005055.0,,388101.0,0.0,13014006.0,0.0,,,5761238.0,8749781.0,4947434.0,20087.0,601367.0,13.41,5.67,,1.49,,79.3,11361992.0,
2014,12,,,PT. BANK PEREKONOMIAN RAKYAT SYARIAH PNM PATUH BERAMAL AMALI,Kota Mataram,Provinsi Nusa Tenggara Barat,620021,23728500.0,12450638.0,0.0,0.0,206811.0,0.0,3755900.0,0.0,,0.0,,50018.0,3802915.0,7307500.0,450996.0,,275778.0,0.0,6324168.0,1184000.0,,,2964701.0,4226878.0,1671601.0,30999.0,1204589.0,26.27,2.55,,6.78,,83.76,6741606.0,
2014,12,,,PT Bank Perekonomian Rakyat Syariah Indo Timur,Kota Makassar,Provinsi Sulawesi Selatan,620010,9905585.0,686935.0,0.0,0.0,0.0,0.0,0.0,0.0,,0.0,,6196153.0,1656565.0,440000.0,59637.0,,11796.0,0.0,46949.0,0.0,,,573744.0,633553.0,476299.0,0.0,67445.0,64.36,6.64,,0.31,,8.28,9257589.0,
2014,12,,,PT Bank Perekonomian Rakyat Syariah Gowata,Kab. Gowa,Provinsi Sulawesi Selatan,620065,2537139.0,782102.0,0.0,621707.0,0.0,0.0,7000.0,0.0,,0.0,,0.0,181636.0,460000.0,68841.0,,3824.0,0.0,1058262.0,0.0,,,575059.0,581017.0,473480.0,0.0,94803.0,33.0,24.9,,3.0,,230.0,119167.0,
2014,12,,,PT BANK PEREKONOMIAN RAKYAT SYARIAH MASYARAKAT LINTAU BUO,Kab. Agam,Provinsi Sumatera Barat,620196,,,,,,,,,,,,,,,,,,,,,,,,,,,,,,,,,,,
2014,12,,,PT Bank Perekonomian Rakyat Syariah Madinah,Kab. Lamongan,Provinsi Jawa Timur,620139,8246319.0,3991312.0,0.0,0.0,0.0,0.0,0.0,1885557.0,,0.0,,292579.0,3824925.0,2578744.0,77786.0,,23985.0,0.0,67543.0,0.0,,,1401260.0,1629733.0,1002037.0,9631.0,375627.0,19.81,3.42,,3.53,,87.76,2160748.0,
2014,12,,,PT BPRS Bumi Rinjani,Kota Batu,Provinsi Jawa Timur,620109,9852152.0,6999985.0,0.0,0.0,0.0,0.0,0.0,1924979.0,,0.0,,0.0,2401619.0,5067400.0,189762.0,,18937.0,0.0,757234.0,0.0,,,1350324.0,2277949.0,1234879.0,2576.0,100424.0,19.54,6.94,,1.04,,98.94,574819.0,
2014,12,,,PT Bank Pembiayaan Rakyat Syariah Gayo Perseroda,Kab. Aceh Tengah,Provinsi NAD,620120,16113966.0,10536917.0,0.0,0.0,0.0,0.0,0.0,0.0,,0.0,,759.0,5697966.0,2022000.0,119579.0,,20271.0,0.0,72537.0,0.0,,,1758486.0,2308967.0,1562187.0,4512.0,152923.0,69.3,11.88,,1.39,,92.72,4381339.0,
2014,12,,,PT Bank Perekonomian Rakyat Syariah Nurul Ikhwan,Kab. Polewali Mandar,Provinsi Sulawesi Barat,620045,997811.0,1079701.0,0.0,0.0,19575.0,0.0,0.0,0.0,,0.0,,1374.0,377156.0,0.0,296336.0,,9314.0,0.0,265623.0,0.0,,,266140.0,341106.0,216034.0,0.0,40141.0,34.08,45.91,,8.81,,156.59,38966.0,
2014,12,,,PT Bank Perekonomian Rakyat Syariah Surya Sejati,Kab. Takalar,Provinsi Sulawesi Selatan,620031,2702506.0,1879821.0,0.0,0.0,0.0,0.0,10000.0,0.0,,0.0,,5189.0,1050792.0,352000.0,44217.0,,739.0,0.0,179699.0,10066.0,,,670308.0,812865.0,499192.0,0.0,150438.0,55.0,14.26,,6.63,,134.22,679105.0,
2014,12,,,PT Bank Perekonomian Rakyat Syariah Lampung Barat (Perseroda),Kab. Lampung Barat,Provinsi Lampung,620175,,,,,,,,,,,,,,,,,,,,,,,,,,,,,,,,,,,
2014,12,,,PT Bank Perekonomian Rakyat Syariah Arsa Sejahtera,Kota Batu,Provinsi Jawa Timur,620079,20981712.0,16041544.0,0.0,0.0,0.0,0.0,0.0,1455000.0,,0.0,,0.0,468703.0,10289360.0,191648.0,,39300.0,0.0,6851513.0,0.0,,,2302724.0,4307894.0,1818922.0,15210.0,461253.0,19.0,4.02,,2.2,,170.06,2167970.0,
2014,12,,,PT Bank Perekonomian Rakyat Syariah Vitka Central,Kota Batam,Provinsi Kep. Riau,620134,50568908.0,40257222.0,0.0,499220.0,125343.0,0.0,0.0,0.0,,0.0,,710109.0,4977521.0,24172361.0,1308854.0,,60990.0,0.0,17484817.0,0.0,,,4348649.0,8656622.0,3746507.0,0.0,599091.0,12.92,14.57,,1.26,,87.8,10745986.0,
2014,12,,,PT Bank Perekonomian Rakyat Syariah Rajasa Lampung Tengah (Perseroda),Kab. Lampung Tengah,Provinsi Lampung,620129,10731335.0,2043753.0,0.0,6793458.0,31500.0,0.0,0.0,23000.0,,0.0,,772766.0,53526.0,175000.0,464429.0,,34597.0,0.0,5101314.0,0.0,,,2986354.0,3093371.0,2967055.0,0.0,-13136.0,52.46,15.59,,-3.2,,148.86,1870248.0,
2014,12,,,PT Bank Perekonomian Rakyat Syariah Karya Mugi Sentosa,Kota Surabaya,Provinsi Jawa Timur,620113,,,,,,,,,,,,,,,,,,,,,,,,,,,,,,,,,,,
2014,12,,,PT Bank Perekonomian Rakyat Syariah Tulen Amanah,Kab. Lombok Tengah,Provinsi Nusa Tenggara Barat,620009,19425644.0,14125796.0,0.0,0.0,0.0,0.0,0.0,0.0,,0.0,,0.0,3863038.0,9619400.0,264029.0,,21089.0,0.0,1107956.0,0.0,,,2827814.0,4154528.0,1230980.0,0.0,1524161.0,31.0,4.56,,8.0,,105.0,4900025.0,
2014,12,,,PT Bank Perekonomian Rakyat Syariah Dana Moneter,Kota Makassar,Provinsi Sulawesi Selatan,620030,,,,,,,,,,,,,,,,,,,,,,,,,,,,,,,,,,,
2014,12,,,PT Bank Perekonomian Rakyat Syariah Situbondo,Kab. Situbondo,Provinsi Jawa Timur,620081,10392332.0,5598942.0,0.0,0.0,25310.0,0.0,0.0,800000.0,,0.0,,600570.0,1859192.0,243400.0,94030.0,,6446.0,0.0,742594.0,0.0,,,1872796.0,1912240.0,1333803.0,0.0,506692.0,497.81,4.85,,5.81,,65.19,3489691.0,
2014,12,,,PT Bank Perekonomian Rakyat Syariah Carana Kiat Andalas,Kab. Agam,Provinsi Sumatera Barat,620064,14540080.0,11432296.0,0.0,0.0,5844.0,0.0,0.0,0.0,,0.0,,7953799.0,0.0,4425355.0,252230.0,,351920.0,0.0,1426612.0,0.0,,,1900317.0,2559893.0,2830228.0,0.0,-937592.0,3.13,45.38,,-6.45,,89.58,2672362.0,
2014,12,,,PT Bank Perekonomian Rakyat Syariah Fadhilah Kota Bengkulu (Perseroda),Kota Bengkulu,Provinsi Bengkulu,620184,,,,,,,,,,,,,,,,,,,,,,,,,,,,,,,,,,,
2014,12,,,PT Bank Perekonomian Rakyat Syariah Almabrur Babadan,Kab. Ponorogo,Provinsi Jawa Timur,620073,22749015.0,16757831.0,0.0,0.0,3200.0,0.0,0.0,0.0,,0.0,,2815.0,8322875.0,5029760.0,558916.0,,3669.0,0.0,3277677.0,0.0,,,3138628.0,4514291.0,2499115.0,14793.0,531800.0,58.69,5.18,,2.6,,75.0,5226348.0,
2014,12,,,PT Bank Pembiayaan Rakyat Syariah Jam Gadang Perseroda,Kota Bukittinggi,Provinsi Sumatera Barat,620185,,,,,,,,,,,,,,,,,,,,,,,,,,,,,,,,,,,
2015,12,,,PT. BPRS Rif'atul Ummah,Kab. Bogor,Provinsi Jawa Barat,620068,7511788.0,4141426.0,242161.0,0.0,766499.0,504327.0,0.0,8900.0,,0.0,,1534883.0,0.0,1820500.0,96352.0,,74192.0,0.0,1753835.0,0.0,,,1246295.0,1465424.0,1131391.0,0.0,85195.0,33.0,12.54,,113.0,,99.0,558844.0,
2015,12,,,PT Bank Perekonomian Rakyat Syariah Sarana Prima Mandiri,Kab. Pamekasan,Provinsi Jawa Timur,620127,25349838.0,11439173.0,0.0,0.0,3858920.0,448483.0,0.0,617238.0,,0.0,,8220883.0,280228.0,11756701.0,184020.0,,42904.0,0.0,2319635.0,40301.0,,,3061186.0,4463882.0,2674709.0,0.0,329931.0,13.76,12.34,,1.3,,68.46,7902512.0,
2015,12,,,PT Bank Perekonomian Rakyat Syariah Tunas Artha Jaya Abadi,Kab. Kediri,Provinsi Jawa Timur,620200,,,,,,,,,,,,,,,,,,,,,,,,,,,,,,,,,,,
2015,12,,,PT BANK PEREKONOMIAN RAKYAT SYARIAH AL MAKMUR,Kota Payakumbuh,Provinsi Sumatera Barat,620132,63517961.0,28500751.0,0.0,0.0,0.0,0.0,0.0,17699368.0,,0.0,,15101934.0,1312455.0,34664179.0,407060.0,,80033.0,0.0,6794841.0,888889.0,,,6222113.0,10126204.0,5380485.0,0.0,672528.0,11.0,1.73,,2.0,,79.45,14942309.0,
2015,12,,,PT Bank Perekonomian Rakyat Syariah Lantabur Tebuireng,Kab. Jombang,Provinsi Jawa Timur,620098,84052263.0,48303465.0,0.0,2086265.0,5117600.0,0.0,155000.0,295000.0,,0.0,,2556214.0,49048416.0,23740913.0,1074086.0,,92304.0,0.0,1005394.0,0.0,,,8747626.0,11938627.0,5379128.0,68626.0,2859022.0,9.0,6.93,,3.86,,74.26,26713055.0,
2015,12,,,PT BPRS Barakah Nawaitul Ikhlas,Kota Solok,Provinsi Sumatera Barat,620123,6323709.0,4209684.0,0.0,270946.0,0.0,0.0,0.0,0.0,,0.0,,72027.0,3446403.0,1665400.0,54935.0,,13592.0,0.0,34271.0,0.0,,,1020629.0,1330456.0,782546.0,0.0,216075.0,25.33,2.98,,3.93,,72.22,1643559.0,
2015,12,,,PT Bank Perekonomian Rakyat Syariah Kabupaten Ngawi Perseroda,Kab. Ngawi,Provinsi Jawa Timur,620183,,,,,,,,,,,,,,,,,,,,,,,,,,,,,,,,,,,
2015,12,,,PT Bank Perekonomian Rakyat Syariah Bangka Belitung,Kota Pangkal Pinang,Provinsi Kep. Bangka Belitung,620076,477258877.0,252155639.0,0.0,4384220.0,1293346.0,0.0,0.0,58395951.0,,0.0,,6680421.0,141221367.0,258438791.0,5167541.0,,1030921.0,0.0,3391666.0,0.0,,,48115205.0,79885031.0,35367638.0,0.0,12750684.0,20.58,14.05,,3.05,,73.51,138687141.0,
2015,12,,,PT. BPRS Muamalat Yotefa,Kab. Jayapura,Provinsi Papua,620067,,,,,,,,,,,,,,,,,,,,,,,,,,,,,,,,,,,
2015,12,,,PT. BPRS Asri Madani Nusantara,Kab. Jember,Provinsi Jawa Timur,620033,20789919.0,13516719.0,0.0,725317.0,31651.0,398105.0,78000.0,500000.0,,0.0,,0.0,6556154.0,4411487.0,112972.0,,116015.0,0.0,4874139.0,1663038.0,,,2177799.0,3525371.0,1569607.0,14333.0,555468.0,20.5,1.78,,3.35,,78.16,4634406.0,
2015,12,,,PT Bank Perekonomian Rakyat Syariah Mitra Mentari Sejahtera,Kab. Ponorogo,Provinsi Jawa Timur,620180,,,,,,,,,,,,,,,,,,,,,,,,,,,,,,,,,,,
2015,12,,,PT BPRS Magetan (Perseroda),Kab. Magetan,Provinsi Jawa Timur,620165,16593130.0,10336138.0,0.0,0.0,0.0,0.0,0.0,0.0,,0.0,,2528317.0,207365.0,4200600.0,85107.0,,17844.0,0.0,9932.0,3150124.0,,,1478063.0,1875378.0,1141025.0,0.0,302853.0,87.22,0.47,,1.83,,62.4,6036263.0,
2015,12,,,PT Bank Perekonomian Rakyat Syariah Saruma Sejahtera Halmahera Selatan,Kab. Halmahera Selatan,Provinsi Maluku Utara,620182,,,,,,,,,,,,,,,,,,,,,,,,,,,,,,,,,,,
2015,12,,,PT BANK PEREKONOMIAN RAKYAT ARTHA MADANI,Kota Bekasi,Provinsi Jawa Barat,620088,149277012.0,102544966.0,0.0,0.0,320409.0,0.0,0.0,7772500.0,,0.0,,22175372.0,677040.0,32574017.0,1370957.0,,1908546.0,0.0,78103252.0,0.0,,,18659825.0,29257439.0,12206989.0,175461.0,6277375.0,12.0,2.93,,5.61,,77.02,23377836.0,
2015,12,,,PT Bank Perekonomian Rakyat Syariah Syarikat Madani,Kota Batam,Provinsi Kep. Riau,620121,106333043.0,82512229.0,0.0,8976283.0,3146957.0,0.0,0.0,0.0,,0.0,,0.0,6856432.0,36125682.0,615033.0,,1873001.0,0.0,49148135.0,0.0,,,15382645.0,21968624.0,12622373.0,0.0,2154191.0,12.8,3.19,,2.13,,220.17,8677101.0,
2015,12,,,PT Bank Perekonomian Rakyat Syariah Fajar Sejahtera Bali,Kab. Badung,Provinsi Bali,620026,7394842.0,2312553.0,0.0,1927122.0,0.0,0.0,1795226.0,0.0,,0.0,,1262.0,2040490.0,1375500.0,421894.0,,43217.0,0.0,0.0,10000.0,,,2379935.0,2552168.0,2271760.0,2551.0,85205.0,73.47,6.61,,1.19,,82.36,1426647.0,
2015,12,,,PT Bank Perekonomian Rakyat Syariah Sampang Perseroda,Kab. Sampang,Provinsi Jawa Timur,620166,77828592.0,50577099.0,0.0,103459.0,10000.0,2500.0,11958833.0,0.0,,0.0,,8709124.0,0.0,13343055.0,1731145.0,,238443.0,0.0,39093473.0,1250000.0,,,7152049.0,12089176.0,5027395.0,45083.0,1767286.0,24.62,7.01,,1.66,,101.23,12027952.0,
2015,12,,,PT BPRS Bhakti Haji,Kab. Malang,Provinsi Jawa Timur,620048,,,,,,,,,,,,,,,,,,,,,,,,,,,,,,,,,,,
2015,12,,,PT. BANK PEREKONOMIAN RAKYAT SYARIAH DINAR ASHRI,Kota Mataram,Provinsi Nusa Tenggara Barat,620104,158816561.0,94657122.0,0.0,200000.0,3486097.0,0.0,14000000.0,163600.0,,0.0,,0.0,53214352.0,59824082.0,895212.0,,2660420.0,0.0,18513377.0,0.0,,,13051741.0,20924877.0,6625020.0,159500.0,4738455.0,27.0,3.6,,3.67,,87.15,41923090.0,
2015,12,,,PT BPRS Gajahtongga KotoPiliang,Kota Sawahlunto,Provinsi Sumatera Barat,620162,14562350.0,12228521.0,0.0,0.0,0.0,0.0,0.0,0.0,,0.0,,8421885.0,0.0,3558400.0,607970.0,,12770.0,0.0,695335.0,0.0,,,2395684.0,2770114.0,2293405.0,0.0,72474.0,14.0,13.34,,1.0,,86.0,2851571.0,
2015,12,,,PT Bank Perekonomian Rakyat Syariah Botani Bina Rahmah,Kab. Bogor,Provinsi Jawa Barat,620061,18681590.0,8540060.0,0.0,0.0,595766.0,0.0,3137237.0,125000.0,,0.0,,3354357.0,0.0,9221000.0,307747.0,,763686.0,0.0,632148.0,0.0,,,2331153.0,3439440.0,1792326.0,0.0,513551.0,43.25,5.62,,2.42,,74.82,5001959.0,
2015,12,,,PT Bank Perekonomian Rakyat Syariah Harta Insan Karimah Insan Cita,Kab. Bogor,Provinsi Jawa Barat,620069,17570521.0,10769694.0,0.0,290109.0,41613.0,0.0,1565204.0,0.0,,0.0,,3672377.0,1616838.0,6883989.0,197681.0,,202422.0,0.0,695345.0,0.0,,,2489375.0,3192649.0,2229746.0,0.0,165694.0,31.6,30.45,,-2.77,,76.68,3820644.0,
2015,12,,,PT Bank Perekonomian Rakyat Syariah Rahma Syariah,Kab. Kediri,Provinsi Jawa Timur,620150,6894883.0,3009274.0,0.0,0.0,0.0,0.0,1371603.0,0.0,,0.0,,2053282.0,0.0,3137900.0,58500.0,,10713.0,0.0,56401.0,0.0,,,961054.0,1217181.0,908636.0,0.0,43021.0,39.36,20.26,,0.69,,64.39,2177300.0,
2015,12,,,PT BPRS Bumi Rinjani,Kota Batu,Provinsi Jawa Timur,620109,,,,,,,,,,,,,,,,,,,,,,,,,,,,,,,,,,,
2015,12,,,PT BPRS Bogor Tegar Beriman,Kab. Bogor,Provinsi Jawa Barat,620177,,,,,,,,,,,,,,,,,,,,,,,,,,,,,,,,,,,
2015,12,,,PT Bank Perekonomian Rakyat Syariah Gaido Indonesia,Kab. Cianjur,Provinsi Jawa Barat,620043,,,,,,,,,,,,,,,,,,,,,,,,,,,,,,,,,,,
2015,12,,,PT Bank Perekonomian Rakyat Syariah Margirizki Bahagia,Kab. Bantul,Provinsi D.I. Yogyakarta,620017,45258459.0,24249399.0,0.0,13267.0,0.0,0.0,749146.0,7088559.0,,0.0,,4766179.0,2423551.0,25327900.0,374636.0,,33741.0,0.0,3760409.0,3194430.0,,,4224266.0,7041138.0,2887408.0,0.0,1239809.0,15.76,3.73,,3.93,,99.0,11137362.0,
2015,12,,,PT Bank Perekonomian Rakyat Syariah Annisa Mukti,Kab. Sidoarjo,Provinsi Jawa Timur,620135,9527753.0,6175305.0,0.0,0.0,0.0,0.0,0.0,760000.0,,0.0,,0.0,1576376.0,3200000.0,72313.0,,44608.0,0.0,1366277.0,0.0,,,2264897.0,2683599.0,1667571.0,10072.0,549102.0,45.15,0.92,,6.42,,145.2,2165553.0,
2015,12,,,PT Bank Perekonomian Rakyat Syariah Harta Insan Karimah Cibitung,Kota Bekasi,Provinsi Jawa Barat,620020,135682700.0,114390837.0,0.0,299622.0,5000.0,0.0,0.0,2500000.0,,0.0,,23372989.0,981668.0,31680614.0,2528744.0,,1137262.0,0.0,60728236.0,0.0,,,18387798.0,28689001.0,10309424.0,120000.0,5877227.0,,,,,,,18553246.0,
2015,12,,,PT Bank Perekonomian Rakyat Syariah Situbondo,Kab. Situbondo,Provinsi Jawa Timur,620081,9624249.0,6031077.0,0.0,73789.0,39321.0,0.0,0.0,0.0,,0.0,,373402.0,1558846.0,406000.0,192900.0,,10582.0,0.0,325093.0,0.0,,,1952919.0,1990187.0,1581597.0,0.0,381590.0,159.27,4.9,,4.49,,68.49,3355887.0,
2015,12,,,PT BPRS Harta Insan Karimah,Kota Tangerang,Provinsi Banten,620012,473747207.0,225169958.0,0.0,800553.0,143437.0,0.0,950000.0,185392234.0,,0.0,,6277590.0,48315685.0,331133800.0,6125073.0,,968938.0,0.0,23995169.0,0.0,,,38496212.0,75169970.0,25358506.0,329414.0,9635357.0,15.1,4.94,,3.0,,102.7,51309498.0,
2015,12,,,PT Bank Pembiayaan Rakyat Syariah Jam Gadang Perseroda,Kota Bukittinggi,Provinsi Sumatera Barat,620185,,,,,,,,,,,,,,,,,,,,,,,,,,,,,,,,,,,
2015,12,,,PT Bank Perekonomian Rakyat Syariah Musyarakah Ummat Indonesia,Kota Tangerang,Provinsi Banten,620007,5012950.0,2378648.0,0.0,0.0,40615.0,0.0,149100.0,476000.0,,0.0,,529505.0,551994.0,2258315.0,22369.0,,25610.0,0.0,81467.0,0.0,,,721429.0,1231016.0,1076062.0,0.0,-348689.0,41.96,44.16,,-10.08,,62.31,1270847.0,
2015,12,,,PT Bank Perekonomian Rakyat Syariah Al Hijrah Thayibah,Kab. Malang,Provinsi Jawa Timur,620198,,,,,,,,,,,,,,,,,,,,,,,,,,,,,,,,,,,
2015,12,,,PT Bank Perekonomian Rakyat Syariah Patriot Bekasi Perseroda,Kota Bekasi,Provinsi Jawa Barat,620108,67072479.0,27266584.0,0.0,2725666.0,97814.0,0.0,0.0,6431733.0,,0.0,,8109196.0,923270.0,28337295.0,1813809.0,,78796.0,0.0,10349184.0,0.0,,,6689019.0,8687008.0,4542824.0,0.0,2005536.0,53.17,7.49,,3.59,,77.99,29166807.0,
2015,12,,,PT Bank Perekonomian Rakyat Syariah Baktimakmur Indah,Kab. Sidoarjo,Provinsi Jawa Timur,620022,149482697.0,59053101.0,0.0,1272753.0,881000.0,0.0,0.0,59311277.0,,0.0,,9389781.0,52714935.0,28391595.0,1538275.0,,667535.0,0.0,31270839.0,0.0,,,16213183.0,24217107.0,9052093.0,194734.0,6099848.0,122.48,7.14,,5.56,,84.31,27814364.0,
2015,12,,,PT Bank Perekonomian Rakyat Syariah Arsa Sejahtera,Kota Batu,Provinsi Jawa Timur,620079,31146114.0,17803296.0,0.0,0.0,0.0,0.0,0.0,2273655.0,,0.0,,0.0,3415314.0,8887800.0,1736940.0,,45516.0,0.0,11218197.0,0.0,,,1540851.0,4892140.0,6429270.0,0.0,-4899616.0,32.9,39.91,,-15.73,,163.19,7117518.0,
2015,12,,,PT Bank Perekonomian Rakyat Syariah Bangun Drajat Warga,Kab. Bantul,Provinsi D.I. Yogyakarta,620018,71673752.0,28283729.0,0.0,276437.0,7800.0,400087.0,14363497.0,3645535.0,,0.0,,24814962.0,17854826.0,18044082.0,1047295.0,,41768.0,0.0,2284482.0,0.0,,,6022606.0,7620577.0,4275175.0,41019.0,1539196.0,16.32,8.81,,2.58,,77.37,23058433.0,
2015,12,,,PT Bank Perekonomian Rakyat Syariah Al Falah,Kab. Banyuasin,Provinsi Sumatera Selatan,620040,17581880.0,10182395.0,0.0,1079735.0,100.0,0.0,0.0,0.0,,0.0,,154689.0,4139927.0,3609700.0,135898.0,,29025.0,0.0,6505289.0,0.0,,,2905087.0,3710047.0,1848752.0,0.0,928955.0,34.46,4.9,,6.65,,66.52,5856590.0,
2015,12,,,PT Bank Perekonomian Rakyat Syariah Amanah Rabbaniah,Kab. Bandung,Provinsi Jawa Barat,620002,40053017.0,21082880.0,0.0,7123907.0,534488.0,0.0,0.0,804478.0,,0.0,,12344874.0,641636.0,20518500.0,1370601.0,,265112.0,0.0,2249662.0,0.0,,,6967790.0,9304976.0,5574451.0,12000.0,1143128.0,,,,,,,10703017.0,
2015,12,,,PT Bank Perekonomian Rakyat Syariah Bhakti Sumekar Perseroda,Kab. Sumenep,Provinsi Jawa Timur,620085,523195347.0,322880165.0,0.0,0.0,38734301.0,0.0,4058963.0,6932145.0,,0.0,,95968740.0,475364.0,156309188.0,3577166.0,,1071294.0,0.0,140021279.0,15277774.0,,,41458306.0,66438767.0,25145779.0,0.0,12423041.0,47.24,1.36,,3.65,,73.67,117529688.0,
2015,12,,,PT Bank Perekonomian Rakyat Syariah Vitka Central,Kota Batam,Provinsi Kep. Riau,620134,49585928.0,43138042.0,0.0,339518.0,803543.0,0.0,0.0,0.0,,0.0,,606503.0,6590998.0,22966438.0,2158686.0,,179809.0,0.0,16453511.0,0.0,,,5253340.0,9855213.0,5352014.0,0.0,-190597.0,12.58,14.48,,-0.22,,100.38,7220443.0,
2015,12,,,PT BPRS Bumi Rinjani Probolinggo,Kab. Probolinggo,Provinsi Jawa Timur,620105,12428693.0,7846798.0,0.0,0.0,0.0,0.0,0.0,3406350.0,,15000.0,,213833.0,1972411.0,4875120.0,343756.0,,6152.0,0.0,3640523.0,0.0,,,1155267.0,2335136.0,2135282.0,0.0,-521748.0,16.62,21.72,,3.71,,91.74,369220.0,
2015,12,,,PT Bank Perekonomian Rakyat Syariah Rizky Barokah,Kota Tangerang Selatan,Provinsi Banten,620199,,,,,,,,,,,,,,,,,,,,,,,,,,,,,,,,,,,
2015,12,,,PT Bank Perekonomian Rakyat Syariah Hijra Alami,Wil. Kota Jakarta Selatan,Provinsi DKI Jakarta,620138,17908318.0,7580381.0,0.0,1832742.0,475665.0,0.0,0.0,2904130.0,,0.0,,1442822.0,291225.0,7572796.0,524526.0,,29765.0,0.0,2841201.0,2708331.0,,,2236660.0,3538060.0,1720959.0,0.0,475300.0,21.0,9.67,,2.65,,91.0,4450507.0,
2015,12,,,PT Bank Perekonomian Rakyat Syariah Tulen Amanah,Kab. Lombok Tengah,Provinsi Nusa Tenggara Barat,620009,24214619.0,14955823.0,0.0,0.0,0.0,0.0,0.0,0.0,,0.0,,0.0,5652310.0,11863200.0,300910.0,,38393.0,0.0,908381.0,0.0,,,2838400.0,4496353.0,1327069.0,0.0,1602144.0,33.0,12.45,,6.8,,85.38,8886469.0,
2015,12,,,PT Bank Perekonomian Rakyat Syariah Almabrur Babadan,Kab. Ponorogo,Provinsi Jawa Timur,620073,24496523.0,17817826.0,0.0,0.0,1582.0,0.0,0.0,0.0,,0.0,,3615.0,11752843.0,5437473.0,363852.0,,6516.0,0.0,648705.0,0.0,,,3381957.0,4431815.0,2678546.0,26160.0,971802.0,0.0,3.41,,0.0,,0.0,5236479.0,
2015,12,,,PT Bank Perekonomian Rakyat Syariah Central Syariah Utama,Kota Surakarta/Solo,Provinsi Jawa Tengah,620137,9999007.0,5689728.0,0.0,936919.0,125417.0,301437.0,19868.0,100000.0,,0.0,,1154259.0,823571.0,3026000.0,193702.0,,113630.0,0.0,3747147.0,0.0,,,770518.0,1392379.0,1244441.0,0.0,-366122.0,13.65,13.42,,-3.66,,83.51,1496850.0,
2015,12,,,PT Bank Perekonomian Rakyat Syariah Amanah Ummah,Kab. Bogor,Provinsi Jawa Barat,620004,178386559.0,125363266.0,3126160.0,56345.0,5465002.0,1103076.0,338750.0,4281500.0,,0.0,,102528002.0,2336863.0,49490836.0,2221707.0,,104536.0,0.0,5479256.0,0.0,,,22379441.0,28361921.0,16080308.0,433335.0,4645132.0,,,,,,,38814427.0,
2015,12,,,PT Bank Perekonomian Rakyat Syariah Mitra Amal Mulia,Kab. Sleman,Provinsi D.I. Yogyakarta,620117,30250552.0,20755624.0,0.0,626470.0,130036.0,1268116.0,80281.0,377727.0,,0.0,,1664974.0,1431025.0,20386906.0,124108.0,,44323.0,0.0,1606277.0,0.0,,,3100533.0,4936044.0,2379502.0,36038.0,647689.0,20.27,3.7,,2.56,,98.96,3836990.0,
2015,12,,,PT BPRS Bumi Rinjani Malang,Kota Malang,Provinsi Jawa Timur,620078,,,,,,,,,,,,,,,,,,,,,,,,,,,,,,,,,,,
2015,12,,,PT BPRS Hidayah,Wil. Kota Jakarta Barat,Provinsi DKI Jakarta,620119,,,,,,,,,,,,,,,,,,,,,,,,,,,,,,,,,,,
2015,12,,,PT BPRS Haji Miskin,Kab. Tanah Datar,Provinsi Sumatera Barat,620099,35146031.0,23815656.0,0.0,500360.0,0.0,275672.0,1340625.0,0.0,,0.0,,280582.0,8666250.0,8026300.0,379524.0,,90623.0,0.0,11957744.0,1500000.0,,,3686317.0,6108405.0,2963855.0,15735.0,613470.0,17.98,3.0,,2.25,,92.55,8832392.0,
2015,12,,,PT Bank Perekonomian Rakyat Syariah Amanah Sejahtera,Kab. Gresik,Provinsi Jawa Timur,620050,67546333.0,31646405.0,0.0,25693.0,2081550.0,0.0,323333.0,9677987.0,,0.0,,17257305.0,31126105.0,12536900.0,2012996.0,,21196.0,0.0,951335.0,400000.0,,,9066075.0,10366222.0,11173981.0,0.0,-2065634.0,12.94,5.54,,-3.17,,120.37,19430199.0,
2015,12,,,PT Bank Perekonomian Rakyat Syariah Harta Insan Karimah Bekasi,Kota Bekasi,Provinsi Jawa Barat,620015,185165100.0,95039272.0,0.0,12915137.0,159440.0,0.0,0.0,40321133.0,,0.0,,14796019.0,410426.0,109974874.0,2775337.0,,0.0,0.0,38447658.0,0.0,,,17445557.0,32292927.0,12642592.0,109250.0,3653183.0,14.0,4.44,,3.0,,90.3,32589859.0,
2015,12,,,PT. BPRS Jabal Tsur,Kab. Pasuruan,Provinsi Jawa Timur,620103,33096986.0,7805282.0,0.0,10326041.0,46706.0,0.0,0.0,2810000.0,,0.0,,3913193.0,6506577.0,10192342.0,1251585.0,,411611.0,0.0,9805314.0,0.0,,,5631472.0,7633287.0,6964183.0,0.0,-1333731.0,8.4,44.81,,-4.03,,115.0,7693106.0,
2015,12,,,PT Bank Perekonomian Rakyat Syariah Karya Mugi Sentosa,Kota Surabaya,Provinsi Jawa Timur,620113,46900376.0,18235067.0,0.0,930367.0,21115156.0,0.0,263798.0,97333.0,,0.0,,15671638.0,2501010.0,10773549.0,937377.0,,133265.0,0.0,915839.0,6524757.0,,,6393436.0,7284620.0,5872313.0,0.0,552049.0,25.49,9.27,,1.24,,111.76,4976813.0,
2015,12,,,PT Bank Perekonomian Rakyat Syariah Kotabumi (Perseroda),Kab. Lampung Selatan,Provinsi Lampung,620131,96018853.0,29233292.0,0.0,35755030.0,228500.0,0.0,329004.0,0.0,,0.0,,10139366.0,148642.0,20714452.0,978142.0,,858791.0,0.0,46275118.0,2928559.0,,,9359531.0,16931645.0,5901134.0,0.0,2578142.0,19.33,2.01,,3.44,,77.02,29283081.0,
2015,12,,,PT Bank Perekonomian Rakyat Syariah Nurul Ikhwan,Kab. Polewali Mandar,Provinsi Sulawesi Barat,620045,886938.0,934853.0,0.0,0.0,30250.0,0.0,0.0,0.0,,0.0,,398.0,433470.0,0.0,411393.0,,1148.0,0.0,262260.0,0.0,,,234558.0,237166.0,334824.0,0.0,-114682.0,57.83,63.0,,13.02,,115.16,185833.0,
2015,12,,,PT Bank Perekonomian Rakyat Syariah Balerong Bunta,Kab. Tanah Datar,Provinsi Sumatera Barat,620197,,,,,,,,,,,,,,,,,,,,,,,,,,,,,,,,,,,
2015,12,,,PT Bank Perekonomian Rakyat Syariah Amanah Insani,Kab. Bekasi,Provinsi Jawa Barat,620066,78450300.0,26662426.0,0.0,0.0,1190029.0,0.0,35245418.0,0.0,,0.0,,31617636.0,0.0,32016797.0,984970.0,,869350.0,0.0,224762.0,0.0,,,9325960.0,12544270.0,7070847.0,245001.0,1700842.0,22.0,6.22,,3.11,,79.0,14950174.0,
2015,12,,,PT Bank Perekonomian Rakyat Syariah Madina Mandiri Sejahtera,Kab. Bantul,Provinsi D.I. Yogyakarta,620118,41438118.0,24774840.0,0.0,534629.0,0.0,7237.0,4336609.0,2756472.0,,0.0,,3886704.0,1038020.0,30444400.0,777211.0,,342663.0,0.0,2718535.0,0.0,,,2552733.0,5779994.0,2501304.0,0.0,1028068.0,11.0,8.89,,2.63,,102.95,8730509.0,
2015,12,,,PT Bank Perekonomian Rakyat Syariah Daya Artha Mentari,Kab. Pasuruan,Provinsi Jawa Timur,620056,12425157.0,7221957.0,0.0,717281.0,0.0,0.0,337966.0,0.0,,0.0,,2318583.0,6250620.0,1310050.0,218054.0,,7485.0,0.0,1065920.0,0.0,,,2288356.0,2704397.0,2250012.0,0.0,24715.0,14.65,29.94,,0.39,,77.24,1949828.0,
2015,12,,,PT Bank Perekonomian Rakyat Syariah Hikmah Khazanah,Kota Surakarta/Solo,Provinsi Jawa Tengah,620171,33347964.0,23329532.0,0.0,1051279.0,0.0,0.0,0.0,0.0,,0.0,,5875376.0,613081.0,16358850.0,189710.0,,378877.0,0.0,2196110.0,0.0,,,3786575.0,5539280.0,1849081.0,0.0,1862399.0,43.04,1.62,,5.75,,98.72,8075269.0,
2015,12,,,PT Bank Perekonomian Rakyat Syariah Bobato Lestari,Kota Tidore Kepulauan,Provinsi Maluku Utara,620179,,,,,,,,,,,,,,,,,,,,,,,,,,,,,,,,,,,
2015,12,,,PT BPRS Mojo Artho Kota Mojokerto Perseroda,Kota Mojokerto,Provinsi Jawa Timur,620160,65660694.0,31567348.0,0.0,193556.0,2874400.0,647371.0,4619000.0,753500.0,,0.0,,1416500.0,6000353.0,10915900.0,496995.0,,157441.0,0.0,32021734.0,0.0,,,5085375.0,8583825.0,4559557.0,3528.0,697717.0,42.0,2.02,,1.06,,64.0,18722080.0,
2015,12,,,PT Bank Perekonomian Rakyat Syariah Al Ihsan,Kab. Bandung,Provinsi Jawa Barat,620044,6930447.0,3882237.0,0.0,1257297.0,132675.0,0.0,0.0,70959.0,,0.0,,4099369.0,0.0,2010500.0,254008.0,,13754.0,0.0,24592.0,24106.0,,,1242637.0,1409354.0,1145304.0,0.0,166941.0,14.0,9.32,,2.41,,79.45,1690186.0,
2015,12,,,PT. BPRS Jabal Nur Tebuireng,Kota Surabaya,Provinsi Jawa Timur,620114,38966724.0,22681596.0,0.0,1049673.0,62933.0,0.0,0.0,6174402.0,,0.0,,2892780.0,110539.0,14970848.0,631125.0,,83546.0,0.0,18000553.0,173740.0,,,5541074.0,11225420.0,7120195.0,0.0,-1562459.0,13.0,22.02,,-4.0,,177.27,5193708.0,
2015,12,,,PT Bank Perekonomian Rakyat Syariah Harta Insan Karimah Fajar Nitro,Kota Makassar,Provinsi Sulawesi Selatan,620168,2023775.0,2769167.0,0.0,0.0,0.0,0.0,0.0,0.0,,0.0,,84629.0,1000317.0,1267500.0,1430583.0,,2684.0,0.0,257402.0,0.0,,,426715.0,611429.0,2523515.0,0.0,-2112960.0,-38.14,81.7,,-65.31,,117.71,543189.0,
2015,12,,,PT. BANK PEREKONOMIAN RAKYAT SYARIAH PNM PATUH BERAMAL AMALI,Kota Mataram,Provinsi Nusa Tenggara Barat,620021,30665731.0,14583152.0,0.0,0.0,464133.0,0.0,4537700.0,0.0,,0.0,,52159.0,4689692.0,9390900.0,407566.0,,258780.0,0.0,6578553.0,4461772.0,,,3565146.0,5380305.0,2125092.0,36440.0,1413424.0,22.79,3.67,,5.66,,70.77,9458026.0,
2015,12,,,PT BPRS Taeh Baruah,Kab. Limapuluh Koto,Provinsi Sumatera Barat,620190,,,,,,,,,,,,,,,,,,,,,,,,,,,,,,,,,,,
2015,12,,,PT Bank Perekonomian Rakyat Syariah Mandiri Mitra Sukses,Kab. Gresik,Provinsi Jawa Timur,620126,36331530.0,14270861.0,0.0,0.0,0.0,0.0,0.0,15657850.0,,0.0,,4433241.0,7697568.0,13626250.0,215701.0,,478412.0,0.0,6815729.0,0.0,,,5026194.0,6980838.0,5720785.0,0.0,4314.0,16.41,2.8,,0.0,,84.13,4718000.0,
2015,12,,,PT. BPRS Mitra Harmoni Kota Semarang,Kota Semarang,Provinsi Jawa Tengah,620151,13885642.0,10199341.0,0.0,290711.0,0.0,0.0,0.0,0.0,,0.0,,852029.0,307050.0,4738200.0,109287.0,,58147.0,0.0,6356988.0,0.0,,,2014900.0,2620194.0,2000899.0,0.0,-33881.0,14.6,3.69,,-0.05,,94.5,2826022.0,
2015,12,,,PT Bank Perekonomian Rakyat Syariah Aman Syariah,Kab. Lampung Timur,Provinsi Lampung,620173,12054400.0,6336531.0,0.0,1083542.0,300000.0,0.0,181873.0,0.0,,0.0,,2794451.0,305078.0,2119628.0,60006.0,,57593.0,0.0,3762413.0,0.0,,,1108718.0,1480855.0,1074881.0,0.0,15237.0,37.51,0.86,,1.52,,33.45,3672896.0,
2015,12,,,PT Bank Perekonomian Rakyat Syariah Almasoem,Kab. Bandung,Provinsi Jawa Barat,620027,,,,,,,,,,,,,,,,,,,,,,,,,,,,,,,,,,,
2015,12,,,PT Bank Perekonomian Rakyat Syariah Investama Mega Bakti,Kota Makassar,Provinsi Sulawesi Selatan,620077,44530860.0,24882412.0,0.0,0.0,1224297.0,0.0,4893176.0,8697037.0,,0.0,,86830.0,2597755.0,573990.0,841007.0,,30103.0,0.0,33055.0,38039328.0,,,5155098.0,7334186.0,5452314.0,0.0,-270507.0,9.41,17.73,,-0.7,,96.12,4157462.0,
2015,12,,,PT BANK PEREKONOMIAN RAKYAT SYARIAH SIAK JAYA,Kab. Siak,Provinsi Riau,620189,,,,,,,,,,,,,,,,,,,,,,,,,,,,,,,,,,,
2015,12,,,PT Bank Perekonomian Rakyat Syariah Riyal Irsyadi,Kota Bekasi,Provinsi Jawa Barat,620005,36134148.0,27065861.0,0.0,0.0,0.0,0.0,135537.0,0.0,,0.0,,5546772.0,5488.0,18730800.0,5073361.0,,60596.0,0.0,9153670.0,0.0,,,3883753.0,8033009.0,7621444.0,0.0,-3723197.0,13.55,28.16,,-10.07,,81.86,12572778.0,
2015,12,,,PT Bank Perekonomian Rakyat Syariah Bumi Rinjani Kepanjen,Kab. Malang,Provinsi Jawa Timur,620106,40984320.0,31138212.0,0.0,19205.0,0.0,0.0,0.0,3007540.0,,0.0,,793968.0,6379277.0,14329200.0,565218.0,,95995.0,0.0,14272787.0,0.0,,,7006939.0,10822927.0,5389333.0,40801.0,1203698.0,14.56,4.97,,3.91,,86.69,4780154.0,
2015,12,,,PT Bank Perekonomian Rakyat Syariah Berkah Dana Fadhlillah (Perseroda),Kab. Kampar,Provinsi Riau,620060,18672265.0,11849960.0,0.0,71683.0,104309.0,0.0,0.0,0.0,,0.0,,471394.0,15204421.0,1389300.0,674864.0,,11641.0,0.0,77472.0,0.0,,,2343467.0,3040557.0,2180432.0,0.0,182396.0,12.0,12.12,,0.98,,58.93,6787677.0,
2015,12,,,PT. BPRS Ummu,Kab. Pasuruan,Provinsi Jawa Timur,620074,8541977.0,4980876.0,0.0,0.0,0.0,0.0,0.0,0.0,,0.0,,4198559.0,1227937.0,823700.0,431055.0,,3223.0,0.0,76071.0,555556.0,,,1553926.0,1757185.0,3424372.0,0.0,-1503926.0,30.14,31.71,,-17.61,,58.86,3295142.0,
2015,12,,,PT Bank Perekonomian Rakyat Syariah Dana Amanah Surakarta,Kota Surakarta/Solo,Provinsi Jawa Tengah,620125,9910445.0,4108721.0,135333.0,2874932.0,0.0,282802.0,527590.0,0.0,,0.0,,1724574.0,19583.0,3819000.0,181038.0,,15185.0,0.0,2737426.0,0.0,,,1023600.0,1775453.0,933846.0,0.0,64348.0,21.0,5.39,,0.65,,142.53,2025080.0,
2015,12,,,PT Bank Perekonomian Rakyat Syariah Hasanah,Kota Pekanbaru,Provinsi Riau,620041,7883535.0,6298660.0,0.0,29600.0,0.0,0.0,0.0,0.0,,0.0,,174936.0,2519382.0,3472544.0,430791.0,,12824.0,0.0,363012.0,0.0,,,1166765.0,1553943.0,1470674.0,0.0,-212988.0,21.25,9.74,,-2.7,,81.57,1703468.0,
2015,12,,,PT Bank Perekonomian Rakyat Syariah Dana Mulia,Kota Surakarta/Solo,Provinsi Jawa Tengah,620122,20802649.0,8910182.0,0.0,1592508.0,15000.0,0.0,0.0,5580455.0,,0.0,,525199.0,7593528.0,8630237.0,607131.0,,18615.0,0.0,2682022.0,97222.0,,,1467813.0,2924566.0,2437341.0,1000.0,-1004639.0,8.8,23.82,,-4.93,,78.54,4195198.0,
2015,12,,,PT BPRS Guguk Mas Makmur,Kab. Limapuluh Koto,Provinsi Sumatera Barat,620194,,,,,,,,,,,,,,,,,,,,,,,,,,,,,,,,,,,
2015,12,,,PT Bank Perekonomian Rakyat Syariah Mitra Harmoni Kota Malang,Kota Malang,Provinsi Jawa Timur,620153,10841759.0,7244909.0,0.0,789137.0,0.0,0.0,0.0,0.0,,0.0,,1732144.0,144078.0,3881000.0,93752.0,,40484.0,0.0,3791237.0,0.0,,,1776068.0,2386536.0,1724185.0,0.0,30697.0,21.0,4.82,,0.5,,84.5,2240701.0,
2015,12,,,PT Bank Perekonomian Rakyat Syariah Danagung Syariah,Kab. Sleman,Provinsi D.I. Yogyakarta,620128,31310646.0,13048460.0,0.0,4482379.0,26470.0,0.0,227057.0,5717267.0,,0.0,,1718841.0,413397.0,16256250.0,167885.0,,58900.0,0.0,9011785.0,0.0,,,3188349.0,5035549.0,2171810.0,0.0,1054867.0,14.72,2.62,,4.31,,87.08,6397548.0,
2015,12,,,PT Bank Perekonomian Rakyat Syariah Bahari Berkesan,Kota Ternate,Provinsi Maluku Utara,620164,23230843.0,12511778.0,0.0,0.0,416003.0,0.0,1757367.0,0.0,,0.0,,341367.0,9711156.0,2657050.0,111253.0,,28733.0,0.0,13012.0,1305550.0,,,2166897.0,2408245.0,2239795.0,0.0,908793.0,35.54,4.8,,0.12,,115.54,8180677.0,
2015,12,,,PT Bank Perekonomian Rakyat Syariah Hikmah Bahari,Kota Tegal,Provinsi Jawa Tengah,620174,15679346.0,10381534.0,0.0,1676810.0,0.0,0.0,138396.0,1007000.0,,0.0,,1803326.0,0.0,7684500.0,72810.0,,61096.0,0.0,20933.0,0.0,,,929505.0,999715.0,801375.0,3486.0,104491.0,41.91,0.0,,0.67,,139.17,1393157.0,
2015,12,,,PT Bank Perekonomian Rakyat Syariah Way Kanan (Perseroda),Kab. Lampung Selatan,Provinsi Lampung,620157,34958724.0,9468551.0,0.0,13282501.0,3461920.0,0.0,0.0,63000.0,,0.0,,6079015.0,2703479.0,1552700.0,689201.0,,107446.0,0.0,17324824.0,0.0,,,4166653.0,6508256.0,2798910.0,0.0,1113834.0,23.51,4.06,,4.12,,86.16,8319838.0,
2015,12,,,PT Bank Perekonomian Rakyat Syariah Alsalaam Amal Salman,Kota Depok,Provinsi Jawa Barat,620101,198302563.0,146894518.0,0.0,1413312.0,118832.0,0.0,2601367.0,390000.0,,0.0,,12911984.0,22681894.0,136038850.0,4139259.0,,403374.0,0.0,4342990.0,0.0,,,26471814.0,39820072.0,22971221.0,0.0,2601876.0,13.39,4.35,,1.81,,78.69,36967552.0,
2015,12,,,PT BANK PEREKONOMIAN RAKYAT SYARIAH NIAGA MADANI,Kota Makassar,Provinsi Sulawesi Selatan,620039,22118679.0,16320037.0,0.0,0.0,31483.0,0.0,0.0,0.0,,0.0,,0.0,3739939.0,5441240.0,436544.0,,272833.0,0.0,11207877.0,0.0,,,4628670.0,5507994.0,5218747.0,0.0,537932.0,6.51,54.4,,2.25,,177.7,2434404.0,
2015,12,,,PT Bank Perekonomian Rakyat Syariah Harta Insan Karimah Parahyangan,Kab. Bandung,Provinsi Jawa Barat,620054,616164171.0,512041231.0,0.0,169953.0,1246507.0,0.0,82000.0,6196688.0,,0.0,,44997565.0,857500.0,105762850.0,8500000.0,,2139964.0,0.0,390839315.0,1110879.0,,,66904955.0,122876351.0,45641082.0,525000.0,15538068.0,12.44,2.29,,3.46,,97.89,81507761.0,
2015,12,,,PT Bank Perekonomian Rakyat Syariah Tanmiya Artha,Kota Kediri,Provinsi Jawa Timur,620130,8136015.0,5145465.0,0.0,267910.0,611.0,14250.0,506243.0,0.0,,0.0,,325891.0,2374190.0,2380000.0,173347.0,,23998.0,0.0,1292015.0,0.0,,,1024061.0,1438177.0,805598.0,5339.0,193815.0,27.0,30.34,,2.62,,94.5,2021138.0,
2015,12,,,PT. BPRS Cilegon Mandiri,Kota Cilegon,Provinsi Banten,620080,98177549.0,44016058.0,7620720.0,4060383.0,262892.0,70191.0,0.0,17049129.0,,0.0,,6691778.0,7760342.0,15726028.0,2197933.0,,56952.0,0.0,2790619.0,0.0,,,14750892.0,16207530.0,8528353.0,154022.0,4763267.0,82.9,14.21,,6.64,,242.16,14521967.0,
2015,12,,,PT Bank Perekonomian Rakyat Syariah PNM Mentari,Kab. Garut,Provinsi Jawa Barat,620008,47977517.0,32119487.0,0.0,3277010.0,963450.0,0.0,0.0,2515007.0,,0.0,,1101719.0,5608179.0,18459718.0,663463.0,,56299.0,0.0,15119033.0,0.0,,,5641906.0,9057116.0,3705468.0,0.0,1580610.0,20.08,6.34,,3.88,,83.72,8477638.0,
2015,12,,,PT BPRS Mentari Pasaman Saiyo,Kab. Pasaman Barat,Provinsi Sumatera Barat,620059,,,,,,,,,,,,,,,,,,,,,,,,,,,,,,,,,,,
2015,12,,,PT Bank Perekonomian Rakyat Syariah Madinah,Kab. Lamongan,Provinsi Jawa Timur,620139,9999783.0,5506148.0,0.0,0.0,16666.0,0.0,0.0,2087263.0,,0.0,,363838.0,4904522.0,2932244.0,86564.0,,19438.0,0.0,180289.0,0.0,,,1757151.0,2074302.0,1275340.0,11225.0,447770.0,89.07,3.24,,3.54,,92.8,2146545.0,
2015,12,,,PT Bank Perekonomian Rakyat Syariah Unawi Barokah,Kab. Sidoarjo,Provinsi Jawa Timur,620155,3396491.0,1713109.0,0.0,0.0,0.0,0.0,0.0,0.0,,0.0,,59380.0,827067.0,811811.0,17347.0,,8186.0,0.0,1114635.0,0.0,,,542762.0,764221.0,560228.0,0.0,-25006.0,30.48,0.91,,-0.76,,100.87,1595576.0,
2015,12,,,PT Bank Perekonomian Rakyat Syariah Serambi Mekah,Kota Langsa,Provinsi NAD,620152,3446662.0,1471904.0,0.0,2500.0,0.0,0.0,0.0,0.0,,0.0,,396877.0,0.0,1050000.0,24428.0,,4656.0,0.0,1088931.0,0.0,,,313607.0,448888.0,623356.0,0.0,-310125.0,46.68,10.45,,-12.0,,62.66,1821259.0,
2015,12,,,PT Bank Perekonomian Rakyat Syariah Bina Amanah Satria,Kab. Banyumas,Provinsi Jawa Tengah,620087,40919177.0,19199201.0,0.0,1011277.0,1035486.0,3233.0,69000.0,8215711.0,,0.0,,11378073.0,2955735.0,9447000.0,348458.0,,494697.0,0.0,9813352.0,1838656.0,,,4820920.0,5860631.0,4080274.0,0.0,887390.0,,,,,,,9425854.0,
2015,12,,,PT Bank Perekonomian Rakyat Syariah Alwadiah,Kota Tasikmalaya,Provinsi Jawa Barat,620037,32280491.0,23605311.0,0.0,0.0,0.0,0.0,23862.0,1400000.0,,0.0,,226824.0,10023547.0,13398097.0,581294.0,,122728.0,0.0,1371054.0,0.0,,,4147323.0,5453325.0,2484507.0,0.0,1575890.0,61.13,2.89,,4.88,,105.84,7143276.0,
2015,12,,,PT Bank Perekonomian Rakyat Syariah Maslahat Dana Syariah Nusantara,Kota Bengkulu,Provinsi Bengkulu,620181,,,,,,,,,,,,,,,,,,,,,,,,,,,,,,,,,,,
2015,12,,,PT Bank Perekonomian Rakyat Syariah Khatulistiwa,Kab. Pasaman,Provinsi Sumatera Barat,620201,,,,,,,,,,,,,,,,,,,,,,,,,,,,,,,,,,,
2015,12,,,PT BPRS Berkah Amal Salman,Kota Bandung,Provinsi Jawa Barat,620001,,,,,,,,,,,,,,,,,,,,,,,,,,,,,,,,,,,
2015,12,,,PT BPRS Al Hidayah,Kab. Pasuruan,Provinsi Jawa Timur,620072,17102765.0,10342863.0,0.0,0.0,5500.0,0.0,10005500.0,83700.0,,0.0,,0.0,5535107.0,4138500.0,7333588.0,,16614.0,0.0,15720338.0,0.0,,,1635123.0,3831149.0,9246599.0,0.0,-7594913.0,-63.01,54.82,,-33.89,,54.82,2202082.0,
2015,12,,,PT BPRS Bina Finansia,Kota Semarang,Provinsi Jawa Tengah,620102,22869321.0,17541034.0,0.0,927129.0,5000.0,0.0,0.0,0.0,,0.0,,0.0,7510194.0,11003280.0,350322.0,,170986.0,0.0,1587263.0,0.0,,,2352007.0,3933024.0,1816507.0,0.0,528016.0,12.9,7.87,,2.31,,82.21,2950134.0,
2015,12,,,PT Bank Perekonomian Rakyat Syariah Insan Madani,Kab. Sukoharjo,Provinsi Jawa Tengah,620154,48205642.0,8898260.0,0.0,0.0,0.0,0.0,1993657.0,25920847.0,,0.0,,1099.0,1725695.0,36647233.0,277973.0,,190858.0,0.0,654719.0,0.0,,,2507396.0,6540108.0,1938637.0,0.0,478243.0,23.15,21.13,,1.19,,77.3,9251811.0,
2015,12,,,PT Bank Perekonomian Rakyat Syariah Amanah Bangsa,Kab. Simalungun,Provinsi Sumatera Utara,620032,15003758.0,12295442.0,0.0,400.0,0.0,0.0,454125.0,0.0,,0.0,,4228172.0,0.0,5082500.0,521642.0,,113186.0,0.0,4518955.0,0.0,,,2786090.0,3376436.0,2394388.0,0.0,350657.0,7.25,6.04,,3.05,,86.83,2422216.0,
2015,12,,,PT Bank Perekonomian Rakyat Syariah Rajasa Lampung Tengah (Perseroda),Kab. Lampung Tengah,Provinsi Lampung,620129,11411245.0,1805048.0,0.0,7028961.0,19000.0,0.0,0.0,87000.0,,0.0,,737237.0,76759.0,1400000.0,741467.0,,45643.0,0.0,4513674.0,0.0,,,2656701.0,2817366.0,2452274.0,0.0,635421.0,67.03,17.09,,6.31,,134.23,2986296.0,
2015,12,,,PT Bank Perekonomian Rakyat Syariah Lampung Barat (Perseroda),Kab. Lampung Barat,Provinsi Lampung,620175,5353364.0,1665005.0,0.0,253870.0,0.0,0.0,0.0,0.0,,0.0,,0.0,1474059.0,10000.0,25777.0,,39.0,0.0,15912.0,0.0,,,92827.0,102814.0,236773.0,0.0,-146646.0,157.58,0.0,,-2.7,,129.0,3308524.0,
2015,12,,,PT Bank Perekonomian Rakyat Syariah Suriyah,Kab. Cilacap,Provinsi Jawa Tengah,620086,104944749.0,57891282.0,10628.0,2522244.0,263787.0,130356.0,5374708.0,9502745.0,,0.0,,25880637.0,1625334.0,52450645.0,1118452.0,,898919.0,0.0,13399622.0,1916658.0,,,9047361.0,14803620.0,6851127.0,0.0,1704052.0,11.71,2.93,,2.43,,80.61,28147996.0,
2015,12,,,PT Bank Perekonomian Rakyat Syariah Gowata,Kab. Gowa,Provinsi Sulawesi Selatan,620065,2419768.0,723351.0,0.0,480028.0,0.0,0.0,0.0,0.0,,0.0,,0.0,214954.0,460000.0,40061.0,,2174.0,0.0,690149.0,56320.0,,,656669.0,686993.0,474802.0,0.0,159251.0,40.42,27.99,,5.7,,178.29,230378.0,
2015,12,,,PT Bank Perekonomian Rakyat Syariah Barokah Dana Sejahtera,Kota Yogyakarta,Provinsi D.I. Yogyakarta,620115,63376198.0,22486296.0,0.0,2358109.0,714849.0,0.0,84091.0,17454033.0,,0.0,,8796556.0,7709510.0,34137350.0,633920.0,,473649.0,0.0,6795144.0,0.0,,,5434431.0,9409402.0,3976998.0,0.0,1381667.0,12.56,4.67,,2.67,,85.1,17123278.0,
2015,12,,,PT. BPRS Safir,Kota Bengkulu,Provinsi Bengkulu,620090,,,,,,,,,,,,,,,,,,,,,,,,,,,,,,,,,,,
2015,12,,,PT Bank Perekonomian Rakyat Syariah Buana Mitra Perwira,Kab. Purbalingga,Provinsi Jawa Tengah,620083,82687793.0,25449692.0,0.0,5844823.0,241583.0,0.0,19167.0,16966981.0,,0.0,,28721363.0,6793647.0,30589250.0,449885.0,,252746.0,0.0,3478018.0,5222200.0,,,8295578.0,11451159.0,6485469.0,0.0,1613495.0,16.0,5.73,,2.48,,70.74,31736397.0,
2015,12,,,PT Bank Perekonomian Rakyat Syariah Rahmania Dana Sejahtera,Kab. Aceh Jeumpa/Bireuen,Provinsi NAD,620148,7406647.0,4911569.0,0.0,0.0,0.0,0.0,632500.0,0.0,,0.0,,1086945.0,136575.0,3202500.0,44317.0,,9173.0,0.0,1820274.0,0.0,,,919507.0,1355112.0,866736.0,0.0,61328.0,22.0,6.38,,0.83,,100.02,1662353.0,
2015,12,,,PT Bank Perekonomian Rakyat Syariah Mitra Harmoni Kota Bandung,Kota Bogor,Provinsi Jawa Barat,620161,13422443.0,11039980.0,0.0,0.0,0.0,0.0,90000.0,0.0,,0.0,,1208405.0,590123.0,4251000.0,75738.0,,112842.0,0.0,5671437.0,0.0,,,1928032.0,2615670.0,1886223.0,0.0,52372.0,15.0,2.96,,0.8,,95.23,1716182.0,
2015,12,,,PT Bank Perekonomian Rakyat Syariah Gebu Prima,Kota Medan,Provinsi Sumatera Utara,620055,12881315.0,8993611.0,0.0,250142.0,45819.0,0.0,1100000.0,0.0,,0.0,,0.0,5049181.0,6866500.0,1531808.0,,7434.0,0.0,119667.0,0.0,,,1657074.0,2341963.0,3642980.0,0.0,-1919447.0,8.17,19.42,,-17.65,,81.46,2786600.0,
2015,12,,,PT Bank Perekonomian Rakyat Syariah Surya Sejati,Kab. Takalar,Provinsi Sulawesi Selatan,620031,2828894.0,1515276.0,0.0,0.0,0.0,0.0,10000.0,0.0,,0.0,,5335.0,757201.0,679000.0,50304.0,,927.0,0.0,161675.0,114144.0,,,725560.0,802366.0,615639.0,0.0,101827.0,59.58,18.02,,3.78,,106.2,1008919.0,
2015,12,,,PT Bank Perekonomian Rakyat Syariah Bandar Lampung (Perseroda),Kota Bandar Lampung,Provinsi Lampung,620051,61225225.0,16382621.0,0.0,30669659.0,0.0,0.0,0.0,0.0,,0.0,,3469730.0,684932.0,9879700.0,670902.0,,158500.0,0.0,38305988.0,0.0,,,6121617.0,11308149.0,3952996.0,0.0,1764063.0,,,,,,,14039692.0,
2015,12,,,PT Bank Perekonomian Rakyat Syariah Indo Timur,Kota Makassar,Provinsi Sulawesi Selatan,620010,12570700.0,882546.0,0.0,0.0,0.0,0.0,0.0,0.0,,0.0,,9309474.0,1534325.0,120000.0,58112.0,,3980.0,0.0,98722.0,0.0,,,494388.0,555792.0,454835.0,0.0,36931.0,48.7,4.55,,0.0,,8.05,11716295.0,
2015,12,,,PT Bank Perekonomian Rakyat Syariah Formes Sleman,Kab. Sleman,Provinsi D.I. Yogyakarta,620136,27401006.0,15799508.0,0.0,749345.0,0.0,0.0,1136530.0,213581.0,,0.0,,1717747.0,6929039.0,10522750.0,330353.0,,452960.0,0.0,5237401.0,0.0,,,2922804.0,4462881.0,2561399.0,0.0,318504.0,13.41,4.88,,1.4,,97.13,7019013.0,
2015,12,,,PT Bank Perekonomian Rakyat Syariah Gala Mitra Abadi,Kab. Grobogan,Provinsi Jawa Tengah,620063,9605366.0,4602224.0,0.0,2015000.0,27070.0,0.0,50000.0,466632.0,,0.0,,1345783.0,2711.0,5502415.0,252229.0,,37825.0,0.0,1113286.0,0.0,,,1673458.0,2196777.0,1168638.0,0.0,465288.0,20.6,7.55,,7.09,,77.54,2641133.0,
2015,12,,,PT Bank Perekonomian Rakyat Syariah Ampek Angkek Candung,Kab. Agam,Provinsi Sumatera Barat,620071,51098532.0,28980507.0,0.0,0.0,20757.0,0.0,0.0,0.0,,0.0,,15939848.0,210350.0,21629941.0,1111286.0,,360276.0,0.0,8390973.0,0.0,,,5051469.0,7662886.0,4480886.0,31714.0,411821.0,15.61,19.52,,1.04,,64.63,19884251.0,
2015,12,,,PT Bank Perekonomian Rakyat Syariah Sleman (Perseroda),Kab. Sleman,Provinsi D.I. Yogyakarta,620193,,,,,,,,,,,,,,,,,,,,,,,,,,,,,,,,,,,
2015,12,,,PT Bank Perekonomian Rakyat Syariah Harta Insan Karimah Mitra Cahaya Indonesia,Kab. Sleman,Provinsi D.I. Yogyakarta,620133,11757390.0,2300654.0,0.0,490203.0,0.0,0.0,786681.0,1901089.0,,0.0,,551346.0,456945.0,8385550.0,257859.0,,9231.0,0.0,1248230.0,0.0,,,1214445.0,2065947.0,1706956.0,0.0,-505456.0,12.37,8.88,,-5.39,,55.71,2903032.0,
2015,12,,,PT Bank Perekonomian Rakyat Syariah Dana Moneter,Kota Makassar,Provinsi Sulawesi Selatan,620030,60474166.0,53656597.0,0.0,0.0,0.0,0.0,0.0,0.0,,0.0,,25861559.0,5881980.0,1982500.0,2184783.0,,627868.0,0.0,13624421.0,0.0,,,8890183.0,10037177.0,5264918.0,0.0,2930983.0,20.79,4.26,,7.14,,103.37,7932029.0,
2015,12,,,PT BPRS Artha Surya Barokah,Kota Semarang,Provinsi Jawa Tengah,620084,,,,,,,,,,,,,,,,,,,,,,,,,,,,,,,,,,,
2015,12,,,PT. BPRS Hareukat,Kab. Aceh Besar,Provinsi NAD,620003,12992208.0,7962101.0,0.0,0.0,0.0,0.0,928120.0,0.0,,0.0,,17579.0,4987709.0,2098750.0,81602.0,,7036.0,0.0,4371184.0,0.0,,,1390597.0,2007663.0,1380615.0,0.0,23832.0,17.0,10.24,,0.18,,69.37,2950853.0,
2015,12,,,PT Bank Perekonomian Rakyat Syariah Almadinah Tasikmalaya Perseroda,Kota Tasikmalaya,Provinsi Jawa Barat,620156,22963781.0,19208833.0,0.0,111488.0,0.0,0.0,0.0,760900.0,,0.0,,2055548.0,1993452.0,3192500.0,263248.0,,14441.0,0.0,9996356.0,41207.0,,,3030686.0,4728805.0,2105348.0,0.0,793507.0,39.0,7.35,,3.28,,115.2,2495513.0,
2015,12,,,PT Bank Perekonomian Rakyat Syariah Sukowati Sragen (Perseroda),Kab. Sragen,Provinsi Jawa Tengah,620124,99421872.0,61884721.0,0.0,10927843.0,24110.0,0.0,1467361.0,79167.0,,0.0,,18065463.0,8155622.0,35179500.0,777224.0,,2910849.0,0.0,20377980.0,2083323.0,,,11508278.0,17651903.0,8234496.0,0.0,2719946.0,15.77,5.02,,3.96,,109.2,20791604.0,
2015,12,,,PT. BPRS Artha Mas Abadi,Kab. Pati,Provinsi Jawa Tengah,620100,22841409.0,12396521.0,0.0,91243.0,52400.0,0.0,0.0,4825688.0,,0.0,,6628821.0,599164.0,6554810.0,369000.0,,17403.0,0.0,6445601.0,0.0,,,3427846.0,4783564.0,2874352.0,13927.0,495314.0,14.52,7.87,,2.66,,105.92,5159306.0,
2015,12,,,PT Bank Perekonomian Rakyat Syariah Cahaya Hidup,Kab. Sleman,Provinsi D.I. Yogyakarta,620163,11425435.0,7990588.0,0.0,198419.0,0.0,0.0,510000.0,770909.0,,0.0,,438833.0,516776.0,6961002.0,389424.0,,276613.0,0.0,2198976.0,0.0,,,1160002.0,1761526.0,1139195.0,0.0,22057.0,10.98,7.7,,0.24,,119.62,1698477.0,
2015,12,,,PT Bank Perekonomian Rakyat Syariah Mitra Agro Usaha,Kota Bandar Lampung,Provinsi Lampung,620169,8884085.0,3507251.0,0.0,380425.0,0.0,0.0,0.0,0.0,,0.0,,1389021.0,0.0,3526500.0,42365.0,,18312.0,0.0,656014.0,0.0,,,1380192.0,1602876.0,1058202.0,0.0,319196.0,67.97,0.0,,4.88,,48.04,4699414.0,
2015,12,,,PT Bank Perekonomian Rakyat Syariah Tani Tulang Bawang Barat (Perseroda),Kab. Tulang Bawang Barat,Provinsi Lampung,620176,,,,,,,,,,,,,,,,,,,,,,,,,,,,,,,,,,,
2015,12,,,PT Bank Perekonomian Rakyat Syariah Dharma Kuwera,Kab. Klaten,Provinsi Jawa Tengah,620159,14637635.0,8283769.0,0.0,54264.0,324400.0,0.0,3192188.0,0.0,,0.0,,4956140.0,1180191.0,2565300.0,195553.0,,197283.0,0.0,4119511.0,0.0,,,1942197.0,2656683.0,1796849.0,0.0,48365.0,14.96,9.56,,0.54,,82.18,2082505.0,
2015,12,,,PT Bank Perekonomian Rakyat Syariah Adeco,Kota Langsa,Provinsi NAD,620141,17775601.0,10673778.0,0.0,0.0,0.0,0.0,250000.0,0.0,,0.0,,466310.0,1537991.0,3086000.0,120826.0,,1652.0,0.0,4990225.0,2749998.0,,,2119982.0,2902430.0,1373973.0,0.0,730850.0,45.0,4.42,,4.11,,81.07,5669368.0,
2015,12,,,PT. BPRS Asad Alif,Kab. Kendal,Provinsi Jawa Tengah,620070,12681599.0,8305946.0,0.0,0.0,0.0,0.0,0.0,312442.0,,0.0,,88873.0,7088406.0,3843000.0,262887.0,,0.0,0.0,52899.0,0.0,,,1744550.0,2241393.0,1582070.0,4300.0,73342.0,16.0,23.74,,0.8,,68.0,4033021.0,
2015,12,,,PT Bank Perekonomian Rakyat Syariah Puduarta Insani,Kab. Deli Serdang,Provinsi Sumatera Utara,620058,50123418.0,38013857.0,0.0,653294.0,0.0,0.0,438055.0,0.0,,0.0,,8850595.0,0.0,23750594.0,334332.0,,48726.0,0.0,10191064.0,2833332.0,,,3986016.0,7217168.0,3237563.0,0.0,605489.0,13.6,0.32,,0.4,,80.1,10590832.0,
2015,12,,,PT Bank Perekonomian Rakyat Syariah Harum Hikmahnugraha,Kab. Garut,Provinsi Jawa Barat,620029,68838186.0,49320682.0,0.0,317772.0,833880.0,0.0,0.0,0.0,,0.0,,14590784.0,39724.0,28674395.0,1031295.0,,88508.0,0.0,16981055.0,0.0,,,7028186.0,11728481.0,5054101.0,0.0,1614673.0,15.06,14.76,,2.93,,75.13,17899085.0,
2015,12,,,PT BPRS Saka Dana Mulia,Kab. Kudus,Provinsi Jawa Tengah,620167,9051506.0,3632478.0,0.0,0.0,105390.0,0.0,0.0,1271000.0,,0.0,,2462307.0,0.0,2123000.0,120965.0,,17080.0,0.0,2563302.0,0.0,,,1271481.0,1548945.0,1100255.0,0.0,169441.0,37.09,4.51,,2.56,,70.92,3859421.0,
2015,12,,,PT Bank Perekonomian Rakyat Syariah Alhijrah Amanah,Kota Depok,Provinsi Jawa Barat,620062,10736470.0,7282913.0,0.0,0.0,73724.0,82150.0,30241.0,57500.0,,0.0,,2162225.0,2314.0,2146407.0,188246.0,,130580.0,0.0,3768017.0,0.0,,,1276611.0,1831344.0,1095570.0,0.0,192729.0,38.0,12.74,,2.02,,93.16,1784632.0,
2015,12,,,PT Bank Perekonomian Rakyat Syariah Fadhilah Kota Bengkulu (Perseroda),Kota Bengkulu,Provinsi Bengkulu,620184,,,,,,,,,,,,,,,,,,,,,,,,,,,,,,,,,,,
2015,12,,,PT Bank Perekonomian Rakyat Syariah Mitra Harmoni Kota Bandung,Kota Bandung,Provinsi Jawa Barat,620161,13422443.0,11039980.0,0.0,0.0,0.0,0.0,90000.0,0.0,,0.0,,1208405.0,590123.0,4251000.0,75738.0,,112842.0,0.0,5671437.0,0.0,,,1928032.0,2615670.0,1886223.0,0.0,52372.0,15.0,2.96,,0.8,,95.23,1716182.0,
2015,12,,,PT Bank Perekonomian Rakyat Syariah Hasanah Mandiri,Kota Depok,Provinsi Jawa Barat,620006,7040084.0,4543165.0,0.0,0.0,0.0,0.0,45000.0,0.0,,0.0,,0.0,17538.0,4623551.0,34300.0,,6898.0,0.0,1280465.0,111607.0,,,179037.0,1009312.0,1177825.0,0.0,-999975.0,20.87,13.03,,-16.79,,76.15,247427.0,
2015,12,,,PT BANK PEREKONOMIAN RAKYAT SYARIAH MASYARAKAT LINTAU BUO,Kab. Agam,Provinsi Sumatera Barat,620196,,,,,,,,,,,,,,,,,,,,,,,,,,,,,,,,,,,
2015,12,,,PT Bank Perekonomian Rakyat Syariah Taman Indah Darussalam,Kota Banda Aceh,Provinsi NAD,620158,2211318.0,1429561.0,0.0,40387.0,0.0,0.0,84000.0,0.0,,0.0,,777898.0,0.0,626000.0,126647.0,,2004.0,0.0,674680.0,0.0,,,380303.0,446708.0,615953.0,0.0,-246700.0,10.02,24.68,,-13.98,,91.04,753924.0,
2015,12,,,PT Bank Perekonomian Rakyat Syariah Dana Hidayatullah,Kota Yogyakarta,Provinsi D.I. Yogyakarta,620107,21611087.0,14147706.0,0.0,979018.0,95189.0,0.0,498099.0,1131818.0,,0.0,,783292.0,4299749.0,12150400.0,283833.0,,13159.0,0.0,1377607.0,0.0,,,2161770.0,3508546.0,1815070.0,0.0,305421.0,18.15,16.59,,1.51,,87.37,4185589.0,
2015,12,,,PT Bank Perekonomian Rakyat Syariah Rahmah Hijrah Agung,Kota Lhokseumawe,Provinsi NAD,620049,19047813.0,9761258.0,0.0,0.0,0.0,0.0,41525.0,665000.0,,0.0,,1573912.0,9015996.0,5462100.0,181289.0,,14058.0,0.0,220536.0,0.0,,,2294834.0,2923291.0,2107357.0,0.0,1449130.0,18.46,11.34,,10.48,,64.69,8035111.0,
2015,12,,,PT BPRS SHADIQ AMANAH,Kota Cimahi,Provinsi Jawa Barat,620019,108710690.0,85302046.0,0.0,13369046.0,165309.0,0.0,0.0,350000.0,,0.0,,3766701.0,0.0,100979139.0,5656359.0,,340542.0,0.0,1407071.0,0.0,,,20438569.0,28089638.0,34796059.0,0.0,-9736311.0,2.68,43.73,,-7.51,,91.74,4372123.0,
2015,12,,,PT BPRS Mitra Amanah,Kota Palangkaraya,Provinsi Kalimantan Tengah,620170,9719324.0,6671870.0,0.0,17590.0,0.0,5724.0,0.0,0.0,,0.0,,633634.0,825620.0,5039013.0,44411.0,,58146.0,0.0,613690.0,0.0,,,1457978.0,1889049.0,1521608.0,0.0,119236.0,38.53,0.12,,1.49,,113.76,2105292.0,
2015,12,,,PT Bank Perekonomian Rakyat Syariah Albarokah,Kota Depok,Provinsi Jawa Barat,620053,14028951.0,8344202.0,0.0,0.0,722288.0,0.0,0.0,0.0,,0.0,,38402.0,1163095.0,8693095.0,220000.0,,414059.0,0.0,246645.0,0.0,,,2061326.0,3306557.0,1540130.0,0.0,528379.0,37.67,11.5,,3.83,,69.28,4676627.0,
2015,12,,,PT. BPRS Gotong Royong,Kota Sukabumi,Provinsi Jawa Barat,620172,18467354.0,10696033.0,0.0,1917165.0,71555.0,0.0,0.0,0.0,,0.0,,931872.0,980685.0,7578123.0,107987.0,,92394.0,0.0,14841.0,4557954.0,,,2117400.0,3146961.0,2281927.0,0.0,-167531.0,32.11,2.9,,-27.05,,91.9,4876224.0,
2015,12,,,PT. BPRS Ikhsanul Amal,Kab. Kebumen,Provinsi Jawa Tengah,620047,11650610.0,6216069.0,0.0,0.0,0.0,0.0,0.0,1601544.0,,0.0,,0.0,5565880.0,3354500.0,493885.0,,4497.0,0.0,620985.0,0.0,,,1207895.0,1640124.0,1049251.0,4347.0,151378.0,21.28,10.38,,1.44,,82.99,3688443.0,
2015,12,,,PT Bank Pembiayaan Rakyat Syariah Gayo Perseroda,Kab. Aceh Tengah,Provinsi NAD,620120,18430052.0,12734491.0,0.0,0.0,0.0,0.0,0.0,0.0,,0.0,,1509.0,7842669.0,1303000.0,345418.0,,12862.0,0.0,278152.0,0.0,,,2163395.0,2802275.0,1828820.0,8365.0,298474.0,67.16,9.87,,1.77,,139.22,5386550.0,
2015,12,,,PT Bank Perekonomian Rakyat Syariah Tanggamus (Perseroda),Kab. Tanggamus,Provinsi Lampung,620082,28284270.0,21736343.0,0.0,0.0,0.0,0.0,0.0,0.0,,0.0,,197806.0,14029474.0,1010200.0,1315262.0,,33308.0,0.0,2957325.0,0.0,,,3384578.0,4358953.0,2621804.0,0.0,696505.0,72.0,7.98,,2.81,,82.42,6885688.0,
2015,12,,,PT Bank Perekonomian Rakyat Syariah Harta Insan Karimah Jawa Tengah,Kab. Banyumas,Provinsi Jawa Tengah,620089,,,,,,,,,,,,,,,,,,,,,,,,,,,,,,,,,,,
2015,12,,,PT Bank Perekonomian Rakyat Syariah Khairan Inti Amanah,Kab. Parimo/Banggai,Provinsi Sulawesi Tengah,620188,,,,,,,,,,,,,,,,,,,,,,,,,,,,,,,,,,,
2015,12,,,PT Bank Perekonomian Rakyat Syariah Arta Leksana,Kab. Banyumas,Provinsi Jawa Tengah,620110,,,,,,,,,,,,,,,,,,,,,,,3520029.0,4874326.0,2603262.0,0.0,953834.0,14.35,6.66,,3.67,,83.26,,
2015,12,,,PT BPRS Kota Juang Perseroda,Kab. Aceh Jeumpa/Bireuen,Provinsi NAD,620144,7300510.0,5675558.0,0.0,0.0,0.0,0.0,0.0,0.0,,0.0,,105.0,2562886.0,971500.0,60988.0,,15263.0,0.0,1593828.0,0.0,,,1028839.0,1328418.0,760923.0,0.0,293412.0,36.0,4.72,,4.29,,79.88,1496158.0,
2015,12,,,PT Bank Perekonomian Rakyat Syariah Ingin Jaya,Kab. Aceh Besar,Provinsi NAD,620203,,,,,,,,,,,,,,,,,,,,,,,,,,,,,,,,,,,
2015,12,,,PT Bank Perekonomian Rakyat Syariah Kedung Arto,Kota Semarang,Provinsi Jawa Tengah,620191,,,,,,,,,,,,,,,,,,,,,,,,,,,,,,,,,,,
2015,12,,,PT Bank Perekonomian Rakyat Syariah Muamalah Cilegon,Kota Cilegon,Provinsi Banten,620034,16664114.0,9369826.0,0.0,914141.0,8870.0,0.0,668328.0,75635.0,,0.0,,8806172.0,6500.0,2245300.0,449157.0,,44152.0,0.0,1026168.0,90000.0,,,1799606.0,2010123.0,1523355.0,3060.0,220151.0,0.0,33.68,,0.0,,0.0,5094689.0,
2015,12,,,PT Bank Perekonomian Rakyat Syariah Amanah Insan Cita,Kab. Deli Serdang,Provinsi Sumatera Utara,620145,15880265.0,12175110.0,0.0,0.0,0.0,69648.0,615000.0,0.0,,0.0,,1726735.0,0.0,9616344.0,72358.0,,64673.0,0.0,1539945.0,0.0,,,1928561.0,2975503.0,1455564.0,0.0,430300.0,18.81,0.01,,3.46,,22.06,1827195.0,
2015,12,,,PT Bank Perekonomian Rakyat Syariah Muamalat Harkat,Kab. Seluma,Provinsi Bengkulu,620052,28184089.0,16616387.0,0.0,0.0,0.0,0.0,0.0,0.0,,0.0,,107303.0,11654913.0,9607500.0,435309.0,,77980.0,0.0,2859776.0,0.0,,,4088501.0,5813861.0,3903873.0,5133.0,175151.0,22.09,44.64,,1.02,,77.75,10074528.0,
2015,12,,,PT Bank Perekonomian Rakyat Syariah Artha Pamenang,Kab. Kediri,Provinsi Jawa Timur,620147,27503955.0,15375971.0,0.0,2132567.0,6021.0,0.0,0.0,0.0,,0.0,,913641.0,2206680.0,20819816.0,464906.0,,80466.0,0.0,299170.0,0.0,,,4081021.0,6237722.0,3178249.0,25408.0,872003.0,15.25,4.68,,3.69,,65.63,9124516.0,
2015,12,,,PT Bank Perekonomian Rakyat Syariah Arthaaceh Sejahtera,Kota Banda Aceh,Provinsi NAD,620192,,,,,,,,,,,,,,,,,,,,,,,,,,,,,,,,,,,
2015,12,,,PT Bank Perekonomian Rakyat Syariah Meru Nusantara Mandiri,Kab. Magelang,Provinsi Jawa Tengah,620143,9167698.0,3813466.0,0.0,384227.0,24000.0,0.0,287500.0,180000.0,,0.0,,443943.0,2233498.0,4006650.0,91596.0,,6666.0,0.0,1598006.0,0.0,,,1064503.0,1537326.0,1036079.0,0.0,15589.0,17.26,9.09,,0.2,,56.73,4258410.0,
2015,12,,,PT Bank Perekonomian Rakyat Syariah Almabrur Klaten,Kab. Klaten,Provinsi Jawa Tengah,620142,19967781.0,11418925.0,0.0,935498.0,0.0,21667.0,0.0,27778.0,,0.0,,465.0,6603032.0,10839286.0,336348.0,,26115.0,0.0,279684.0,0.0,,,1915940.0,3223163.0,1645425.0,6695.0,228876.0,18.0,16.58,,1.4,,62.87,7631938.0,
2015,12,,,PT Bank Perekonomian Rakyat Syariah Carana Kiat Andalas,Kab. Agam,Provinsi Sumatera Barat,620064,13445997.0,8015984.0,0.0,0.0,3135.0,0.0,0.0,0.0,,0.0,,8712053.0,0.0,3956955.0,414245.0,,288825.0,0.0,14554.0,0.0,,,1843265.0,2096859.0,2386973.0,0.0,-474304.0,7.81,54.24,,-3.53,,60.99,5486646.0,
2015,12,,,PT Bank Perekonomian Rakyat Syariah Mustaqim Aceh Perseroda,Kota Banda Aceh,Provinsi NAD,620187,,,,,,,,,,,,,,,,,,,,,,,,,,,,,,,,,,,
2015,12,,,PT Bank Perekonomian Rakyat Syariah Tengku Chiek Dipante,Kab. Pidie,Provinsi NAD,620025,6229722.0,3621346.0,0.0,0.0,0.0,0.0,159500.0,0.0,,0.0,,10457.0,1320693.0,2326000.0,80072.0,,16835.0,0.0,1384726.0,0.0,,,667563.0,953138.0,726449.0,0.0,7586.0,20.0,30.25,,0.12,,105.9,1870423.0,
2015,12,,,PT Bank Perekonomian Rakyat Syariah Bumi Artha Sampang,Kab. Cilacap,Provinsi Jawa Tengah,620112,24683254.0,15375604.0,0.0,0.0,0.0,0.0,2172500.0,1133333.0,,0.0,,7308080.0,2133114.0,10182700.0,564127.0,,152311.0,0.0,1581025.0,0.0,,,3668908.0,4741188.0,3018651.0,0.0,620185.0,18.0,9.97,,3.11,,95.2,5928053.0,
2015,12,,,PT Bank Perekonomian Rakyat Syariah Gunung Slamet,Kab. Banyumas,Provinsi Jawa Tengah,620146,42596392.0,29283872.0,0.0,1844836.0,100000.0,0.0,669000.0,2041548.0,,0.0,,5865180.0,131955.0,30243200.0,237666.0,,78097.0,0.0,2088898.0,0.0,,,3282169.0,6686369.0,2313816.0,0.0,930883.0,15.0,0.68,,2.64,,100.0,8657144.0,
2015,12,,,PT Bank Perekonomian Rakyat Syariah Manfaatsyariah,Kab. Kutai Kartanegara,Provinsi Kalimantan Timur,620014,7165988.0,1434269.0,0.0,0.0,0.0,0.0,3074.0,0.0,,0.0,,75697.0,4810739.0,105000.0,10128.0,,16753.0,0.0,97940.0,0.0,,,1083122.0,1085118.0,2122337.0,0.0,-1088207.0,-1.3,5.68,,-15.2,,29.4,2587180.0,
2015,12,,,PT Bank Perekonomian Rakyat Syariah Unisia Insan Indonesia,Kota Yogyakarta,Provinsi D.I. Yogyakarta,620178,,,,,,,,,,,,,,,,,,,,,,,,,,,,,,,,,,,
2015,12,,,PT Bank Perekonomian Rakyat Syariah Lampung Timur (Perseroda),Kab. Lampung Timur,Provinsi Lampung,620140,22338916.0,2583238.0,0.0,12494771.0,0.0,0.0,0.0,269749.0,,0.0,,3639306.0,5765.0,517000.0,298273.0,,18219.0,0.0,9073280.0,0.0,,,2118448.0,2807809.0,1533342.0,0.0,567467.0,56.64,3.52,,3.53,,68.07,6867965.0,
2015,12,,,PT Bank Perekonomian Rakyat Syariah Baiturridha Pusaka,Kota Bogor,Provinsi Jawa Barat,620011,72643057.0,4665216.0,0.0,50293300.0,7500.0,0.0,800000.0,0.0,,0.0,,7812547.0,2374281.0,12886799.0,566348.0,,958816.0,0.0,33779773.0,0.0,,,12565447.0,16881353.0,7443542.0,127446.0,3904448.0,22.41,1.93,,7.79,,85.08,13571852.0,
2015,12,,,PT Bank Perekonomian Rakyat Syariah Bangun Arta,Kab. Cilacap,Provinsi Jawa Tengah,620195,,,,,,,,,,,,,,,,,,,,,,,,,,,,,,,,,,,
2015,12,,,PT Bank Perekonomian Rakyat Syariah Barkah Gemadana,Kab. Banjar,Provinsi Kalimantan Selatan,620013,39656546.0,18375861.0,0.0,17361.0,8000.0,0.0,100000.0,1125000.0,,0.0,,39997.0,17826582.0,11198000.0,1294694.0,,282408.0,0.0,316031.0,0.0,,,2737210.0,4208230.0,2215176.0,13058.0,467177.0,42.13,22.39,,1.4,,50.57,17463978.0,
2015,12,,,PT Bank Perekonomian Rakyat Syariah Mitra Harmoni Yogyakarta,Kota Yogyakarta,Provinsi D.I. Yogyakarta,620149,21459255.0,17914793.0,0.0,39399.0,0.0,0.0,125400.0,0.0,,0.0,,2300614.0,1733810.0,12634000.0,136174.0,,56597.0,0.0,2489507.0,0.0,,,2635091.0,4289569.0,2400132.0,0.0,201699.0,13.0,4.09,,1.35,,92.19,2819421.0,
2015,12,,,PT Bank Perekonomian Rakyat Syariah Daarul Hayat,Kota Cimahi,Provinsi Jawa Barat,620035,5818892.0,1714916.0,0.0,345217.0,116288.0,72150.0,0.0,315378.0,,0.0,,51574.0,1009378.0,3009703.0,88686.0,,0.0,0.0,550809.0,941740.0,,,575870.0,824932.0,1188708.0,0.0,-327771.0,10.0,23.96,,-5.63,,62.99,2490498.0,
2015,12,,,PT Bank Perekonomian Rakyat Syariah Sindanglaya Kotanopan,Kab. Mandailing Natal,Provinsi Sumatera Utara,620111,7314964.0,3129556.0,0.0,425000.0,0.0,0.0,0.0,740300.0,,0.0,,2116062.0,0.0,1805200.0,38656.0,,7930.0,0.0,1569040.0,0.0,,,1465076.0,1619733.0,1016345.0,0.0,431843.0,46.0,2.7,,6.98,,67.71,2708979.0,
2015,12,,,PT Bank Perekonomian Rakyat Syariah Baiturridha Pusaka,Kota Bandung,Provinsi Jawa Barat,620011,72643057.0,4665216.0,0.0,50293300.0,7500.0,0.0,800000.0,0.0,,0.0,,7812547.0,2374281.0,12886799.0,566348.0,,958816.0,0.0,33779773.0,0.0,,,12565447.0,16881353.0,7443542.0,127446.0,3904448.0,22.41,1.93,,7.79,,85.08,13571852.0,
2015,12,,,PT Bank Perekonomian Rakyat Syariah Al Washliyah,Kota Medan,Provinsi Sumatera Utara,620036,12491049.0,4760737.0,0.0,382594.0,0.0,0.0,269921.0,0.0,,0.0,,530872.0,1849320.0,7483750.0,242750.0,,264571.0,0.0,599137.0,0.0,,,1367561.0,2117719.0,1588340.0,0.0,-262775.0,26.0,3.4,,-2.1,,54.88,6463152.0,
2015,12,,,PT. BPRS Al-Yaqin,Kab. Simalungun,Provinsi Sumatera Utara,620092,5203988.0,3540816.0,0.0,0.0,6738.0,0.0,0.0,35000.0,,0.0,,738494.0,592081.0,1457500.0,404088.0,,32920.0,0.0,1996740.0,73100.0,,,802406.0,1210645.0,996077.0,0.0,-201270.0,10.68,24.29,,-12.02,,0.56,1645310.0,
2015,12,,,PT. BPRS Gotong Royong,Kab. Subang,Provinsi Jawa Barat,620172,18467354.0,10696033.0,0.0,1917165.0,71555.0,0.0,0.0,0.0,,0.0,,931872.0,980685.0,7578123.0,107987.0,,92394.0,0.0,14841.0,4557954.0,,,2117400.0,3146961.0,2281927.0,0.0,-167531.0,32.11,2.9,,-27.05,,91.9,4876224.0,
2015,12,,,PT Bank Perekonomian Rakyat Syariah Baiturrahman,Kab. Aceh Besar,Provinsi NAD,620024,30451602.0,15379220.0,0.0,0.0,0.0,0.0,0.0,0.0,,0.0,,0.0,18434389.0,3405000.0,449763.0,,0.0,0.0,5835789.0,0.0,,,3117740.0,3825966.0,2596837.0,0.0,528378.0,13.8,14.07,,174.0,,606.0,14915932.0,
2015,12,,,PT BPRS Sungai PuaSyariah,Kab. Agam,Provinsi Sumatera Barat,620186,,,,,,,,,,,,,,,,,,,,,,,,,,,,,,,,,,,
2015,12,,,PT Bank Perekonomian Rakyat Syariah Metro Madani,Kota Metro,Provinsi Lampung,620091,95917375.0,35773373.0,0.0,288524.0,2260598.0,0.0,10337131.0,1348000.0,,0.0,,25583752.0,2811233.0,20010600.0,708628.0,,118396.0,0.0,32108595.0,5000000.0,,,10795745.0,17056110.0,7126633.0,0.0,2884799.0,16.46,5.79,,4.37,,55.08,41982880.0,
2015,12,,,PT BPRS Berkah Amal Salman,Kota Bogor,Provinsi Jawa Barat,620001,,,,,,,,,,,,,,,,,,,,,,,,,,,,,,,,,,,
2015,12,,,PT Bank Perekonomian Rakyat Syariah Hikmah Wakilah,Kota Banda Aceh,Provinsi NAD,620046,43649079.0,25695281.0,0.0,0.0,0.0,0.0,2124633.0,0.0,,0.0,,33464.0,12345661.0,20194710.0,230020.0,,0.0,0.0,2133302.0,2611123.0,,,4665109.0,6610773.0,3549383.0,0.0,968636.0,29.0,3.87,,2.63,,85.49,14175705.0,
2015,12,,,PT Bank Perekonomian Rakyat Syariah Artha Amanah Ummat,Kab. Semarang,Provinsi Jawa Tengah,620116,19160453.0,11658560.0,0.0,1251367.0,16000.0,0.0,311401.0,435818.0,,0.0,,369696.0,3287411.0,9472900.0,214033.0,,21070.0,0.0,4103996.0,0.0,,,1689007.0,2999843.0,1189995.0,11755.0,437484.0,14.6,6.75,,2.9,,104.14,5450904.0,
2016,12,,,PT BPRS Bogor Tegar Beriman,Kab. Bogor,Provinsi Jawa Barat,620177,27821433.0,10425662.0,0.0,688792.0,9166.0,0.0,0.0,0.0,,0.0,,1293680.0,850983.0,4569000.0,132115.0,,8804.0,0.0,14625638.0,0.0,,,,,,,,,,,,,,15770513.0,
2016,12,,,PT. BPRS Asri Madani Nusantara,Kab. Jember,Provinsi Jawa Timur,620033,23453216.0,13540060.0,0.0,830487.0,32361.0,245107.0,1227400.0,1197000.0,,0.0,,0.0,10036875.0,5304049.0,412302.0,,176397.0,0.0,2750568.0,2345568.0,,,2355104.0,3809303.0,2122913.0,6411.0,250012.0,17.0,3.83,,1.25,,74.45,5607384.0,
2016,12,,,PT Bank Perekonomian Rakyat Syariah Tunas Artha Jaya Abadi,Kab. Kediri,Provinsi Jawa Timur,620200,,,,,,,,,,,,,,,,,,,,,,,,,,,,,,,,,,,
2016,12,,,PT Bank Perekonomian Rakyat Syariah Botani Bina Rahmah,Kab. Bogor,Provinsi Jawa Barat,620061,,,,,,,,,,,,,,,,,,,,,,,3029395.0,4151387.0,3052789.0,0.0,-68271.0,33.3,16.74,,-0.53,,76.14,,
2016,12,,,PT Bank Perekonomian Rakyat Syariah Bhakti Sumekar Perseroda,Kab. Sumenep,Provinsi Jawa Timur,620085,615980904.0,368602509.0,0.0,0.0,49813144.0,0.0,3021373.0,7391691.0,,0.0,,95981903.0,1105526.0,237141896.0,3765352.0,,1671333.0,0.0,154104591.0,8611102.0,,,43523004.0,75625186.0,25884373.0,0.0,12638775.0,40.67,2.09,,2.05,,71.04,137863136.0,
2016,12,,,PT Bank Perekonomian Rakyat Syariah Madinah,Kab. Lamongan,Provinsi Jawa Timur,620139,15647872.0,7015309.0,0.0,0.0,8332.0,0.0,0.0,2165350.0,,0.0,,565613.0,8318202.0,3689033.0,141867.0,,33863.0,0.0,412530.0,0.0,,,2139549.0,2502595.0,1720240.0,13189.0,387817.0,23.39,2.47,,3.38,,73.08,6257053.0,
2016,12,,,PT. BANK PEREKONOMIAN RAKYAT SYARIAH PNM PATUH BERAMAL AMALI,Kota Mataram,Provinsi Nusa Tenggara Barat,620021,33313414.0,14625491.0,0.0,0.0,1003136.0,0.0,4594750.0,0.0,,0.0,,49034.0,5288759.0,11347000.0,434449.0,,338931.0,0.0,9630680.0,1944444.0,,,3441028.0,5537398.0,2442593.0,24845.0,813196.0,21.78,4.93,,3.3,,69.17,12186313.0,
2016,12,,,PT Bank Perekonomian Rakyat Syariah Unawi Barokah,Kab. Sidoarjo,Provinsi Jawa Timur,620155,3851118.0,1548530.0,0.0,0.0,0.0,0.0,0.0,0.0,,0.0,,42909.0,1002500.0,618611.0,21745.0,,7958.0,0.0,1828212.0,0.0,,,423739.0,641678.0,641376.0,0.0,-224257.0,18.99,7.65,,-7.22,,93.06,2189081.0,
2016,12,,,PT Bank Perekonomian Rakyat Syariah Almabrur Babadan,Kab. Ponorogo,Provinsi Jawa Timur,620073,27651943.0,20232508.0,0.0,0.0,0.0,0.0,0.0,0.0,,0.0,,3315.0,12629011.0,7381983.0,535132.0,,8059.0,0.0,959106.0,0.0,,,3425220.0,4492533.0,2266681.0,26586.0,907252.0,37.81,6.0,,4.56,,74.99,6515251.0,
2016,12,,,PT. BPRS Rif'atul Ummah,Kab. Bogor,Provinsi Jawa Barat,620068,,,,,,,,,,,,,,,,,,,,,,,,,,,,,,,,,,,
2016,12,,,PT Bank Perekonomian Rakyat Syariah Lantabur Tebuireng,Kab. Jombang,Provinsi Jawa Timur,620098,100745899.0,63186881.0,0.0,2740270.0,2837198.0,0.0,94000.0,141500.0,,0.0,,2369873.0,57865829.0,29557141.0,883504.0,,506496.0,0.0,1231496.0,0.0,,,10105428.0,13989639.0,6081095.0,81131.0,3465064.0,11.0,6.33,,3.91,,76.84,30371463.0,
2016,12,,,PT Bank Perekonomian Rakyat Syariah Fadhilah Kota Bengkulu (Perseroda),Kota Bengkulu,Provinsi Bengkulu,620184,,,,,,,,,,,,,,,,,,,,,,,,,,,,,,,,,,,
2016,12,,,PT. BANK PEREKONOMIAN RAKYAT SYARIAH DINAR ASHRI,Kota Mataram,Provinsi Nusa Tenggara Barat,620104,176740868.0,113410395.0,0.0,0.0,5086554.0,0.0,10936000.0,152006.0,,0.0,,0.0,52647359.0,70666440.0,1002694.0,,3019226.0,0.0,24031147.0,0.0,,,15158057.0,25295682.0,8002526.0,172048.0,5063943.0,27.0,3.87,,3.26,,89.55,39112032.0,
2016,12,,,PT Bank Perekonomian Rakyat Syariah Harta Insan Karimah Insan Cita,Kab. Bogor,Provinsi Jawa Barat,620069,23137429.0,16354637.0,0.0,616030.0,405780.0,0.0,890846.0,850400.0,,0.0,,3536609.0,1961394.0,5732333.0,221916.0,,223882.0,0.0,7741442.0,0.0,,,2465121.0,3269299.0,2909996.0,0.0,-469486.0,22.58,10.19,,-2.57,,84.7,3464367.0,
2016,12,,,PT BPRS Magetan (Perseroda),Kab. Magetan,Provinsi Jawa Timur,620165,20542800.0,13337533.0,0.0,0.0,0.0,0.0,0.0,0.0,,0.0,,3660141.0,225428.0,5567000.0,114505.0,,56665.0,0.0,50503.0,923791.0,,,2561340.0,2866350.0,1878104.0,0.0,635794.0,96.42,2.53,,3.1,,65.26,6835737.0,
2016,12,,,PT Bank Perekonomian Rakyat Syariah Sarana Prima Mandiri,Kab. Pamekasan,Provinsi Jawa Timur,620127,26164042.0,12667034.0,0.0,0.0,7009038.0,525117.0,0.0,615238.0,,0.0,,7757211.0,405551.0,14277900.0,240121.0,,52449.0,0.0,427947.0,0.0,,,3158605.0,4267286.0,3076521.0,0.0,45751.0,16.72,11.86,,0.17,,79.5,4448486.0,
2016,12,,,PT Bank Perekonomian Rakyat Syariah Rahma Syariah,Kab. Kediri,Provinsi Jawa Timur,620150,7084982.0,2581489.0,0.0,111000.0,0.0,0.0,1063690.0,0.0,,0.0,,2072507.0,0.0,2270400.0,61190.0,,11977.0,0.0,57422.0,0.0,,,954795.0,1191166.0,914682.0,0.0,36089.0,76.25,22.43,,0.53,,53.7,2964202.0,
2016,12,,,PT. BPRS Muamalat Yotefa,Kab. Jayapura,Provinsi Papua,620067,,,,,,,,,,,,,,,,,,,,,,,,,,,,,,,,,,,
2016,12,,,PT Bank Perekonomian Rakyat Syariah Kabupaten Ngawi Perseroda,Kab. Ngawi,Provinsi Jawa Timur,620183,,,,,,,,,,,,,,,,,,,,,,,,,,,,,,,,,,,
2016,12,,,PT Bank Perekonomian Rakyat Syariah Bobato Lestari,Kota Tidore Kepulauan,Provinsi Maluku Utara,620179,5086332.0,297698.0,0.0,0.0,0.0,0.0,53333.0,0.0,,0.0,,0.0,971171.0,182000.0,1768.0,,278.0,0.0,7180.0,0.0,,,19227.0,20972.0,92984.0,0.0,-74297.0,0.0,0.0,,-12.0,,691.0,4724283.0,
2016,12,,,PT Bank Perekonomian Rakyat Syariah Mitra Mentari Sejahtera,Kab. Ponorogo,Provinsi Jawa Timur,620180,,,,,,,,,,,,,,,,,,,,,,,,,,,,,,,,,,,
2016,12,,,PT Bank Perekonomian Rakyat Syariah Daya Artha Mentari,Kab. Pasuruan,Provinsi Jawa Timur,620056,12170662.0,7168723.0,0.0,409736.0,0.0,0.0,720076.0,0.0,,0.0,,2336096.0,6668677.0,1558900.0,196176.0,,7495.0,0.0,624468.0,0.0,,,1822894.0,2057510.0,2313971.0,0.0,-497473.0,10.29,32.19,,4.16,,75.47,1954468.0,
2016,12,,,PT Bank Perekonomian Rakyat Syariah Tanmiya Artha,Kota Kediri,Provinsi Jawa Timur,620130,8005446.0,4463852.0,0.0,193263.0,0.0,14250.0,489030.0,0.0,,0.0,,341723.0,2721797.0,2465000.0,174960.0,,26633.0,0.0,612230.0,0.0,,,1539677.0,1897529.0,1224533.0,7716.0,281955.0,33.0,21.0,,3.75,,87.68,2815090.0,
2016,12,,,PT. BPRS Ummu,Kab. Pasuruan,Provinsi Jawa Timur,620074,9583867.0,5824006.0,0.0,0.0,0.0,0.0,0.0,0.0,,0.0,,5144009.0,1427508.0,953500.0,509997.0,,4386.0,0.0,138740.0,250000.0,,,1345231.0,1544226.0,1585451.0,0.0,8792.0,27.92,32.26,,-0.1,,61.69,3683488.0,
2016,12,,,PT Bank Perekonomian Rakyat Syariah Sampang Perseroda,Kab. Sampang,Provinsi Jawa Timur,620166,103905727.0,72251300.0,0.0,448601.0,227629.0,0.0,2995472.0,0.0,,0.0,,10634652.0,0.0,17145630.0,1506710.0,,408161.0,0.0,39555638.0,13472221.0,,,9126597.0,15407616.0,5747946.0,50000.0,2852214.0,27.36,7.83,,3.6,,94.8,23409929.0,
2016,12,,,PT. BPRS Artha Mas Abadi,Kab. Pati,Provinsi Jawa Tengah,620100,24209683.0,13051195.0,0.0,123967.0,53600.0,0.0,0.0,4657024.0,,0.0,,7619965.0,776369.0,8888600.0,474515.0,,21469.0,0.0,3741342.0,0.0,,,4037815.0,5340769.0,2988427.0,26866.0,899852.0,15.89,8.93,,4.65,,89.38,5803997.0,
2016,12,,,PT Bank Perekonomian Rakyat Syariah Harta Insan Karimah Parahyangan,Kab. Bandung,Provinsi Jawa Barat,620054,776688333.0,620533087.0,0.0,93926.0,983051.0,0.0,0.0,9081168.0,,0.0,,62338323.0,1856215.0,206758759.0,11000000.0,,7519209.0,0.0,414888020.0,0.0,,,82198956.0,152378267.0,54004179.0,685000.0,20659777.0,14.07,2.14,,3.63,,92.34,129912404.0,
2016,12,,,PT Bank Perekonomian Rakyat Syariah Hikmah Bahari,Kota Tegal,Provinsi Jawa Tengah,620174,45227988.0,35064952.0,0.0,529454.0,0.0,0.0,1000000.0,1140000.0,,0.0,,5938488.0,154834.0,14905500.0,248286.0,,814346.0,0.0,14778501.0,0.0,,,6495979.0,8823474.0,3787830.0,67410.0,2547726.0,19.37,0.11,,8.07,,106.9,7400504.0,
2016,12,,,PT BANK PEREKONOMIAN RAKYAT SYARIAH NIAGA MADANI,Kota Makassar,Provinsi Sulawesi Selatan,620039,17653410.0,13440848.0,0.0,0.0,28267.0,0.0,0.0,0.0,,0.0,,0.0,3041143.0,2999740.0,175330.0,,183235.0,0.0,9861034.0,0.0,,,5224848.0,5927239.0,5301853.0,0.0,111468.0,10.57,44.83,,0.41,,222.5,785169.0,
2016,12,,,PT Bank Perekonomian Rakyat Syariah Mitra Harmoni Kota Malang,Kota Malang,Provinsi Jawa Timur,620153,14518493.0,10672648.0,0.0,896597.0,0.0,0.0,0.0,250000.0,,0.0,,2092046.0,256989.0,4315000.0,100512.0,,36353.0,0.0,6013742.0,0.0,,,2085234.0,2834965.0,2009341.0,0.0,51547.0,23.0,5.07,,0.55,,93.51,2197106.0,
2016,12,,,PT Bank Perekonomian Rakyat Syariah Dana Amanah Surakarta,Kota Surakarta/Solo,Provinsi Jawa Tengah,620125,20469419.0,10497892.0,114841.0,3649328.0,225000.0,584584.0,463336.0,125727.0,,0.0,,1848810.0,20909.0,9682875.0,146932.0,,16359.0,0.0,6900457.0,0.0,,,1660060.0,2685627.0,1243529.0,0.0,405333.0,13.0,6.61,,1.98,,79.23,4382035.0,
2016,12,,,PT Bank Perekonomian Rakyat Syariah Situbondo,Kab. Situbondo,Provinsi Jawa Timur,620081,10222646.0,5930086.0,0.0,17119.0,51965.0,0.0,0.0,425000.0,,0.0,,378929.0,2048332.0,332200.0,169688.0,,40918.0,0.0,325664.0,0.0,,,1881787.0,1929291.0,1447804.0,0.0,410189.0,146.48,4.97,,4.48,,66.9,3584631.0,
2016,12,,,PT Bank Perekonomian Rakyat Syariah Annisa Mukti,Kab. Sidoarjo,Provinsi Jawa Timur,620135,9625148.0,5101556.0,0.0,0.0,0.0,0.0,0.0,740000.0,,0.0,,0.0,1753824.0,3552800.0,120145.0,,93104.0,0.0,571251.0,0.0,,,2163828.0,2567346.0,1648520.0,8706.0,453677.0,55.07,1.82,,5.19,,110.08,3265377.0,
2016,12,,,PT Bank Perekonomian Rakyat Syariah Gaido Indonesia,Kab. Cianjur,Provinsi Jawa Barat,620043,,,,,,,,,,,,,,,,,,,,,,,,,,,,10.0,35.24,,4.2,,19.0,,
2016,12,,,PT BPRS Bhakti Haji,Kab. Malang,Provinsi Jawa Timur,620048,,,,,,,,,,,,,,,,,,,,,,,,,,,,,,,,,,,
2016,12,,,PT Bank Perekonomian Rakyat Syariah Saruma Sejahtera Halmahera Selatan,Kab. Halmahera Selatan,Provinsi Maluku Utara,620182,,,,,,,,,,,,,,,,,,,,,,,,,,,,,,,,,,,
2016,12,,,PT Bank Perekonomian Rakyat Syariah Artha Pamenang,Kab. Kediri,Provinsi Jawa Timur,620147,28043308.0,19130105.0,0.0,2642100.0,3752.0,0.0,0.0,0.0,,0.0,,845727.0,2166818.0,20497495.0,394823.0,,176198.0,0.0,327194.0,0.0,,,4771759.0,6804527.0,3576111.0,24169.0,1143264.0,16.46,3.29,,4.71,,80.79,5108093.0,
2016,12,,,PT BPRS Bumi Rinjani Probolinggo,Kab. Probolinggo,Provinsi Jawa Timur,620105,11677873.0,5979536.0,0.0,0.0,0.0,0.0,0.0,3488843.0,,13700.0,,122412.0,5178204.0,1344000.0,373553.0,,6814.0,0.0,3884077.0,0.0,,,1323706.0,2261670.0,1985469.0,0.0,-578288.0,13.08,36.92,,-4.19,,82.89,1736707.0,
2016,12,,,PT Bank Perekonomian Rakyat Syariah Fajar Sejahtera Bali,Kab. Badung,Provinsi Bali,620026,7356595.0,1876182.0,0.0,2211109.0,0.0,0.0,1927005.0,0.0,,0.0,,1262.0,2853084.0,621000.0,425328.0,,72552.0,0.0,0.0,10000.0,,,2301453.0,2462337.0,2412457.0,2500.0,-125677.0,65.7,6.63,,-1.67,,81.66,905535.0,
2016,12,,,PT Bank Perekonomian Rakyat Syariah Al Hijrah Thayibah,Kab. Malang,Provinsi Jawa Timur,620198,,,,,,,,,,,,,,,,,,,,,,,,,,,,,,,,,,,
2016,12,,,PT Bank Perekonomian Rakyat Syariah Amanah Ummah,Kab. Bogor,Provinsi Jawa Barat,620004,209847343.0,136716729.0,4504537.0,111487.0,2660632.0,1537576.0,3333333.0,3219500.0,,0.0,,117534944.0,2491760.0,57380536.0,2414827.0,,1179831.0,0.0,3832028.0,4969836.0,,,23167064.0,28705921.0,16497865.0,554167.0,4894043.0,15.89,1.72,,3.58,,78.35,49450677.0,
2016,12,,,PT. BPRS Jabal Tsur,Kab. Pasuruan,Provinsi Jawa Timur,620103,23062831.0,7666471.0,0.0,5062000.0,39620.0,0.0,0.0,3719000.0,,0.0,,3044852.0,6610945.0,7837860.0,1623034.0,,402993.0,0.0,4353222.0,0.0,,,4046465.0,5282668.0,6085455.0,0.0,-2142602.0,7.9,50.21,,-9.29,,70.11,6646517.0,
2016,12,,,PT Bank Perekonomian Rakyat Syariah Bumi Rinjani Kepanjen,Kab. Malang,Provinsi Jawa Timur,620106,46763331.0,31278521.0,0.0,42249.0,0.0,0.0,0.0,2449630.0,,0.0,,1115959.0,7676141.0,17265200.0,582285.0,,124860.0,0.0,14105572.0,0.0,,,7112877.0,11004879.0,5142929.0,47722.0,1462507.0,18.06,4.82,,4.37,,75.38,11175737.0,
2016,12,,,PT Bank Perekonomian Rakyat Syariah Amanah Insani,Kab. Bekasi,Provinsi Jawa Barat,620066,79614196.0,28062602.0,0.0,0.0,1649203.0,0.0,26104426.0,0.0,,0.0,,32421177.0,0.0,33352494.0,940845.0,,425843.0,0.0,183522.0,0.0,,,10053025.0,13301443.0,8668789.0,350137.0,870078.0,22.22,5.43,,1.09,,84.86,20920609.0,
2016,12,,,PT Bank Perekonomian Rakyat Syariah Bahari Berkesan,Kota Ternate,Provinsi Maluku Utara,620164,29125359.0,14050244.0,0.0,11031483.0,320377.0,0.0,931650.0,0.0,,0.0,,445907.0,10440059.0,7970500.0,209869.0,,50956.0,0.0,33316.0,638878.0,,,3206175.0,3922185.0,1955232.0,0.0,1280743.0,83.55,4.61,,48.92,,94.86,2084896.0,
2016,12,,,PT BPRS Al Hidayah,Kab. Pasuruan,Provinsi Jawa Timur,620072,,,,,,,,,,,,,,,,,,,,,,,,,,,,,,,,,,,
2016,12,,,PT. BPRS Mitra Harmoni Kota Semarang,Kota Semarang,Provinsi Jawa Tengah,620151,20296849.0,14544737.0,0.0,359048.0,0.0,0.0,179000.0,0.0,,0.0,,855809.0,599279.0,6513400.0,161753.0,,69963.0,0.0,10135251.0,0.0,,,2237839.0,3328518.0,2139988.0,0.0,49918.0,0.0,3.87,,0.0,,0.0,4792296.0,
2016,12,,,PT Bank Perekonomian Rakyat Syariah Baiturridha Pusaka,Kota Bogor,Provinsi Jawa Barat,620011,80678662.0,6706156.0,0.0,54080832.0,0.0,0.0,900000.0,125000.0,,0.0,,9666709.0,4284071.0,19231136.0,605748.0,,1056010.0,0.0,29715022.0,0.0,,,16237781.0,20780389.0,9291482.0,172922.0,5252698.0,22.37,1.49,,8.94,,81.56,15703293.0,
2016,12,,,PT BPRS Mitra Amanah,Kota Palangkaraya,Provinsi Kalimantan Tengah,620170,16315477.0,11576583.0,0.0,59525.0,0.0,0.0,280000.0,0.0,,0.0,,431743.0,1008511.0,3404971.0,184661.0,,75797.0,0.0,7152364.0,0.0,,,2370515.0,2873071.0,1738404.0,0.0,692870.0,34.0,1.71,,1.48,,99.8,3247620.0,
2016,12,,,PT Bank Perekonomian Rakyat Syariah Gunung Slamet,Kab. Banyumas,Provinsi Jawa Tengah,620146,57032050.0,34077905.0,0.0,1916454.0,504000.0,0.0,650000.0,2944207.0,,0.0,,8672773.0,135875.0,40704300.0,311344.0,,104302.0,0.0,1797023.0,0.0,,,4208313.0,8092634.0,3068101.0,0.0,1051079.0,16.0,0.52,,2.44,,80.97,16900090.0,
2016,12,,,PT Bank Perekonomian Rakyat Syariah Baiturridha Pusaka,Kota Bandung,Provinsi Jawa Barat,620011,80678662.0,6706156.0,0.0,54080832.0,0.0,0.0,900000.0,125000.0,,0.0,,9666709.0,4284071.0,19231136.0,605748.0,,1056010.0,0.0,29715022.0,0.0,,,16237781.0,20780389.0,9291482.0,172922.0,5252698.0,22.37,1.49,,8.94,,81.56,15703293.0,
2016,12,,,PT Bank Perekonomian Rakyat Syariah Surya Sejati,Kab. Takalar,Provinsi Sulawesi Selatan,620031,2879756.0,1875438.0,0.0,0.0,0.0,0.0,172000.0,0.0,,0.0,,7331.0,889962.0,616000.0,63394.0,,766.0,0.0,153995.0,66912.0,,,700411.0,757915.0,601779.0,0.0,83613.0,52.92,15.84,,3.11,,135.3,604047.0,
2016,12,,,PT BPRS Berkah Amal Salman,Kota Bandung,Provinsi Jawa Barat,620001,,,,,,,,,,,,,,,,,,,,,,,,,,,,,,,,,,,
2016,12,,,PT Bank Perekonomian Rakyat Syariah Sukowati Sragen (Perseroda),Kab. Sragen,Provinsi Jawa Tengah,620124,130344736.0,87028181.0,0.0,14835009.0,70749.0,0.0,1211805.0,145097.0,,0.0,,15297161.0,10091849.0,51221500.0,991829.0,,1983401.0,0.0,28157726.0,7975449.0,,,13104533.0,21206827.0,9108559.0,0.0,3110070.0,14.18,5.12,,3.46,,106.02,24570051.0,
2016,12,,,PT. BPRS Hareukat,Kab. Aceh Besar,Provinsi NAD,620003,14112408.0,8602216.0,0.0,0.0,0.0,0.0,928120.0,0.0,,0.0,,17861.0,5490192.0,2608750.0,81602.0,,6442.0,0.0,3789203.0,0.0,,,1513632.0,2231233.0,1469976.0,0.0,38606.0,21.0,10.16,,0.27,,67.8,2317777.0,
2016,12,,,PT. BPRS Gotong Royong,Kab. Subang,Provinsi Jawa Barat,620172,22836892.0,11372556.0,0.0,1773588.0,44896.0,0.0,0.0,2060837.0,,0.0,,1400827.0,1260836.0,11969141.0,151258.0,,186224.0,0.0,24192.0,3620054.0,,,2201053.0,3885593.0,2123972.0,0.0,62015.0,72.49,7.39,,-21.91,,82.32,6352634.0,
2016,12,,,PT Bank Perekonomian Rakyat Syariah Puduarta Insani,Kab. Deli Serdang,Provinsi Sumatera Utara,620058,53808814.0,40873706.0,0.0,99944.0,0.0,14700.0,0.0,0.0,,0.0,,11572651.0,0.0,24424975.0,364463.0,,62561.0,0.0,11229802.0,1833324.0,,,4277665.0,7808716.0,3495388.0,0.0,723813.0,13.61,0.74,,1.71,,86.15,12351130.0,
2016,12,,,PT BPRS Saka Dana Mulia,Kab. Kudus,Provinsi Jawa Tengah,620167,12821179.0,5139328.0,0.0,0.0,14550.0,0.0,0.0,3126500.0,,0.0,,1940171.0,0.0,4004500.0,205930.0,,31596.0,0.0,4879364.0,0.0,,,1746583.0,2436098.0,1642777.0,0.0,79732.0,24.96,8.16,,1.03,,77.5,4377153.0,
2016,12,,,PT Bank Perekonomian Rakyat Syariah Tengku Chiek Dipante,Kab. Pidie,Provinsi NAD,620025,7085746.0,4350496.0,0.0,0.0,0.0,0.0,153850.0,0.0,,0.0,,10457.0,1615847.0,2491000.0,36298.0,,15206.0,0.0,1755737.0,0.0,,,853334.0,1235768.0,907498.0,0.0,26488.0,13.0,21.33,,0.37,,109.7,1911977.0,
2016,12,,,PT Bank Perekonomian Rakyat Syariah Dharma Kuwera,Kab. Klaten,Provinsi Jawa Tengah,620159,16247252.0,8990038.0,0.0,624820.0,331522.0,0.0,2152083.0,0.0,,0.0,,3793421.0,1616150.0,7125000.0,262594.0,,158088.0,0.0,1822952.0,0.0,,,1927253.0,2533086.0,1763702.0,0.0,112431.0,14.69,11.53,,0.85,,84.81,3554335.0,
2016,12,,,PT Bank Perekonomian Rakyat Syariah Ingin Jaya,Kab. Aceh Besar,Provinsi NAD,620203,,,,,,,,,,,,,,,,,,,,,,,,,,,,,,,,,,,
2016,12,,,PT Bank Perekonomian Rakyat Syariah Bandar Lampung (Perseroda),Kota Bandar Lampung,Provinsi Lampung,620051,67411316.0,19757070.0,0.0,31383216.0,0.0,0.0,0.0,0.0,,0.0,,4204355.0,905660.0,9654700.0,1580154.0,,54845.0,0.0,42994298.0,0.0,,,6812504.0,13090020.0,5462945.0,0.0,991704.0,17.78,4.37,,1.89,,81.75,16967640.0,
2016,12,,,PT Bank Perekonomian Rakyat Syariah Baiturrahman,Kab. Aceh Besar,Provinsi NAD,620024,36590543.0,20422412.0,0.0,0.0,0.0,0.0,0.0,0.0,,0.0,,0.0,21657356.0,6943800.0,370205.0,,40251.0,0.0,4558697.0,0.0,,,3715130.0,4791994.0,3119028.0,0.0,614015.0,17.68,7.59,,1.47,,59.1,15556164.0,
2016,12,,,PT Bank Perekonomian Rakyat Syariah Almabrur Klaten,Kab. Klaten,Provinsi Jawa Tengah,620142,19801214.0,12770007.0,0.0,631383.0,0.0,22042.0,0.0,0.0,,0.0,,473.0,6252245.0,10770483.0,461875.0,,24655.0,0.0,339000.0,0.0,,,1963675.0,3282328.0,1708074.0,6437.0,218159.0,19.0,11.68,,1.24,,68.93,6626364.0,
2016,12,,,PT Bank Perekonomian Rakyat Syariah Bina Amanah Satria,Kab. Banyumas,Provinsi Jawa Tengah,620087,44867631.0,20657731.0,0.0,999614.0,1006694.0,0.0,0.0,7440653.0,,0.0,,14767464.0,3541643.0,11871400.0,511828.0,,509333.0,0.0,7449491.0,838648.0,,,5282045.0,6490893.0,5018088.0,0.0,1129818.0,,,,,,,12127812.0,
2016,12,,,PT Bank Perekonomian Rakyat Syariah Alwadiah,Kota Tasikmalaya,Provinsi Jawa Barat,620037,37544305.0,28061743.0,0.0,0.0,0.0,0.0,23862.0,1000000.0,,0.0,,210482.0,5486104.0,17079422.0,581294.0,,82857.0,0.0,6262595.0,0.0,,,4725425.0,6325294.0,2720232.0,0.0,1668509.0,61.46,2.87,,4.44,,127.7,8220225.0,
2016,12,,,PT. BPRS Gotong Royong,Kota Sukabumi,Provinsi Jawa Barat,620172,22836892.0,11372556.0,0.0,1773588.0,44896.0,0.0,0.0,2060837.0,,0.0,,1400827.0,1260836.0,11969141.0,151258.0,,186224.0,0.0,24192.0,3620054.0,,,2201053.0,3885593.0,2123972.0,0.0,62015.0,72.49,7.39,,-21.91,,82.32,6352634.0,
2016,12,,,PT Bank Perekonomian Rakyat Syariah Serambi Mekah,Kota Langsa,Provinsi NAD,620152,4278767.0,2198585.0,0.0,0.0,0.0,0.0,0.0,0.0,,0.0,,552289.0,0.0,1744500.0,24017.0,,8226.0,0.0,1215290.0,0.0,,,512164.0,752057.0,656128.0,0.0,-147736.0,27.32,5.43,,-98.04,,72.66,1895538.0,
2016,12,,,PT Bank Perekonomian Rakyat Syariah Dana Moneter,Kota Makassar,Provinsi Sulawesi Selatan,620030,72699464.0,66449555.0,0.0,0.0,0.0,0.0,0.0,0.0,,0.0,,21922715.0,4866142.0,4368200.0,1707043.0,,135205.0,0.0,28151839.0,0.0,,,9019136.0,12595079.0,6034131.0,0.0,2349555.0,17.71,4.07,,3.98,,213.27,3536267.0,
2016,12,,,PT Bank Perekonomian Rakyat Syariah Gowata,Kab. Gowa,Provinsi Sulawesi Selatan,620065,3398905.0,624581.0,0.0,637856.0,0.0,0.0,0.0,0.0,,0.0,,0.0,303655.0,460000.0,51153.0,,2664.0,0.0,580634.0,14080.0,,,567967.0,592400.0,511037.0,0.0,47053.0,82.77,15.03,,1.99,,165.32,1207533.0,
2016,12,,,PT Bank Perekonomian Rakyat Syariah Adeco,Kota Langsa,Provinsi NAD,620141,23315949.0,15964520.0,0.0,0.0,0.0,0.0,370700.0,0.0,,0.0,,788044.0,1705640.0,3779000.0,163350.0,,5297.0,0.0,9217092.0,1749990.0,,,3167761.0,4379365.0,1893706.0,0.0,1233470.0,33.68,3.96,,5.29,,92.31,5890531.0,
2016,12,,,PT Bank Perekonomian Rakyat Syariah Arthaaceh Sejahtera,Kota Banda Aceh,Provinsi NAD,620192,,,,,,,,,,,,,,,,,,,,,,,,,,,,,,,,,,,
2016,12,,,PT Bank Perekonomian Rakyat Syariah Mustaqim Aceh Perseroda,Kota Banda Aceh,Provinsi NAD,620187,,,,,,,,,,,,,,,,,,,,,,,,,,,,,,,,,,,
2016,12,,,PT. BPRS Ikhsanul Amal,Kab. Kebumen,Provinsi Jawa Tengah,620047,13628660.0,6245802.0,0.0,13417.0,0.0,0.0,0.0,1467431.0,,0.0,,12147.0,6644472.0,4327500.0,319402.0,,6329.0,0.0,457497.0,0.0,,,1378370.0,1919841.0,1425820.0,0.0,106242.0,24.0,13.65,,0.92,,57.93,4967367.0,
2016,12,,,PT Bank Perekonomian Rakyat Syariah Barkah Gemadana,Kab. Banjar,Provinsi Kalimantan Selatan,620013,39350704.0,17524601.0,0.0,3583.0,7700.0,0.0,0.0,800000.0,,0.0,,153205.0,18275684.0,11081000.0,1934961.0,,221681.0,0.0,368704.0,0.0,,,2509797.0,3925901.0,2824511.0,0.0,-358163.0,39.56,27.9,,-0.89,,47.26,17187165.0,
2016,12,,,PT Bank Perekonomian Rakyat Syariah Mitra Agro Usaha,Kota Bandar Lampung,Provinsi Lampung,620169,12297199.0,4919781.0,0.0,447895.0,0.0,0.0,0.0,0.0,,0.0,,2150548.0,6531.0,5574000.0,52838.0,,39954.0,0.0,726219.0,0.0,,,1905705.0,2475701.0,1356613.0,0.0,513209.0,55.41,0.0,,4.84,,47.61,6563906.0,
2016,12,,,PT Bank Pembiayaan Rakyat Syariah Gayo Perseroda,Kab. Aceh Tengah,Provinsi NAD,620120,25284785.0,22094401.0,0.0,0.0,0.0,0.0,0.0,0.0,,0.0,,2609.0,9782912.0,5428000.0,372172.0,,18861.0,0.0,336584.0,0.0,,,2513914.0,3453444.0,2065888.0,11972.0,432891.0,43.67,6.95,,2.2,,145.23,2800725.0,
2016,12,,,PT Bank Perekonomian Rakyat Syariah Khairan Inti Amanah,Kab. Parimo/Banggai,Provinsi Sulawesi Tengah,620188,,,,,,,,,,,,,,,,,,,,,,,,,,,,,,,,,,,
2016,12,,,PT Bank Perekonomian Rakyat Syariah Harta Insan Karimah Jawa Tengah,Kab. Banyumas,Provinsi Jawa Tengah,620089,,,,,,,,,,,,,,,,,,,,,,,1899280.0,2610929.0,1772631.0,3226.0,80288.0,,,,,,,,
2016,12,,,PT BPRS Kota Juang Perseroda,Kab. Aceh Jeumpa/Bireuen,Provinsi NAD,620144,9740236.0,6968791.0,0.0,0.0,0.0,0.0,0.0,0.0,,0.0,,110.0,3107669.0,1392000.0,88294.0,,9533.0,0.0,2909425.0,0.0,,,1140246.0,1613899.0,850215.0,0.0,261835.0,32.0,8.46,,3.1,,72.85,2586716.0,
2016,12,,,PT BPRS Berkah Amal Salman,Kota Bogor,Provinsi Jawa Barat,620001,,,,,,,,,,,,,,,,,,,,,,,,,,,,,,,,,,,
2016,12,,,PT Bank Perekonomian Rakyat Syariah Rahmah Hijrah Agung,Kota Lhokseumawe,Provinsi NAD,620049,24817428.0,18499305.0,0.0,0.0,0.0,0.0,39525.0,3065000.0,,0.0,,1750563.0,6540216.0,11580100.0,237120.0,,28063.0,0.0,1493785.0,0.0,,,2984235.0,4222328.0,2428234.0,0.0,606490.0,15.92,5.63,,2.84,,89.19,2665841.0,
2016,12,,,PT Bank Perekonomian Rakyat Syariah Arta Leksana,Kab. Banyumas,Provinsi Jawa Tengah,620110,39648116.0,11084719.0,0.0,239611.0,8900.0,23958.0,55842.0,8586506.0,,0.0,,12069851.0,4457516.0,9976000.0,200131.0,,67370.0,0.0,8411869.0,914283.0,,,3813159.0,5479905.0,2881295.0,0.0,815970.0,15.13,7.81,,2.71,,70.95,17681744.0,
2016,12,,,PT Bank Perekonomian Rakyat Syariah Mitra Harmoni Kota Bandung,Kota Bogor,Provinsi Jawa Barat,620161,18527966.0,14027208.0,0.0,0.0,0.0,0.0,0.0,0.0,,0.0,,1646608.0,622518.0,5441000.0,113247.0,,94377.0,0.0,8423711.0,0.0,,,2458370.0,3515104.0,2211013.0,0.0,211116.0,17.0,5.71,,1.63,,87.22,3993666.0,
2016,12,,,PT Bank Perekonomian Rakyat Syariah Buana Mitra Perwira,Kab. Purbalingga,Provinsi Jawa Tengah,620083,95973568.0,38422374.0,0.0,4322191.0,98706.0,0.0,9167.0,15617273.0,,0.0,,31638881.0,6996729.0,40931700.0,591057.0,,570255.0,0.0,4504282.0,2555512.0,,,9373398.0,13161944.0,7076032.0,0.0,1833247.0,15.65,3.44,,2.47,,70.77,33615994.0,
2016,12,,,PT Bank Perekonomian Rakyat Syariah Manfaatsyariah,Kab. Kutai Kartanegara,Provinsi Kalimantan Timur,620014,8884473.0,1515266.0,0.0,0.0,0.0,0.0,3074.0,0.0,,0.0,,69576.0,4950186.0,910000.0,34592.0,,15868.0,0.0,74840.0,0.0,,,972837.0,990267.0,1667793.0,4863.0,-731456.0,34.0,2.61,,-8.23,,30.19,4333149.0,
2016,12,,,PT Bank Perekonomian Rakyat Syariah Bumi Artha Sampang,Kab. Cilacap,Provinsi Jawa Tengah,620112,31861018.0,16448405.0,0.0,0.0,72917.0,0.0,3006500.0,1273333.0,,0.0,,7160071.0,2815332.0,17393350.0,397982.0,,170570.0,0.0,786647.0,0.0,,,3570814.0,5000137.0,2866489.0,0.0,705209.0,16.0,8.88,,2.85,,76.0,10573532.0,
2016,12,,,PT Bank Perekonomian Rakyat Syariah Mitra Harmoni Kota Bandung,Kota Bandung,Provinsi Jawa Barat,620161,18527966.0,14027208.0,0.0,0.0,0.0,0.0,0.0,0.0,,0.0,,1646608.0,622518.0,5441000.0,113247.0,,94377.0,0.0,8423711.0,0.0,,,2458370.0,3515104.0,2211013.0,0.0,211116.0,17.0,5.71,,1.63,,87.22,3993666.0,
2016,12,,,PT Bank Perekonomian Rakyat Syariah Taman Indah Darussalam,Kota Banda Aceh,Provinsi NAD,620158,1457687.0,813869.0,0.0,27804.0,0.0,0.0,0.0,0.0,,0.0,,453865.0,0.0,580000.0,47874.0,,1555.0,0.0,301418.0,0.0,,,364104.0,456430.0,888640.0,0.0,-534886.0,12.98,17.39,,-29.13,,67.96,474860.0,
2016,12,,,PT. BPRS Safir,Kota Bengkulu,Provinsi Bengkulu,620090,112567587.0,84950178.0,0.0,203173.0,5590019.0,0.0,0.0,5716625.0,,0.0,,18915011.0,0.0,76975000.0,1830527.0,,132437.0,0.0,3948816.0,0.0,,,7917136.0,15611470.0,7380997.0,0.0,482920.0,14.28,30.05,,0.77,,83.04,11340750.0,
2016,12,,,PT Bank Perekonomian Rakyat Syariah Metro Madani,Kota Metro,Provinsi Lampung,620091,95417038.0,33241287.0,0.0,172866.0,4322505.0,0.0,12060965.0,750000.0,,0.0,,25695949.0,4531545.0,22309500.0,787324.0,,215941.0,0.0,28669474.0,3333332.0,,,9317650.0,15543303.0,6617176.0,0.0,2124297.0,16.85,4.08,,2.91,,55.39,41021346.0,
2016,12,,,PT Bank Perekonomian Rakyat Syariah Hikmah Wakilah,Kota Banda Aceh,Provinsi NAD,620046,65065723.0,31806081.0,0.0,0.0,0.0,0.0,7433633.0,0.0,,0.0,,42575.0,14263617.0,32298635.0,358241.0,,0.0,0.0,3411484.0,7000000.0,,,6186787.0,9323492.0,4319474.0,0.0,1701257.0,16.38,3.55,,2.84,,44.2,24037810.0,
2016,12,,,PT Bank Perekonomian Rakyat Syariah Bangun Arta,Kab. Cilacap,Provinsi Jawa Tengah,620195,,,,,,,,,,,,,,,,,,,,,,,,,,,,,,,,,,,
2016,12,,,PT Bank Perekonomian Rakyat Syariah Suriyah,Kab. Cilacap,Provinsi Jawa Tengah,620086,122056778.0,69923899.0,10628.0,2681699.0,22322.0,179801.0,5952278.0,16294122.0,,0.0,,33269941.0,2140410.0,66518698.0,1235275.0,,1044314.0,0.0,6771885.0,916650.0,,,11398672.0,18549530.0,8769371.0,0.0,2007415.0,0.0,3.9,,0.0,,0.0,24427693.0,
2016,12,,,PT Bank Perekonomian Rakyat Syariah Meru Nusantara Mandiri,Kab. Magelang,Provinsi Jawa Tengah,620143,10119661.0,4950300.0,0.0,942232.0,0.0,0.0,150000.0,60000.0,,0.0,,521741.0,2423891.0,5427047.0,77957.0,,9045.0,0.0,721997.0,0.0,,,1069938.0,1723935.0,993239.0,0.0,137005.0,14.21,4.68,,1.34,,67.54,3484962.0,
2016,12,,,PT Bank Perekonomian Rakyat Syariah Kedung Arto,Kota Semarang,Provinsi Jawa Tengah,620191,,,,,,,,,,,,,,,,,,,,,,,,,,,,,,,,,,,
2016,12,,,PT Bank Perekonomian Rakyat Syariah Insan Madani,Kab. Sukoharjo,Provinsi Jawa Tengah,620154,42521606.0,8840571.0,0.0,0.0,0.0,0.0,1711750.0,21444512.0,,0.0,,176682.0,1249865.0,31205792.0,208611.0,,173999.0,0.0,168460.0,0.0,,,2921066.0,6278770.0,2268538.0,0.0,560770.0,27.75,27.24,,1.51,,76.36,8219768.0,
2016,12,,,PT Bank Perekonomian Rakyat Syariah PNM Mentari,Kab. Garut,Provinsi Jawa Barat,620008,57222530.0,41380020.0,0.0,2123619.0,815604.0,0.0,0.0,2756486.0,,0.0,,1610415.0,8200822.0,18801455.0,452528.0,,73350.0,0.0,19763553.0,0.0,,,5954509.0,9860485.0,4018797.0,0.0,1720960.0,19.33,5.89,,3.71,,85.47,9217246.0,
2016,12,,,PT Bank Perekonomian Rakyat Syariah Madina Mandiri Sejahtera,Kab. Bantul,Provinsi D.I. Yogyakarta,620118,52466508.0,32530652.0,0.0,540616.0,0.0,3905.0,6165284.0,2534073.0,,0.0,,4684257.0,957898.0,38216800.0,686750.0,,386912.0,0.0,4616977.0,0.0,,,3216916.0,7183059.0,2525410.0,0.0,596843.0,11.0,6.88,,1.15,,86.85,10440285.0,
2016,12,,,PT Bank Perekonomian Rakyat Syariah Lampung Barat (Perseroda),Kab. Lampung Barat,Provinsi Lampung,620175,11276072.0,5881629.0,0.0,3961926.0,0.0,0.0,0.0,0.0,,0.0,,41723.0,3254175.0,3850000.0,54271.0,,35050.0,0.0,21634.0,375000.0,,,1234778.0,1588020.0,1296083.0,0.0,-65495.0,67.0,0.0,,0.58,,138.0,1052998.0,
2016,12,,,PT Bank Perekonomian Rakyat Syariah Kotabumi (Perseroda),Kab. Lampung Selatan,Provinsi Lampung,620131,120075075.0,31488898.0,0.0,43282726.0,0.0,0.0,87396.0,0.0,,0.0,,19189482.0,134086.0,25919950.0,1087921.0,,850960.0,0.0,54846147.0,1214263.0,,,15499701.0,24799942.0,8856364.0,0.0,4979385.0,33.0,2.71,,2.77,,71.03,41410074.0,
2016,12,,,PT Bank Perekonomian Rakyat Syariah Sleman (Perseroda),Kab. Sleman,Provinsi D.I. Yogyakarta,620193,,,,,,,,,,,,,,,,,,,,,,,,,,,,,,,,,,,
2016,12,,,PT BANK PEREKONOMIAN RAKYAT SYARIAH MASYARAKAT LINTAU BUO,Kab. Agam,Provinsi Sumatera Barat,620196,,,,,,,,,,,,,,,,,,,,,,,,,,,,,,,,,,,
2016,12,,,PT Bank Perekonomian Rakyat Syariah Mitra Amal Mulia,Kab. Sleman,Provinsi D.I. Yogyakarta,620117,38886625.0,27558369.0,0.0,940578.0,121645.0,695642.0,44726.0,401636.0,,0.0,,1966127.0,1485350.0,21659000.0,173536.0,,47747.0,0.0,6846231.0,0.0,,,3685314.0,6036008.0,2731849.0,19728.0,783274.0,21.0,2.51,,2.01,,95.82,6000756.0,
2016,12,,,PT Bank Perekonomian Rakyat Syariah Vitka Central,Kota Batam,Provinsi Kep. Riau,620134,56611745.0,45609610.0,0.0,484348.0,404750.0,0.0,0.0,0.0,,0.0,,676602.0,6304851.0,27206639.0,2258827.0,,183219.0,0.0,17879185.0,0.0,,,4731024.0,8655972.0,4153384.0,0.0,496476.0,16.33,11.73,,1.02,,86.19,12191493.0,
2016,12,,,PT Bank Perekonomian Rakyat Syariah Riyal Irsyadi,Kota Bekasi,Provinsi Jawa Barat,620005,43641954.0,27314293.0,0.0,0.0,0.0,0.0,129437.0,400000.0,,0.0,,6130542.0,8722.0,24439600.0,1860012.0,,150578.0,0.0,4947719.0,0.0,,,4115517.0,7779351.0,3943975.0,0.0,170858.0,33.8,13.75,,0.39,,79.35,14588854.0,
2016,12,,,PT Bank Perekonomian Rakyat Syariah Ampek Angkek Candung,Kab. Agam,Provinsi Sumatera Barat,620071,48849029.0,30803107.0,0.0,0.0,20757.0,95390.0,0.0,500000.0,,0.0,,18818218.0,196081.0,21622895.0,1342830.0,,259637.0,0.0,3219016.0,0.0,,,5881253.0,7576886.0,5380721.0,10067.0,536677.0,15.26,18.33,,1.34,,73.91,15600583.0,
2016,12,,,PT BPRS Guguk Mas Makmur,Kab. Limapuluh Koto,Provinsi Sumatera Barat,620194,,,,,,,,,,,,,,,,,,,,,,,,,,,,,,,,,,,
2016,12,,,PT Bank Perekonomian Rakyat Syariah Formes Sleman,Kab. Sleman,Provinsi D.I. Yogyakarta,620136,33160395.0,17045966.0,0.0,669647.0,0.0,0.0,1360395.0,0.0,,0.0,,2606098.0,5762770.0,11864850.0,275122.0,,171553.0,0.0,7213468.0,1611108.0,,,2514813.0,3925471.0,2074597.0,0.0,400855.0,16.36,13.32,,1.48,,94.28,10810701.0,
2016,12,,,PT Bank Perekonomian Rakyat Syariah Danagung Syariah,Kab. Sleman,Provinsi D.I. Yogyakarta,620128,35877546.0,11061650.0,0.0,5816819.0,18989.0,0.0,247332.0,6496070.0,,0.0,,1773563.0,258449.0,18800500.0,281585.0,,62329.0,0.0,8717625.0,1555552.0,,,3974106.0,6451035.0,2758921.0,0.0,1102922.0,17.84,5.27,,3.76,,94.54,9760448.0,
2016,12,,,PT Bank Perekonomian Rakyat Syariah Alsalaam Amal Salman,Kota Depok,Provinsi Jawa Barat,620101,236589250.0,162013693.0,0.0,2168589.0,66701.0,0.0,3648550.0,2867602.0,,0.0,,13691979.0,25511731.0,160371845.0,5043220.0,,569060.0,0.0,5727954.0,0.0,,,30036357.0,43866717.0,25597762.0,0.0,3235328.0,15.33,4.63,,2.04,,76.78,44749534.0,
2016,12,,,PT Bank Perekonomian Rakyat Syariah Khatulistiwa,Kab. Pasaman,Provinsi Sumatera Barat,620201,,,,,,,,,,,,,,,,,,,,,,,,,,,,,,,,,,,
2016,12,,,PT BPRS Taeh Baruah,Kab. Limapuluh Koto,Provinsi Sumatera Barat,620190,,,,,,,,,,,,,,,,,,,,,,,,,,,,,,,,,,,
2016,12,,,PT Bank Perekonomian Rakyat Syariah Alhijrah Amanah,Kota Depok,Provinsi Jawa Barat,620062,14689385.0,9312770.0,0.0,34154.0,58954.0,9649.0,30241.0,340400.0,,0.0,,2914991.0,10707.0,5505861.0,242858.0,,311690.0,0.0,3880639.0,0.0,,,1837442.0,2741920.0,1489060.0,0.0,291069.0,23.0,13.37,,2.53,,79.83,4381278.0,
2016,12,,,PT Bank Perekonomian Rakyat Syariah Way Kanan (Perseroda),Kab. Lampung Selatan,Provinsi Lampung,620157,42147409.0,9064861.0,0.0,16679677.0,3599857.0,0.0,0.0,474217.0,,0.0,,7201578.0,3196922.0,1968900.0,855127.0,,297935.0,0.0,20876269.0,0.0,,,5560803.0,8430010.0,3051726.0,0.0,2036792.0,29.71,3.7,,8.85,,84.18,12234602.0,
2016,12,,,PT Bank Perekonomian Rakyat Syariah Rajasa Lampung Tengah (Perseroda),Kab. Lampung Tengah,Provinsi Lampung,620129,15527183.0,1834791.0,0.0,10423869.0,43000.0,0.0,0.0,0.0,,0.0,,1907991.0,115432.0,2002000.0,307803.0,,77261.0,0.0,6187297.0,0.0,,,2702642.0,3145336.0,2065049.0,0.0,657041.0,93.0,5.69,,5.24,,120.82,3298328.0,
2016,12,,,PT Bank Perekonomian Rakyat Syariah Bangun Drajat Warga,Kab. Bantul,Provinsi D.I. Yogyakarta,620018,96795505.0,34285038.0,0.0,278755.0,4200.0,215920.0,12017449.0,12548735.0,,0.0,,27650611.0,21075906.0,35836200.0,1508963.0,,45581.0,0.0,2883616.0,0.0,,,7228634.0,8990217.0,4981704.0,56333.0,1814445.0,16.1,7.33,,2.5,,70.18,35033177.0,
2016,12,,,PT Bank Perekonomian Rakyat Syariah Cahaya Hidup,Kab. Sleman,Provinsi D.I. Yogyakarta,620163,15198959.0,10991535.0,0.0,438390.0,0.0,0.0,0.0,1425511.0,,0.0,,290619.0,1466518.0,7051091.0,479139.0,,198425.0,0.0,3764817.0,0.0,,,1626173.0,2490885.0,1232439.0,0.0,393489.0,17.99,6.8,,3.22,,102.93,2192022.0,
2016,12,,,PT Bank Perekonomian Rakyat Syariah Albarokah,Kota Depok,Provinsi Jawa Barat,620053,14624027.0,9637479.0,0.0,0.0,362182.0,0.0,900000.0,0.0,,0.0,,44173.0,1062281.0,9185952.0,586729.0,,34803.0,0.0,703655.0,0.0,,,2425905.0,3790899.0,1908034.0,0.0,497899.0,37.67,7.74,,3.38,,69.28,3914006.0,
2016,12,,,PT Bank Perekonomian Rakyat Syariah Balerong Bunta,Kab. Tanah Datar,Provinsi Sumatera Barat,620197,,,,,,,,,,,,,,,,,,,,,,,,,,,,,,,,,,,
2016,12,,,PT Bank Perekonomian Rakyat Syariah Bangka Belitung,Kota Pangkal Pinang,Provinsi Kep. Bangka Belitung,620076,554159888.0,295706436.0,0.0,4277470.0,1182631.0,0.0,0.0,60523567.0,,0.0,,6587063.0,170253282.0,302069475.0,6837311.0,,997413.0,0.0,10137846.0,0.0,,,46915439.0,82327837.0,37775030.0,0.0,10167825.0,18.92,15.0,,2.01,,66.79,159494231.0,
2016,12,,,PT BPRS Sungai PuaSyariah,Kab. Agam,Provinsi Sumatera Barat,620186,,,,,,,,,,,,,,,,,,,,,,,,,,,,,,,,,,,
2016,12,,,PT Bank Perekonomian Rakyat Syariah Unisia Insan Indonesia,Kota Yogyakarta,Provinsi D.I. Yogyakarta,620178,26894447.0,5304313.0,27405.0,132829.0,0.0,7834.0,12832301.0,0.0,,0.0,,3581810.0,4399552.0,9937500.0,128593.0,,1049515.0,0.0,23359.0,0.0,,,1385090.0,1778953.0,1533702.0,0.0,-97289.0,44.0,0.0,,-36.0,,102.0,7614534.0,
2016,12,,,PT Bank Perekonomian Rakyat Syariah Muamalat Harkat,Kab. Seluma,Provinsi Bengkulu,620052,23253519.0,16060702.0,0.0,0.0,0.0,0.0,0.0,0.0,,0.0,,315078.0,11280940.0,7149500.0,413271.0,,48564.0,0.0,1203636.0,0.0,,,3322492.0,4429919.0,3787493.0,0.0,-467220.0,23.75,44.3,,-1.94,,87.14,5950654.0,
2016,12,,,PT. BPRS Al-Yaqin,Kab. Simalungun,Provinsi Sumatera Utara,620092,5672116.0,3938892.0,0.0,111708.0,3288.0,0.0,0.0,35000.0,,0.0,,943577.0,528777.0,2822400.0,305783.0,,17881.0,0.0,640005.0,73100.0,,,827862.0,1157530.0,1084872.0,0.0,-209677.0,17.0,18.26,,-14.73,,146.7,1442465.0,
2016,12,,,PT BANK PEREKONOMIAN RAKYAT SYARIAH SIAK JAYA,Kab. Siak,Provinsi Riau,620189,,,,,,,,,,,,,,,,,,,,,,,,,,,,,,,,,,,
2016,12,,,PT. BPRS Cilegon Mandiri,Kota Cilegon,Provinsi Banten,620080,102145853.0,50397905.0,4530402.0,3700122.0,263065.0,61134.0,0.0,16104085.0,,0.0,,6826705.0,10597178.0,15818000.0,2093422.0,,148774.0,0.0,1551617.0,0.0,,,15310795.0,17116431.0,9939847.0,135039.0,4100526.0,81.96,21.46,,5.21,,225.79,17610040.0,
2016,12,,,PT Bank Perekonomian Rakyat Syariah Sindanglaya Kotanopan,Kab. Mandailing Natal,Provinsi Sumatera Utara,620111,8728072.0,3821955.0,0.0,521825.0,0.0,0.0,0.0,1445400.0,,0.0,,2130172.0,0.0,2403000.0,38656.0,,10554.0,0.0,2286944.0,0.0,,,1336817.0,1602405.0,874609.0,0.0,447736.0,27.71,2.17,,5.77,,74.93,2662635.0,
2016,12,,,PT Bank Perekonomian Rakyat Syariah Rizky Barokah,Kota Tangerang Selatan,Provinsi Banten,620199,,,,,,,,,,,,,,,,,,,,,,,,,,,,,,,,,,,
2016,12,,,PT. BPRS Asad Alif,Kab. Kendal,Provinsi Jawa Tengah,620070,15866792.0,11173137.0,0.0,0.0,0.0,0.0,0.0,879697.0,,0.0,,278681.0,8945886.0,4739500.0,175151.0,,0.0,0.0,274041.0,0.0,,,2020604.0,2621495.0,1868335.0,10035.0,80263.0,13.31,12.75,,1.1,,77.5,3223230.0,
2016,12,,,PT BANK PEREKONOMIAN RAKYAT SYARIAH AL MAKMUR,Kota Payakumbuh,Provinsi Sumatera Barat,620132,65400785.0,33574631.0,0.0,0.0,81500.0,0.0,0.0,17291887.0,,0.0,,18938974.0,1513784.0,36715958.0,515398.0,,421383.0,0.0,2605691.0,555555.0,,,5960985.0,10159812.0,5269350.0,0.0,676412.0,10.07,2.64,,139.0,,86.17,12425179.0,
2016,12,,,PT Bank Perekonomian Rakyat Syariah Almadinah Tasikmalaya Perseroda,Kota Tasikmalaya,Provinsi Jawa Barat,620156,24466158.0,18473860.0,0.0,102212.0,6600.0,0.0,0.0,1035900.0,,0.0,,3402017.0,2914415.0,4953048.0,208608.0,,12930.0,0.0,7604046.0,17034.0,,,3205842.0,4660764.0,2536790.0,0.0,527197.0,38.0,5.84,,2.3,,174.08,4532885.0,
2016,12,,,PT Bank Perekonomian Rakyat Syariah Patriot Bekasi Perseroda,Kota Bekasi,Provinsi Jawa Barat,620108,102863650.0,38853742.0,0.0,3201352.0,840293.0,0.0,0.0,11614866.0,,0.0,,7206748.0,1049537.0,58298278.0,2157525.0,,46897.0,0.0,14187675.0,0.0,,,9748250.0,14265884.0,6812983.0,0.0,2811987.0,36.9,4.68,,2.73,,76.82,42938751.0,
2016,12,,,PT BPRS SHADIQ AMANAH,Kota Cimahi,Provinsi Jawa Barat,620019,,,,,,,,,,,,,,,,,,,,,,,,,,,,,,,,,,,
2016,12,,,PT Bank Perekonomian Rakyat Syariah Tani Tulang Bawang Barat (Perseroda),Kab. Tulang Bawang Barat,Provinsi Lampung,620176,,,,,,,,,,,,,,,,,,,,,,,,,,,,,,,,,,,
2016,12,,,PT Bank Perekonomian Rakyat Syariah Artha Amanah Ummat,Kab. Semarang,Provinsi Jawa Tengah,620116,23277397.0,13185006.0,0.0,1284818.0,10000.0,0.0,9828.0,2328160.0,,0.0,,529295.0,4482950.0,10972600.0,251365.0,,23601.0,0.0,4894812.0,0.0,,,2142825.0,3613808.0,1507791.0,15193.0,556242.0,15.24,5.57,,2.99,,105.21,6510163.0,
2016,12,,,PT Bank Perekonomian Rakyat Syariah Berkah Dana Fadhlillah (Perseroda),Kab. Kampar,Provinsi Riau,620060,23772162.0,12946343.0,0.0,79799.0,376089.0,0.0,0.0,0.0,,0.0,,1495521.0,18258273.0,2411300.0,604381.0,,12685.0,0.0,133298.0,0.0,,,2329117.0,3074966.0,2450416.0,0.0,-56952.0,11.12,8.78,,0.24,,52.55,10583537.0,
2016,12,,,PT Bank Perekonomian Rakyat Syariah Gala Mitra Abadi,Kab. Grobogan,Provinsi Jawa Tengah,620063,10644667.0,4516319.0,0.0,138700.0,0.0,0.0,50000.0,1200090.0,,0.0,,3265512.0,2508.0,4658952.0,251443.0,,31217.0,0.0,1053006.0,0.0,,,1380941.0,2099442.0,1416800.0,0.0,2106.0,27.93,10.7,,0.25,,56.14,4749582.0,
2016,12,,,PT Bank Perekonomian Rakyat Syariah Hasanah,Kota Pekanbaru,Provinsi Riau,620041,11594332.0,7274541.0,0.0,29600.0,0.0,0.0,0.0,0.0,,0.0,,211373.0,3327811.0,6903544.0,451161.0,,15331.0,0.0,127349.0,0.0,,,1211761.0,1784999.0,1543068.0,0.0,-278440.0,12.89,9.63,,-2.4,,63.78,4245290.0,
2016,12,,,PT Bank Perekonomian Rakyat Syariah Amanah Bangsa,Kab. Simalungun,Provinsi Sumatera Utara,620032,21226128.0,15699648.0,0.0,58232.0,0.0,0.0,606922.0,0.0,,0.0,,5041752.0,0.0,6501666.0,139585.0,,120034.0,0.0,7370273.0,0.0,,,3280417.0,4557041.0,2714743.0,0.0,519848.0,16.0,1.4,,22.89,,86.85,4254320.0,
2016,12,,,PT Bank Perekonomian Rakyat Syariah Al Falah,Kab. Banyuasin,Provinsi Sumatera Selatan,620040,19327235.0,11898333.0,0.0,1248525.0,0.0,0.0,0.0,0.0,,0.0,,166749.0,4041039.0,5100700.0,197423.0,,30588.0,0.0,5944822.0,0.0,,,3166319.0,4169100.0,2036904.0,0.0,1008836.0,39.04,5.91,,5.72,,70.71,5527086.0,
2016,12,,,PT Bank Perekonomian Rakyat Syariah Amanah Insan Cita,Kab. Deli Serdang,Provinsi Sumatera Utara,620145,17527762.0,12909055.0,0.0,0.0,0.0,29790.0,700000.0,0.0,,0.0,,2501037.0,0.0,10793500.0,4060310.0,,45196.0,0.0,3099372.0,0.0,,,1947469.0,3231327.0,6645165.0,0.0,-4733848.0,33.01,43.55,,-39.42,,99.23,3438478.0,
2016,12,,,PT Bank Perekonomian Rakyat Syariah Muamalah Cilegon,Kota Cilegon,Provinsi Banten,620034,19244355.0,11056453.0,0.0,963223.0,520963.0,0.0,830576.0,48481.0,,0.0,,9685048.0,141167.0,4487500.0,894021.0,,344610.0,0.0,888679.0,0.0,,,2371270.0,2645400.0,1984175.0,10155.0,312835.0,32.0,23.22,,1.77,,89.09,6122166.0,
2016,12,,,PT Bank Perekonomian Rakyat Syariah Harta Insan Karimah Mitra Cahaya Indonesia,Kab. Sleman,Provinsi D.I. Yogyakarta,620133,33086646.0,12405002.0,0.0,4428820.0,0.0,0.0,506454.0,1205264.0,,0.0,,2585455.0,983356.0,18222050.0,286519.0,,154231.0,0.0,5816156.0,0.0,,,1903353.0,3638613.0,1541071.0,0.0,319310.0,21.86,4.86,,1.61,,68.2,9460251.0,
2016,12,,,PT BPRS Haji Miskin,Kab. Tanah Datar,Provinsi Sumatera Barat,620099,35761284.0,24366896.0,0.0,790596.0,0.0,345552.0,1794650.0,1325000.0,,0.0,,676144.0,9383327.0,9065650.0,629087.0,,156924.0,0.0,9416608.0,2291664.0,,,4156855.0,6610080.0,3302663.0,18278.0,713894.0,0.0,4.96,,0.0,,0.0,7156837.0,
2016,12,,,PT BPRS Barakah Nawaitul Ikhlas,Kota Solok,Provinsi Sumatera Barat,620123,7623827.0,5190500.0,0.0,294983.0,0.0,0.0,0.0,0.0,,0.0,,149709.0,3848975.0,2333400.0,56763.0,,14538.0,0.0,35577.0,0.0,,,1090428.0,1396673.0,869437.0,0.0,232426.0,23.66,2.39,,3.47,,74.61,1988808.0,
2016,12,,,PT Bank Perekonomian Rakyat Syariah Musyarakah Ummat Indonesia,Kota Tangerang,Provinsi Banten,620007,7019633.0,2972199.0,0.0,814076.0,105552.0,0.0,149100.0,270000.0,,0.0,,381336.0,532049.0,3854337.0,218811.0,,42507.0,0.0,1625286.0,0.0,,,637862.0,1063775.0,1473409.0,0.0,-981940.0,55.5,28.25,,-13.99,,59.32,2370226.0,
2016,12,,,PT Bank Perekonomian Rakyat Syariah Daarul Hayat,Kota Cimahi,Provinsi Jawa Barat,620035,9014692.0,2931629.0,0.0,553325.0,156300.0,29210.0,0.0,669135.0,,0.0,,1124328.0,1342198.0,5265374.0,88686.0,,0.0,0.0,803734.0,0.0,,,665801.0,983751.0,955807.0,0.0,-276630.0,10.0,8.96,,-2.94,,56.12,3798433.0,
2016,12,,,PT Bank Perekonomian Rakyat Syariah Central Syariah Utama,Kota Surakarta/Solo,Provinsi Jawa Tengah,620137,15878130.0,8772114.0,0.0,1567082.0,44375.0,640895.0,0.0,349777.0,,0.0,,1773211.0,878768.0,5369000.0,110591.0,,148279.0,0.0,5551736.0,984866.0,,,1345250.0,2366937.0,1471624.0,0.0,-37130.0,8.7,7.56,,-0.23,,84.75,2241434.0,
2016,12,,,PT Bank Perekonomian Rakyat Syariah Harta Insan Karimah Fajar Nitro,Kota Makassar,Provinsi Sulawesi Selatan,620168,2007439.0,1200431.0,0.0,0.0,0.0,0.0,0.0,0.0,,0.0,,65467.0,492766.0,748500.0,825645.0,,3029.0,0.0,69307.0,0.0,,,59075.0,148554.0,1564416.0,0.0,-1506161.0,86.61,85.07,,-93.0,,91.87,1557877.0,
2016,12,,,PT Bank Perekonomian Rakyat Syariah Hikmah Khazanah,Kota Surakarta/Solo,Provinsi Jawa Tengah,620171,52147583.0,38053017.0,0.0,2020054.0,0.0,0.0,0.0,0.0,,0.0,,8713554.0,1094693.0,27816557.0,434329.0,,442415.0,0.0,5213032.0,0.0,,,6589650.0,9683034.0,3591565.0,0.0,2478341.0,27.99,1.8,,7.15,,96.93,11083914.0,
2016,12,,,PT Bank Perekonomian Rakyat Syariah Amanah Rabbaniah,Kab. Bandung,Provinsi Jawa Barat,620002,49682924.0,25471160.0,0.0,9622953.0,511442.0,0.0,0.0,541933.0,,0.0,,15409057.0,849955.0,25001200.0,1006380.0,,376254.0,0.0,1469587.0,0.0,,,,,,,,15.48,5.58,,4.86,,77.19,11970788.0,
2016,12,,,PT Bank Perekonomian Rakyat Syariah Karya Mugi Sentosa,Kota Surabaya,Provinsi Jawa Timur,620113,52006335.0,17161884.0,0.0,1104621.0,19180671.0,0.0,263798.0,94000.0,,0.0,,22310509.0,3361163.0,11225518.0,670128.0,,147797.0,0.0,3932208.0,2500000.0,,,5484395.0,6758996.0,7095582.0,0.0,-1578351.0,21.42,10.01,,-3.24,,87.87,11800789.0,
2016,12,,,PT Bank Perekonomian Rakyat Syariah Amanah Sejahtera,Kab. Gresik,Provinsi Jawa Timur,620050,78567200.0,35479885.0,0.0,23651.0,2417357.0,0.0,738889.0,19625703.0,,0.0,,18719377.0,33754156.0,14613650.0,1304986.0,,35341.0,0.0,1040414.0,0.0,,,14501363.0,15925365.0,12839637.0,0.0,1636536.0,16.21,7.54,,2.23,,119.75,11160989.0,
2016,12,,,PT Bank Perekonomian Rakyat Syariah Nurul Ikhwan,Kab. Polewali Mandar,Provinsi Sulawesi Barat,620045,642915.0,838258.0,0.0,0.0,13696.0,0.0,0.0,0.0,,0.0,,0.0,317060.0,0.0,571409.0,,925.0,0.0,270805.0,0.0,,,134587.0,134587.0,415862.0,0.0,-295526.0,16.82,72.86,,-47.54,,264.38,334984.0,
2016,12,,,PT Bank Perekonomian Rakyat Syariah Mandiri Mitra Sukses,Kab. Gresik,Provinsi Jawa Timur,620126,50418797.0,18683479.0,0.0,0.0,1749224.0,0.0,0.0,21436615.0,,0.0,,7692065.0,8730751.0,23380653.0,346677.0,,441640.0,0.0,6586605.0,0.0,,,6700344.0,8355370.0,6531970.0,0.0,209488.0,11.28,6.65,,0.03,,84.28,6428856.0,
2016,12,,,PT Bank Perekonomian Rakyat Syariah Almasoem,Kab. Bandung,Provinsi Jawa Barat,620027,,,,,,,,,,,,,,,,,,,,,,,,,,,,,,,,,,,
2016,12,,,PT. BPRS Jabal Nur Tebuireng,Kota Surabaya,Provinsi Jawa Timur,620114,33819243.0,20365715.0,0.0,46860.0,62933.0,0.0,0.0,5510402.0,,0.0,,4189987.0,53886.0,17938998.0,542231.0,,116353.0,0.0,10149849.0,234964.0,,,4096640.0,9199111.0,5825409.0,0.0,-1659512.0,6.0,33.31,,-4.9,,118.45,3132590.0,
2016,12,,,PT BPRS Bumi Rinjani,Kota Batu,Provinsi Jawa Timur,620109,,,,,,,,,,,,,,,,,,,,,,,,,,,,,,,,,,,
2016,12,,,PT Bank Perekonomian Rakyat Syariah Baktimakmur Indah,Kab. Sidoarjo,Provinsi Jawa Timur,620022,140373388.0,58146244.0,0.0,1538825.0,1065000.0,0.0,0.0,54278530.0,,0.0,,8688033.0,53078694.0,30667365.0,2063500.0,,745412.0,0.0,20493133.0,0.0,,,14047390.0,19401560.0,9808908.0,121251.0,3792298.0,89.01,9.39,,3.58,,103.78,21820669.0,
2016,12,,,PT BPRS Mojo Artho Kota Mojokerto Perseroda,Kota Mojokerto,Provinsi Jawa Timur,620160,76010020.0,38913001.0,0.0,202030.0,527550.0,1005548.0,800500.0,5665000.0,,0.0,,1789082.0,6850253.0,15012000.0,332422.0,,122368.0,0.0,33140038.0,0.0,,,6061344.0,10094907.0,5538506.0,10100.0,940122.0,39.0,5.08,,1.24,,65.0,19612067.0,
2016,12,,,PT Bank Perekonomian Rakyat Syariah Tulen Amanah,Kab. Lombok Tengah,Provinsi Nusa Tenggara Barat,620009,33000957.0,20115101.0,0.0,0.0,0.0,0.0,0.0,0.0,,0.0,,0.0,7222016.0,18625029.0,315010.0,,73283.0,0.0,576649.0,0.0,,,2877988.0,5138766.0,1355832.0,0.0,1508943.0,28.0,15.47,,5.0,,77.0,11352705.0,
2016,12,,,PT Bank Perekonomian Rakyat Syariah Investama Mega Bakti,Kota Makassar,Provinsi Sulawesi Selatan,620077,49136374.0,30118539.0,0.0,0.0,941555.0,0.0,4817026.0,8210937.0,,0.0,,388056.0,2165568.0,624000.0,322720.0,,68807.0,0.0,33961.0,41050551.0,,,3040596.0,8440883.0,2409252.0,0.0,706844.0,10.72,8.02,,1.4,,100.0,3138392.0,
2016,12,,,PT Bank Perekonomian Rakyat Syariah Dana Mulia,Kota Surakarta/Solo,Provinsi Jawa Tengah,620122,24539948.0,14034786.0,0.0,4749101.0,14770.0,0.0,0.0,1740700.0,,0.0,,928716.0,9219049.0,8891040.0,458466.0,,19613.0,0.0,3421431.0,0.0,,,2053669.0,3527784.0,1637256.0,0.0,303951.0,11.13,19.27,,1.53,,78.54,3538294.0,
2016,12,,,PT BPRS Artha Surya Barokah,Kota Semarang,Provinsi Jawa Tengah,620084,,,,,,,,,,,,,,,,,,,,,,,,,,,,,,,,,,,
2016,12,,,PT Bank Perekonomian Rakyat Syariah Indo Timur,Kota Makassar,Provinsi Sulawesi Selatan,620010,14644618.0,1217988.0,0.0,0.0,0.0,0.0,0.0,0.0,,0.0,,9945847.0,1907654.0,40000.0,91790.0,,6185.0,0.0,56050.0,0.0,,,681671.0,764872.0,549020.0,0.0,128655.0,70.95,9.48,,0.54,,10.24,13489878.0,
2016,12,,,PT Bank Perekonomian Rakyat Syariah Maslahat Dana Syariah Nusantara,Kota Bengkulu,Provinsi Bengkulu,620181,,,,,,,,,,,,,,,,,,,,,,,,,,,,,,,,,,,
2016,12,,,PT Bank Perekonomian Rakyat Syariah Harum Hikmahnugraha,Kab. Garut,Provinsi Jawa Barat,620029,68861900.0,45693662.0,0.0,283669.0,773210.0,0.0,0.0,0.0,,0.0,,16213796.0,74737.0,31123690.0,1090445.0,,102125.0,0.0,12626079.0,0.0,,,7723586.0,12870553.0,5706208.0,0.0,1669936.0,16.33,18.44,,3.05,,69.83,21867331.0,
2016,12,,,PT Bank Perekonomian Rakyat Syariah Arsa Sejahtera,Kota Batu,Provinsi Jawa Timur,620079,19014975.0,9589701.0,0.0,0.0,0.0,0.0,0.0,931099.0,,0.0,,0.0,2853516.0,5217000.0,1867074.0,,35715.0,0.0,8419572.0,0.0,,,2618667.0,5008894.0,7747682.0,0.0,-5090446.0,19.83,40.92,,-26.77,,130.36,6973595.0,
2016,12,,,PT Bank Perekonomian Rakyat Syariah Al Ihsan,Kab. Bandung,Provinsi Jawa Barat,620044,9651159.0,5505337.0,0.0,1202942.0,131600.0,0.0,0.0,65489.0,,0.0,,4332544.0,0.0,2448500.0,303247.0,,18027.0,0.0,1723253.0,96060.0,,,1559364.0,1857458.0,1284662.0,0.0,287945.0,14.0,7.89,,2.98,,74.08,2803517.0,
2016,12,,,PT BPRS Bina Finansia,Kota Semarang,Provinsi Jawa Tengah,620102,25354720.0,19133238.0,0.0,856465.0,5000.0,0.0,0.0,0.0,,0.0,,0.0,8187453.0,11281884.0,546819.0,,159726.0,0.0,2284525.0,0.0,,,2907857.0,4541347.0,2292376.0,0.0,570068.0,16.18,8.04,,2.68,,88.26,3740028.0,
2016,12,,,PT Bank Perekonomian Rakyat Syariah Aman Syariah,Kab. Lampung Timur,Provinsi Lampung,620173,17060349.0,7736774.0,0.0,1473269.0,0.0,0.0,203680.0,1250000.0,,0.0,,2249325.0,899230.0,2433743.0,59147.0,,103849.0,0.0,7888525.0,0.0,,,2072305.0,3119384.0,1548155.0,0.0,470440.0,30.69,6.37,,2.76,,64.14,5850048.0,
2016,12,,,PT BPRS Harta Insan Karimah,Kota Tangerang,Provinsi Banten,620012,483028239.0,168749844.0,0.0,11599074.0,132959.0,0.0,950000.0,203890248.0,,0.0,,8391784.0,54831669.0,350575772.0,22682836.0,,716525.0,0.0,13633099.0,0.0,,,40731999.0,80802106.0,45976641.0,0.0,-5843146.0,15.41,24.98,,-3.33,,92.43,102477367.0,
2016,12,,,PT BPRS Hidayah,Wil. Kota Jakarta Barat,Provinsi DKI Jakarta,620119,,,,,,,,,,,,,,,,,,,,,,,,,,,,,,,,,,,
2016,12,,,PT Bank Perekonomian Rakyat Syariah Mitra Harmoni Yogyakarta,Kota Yogyakarta,Provinsi D.I. Yogyakarta,620149,31387477.0,24533837.0,0.0,71736.0,0.0,0.0,229000.0,0.0,,0.0,,2231739.0,3890750.0,14542750.0,315918.0,,76307.0,0.0,7833880.0,0.0,,,3898972.0,6200030.0,3278164.0,0.0,567337.0,12.39,4.11,,2.43,,90.08,6045540.0,
2016,12,,,PT BANK PEREKONOMIAN RAKYAT ARTHA MADANI,Kota Bekasi,Provinsi Jawa Barat,620088,188462119.0,118894150.0,0.0,0.0,293722.0,0.0,0.0,10943595.0,,0.0,,21361354.0,1254190.0,57388824.0,2769978.0,,1317485.0,0.0,92970950.0,0.0,,,17213893.0,33138393.0,13070120.0,60000.0,4083773.0,12.0,3.61,,2.89,,309.0,42606155.0,
2016,12,,,PT Bank Perekonomian Rakyat Syariah Al Washliyah,Kota Medan,Provinsi Sumatera Utara,620036,15028466.0,8837555.0,0.0,684821.0,0.0,0.0,387475.0,0.0,,0.0,,598781.0,2536365.0,8396000.0,112316.0,,285388.0,0.0,1551277.0,0.0,,,1577141.0,2373183.0,1661428.0,0.0,-102744.0,23.0,6.88,,-0.61,,85.94,4404158.0,
2016,12,,,PT Bank Perekonomian Rakyat Syariah Hasanah Mandiri,Kota Depok,Provinsi Jawa Barat,620006,,,,,,,,,,,,,,,,,,,,,,,,,,,,,,,,,,,
2016,12,,,PT BPRS Bumi Rinjani Malang,Kota Malang,Provinsi Jawa Timur,620078,,,,,,,,,,,,,,,,,,,,,,,,,,,,,,,,,,,
2016,12,,,PT Bank Perekonomian Rakyat Syariah Syarikat Madani,Kota Batam,Provinsi Kep. Riau,620121,110934300.0,82055489.0,0.0,14967179.0,5241608.0,0.0,0.0,0.0,,0.0,,0.0,8448911.0,42211207.0,1515498.0,,1983562.0,0.0,44252806.0,0.0,,,15375168.0,22873012.0,12734839.0,0.0,2030097.0,14.63,5.27,,1.72,,201.86,7024965.0,
2016,12,,,PT BPRS Mentari Pasaman Saiyo,Kab. Pasaman Barat,Provinsi Sumatera Barat,620059,,,,,,,,,,,,,,,,,,,,,,,,,,,,,,,,,,,
2016,12,,,PT Bank Perekonomian Rakyat Syariah Gebu Prima,Kota Medan,Provinsi Sumatera Utara,620055,11655303.0,7558588.0,0.0,236569.0,48904.0,0.0,1220600.0,0.0,,0.0,,0.0,5409261.0,4951500.0,907626.0,,6171.0,0.0,81537.0,0.0,,,1384203.0,1943928.0,1799005.0,0.0,-251698.0,13.84,16.63,,-3.2,,82.8,2168380.0,
2016,12,,,PT BPRS Gajahtongga KotoPiliang,Kota Sawahlunto,Provinsi Sumatera Barat,620162,15797489.0,14185008.0,0.0,0.0,0.0,0.0,0.0,0.0,,0.0,,8874140.0,0.0,4146900.0,712202.0,,15816.0,0.0,612502.0,0.0,,,2443586.0,2837012.0,2144669.0,0.0,323997.0,13.0,8.21,,2.0,,92.0,2054030.0,
2016,12,,,PT Bank Perekonomian Rakyat Syariah Barokah Dana Sejahtera,Kota Yogyakarta,Provinsi D.I. Yogyakarta,620115,78479750.0,22081709.0,0.0,3171940.0,1082054.0,0.0,73850.0,24711651.0,,0.0,,13229798.0,10140996.0,40755600.0,1026386.0,,392825.0,0.0,7280308.0,0.0,,,6325921.0,10712688.0,4776560.0,0.0,1407093.0,11.38,4.39,,2.24,,79.72,23214487.0,
2016,12,,,PT Bank Perekonomian Rakyat Syariah Harta Insan Karimah Cibitung,Kota Bekasi,Provinsi Jawa Barat,620020,207023976.0,121259970.0,0.0,37582529.0,4500.0,0.0,0.0,0.0,,0.0,,29028118.0,2885645.0,57268922.0,3145298.0,,4635965.0,0.0,87563395.0,0.0,,,29760157.0,44961625.0,16194237.0,267500.0,9811664.0,29.33,2.07,,4.73,,93.0,47739497.0,
2016,12,,,PT Bank Perekonomian Rakyat Syariah Hijra Alami,Wil. Kota Jakarta Selatan,Provinsi DKI Jakarta,620138,18830708.0,9442455.0,0.0,1806628.0,468515.0,0.0,0.0,3010000.0,,0.0,,1108308.0,351543.0,8785262.0,894712.0,,67432.0,0.0,3688564.0,1694781.0,,,2544416.0,3835146.0,1896486.0,0.0,610741.0,18.0,11.99,,3.45,,94.0,3612333.0,
2016,12,,,PT Bank Perekonomian Rakyat Syariah Lampung Timur (Perseroda),Kab. Lampung Timur,Provinsi Lampung,620140,27695649.0,5418418.0,0.0,16379431.0,0.0,0.0,0.0,268597.0,,0.0,,4677937.0,13202.0,563000.0,434762.0,,42673.0,0.0,12379666.0,0.0,,,3051270.0,4571653.0,2088967.0,0.0,938988.0,43.31,2.22,,3.97,,84.72,5461111.0,
2016,12,,,PT Bank Perekonomian Rakyat Syariah Dana Hidayatullah,Kota Yogyakarta,Provinsi D.I. Yogyakarta,620107,23246590.0,11432611.0,0.0,607368.0,55050.0,0.0,370358.0,6115540.0,,0.0,,768305.0,4610546.0,12171500.0,123856.0,,15406.0,0.0,2237215.0,0.0,,,2660301.0,3871155.0,1864250.0,0.0,762159.0,18.12,13.21,,3.65,,86.77,3818397.0,
2016,12,,,PT Bank Perekonomian Rakyat Syariah Rahmania Dana Sejahtera,Kab. Aceh Jeumpa/Bireuen,Provinsi NAD,620148,9680846.0,6567120.0,0.0,0.0,0.0,0.0,425500.0,0.0,,0.0,,873620.0,149661.0,4851500.0,49840.0,,8368.0,0.0,2540264.0,0.0,,,1117202.0,1660851.0,1013381.0,0.0,106252.0,18.0,5.03,,1.1,,70.07,2509439.0,
2016,12,,,PT Bank Perekonomian Rakyat Syariah Margirizki Bahagia,Kab. Bantul,Provinsi D.I. Yogyakarta,620017,52349655.0,23648045.0,0.0,920490.0,0.0,0.0,148812.0,9326139.0,,0.0,,5722887.0,3297915.0,26603900.0,563830.0,,30795.0,0.0,9560594.0,1527750.0,,,4018578.0,7210503.0,2905966.0,0.0,1093374.0,15.69,9.06,,2.85,,96.0,17484638.0,
2016,12,,,PT Bank Perekonomian Rakyat Syariah Carana Kiat Andalas,Kab. Agam,Provinsi Sumatera Barat,620064,13757939.0,9172388.0,0.0,0.0,3135.0,0.0,0.0,0.0,,0.0,,8564120.0,0.0,3745555.0,107646.0,,158995.0,0.0,1851.0,0.0,,,1586146.0,1745058.0,1815312.0,0.0,-98726.0,16.61,40.73,,-0.72,,67.46,3797234.0,
2016,12,,,PT Bank Pembiayaan Rakyat Syariah Jam Gadang Perseroda,Kota Bukittinggi,Provinsi Sumatera Barat,620185,,,,,,,,,,,,,,,,,,,,,,,,,,,,,,,,,,,
2016,12,,,PT Bank Perekonomian Rakyat Syariah Tanggamus (Perseroda),Kab. Tanggamus,Provinsi Lampung,620082,31514556.0,23109776.0,0.0,0.0,0.0,0.0,0.0,0.0,,0.0,,163209.0,15994862.0,1588700.0,1585140.0,,242046.0,0.0,2355258.0,0.0,,,4914521.0,6117283.0,3082762.0,0.0,1531226.0,72.0,7.94,,6.15,,78.02,8973996.0,
2016,12,,,PT Bank Perekonomian Rakyat Syariah Harta Insan Karimah Bekasi,Kota Bekasi,Provinsi Jawa Barat,620015,241027055.0,64357842.0,0.0,106165433.0,93925.0,0.0,0.0,32636341.0,,0.0,,25555305.0,469475.0,139675077.0,6665768.0,,0.0,0.0,41591286.0,0.0,,,28643035.0,47529426.0,20737343.0,345000.0,5849831.0,16.0,15.22,,3.8,,99.9,33509282.0,
2017,12,,,PT. BPRS Mitra Harmoni Kota Semarang,Kota Semarang,Provinsi Jawa Tengah,620151,27302808.0,18741517.0,0.0,419593.0,0.0,0.0,1282000.0,0.0,,0.0,,1023542.0,2825254.0,6674400.0,280459.0,,112265.0,0.0,10257986.0,0.0,,,3132021.0,4488700.0,2683104.0,0.0,386215.0,30.67,6.93,,1.77,,76.55,6435790.0,
2017,12,,,PT Bank Perekonomian Rakyat Syariah Carana Kiat Andalas,Kab. Agam,Provinsi Sumatera Barat,620064,17897091.0,13165472.0,0.0,0.0,2167.0,0.0,0.0,0.0,,0.0,,11410715.0,0.0,4999155.0,136455.0,,155073.0,0.0,203645.0,0.0,,,1798588.0,2103074.0,1963103.0,0.0,-126094.0,10.49,28.05,,-0.7,,113.67,4019859.0,
2017,12,,,PT Bank Pembiayaan Rakyat Syariah Gayo Perseroda,Kab. Aceh Tengah,Provinsi NAD,620120,28409994.0,23238946.0,0.0,0.0,0.0,0.0,0.0,0.0,,0.0,,4139.0,10610540.0,6585000.0,438659.0,,23645.0,0.0,1091961.0,0.0,,,2820364.0,4123689.0,2100341.0,19312.0,696309.0,41.22,9.69,,2.6,,135.15,4731577.0,
2017,12,,,PT BPRS Kota Juang Perseroda,Kab. Aceh Jeumpa/Bireuen,Provinsi NAD,620144,9796915.0,7911071.0,0.0,0.0,0.0,0.0,0.0,0.0,,0.0,,112.0,2948322.0,697000.0,130670.0,,12237.0,0.0,3882710.0,0.0,,,1133646.0,1756132.0,996763.0,0.0,128792.0,29.0,24.86,,1.46,,82.93,1753232.0,
2017,12,,,PT Bank Perekonomian Rakyat Syariah Arthaaceh Sejahtera,Kota Banda Aceh,Provinsi NAD,620192,,,,,,,,,,,,,,,,,,,,,,,,,,,,,,,,,,,
2017,12,,,PT BPRS Bumi Rinjani Malang,Kota Malang,Provinsi Jawa Timur,620078,,,,,,,,,,,,,,,,,,,,,,,,,,,,,,,,,,,
2017,12,,,PT Bank Perekonomian Rakyat Syariah Gunung Slamet,Kab. Banyumas,Provinsi Jawa Tengah,620146,78476775.0,47041304.0,0.0,2634252.0,34000.0,0.0,640000.0,3973160.0,,0.0,,11483607.0,130762.0,57612000.0,511150.0,,162519.0,0.0,2693558.0,0.0,,,5560363.0,10743124.0,4048969.0,0.0,1275241.0,13.0,2.21,,2.3,,78.47,24134646.0,
2017,12,,,PT BPRS Mojo Artho Kota Mojokerto Perseroda,Kota Mojokerto,Provinsi Jawa Timur,620160,92742887.0,60906242.0,0.0,811473.0,361152.0,1358357.0,211000.0,9074200.0,,0.0,,3322753.0,12856514.0,22861200.0,456604.0,,82499.0,0.0,37317771.0,0.0,,,9779902.0,14247328.0,8426765.0,13097.0,1315544.0,25.0,3.95,,1.42,,85.0,11392893.0,
2017,12,,,PT Bank Perekonomian Rakyat Syariah Suriyah,Kab. Cilacap,Provinsi Jawa Tengah,620086,158722089.0,86628748.0,10628.0,3175641.0,9418.0,286806.0,5992198.0,27985198.0,,0.0,,35986358.0,2479660.0,79436793.0,1328469.0,,1213877.0,0.0,21333009.0,0.0,,,13855720.0,22096693.0,10075341.0,0.0,2884927.0,,,,,,,26012097.0,
2017,12,,,PT Bank Perekonomian Rakyat Syariah Meru Nusantara Mandiri,Kab. Magelang,Provinsi Jawa Tengah,620143,14436833.0,4991320.0,0.0,1061718.0,0.0,0.0,60000.0,105000.0,,0.0,,646340.0,2785627.0,8027157.0,106857.0,,276497.0,0.0,1859264.0,0.0,,,1147259.0,1825902.0,1313378.0,0.0,-173992.0,11.02,9.9,,-1.37,,49.35,7285856.0,
2017,12,,,PT Bank Perekonomian Rakyat Syariah Dana Amanah Surakarta,Kota Surakarta/Solo,Provinsi Jawa Tengah,620125,27676691.0,15302237.0,0.0,6274773.0,0.0,0.0,232580.0,98831.0,,0.0,,2424255.0,24463.0,13660875.0,195113.0,,17458.0,0.0,8837982.0,0.0,,,2362482.0,4228446.0,1595234.0,0.0,711649.0,11.0,9.87,,2.57,,88.7,5411187.0,
2017,12,,,PT Bank Perekonomian Rakyat Syariah Bangun Arta,Kab. Cilacap,Provinsi Jawa Tengah,620195,,,,,,,,,,,,,,,,,,,,,,,,,,,,,,,,,,,
2017,12,,,PT Bank Perekonomian Rakyat Syariah Dana Mulia,Kota Surakarta/Solo,Provinsi Jawa Tengah,620122,30399353.0,16962245.0,0.0,7701254.0,14770.0,151806.0,0.0,1221700.0,,0.0,,1790879.0,12098257.0,10462400.0,487871.0,,27917.0,0.0,3242577.0,480000.0,,,2650479.0,4436354.0,2347994.0,0.0,237224.0,13.23,13.9,,0.99,,87.5,3678424.0,
2017,12,,,PT Bank Perekonomian Rakyat Syariah Hikmah Wakilah,Kota Banda Aceh,Provinsi NAD,620046,73550901.0,33337658.0,0.0,257829.0,0.0,148236.0,4449934.0,5350000.0,,0.0,,989118.0,12422225.0,44273810.0,428368.0,,0.0,0.0,1498988.0,5658318.0,,,6598575.0,10912590.0,4716377.0,0.0,1567284.0,16.46,2.94,,2.51,,75.49,27902540.0,
2017,12,,,PT Bank Perekonomian Rakyat Syariah Rahmania Dana Sejahtera,Kab. Aceh Jeumpa/Bireuen,Provinsi NAD,620148,12213458.0,8997651.0,0.0,0.0,0.0,0.0,30000.0,100000.0,,0.0,,1114362.0,146986.0,5856421.0,81727.0,,48795.0,0.0,3218728.0,0.0,,,1528860.0,2469392.0,1088182.0,0.0,430733.0,18.0,6.38,,3.53,,88.31,2668083.0,
2017,12,,,PT Bank Perekonomian Rakyat Syariah Bumi Artha Sampang,Kab. Cilacap,Provinsi Jawa Tengah,620112,33554954.0,17677440.0,0.0,0.0,28333.0,0.0,4827000.0,1566667.0,,0.0,,7996884.0,2952218.0,16978850.0,323872.0,,275392.0,0.0,1570685.0,0.0,,,3921684.0,5653124.0,3113307.0,0.0,810086.0,,,,,,,9065221.0,
2017,12,,,PT Bank Perekonomian Rakyat Syariah Mitra Harmoni Kota Malang,Kota Malang,Provinsi Jawa Timur,620153,20173456.0,14154096.0,0.0,866656.0,0.0,0.0,250000.0,275000.0,,0.0,,2540855.0,405233.0,3860000.0,143841.0,,32614.0,0.0,6855583.0,0.0,,,2755864.0,3531565.0,2301821.0,0.0,424808.0,60.0,4.6,,2.28,,78.42,4216886.0,
2017,12,,,PT Bank Perekonomian Rakyat Syariah Buana Mitra Perwira,Kab. Purbalingga,Provinsi Jawa Tengah,620083,107483415.0,45243862.0,0.0,2996232.0,1420923.0,0.0,0.0,17085259.0,,0.0,,36650677.0,7847219.0,46352720.0,1031255.0,,794062.0,0.0,4584703.0,0.0,,,9754164.0,14388504.0,7744733.0,0.0,2119164.0,18.57,5.39,,2.9,,70.84,37738160.0,
2017,12,,,PT Bank Perekonomian Rakyat Syariah Hikmah Bahari,Kota Tegal,Provinsi Jawa Tengah,620174,72913493.0,53216218.0,0.0,125488.0,0.0,0.0,1387634.0,1705000.0,,0.0,,8347479.0,163631.0,23403500.0,376286.0,,1683672.0,0.0,27330041.0,0.0,,,12561601.0,16996707.0,5291569.0,184000.0,5510259.0,22.25,0.0,,11.73,,98.74,15967119.0,
2017,12,,,PT Bank Perekonomian Rakyat Syariah Insan Madani,Kab. Sukoharjo,Provinsi Jawa Tengah,620154,44411841.0,9657107.0,0.0,0.0,0.0,0.0,813000.0,20198979.0,,0.0,,192750.0,2274966.0,33379535.0,227601.0,,179961.0,0.0,292648.0,0.0,,,2235630.0,5279471.0,3703407.0,0.0,-1454827.0,23.96,24.93,,-3.35,,69.79,11469589.0,
2017,12,,,PT Bank Perekonomian Rakyat Syariah Mustaqim Aceh Perseroda,Kota Banda Aceh,Provinsi NAD,620187,,,,,,,,,,,,,,,,,,,,,,,,,,,,,,,,,,,
2017,12,,,PT BPRS Artha Surya Barokah,Kota Semarang,Provinsi Jawa Tengah,620084,,,,,,,,,,,,,,,,,,,,,,,,,,,,,,,,,,,
2017,12,,,PT Bank Perekonomian Rakyat Syariah Tengku Chiek Dipante,Kab. Pidie,Provinsi NAD,620025,7666446.0,3818391.0,0.0,0.0,0.0,0.0,114700.0,0.0,,0.0,,10457.0,1874390.0,2381000.0,53141.0,,15453.0,0.0,2132426.0,0.0,,,903366.0,1237575.0,833369.0,0.0,55221.0,16.0,27.67,,0.72,,89.51,3143702.0,
2017,12,,,PT BPRS Bina Finansia,Kota Semarang,Provinsi Jawa Tengah,620102,29671248.0,20167403.0,0.0,1104782.0,5000.0,0.0,0.0,0.0,,0.0,,0.0,7740132.0,14387442.0,370804.0,,240716.0,0.0,4105093.0,0.0,,,2493726.0,4360565.0,2198939.0,0.0,299010.0,14.12,7.07,,1.28,,72.56,6433345.0,
2017,12,,,PT Bank Perekonomian Rakyat Syariah Cahaya Hidup,Kab. Sleman,Provinsi D.I. Yogyakarta,620163,23861076.0,14796331.0,0.0,1265727.0,0.0,0.0,0.0,2376888.0,,0.0,,919527.0,502830.0,12415061.0,446316.0,,329016.0,0.0,6682922.0,0.0,,,2090641.0,3340988.0,1495382.0,6776.0,584231.0,15.08,8.05,,3.15,,90.43,4932464.0,
2017,12,,,PT Bank Perekonomian Rakyat Syariah Sindanglaya Kotanopan,Kab. Mandailing Natal,Provinsi Sumatera Utara,620111,8841053.0,3626480.0,0.0,472090.0,0.0,0.0,0.0,897756.0,,0.0,,2323028.0,0.0,1977100.0,59618.0,,7073.0,0.0,2658200.0,0.0,,,1288744.0,1601398.0,911838.0,0.0,360505.0,30.99,4.54,,4.07,,92.98,3578096.0,
2017,12,,,PT Bank Perekonomian Rakyat Syariah Baktimakmur Indah,Kab. Sidoarjo,Provinsi Jawa Timur,620022,152421824.0,76322077.0,0.0,1967779.0,0.0,0.0,0.0,43519076.0,,0.0,,7441549.0,60589751.0,31032713.0,2416397.0,,884082.0,0.0,24714744.0,0.0,,,16571913.0,21738370.0,11329105.0,127351.0,3842847.0,69.75,8.8,,3.65,,107.4,17981915.0,
2017,12,,,PT Bank Perekonomian Rakyat Syariah Maslahat Dana Syariah Nusantara,Kota Bengkulu,Provinsi Bengkulu,620181,11043529.0,8562290.0,0.0,243426.0,21125.0,0.0,0.0,0.0,,0.0,,666824.0,0.0,3451500.0,49009.0,,117782.0,0.0,68295.0,0.0,,,753834.0,780982.0,1964790.0,0.0,-1260872.0,75.73,0.0,,-14.1,,214.33,999415.0,
2017,12,,,PT Bank Perekonomian Rakyat Syariah Situbondo,Kab. Situbondo,Provinsi Jawa Timur,620081,11648034.0,6751985.0,0.0,165333.0,203518.0,45833.0,0.0,0.0,,0.0,,1395226.0,1980560.0,257700.0,240347.0,,40672.0,0.0,675466.0,0.0,,,2053475.0,2105411.0,1569794.0,0.0,485117.0,111.6,7.99,,4.91,,197.24,4024080.0,
2017,12,,,PT Bank Perekonomian Rakyat Syariah Artha Amanah Ummat,Kab. Semarang,Provinsi Jawa Tengah,620116,27502803.0,16553939.0,0.0,1578102.0,4500.0,0.0,8511.0,2786989.0,,0.0,,561486.0,5233872.0,11852600.0,460328.0,,29242.0,0.0,7962574.0,0.0,,,2497316.0,4279681.0,1906811.0,14640.0,527950.0,8.96,6.18,,2.08,,121.67,5666377.0,
2017,12,,,PT Bank Perekonomian Rakyat Syariah Rahmah Hijrah Agung,Kota Lhokseumawe,Provinsi NAD,620049,34428617.0,20309647.0,0.0,0.0,0.0,0.0,0.0,15000.0,,0.0,,1919583.0,8854309.0,18541100.0,277648.0,,60549.0,0.0,1646259.0,0.0,,,3008313.0,4905176.0,2708415.0,8368.0,283688.0,15.05,11.84,,1.08,,67.3,12129707.0,
2017,12,,,PT. BPRS Jabal Nur Tebuireng,Kota Surabaya,Provinsi Jawa Timur,620114,28004937.0,17085365.0,0.0,61267.0,86525.0,0.0,0.0,3473702.0,,0.0,,7810127.0,5863.0,11109500.0,718942.0,,116769.0,0.0,7741642.0,145467.0,,,1257267.0,3602485.0,3253445.0,0.0,-2037566.0,6.0,55.79,,-7.2,,77.78,3067815.0,
2017,12,,,PT Bank Perekonomian Rakyat Syariah Taman Indah Darussalam,Kota Banda Aceh,Provinsi NAD,620158,2697585.0,400428.0,0.0,26874.0,0.0,0.0,0.0,0.0,,0.0,,363495.0,0.0,431000.0,192227.0,,1378.0,0.0,94213.0,0.0,,,335281.0,402336.0,732897.0,0.0,-312616.0,228.71,62.35,,-18.42,,53.78,2354273.0,
2017,12,,,PT. BPRS Hareukat,Kab. Aceh Besar,Provinsi NAD,620003,13583941.0,8650288.0,0.0,0.0,0.0,0.0,276720.0,0.0,,0.0,,17697.0,5271917.0,3020750.0,106276.0,,4816.0,0.0,4048608.0,0.0,,,955059.0,1680507.0,1638528.0,0.0,-688898.0,-2.0,58.33,,-5.07,,73.55,2678881.0,
2017,12,,,PT Bank Perekonomian Rakyat Syariah Arta Leksana,Kab. Banyumas,Provinsi Jawa Tengah,620110,43205633.0,9338071.0,0.0,302214.0,42531.0,15347.0,8301.0,10072459.0,,0.0,,16712719.0,4681609.0,11847500.0,218927.0,,45556.0,0.0,5701268.0,228561.0,,,4112089.0,5686339.0,3225631.0,0.0,853164.0,15.4,9.24,,2.8,,57.13,20377572.0,
2017,12,,,PT. BPRS Ikhsanul Amal,Kab. Kebumen,Provinsi Jawa Tengah,620047,14583714.0,6794043.0,0.0,75583.0,0.0,0.0,0.0,2993219.0,,0.0,,306864.0,7397200.0,4319900.0,360150.0,,85203.0,0.0,361412.0,0.0,,,1738315.0,2246771.0,1801393.0,0.0,-67581.0,22.0,7.64,,-0.33,,80.26,4709995.0,
2017,12,,,PT Bank Perekonomian Rakyat Syariah Kedung Arto,Kota Semarang,Provinsi Jawa Tengah,620191,,,,,,,,,,,,,,,,,,,,,,,,,,,,,,,,,,,
2017,12,,,PT Bank Perekonomian Rakyat Syariah Muamalat Harkat,Kab. Seluma,Provinsi Bengkulu,620052,32605309.0,24581457.0,0.0,0.0,0.0,0.0,0.0,0.0,,0.0,,2388475.0,12467261.0,13557500.0,437349.0,,251295.0,0.0,353726.0,0.0,,,3732869.0,4544284.0,3582331.0,635.0,179354.0,14.36,28.97,,0.66,,86.51,6898547.0,
2017,12,,,PT Bank Perekonomian Rakyat Syariah Baiturrahman,Kab. Aceh Besar,Provinsi NAD,620024,39136931.0,22815050.0,0.0,0.0,0.0,0.0,0.0,0.0,,0.0,,0.0,22122018.0,7713300.0,545025.0,,30101.0,0.0,5762812.0,0.0,,,3725979.0,5125102.0,3294081.0,0.0,420908.0,14.85,9.01,,1.08,,62.61,16020270.0,
2017,12,,,PT Bank Perekonomian Rakyat Syariah Ingin Jaya,Kab. Aceh Besar,Provinsi NAD,620203,,,,,,,,,,,,,,,,,,,,,,,,,,,,,,,,,,,
2017,12,,,PT Bank Perekonomian Rakyat Syariah Almabrur Klaten,Kab. Klaten,Provinsi Jawa Tengah,620142,18860961.0,11102829.0,0.0,651733.0,0.0,20042.0,0.0,0.0,,0.0,,482.0,6535084.0,9173736.0,461875.0,,30742.0,0.0,374361.0,0.0,,,1920521.0,3052103.0,1546732.0,9300.0,332198.0,23.57,18.59,,1.98,,63.39,7368766.0,
2017,12,,,PT Bank Perekonomian Rakyat Syariah Dharma Kuwera,Kab. Klaten,Provinsi Jawa Tengah,620159,21430236.0,15284348.0,0.0,705407.0,64583.0,0.0,1232101.0,0.0,,0.0,,3508392.0,2133458.0,7850500.0,346952.0,,214664.0,0.0,3912824.0,0.0,,,2190188.0,3001574.0,2271687.0,0.0,-121208.0,23.89,11.45,,-0.43,,81.87,3516334.0,
2017,12,,,PT. BPRS Safir,Kota Bengkulu,Provinsi Bengkulu,620090,,,,,,,,,,,,,,,,,,,,,,,,,,,,,,,,,,,
2017,12,,,PT Bank Perekonomian Rakyat Syariah Sukowati Sragen (Perseroda),Kab. Sragen,Provinsi Jawa Tengah,620124,180127532.0,117232617.0,0.0,19687095.0,473149.0,0.0,702778.0,1296487.0,,0.0,,26338148.0,12787733.0,71620728.0,1380388.0,,2321500.0,0.0,44353804.0,4992141.0,,,16078499.0,27297995.0,11057240.0,0.0,4020767.0,11.61,5.65,,3.29,,95.51,37371515.0,
2017,12,,,PT Bank Perekonomian Rakyat Syariah Tanmiya Artha,Kota Kediri,Provinsi Jawa Timur,620130,9322768.0,5732473.0,0.0,665212.0,0.0,14250.0,621884.0,0.0,,0.0,,509190.0,3161474.0,2814700.0,151278.0,,23012.0,0.0,1013161.0,0.0,,,1208820.0,1567831.0,949516.0,6120.0,230125.0,25.0,11.12,,3.05,,85.46,2197740.0,
2017,12,,,PT Bank Perekonomian Rakyat Syariah Annisa Mukti,Kab. Sidoarjo,Provinsi Jawa Timur,620135,9836094.0,6413819.0,0.0,0.0,0.0,0.0,0.0,315000.0,,0.0,,0.0,1517612.0,3540000.0,140317.0,,57303.0,0.0,803746.0,0.0,,,2065375.0,2433853.0,1762903.0,3564.0,263264.0,55.75,1.89,,3.02,,133.04,2626215.0,
2017,12,,,PT BANK PEREKONOMIAN RAKYAT SYARIAH SIAK JAYA,Kab. Siak,Provinsi Riau,620189,,,,,,,,,,,,,,,,,,,,,,,,,,,,,,,,,,,
2017,12,,,PT Bank Perekonomian Rakyat Syariah Bhakti Sumekar Perseroda,Kab. Sumenep,Provinsi Jawa Timur,620085,765669700.0,426885180.0,0.0,0.0,94937161.0,13434931.0,1917718.0,5134688.0,,0.0,,134307482.0,1507113.0,305756017.0,4760316.0,,1294677.0,0.0,189651367.0,2222212.0,,,45788042.0,85561979.0,30983231.0,0.0,10314391.0,39.99,2.38,,2.14,,73.67,182392313.0,
2017,12,,,PT BPRS Barakah Nawaitul Ikhlas,Kota Solok,Provinsi Sumatera Barat,620123,8128798.0,4448619.0,0.0,354548.0,0.0,0.0,0.0,0.0,,0.0,,110246.0,4481874.0,2184700.0,42820.0,,13358.0,0.0,33440.0,0.0,,,1267083.0,1591079.0,996964.0,6303.0,272736.0,23.43,2.38,,4.09,,60.01,3035901.0,
2017,12,,,PT Bank Perekonomian Rakyat Syariah Bumi Rinjani Kepanjen,Kab. Malang,Provinsi Jawa Timur,620106,50239492.0,36280695.0,0.0,37327.0,0.0,0.0,0.0,2757300.0,,0.0,,1643597.0,8919081.0,19987750.0,476670.0,,278923.0,0.0,12634392.0,0.0,,,8489856.0,12360813.0,6197622.0,54697.0,1660150.0,16.34,3.81,,4.56,,82.18,8541954.0,
2017,12,,,PT BPRS Harta Insan Karimah,Kota Tangerang,Provinsi Banten,620012,494232123.0,139502810.0,0.0,29795246.0,390776.0,0.0,0.0,187757134.0,,0.0,,14596531.0,57995138.0,349091878.0,11402856.0,,1443564.0,0.0,9020789.0,0.0,,,37533960.0,73885532.0,32190718.0,51545.0,7115301.0,16.54,22.24,,1.62,,84.3,129263013.0,
2017,12,,,PT BPRS Hidayah,Wil. Kota Jakarta Barat,Provinsi DKI Jakarta,620119,,,,,,,,,,,,,,,,,,,,,,,,,,,,,,,,,,,
2017,12,,,PT. BPRS Jabal Tsur,Kab. Pasuruan,Provinsi Jawa Timur,620103,15263701.0,6666318.0,0.0,3820480.0,37574.0,0.0,0.0,1393767.0,,0.0,,2402043.0,6204630.0,4585000.0,1269852.0,,162102.0,0.0,1421967.0,0.0,,,2597060.0,3258019.0,3916055.0,0.0,-1357487.0,6.6,69.86,,-8.89,,58.27,1658482.0,
2017,12,,,PT BANK PEREKONOMIAN RAKYAT SYARIAH AL MAKMUR,Kota Payakumbuh,Provinsi Sumatera Barat,620132,56509565.0,33168408.0,0.0,93008.0,81500.0,0.0,0.0,8846471.0,,0.0,,19503144.0,1738707.0,25916011.0,457080.0,,80785.0,0.0,3305103.0,222222.0,,,5839005.0,8722777.0,4942886.0,0.0,708645.0,17.0,8.21,,1.46,,79.2,11038007.0,
2017,12,,,PT BPRS Guguk Mas Makmur,Kab. Limapuluh Koto,Provinsi Sumatera Barat,620194,,,,,,,,,,,,,,,,,,,,,,,,,,,,,,,,,,,
2017,12,,,PT Bank Perekonomian Rakyat Syariah Fadhilah Kota Bengkulu (Perseroda),Kota Bengkulu,Provinsi Bengkulu,620184,,,,,,,,,,,,,,,,,,,,,,,,,,,,,,,,,,,
2017,12,,,PT Bank Perekonomian Rakyat Syariah Danagung Syariah,Kab. Sleman,Provinsi D.I. Yogyakarta,620128,43396527.0,14038367.0,0.0,8052502.0,16000.0,0.0,0.0,4119510.0,,0.0,,1915444.0,260909.0,20772800.0,308167.0,,41691.0,0.0,14132791.0,888880.0,,,3944078.0,6753433.0,2852398.0,0.0,877406.0,18.64,7.28,,2.71,,94.01,14778503.0,
2017,12,,,PT Bank Perekonomian Rakyat Syariah Ampek Angkek Candung,Kab. Agam,Provinsi Sumatera Barat,620071,50153716.0,30300643.0,0.0,0.0,20757.0,21000.0,0.0,0.0,,0.0,,20283167.0,166621.0,21633003.0,1514012.0,,280494.0,0.0,2882706.0,0.0,,,5524967.0,6954844.0,4691266.0,0.0,657552.0,13.35,19.36,,1.76,,64.91,17751007.0,
2017,12,,,PT Bank Perekonomian Rakyat Syariah Sampang Perseroda,Kab. Sampang,Provinsi Jawa Timur,620166,101617871.0,64775337.0,0.0,674661.0,1402221.0,0.0,3218806.0,0.0,,0.0,,8500459.0,0.0,17669846.0,1865205.0,,285031.0,0.0,43592751.0,8472218.0,,,8524362.0,14598784.0,5510699.0,25000.0,2547301.0,29.63,17.58,,3.14,,267.75,27178651.0,
2017,12,,,PT Bank Perekonomian Rakyat Syariah Harta Insan Karimah Mitra Cahaya Indonesia,Kab. Sleman,Provinsi D.I. Yogyakarta,620133,67359471.0,28287085.0,0.0,6486283.0,0.0,0.0,349756.0,1236742.0,,0.0,,3846780.0,5262489.0,32850500.0,1090850.0,,39918.0,0.0,17079606.0,0.0,,,6296046.0,10671484.0,4252357.0,0.0,1948531.0,22.17,3.99,,4.04,,90.33,27300588.0,
2017,12,,,PT BPRS Magetan (Perseroda),Kab. Magetan,Provinsi Jawa Timur,620165,24968076.0,16615592.0,0.0,4250.0,0.0,0.0,0.0,0.0,,0.0,,4054579.0,218976.0,7392500.0,153044.0,,36565.0,0.0,217745.0,0.0,,,3605840.0,3681312.0,2277154.0,31606.0,1257144.0,103.42,3.83,,5.87,,67.36,7819173.0,
2017,12,,,PT Bank Perekonomian Rakyat Syariah Khatulistiwa,Kab. Pasaman,Provinsi Sumatera Barat,620201,,,,,,,,,,,,,,,,,,,,,,,,,,,,,,,,,,,
2017,12,,,PT Bank Perekonomian Rakyat Syariah Rahma Syariah,Kab. Kediri,Provinsi Jawa Timur,620150,7283831.0,2315518.0,0.0,108617.0,0.0,0.0,1262190.0,0.0,,0.0,,2286219.0,0.0,2274100.0,38548.0,,21172.0,0.0,90721.0,0.0,,,895294.0,1074195.0,953494.0,0.0,-61057.0,75.81,11.74,,-1.03,,51.47,3382844.0,
2017,12,,,PT Bank Perekonomian Rakyat Syariah Formes Sleman,Kab. Sleman,Provinsi D.I. Yogyakarta,620136,33042059.0,18551736.0,0.0,754501.0,300000.0,0.0,1414864.0,0.0,,0.0,,2465521.0,8151522.0,11376000.0,346681.0,,201537.0,0.0,5620178.0,944436.0,,,2753147.0,4082259.0,2108472.0,0.0,600004.0,17.43,7.42,,1.99,,95.58,8520096.0,
2017,12,,,PT BPRS Taeh Baruah,Kab. Limapuluh Koto,Provinsi Sumatera Barat,620190,,,,,,,,,,,,,,,,,,,,,,,,,,,,,,,,,,,
2017,12,,,PT Bank Perekonomian Rakyat Syariah Sleman (Perseroda),Kab. Sleman,Provinsi D.I. Yogyakarta,620193,,,,,,,,,,,,,,,,,,,,,,,,,,,,,,,,,,,
2017,12,,,PT Bank Perekonomian Rakyat Syariah Sarana Prima Mandiri,Kab. Pamekasan,Provinsi Jawa Timur,620127,37023322.0,15545722.0,0.0,4283363.0,7181827.0,684138.0,1837700.0,762938.0,,0.0,,9879720.0,421070.0,21875665.0,271149.0,,105238.0,0.0,1225521.0,0.0,,,4117691.0,5630618.0,3644351.0,0.0,453740.0,12.64,6.47,,1.23,,94.15,5774602.0,
2017,12,,,PT Bank Perekonomian Rakyat Syariah Kabupaten Ngawi Perseroda,Kab. Ngawi,Provinsi Jawa Timur,620183,,,,,,,,,,,,,,,,,,,,,,,,,,,,,,,,,,,
2017,12,,,PT Bank Perekonomian Rakyat Syariah Unisia Insan Indonesia,Kota Yogyakarta,Provinsi D.I. Yogyakarta,620178,35940869.0,14242413.0,13151.0,302206.0,0.0,30968.0,6724170.0,1209500.0,,0.0,,2511704.0,4821055.0,18865576.0,172999.0,,177321.0,0.0,1059313.0,0.0,,,2436851.0,3700989.0,1835891.0,17951.0,612577.0,34.0,0.81,,2.0,,86.65,12657610.0,
2017,12,,,PT Bank Perekonomian Rakyat Syariah Rizky Barokah,Kota Tangerang Selatan,Provinsi Banten,620199,,,,,,,,,,,,,,,,,,,,,,,,,,,,,,,,,,,
2017,12,,,PT Bank Perekonomian Rakyat Syariah Lantabur Tebuireng,Kab. Jombang,Provinsi Jawa Timur,620098,124031441.0,84856130.0,0.0,3326619.0,1144944.0,0.0,94000.0,0.0,,0.0,,2577407.0,74688703.0,29989671.0,998816.0,,73231.0,0.0,4297281.0,0.0,,,13268987.0,16987536.0,6813427.0,131435.0,5405016.0,11.0,5.08,,4.36,,83.35,33091062.0,
2017,12,,,PT. BPRS Ummu,Kab. Pasuruan,Provinsi Jawa Timur,620074,9893335.0,5654167.0,0.0,0.0,0.0,0.0,0.0,0.0,,0.0,,5527910.0,1481161.0,854000.0,223887.0,,3985.0,0.0,178803.0,83333.0,,,1403604.0,1556994.0,1624936.0,0.0,98420.0,25.77,30.1,,0.99,,58.56,3240164.0,
2017,12,,,PT Bank Perekonomian Rakyat Syariah Musyarakah Ummat Indonesia,Kota Tangerang,Provinsi Banten,620007,8153992.0,3309794.0,0.0,2057178.0,64726.0,0.0,69100.0,20000.0,,0.0,,590149.0,476998.0,5371337.0,226931.0,,55287.0,0.0,916783.0,0.0,,,1260217.0,1815169.0,1320815.0,0.0,159320.0,12.54,10.47,,1.95,,74.55,1857392.0,
2017,12,,,PT Bank Perekonomian Rakyat Syariah Madina Mandiri Sejahtera,Kab. Bantul,Provinsi D.I. Yogyakarta,620118,70410744.0,46714747.0,0.0,412220.0,0.0,0.0,5178167.0,2558351.0,,0.0,,5658820.0,994874.0,46757000.0,781184.0,,950432.0,0.0,11321227.0,0.0,,,4086565.0,9858723.0,3391796.0,0.0,624725.0,10.25,5.44,,0.99,,85.54,11921458.0,
2017,12,,,PT Bank Perekonomian Rakyat Syariah Tunas Artha Jaya Abadi,Kab. Kediri,Provinsi Jawa Timur,620200,,,,,,,,,,,,,,,,,,,,,,,,,,,,,,,,,,,
2017,12,,,PT BPRS Haji Miskin,Kab. Tanah Datar,Provinsi Sumatera Barat,620099,37246016.0,24909677.0,0.0,709329.0,28333.0,403354.0,1437520.0,1450000.0,,0.0,,726059.0,11361638.0,12007480.0,501169.0,,235018.0,0.0,6484585.0,1291660.0,,,4513536.0,6778806.0,3505203.0,25471.0,828822.0,20.96,4.8,,2.66,,98.65,7754425.0,
2017,12,,,PT Bank Perekonomian Rakyat Syariah Balerong Bunta,Kab. Tanah Datar,Provinsi Sumatera Barat,620197,,,,,,,,,,,,,,,,,,,,,,,,,,,,,,,,,,,
2017,12,,,PT. BPRS Asri Madani Nusantara,Kab. Jember,Provinsi Jawa Timur,620033,25860098.0,18009694.0,0.0,336193.0,47858.0,51667.0,559650.0,2233000.0,,0.0,,0.0,9738997.0,6714242.0,422302.0,,143804.0,0.0,4408924.0,1278096.0,,,2445597.0,4035060.0,1913144.0,13182.0,473777.0,15.5,4.67,,2.07,,9.79,3799985.0,
2017,12,,,PT Bank Perekonomian Rakyat Syariah Artha Pamenang,Kab. Kediri,Provinsi Jawa Timur,620147,32680744.0,21911782.0,0.0,3461149.0,0.0,0.0,0.0,0.0,,0.0,,1269618.0,2632743.0,24076310.0,394264.0,,205952.0,0.0,349372.0,0.0,,,5778158.0,7837745.0,4401423.0,29096.0,1282430.0,13.8,3.19,,4.81,,90.69,5441183.0,
2017,12,,,PT Bank Perekonomian Rakyat Syariah Bangun Drajat Warga,Kab. Bantul,Provinsi D.I. Yogyakarta,620018,119489556.0,44220591.0,0.0,254949.0,1200.0,163348.0,13612696.0,8638512.0,,0.0,,42695756.0,22387092.0,40789150.0,1393930.0,,41190.0,0.0,3526078.0,0.0,,,7451663.0,9166534.0,4724264.0,65377.0,2138270.0,13.23,9.8,,2.41,,62.39,51668806.0,
2017,12,,,PT Bank Perekonomian Rakyat Syariah Almabrur Babadan,Kab. Ponorogo,Provinsi Jawa Timur,620073,30856633.0,19839155.0,0.0,0.0,12448.0,0.0,0.0,0.0,,0.0,,4165.0,14327644.0,7341425.0,574663.0,,8890.0,0.0,1963225.0,0.0,,,3570855.0,4952264.0,2637316.0,24862.0,919217.0,35.94,6.98,,3.57,,65.68,9982846.0,
2017,12,,,PT Bank Perekonomian Rakyat Syariah Margirizki Bahagia,Kab. Bantul,Provinsi D.I. Yogyakarta,620017,60212939.0,24619626.0,0.0,0.0,0.0,0.0,118697.0,8980726.0,,0.0,,9040051.0,4014139.0,29443700.0,1226371.0,,25367.0,0.0,12045376.0,0.0,,,5241344.0,8321720.0,4104213.0,0.0,1131866.0,14.33,8.59,,2.88,,65.0,25848568.0,
2017,12,,,PT BPRS Bhakti Haji,Kab. Malang,Provinsi Jawa Timur,620048,,,,,,,,,,,,,,,,,,,,,,,,,,,,,,,,,,,
2017,12,,,PT Bank Pembiayaan Rakyat Syariah Jam Gadang Perseroda,Kota Bukittinggi,Provinsi Sumatera Barat,620185,,,,,,,,,,,,,,,,,,,,,,,,,,,,,,,,,,,
2017,12,,,PT BPRS Bumi Rinjani Probolinggo,Kab. Probolinggo,Provinsi Jawa Timur,620105,9639196.0,4116898.0,0.0,0.0,0.0,0.0,0.0,2767009.0,,0.0,,111154.0,2032475.0,1438000.0,575085.0,,3723.0,0.0,3638275.0,0.0,,,1185676.0,1913610.0,2202851.0,0.0,-926798.0,34.39,39.65,,-8.27,,73.29,2498382.0,
2017,12,,,PT Bank Perekonomian Rakyat Syariah Hijra Alami,Wil. Kota Jakarta Selatan,Provinsi DKI Jakarta,620138,21449063.0,12817598.0,0.0,1954552.0,0.0,0.0,0.0,1905875.0,,0.0,,1029328.0,409607.0,9796710.0,1177958.0,,71992.0,0.0,6136098.0,708315.0,,,2410064.0,4134859.0,2123043.0,0.0,162195.0,20.16,15.03,,0.93,,0.87,4903688.0,
2017,12,,,PT BPRS Mentari Pasaman Saiyo,Kab. Pasaman Barat,Provinsi Sumatera Barat,620059,,,,,,,,,,,,,,,,,,,,,,,,,,,,,,,,,,,
2017,12,,,PT Bank Perekonomian Rakyat Syariah Al Hijrah Thayibah,Kab. Malang,Provinsi Jawa Timur,620198,,,,,,,,,,,,,,,,,,,,,,,,,,,,,,,,,,,
2017,12,,,PT BPRS Gajahtongga KotoPiliang,Kota Sawahlunto,Provinsi Sumatera Barat,620162,20872585.0,17118667.0,0.0,0.0,0.0,0.0,0.0,85000.0,,0.0,,10092993.0,0.0,7065300.0,393262.0,,23562.0,0.0,1088758.0,0.0,,,2940912.0,3491858.0,2241079.0,0.0,664437.0,21.0,5.74,,3.35,,100.0,3734717.0,
2017,12,,,PT. BPRS Cilegon Mandiri,Kota Cilegon,Provinsi Banten,620080,103090084.0,48137242.0,1917640.0,4251655.0,477931.0,52077.0,0.0,14930710.0,,0.0,,6322192.0,13327244.0,13620000.0,2535901.0,,239440.0,0.0,1513025.0,0.0,,,13117378.0,14601602.0,10989578.0,148092.0,4493570.0,89.08,30.07,,5.79,,209.7,26572333.0,
2017,12,,,PT Bank Perekonomian Rakyat Syariah Daya Artha Mentari,Kab. Pasuruan,Provinsi Jawa Timur,620056,11767700.0,6895097.0,0.0,817104.0,0.0,0.0,1257498.0,0.0,,0.0,,1757143.0,5789105.0,1834200.0,316375.0,,7853.0,0.0,975408.0,0.0,,,1688003.0,1955514.0,2598906.0,0.0,-253534.0,16.07,35.57,,-2.12,,87.62,1657979.0,
2017,12,,,PT Bank Perekonomian Rakyat Syariah Berkah Dana Fadhlillah (Perseroda),Kab. Kampar,Provinsi Riau,620060,28653564.0,14733608.0,0.0,29803.0,281324.0,0.0,0.0,0.0,,0.0,,23282377.0,0.0,3359800.0,688234.0,,14327.0,0.0,120804.0,0.0,,,3251409.0,3523319.0,2833323.0,0.0,415170.0,10.88,7.77,,1.45,,50.18,13900708.0,
2017,12,,,PT BPRS Al Hidayah,Kab. Pasuruan,Provinsi Jawa Timur,620072,,,,,,,,,,,,,,,,,,,,,,,,,,,,,,,,,,,
2017,12,,,PT BPRS Sungai PuaSyariah,Kab. Agam,Provinsi Sumatera Barat,620186,,,,,,,,,,,,,,,,,,,,,,,,,,,,,,,,,,,
2017,12,,,PT Bank Perekonomian Rakyat Syariah Mitra Amal Mulia,Kab. Sleman,Provinsi D.I. Yogyakarta,620117,46871123.0,31779970.0,0.0,1288835.0,121698.0,1052816.0,44726.0,491040.0,,0.0,,2994669.0,2117986.0,24339042.0,214915.0,,107092.0,0.0,8317452.0,1722223.0,,,4472115.0,7441192.0,3105299.0,25457.0,1036624.0,17.83,4.74,,1.52,,93.4,6070537.0,
2017,12,,,PT Bank Perekonomian Rakyat Syariah Mitra Harmoni Yogyakarta,Kota Yogyakarta,Provinsi D.I. Yogyakarta,620149,46883491.0,34553199.0,0.0,154925.0,0.0,0.0,866400.0,0.0,,0.0,,2837752.0,5858924.0,21838900.0,325956.0,,176145.0,0.0,8911452.0,0.0,,,5027910.0,8107626.0,3891760.0,0.0,948268.0,21.7,5.36,,2.88,,91.47,10516397.0,
2017,12,,,PT. BPRS Al-Yaqin,Kab. Simalungun,Provinsi Sumatera Utara,620092,8054250.0,4786281.0,0.0,289189.0,2588.0,0.0,0.0,35000.0,,0.0,,1053016.0,738213.0,5049500.0,135331.0,,39574.0,0.0,667915.0,73100.0,,,1042062.0,1430183.0,1252021.0,0.0,-213444.0,8.0,9.01,,-2.65,,75.08,2623029.0,
2017,12,,,PT Bank Perekonomian Rakyat Syariah Madinah,Kab. Lamongan,Provinsi Jawa Timur,620139,19530911.0,10505002.0,0.0,0.0,0.0,0.0,0.0,3756950.0,,0.0,,492782.0,11438520.0,3979933.0,171664.0,,35782.0,0.0,611134.0,0.0,,,2775529.0,3236377.0,2167632.0,14394.0,572760.0,17.77,4.05,,4.36,,89.63,5005070.0,
2017,12,,,PT Bank Perekonomian Rakyat Syariah Surya Sejati,Kab. Takalar,Provinsi Sulawesi Selatan,620031,2773093.0,1923172.0,0.0,0.0,0.0,0.0,12000.0,0.0,,0.0,,0.0,599800.0,513300.0,86327.0,,3561.0,0.0,457218.0,93253.0,,,653713.0,700914.0,620194.0,0.0,65492.0,52.07,18.54,,2.53,,173.85,535754.0,
2017,12,,,PT Bank Perekonomian Rakyat Syariah Daarul Hayat,Kota Cimahi,Provinsi Jawa Barat,620035,8663518.0,3361470.0,0.0,664198.0,467783.0,4200.0,0.0,791600.0,,0.0,,359904.0,1545919.0,5799274.0,57058.0,,0.0,0.0,328187.0,100000.0,,,1080066.0,1424359.0,1222403.0,0.0,51176.0,10.0,4.68,,0.6,,68.65,2568411.0,
2017,12,,,PT Bank Perekonomian Rakyat Syariah Harta Insan Karimah Insan Cita,Kab. Bogor,Provinsi Jawa Barat,620069,40559377.0,26737942.0,0.0,1169182.0,685988.0,0.0,815333.0,1551693.0,,0.0,,6398546.0,2155443.0,10331881.0,395185.0,,669269.0,0.0,15930496.0,0.0,,,4266621.0,6131117.0,2931114.0,0.0,1131973.0,,,,,,,8710070.0,
2017,12,,,PT Bank Perekonomian Rakyat Syariah Riyal Irsyadi,Kota Bekasi,Provinsi Jawa Barat,620005,42194046.0,28972979.0,0.0,0.0,0.0,0.0,38150.0,170000.0,,0.0,,7050443.0,12969.0,24711800.0,1198932.0,,110492.0,0.0,1204325.0,0.0,,,4774444.0,8319206.0,4163064.0,0.0,810676.0,35.8,8.34,,2.35,,90.41,11209764.0,
2017,12,,,PT Bank Perekonomian Rakyat Syariah Al Ihsan,Kab. Bandung,Provinsi Jawa Barat,620044,11003153.0,6907270.0,0.0,1173342.0,62475.0,0.0,0.0,12063.0,,0.0,,3554648.0,0.0,3554000.0,288247.0,,25101.0,0.0,2322567.0,56508.0,,,1737712.0,2384850.0,1404500.0,0.0,347798.0,17.04,5.51,,3.16,,86.68,2752077.0,
2017,12,,,PT Bank Perekonomian Rakyat Syariah Albarokah,Kota Depok,Provinsi Jawa Barat,620053,14285906.0,7783351.0,0.0,0.0,177249.0,0.0,725000.0,0.0,,0.0,,49319.0,1406188.0,8138700.0,872792.0,,28250.0,0.0,1832101.0,0.0,,,2517523.0,4011046.0,1826936.0,0.0,662539.0,19.94,15.47,,3.89,,77.68,6054606.0,
2017,12,,,PT BANK PEREKONOMIAN RAKYAT SYARIAH NIAGA MADANI,Kota Makassar,Provinsi Sulawesi Selatan,620039,14738523.0,12440030.0,0.0,0.0,28730.0,0.0,0.0,0.0,,0.0,,0.0,2389745.0,3098540.0,314142.0,,227462.0,0.0,8009159.0,0.0,,,4138617.0,4648161.0,5309665.0,0.0,-1304641.0,9.1,42.19,,-8.4,,226.67,1051032.0,
2017,12,,,PT BPRS Mitra Amanah,Kota Palangkaraya,Provinsi Kalimantan Tengah,620170,13594158.0,6673230.0,0.0,196067.0,131250.0,0.0,205000.0,0.0,,0.0,,603346.0,1774373.0,3169910.0,309586.0,,249636.0,0.0,4082825.0,0.0,,,2217271.0,2778902.0,2496392.0,0.0,-305867.0,44.57,4.33,,-2.1,,74.09,5518401.0,
2017,12,,,PT Bank Perekonomian Rakyat Syariah Harta Insan Karimah Parahyangan,Kab. Bandung,Provinsi Jawa Barat,620054,1054287972.0,780791401.0,0.0,317662.0,1688137.0,0.0,2340000.0,9603258.0,,0.0,,102403367.0,4924231.0,359322750.0,15800000.0,,12532077.0,0.0,469731053.0,0.0,,,110331829.0,188792865.0,68881565.0,1000000.0,30450264.0,14.75,2.76,,4.6,,85.05,219390657.0,
2017,12,,,PT Bank Perekonomian Rakyat Syariah Al Washliyah,Kota Medan,Provinsi Sumatera Utara,620036,15878766.0,6806631.0,0.0,1412453.0,0.0,0.0,140144.0,0.0,,0.0,,402351.0,1570796.0,10258500.0,127243.0,,217710.0,0.0,1155653.0,0.0,,,1117750.0,2047371.0,1912423.0,0.0,613101.0,21.0,16.25,,4.43,,68.34,5447123.0,
2017,12,,,PT Bank Perekonomian Rakyat Syariah Lampung Barat (Perseroda),Kab. Lampung Barat,Provinsi Lampung,620175,21616342.0,4445149.0,0.0,12879187.0,0.0,0.0,0.0,0.0,,0.0,,615784.0,3487147.0,10250000.0,105411.0,,80451.0,0.0,18540.0,1498184.0,,,2594683.0,3731952.0,1539292.0,0.0,984128.0,50.0,0.0,,4.55,,121.0,3756950.0,
2017,12,,,PT Bank Perekonomian Rakyat Syariah Baiturridha Pusaka,Kota Bandung,Provinsi Jawa Barat,620011,87192447.0,13233728.0,0.0,49394762.0,0.0,0.0,400000.0,200000.0,,0.0,,9869920.0,5918199.0,33039729.0,840428.0,,1122711.0,0.0,19551463.0,0.0,,,18313032.0,22736377.0,11033642.0,0.0,5587086.0,23.5,2.42,,8.44,,76.59,20722654.0,
2017,12,,,PT Bank Perekonomian Rakyat Syariah Gowata,Kab. Gowa,Provinsi Sulawesi Selatan,620065,3303275.0,990644.0,0.0,396479.0,13333.0,0.0,0.0,0.0,,0.0,,0.0,390091.0,460000.0,95486.0,,2757.0,0.0,1205960.0,0.0,,,555678.0,564224.0,459504.0,0.0,84393.0,52.5,17.72,,2.25,,250.0,1261507.0,
2017,12,,,PT Bank Perekonomian Rakyat Syariah Way Kanan (Perseroda),Kab. Lampung Selatan,Provinsi Lampung,620157,55020614.0,6115037.0,0.0,29721209.0,3110804.0,0.0,0.0,366333.0,,0.0,,9095905.0,3615782.0,3146300.0,1142389.0,,186334.0,0.0,27446170.0,0.0,,,8030131.0,11256500.0,3904929.0,0.0,4082608.0,22.41,4.31,,89.04,,74.71,15077171.0,
2017,12,,,PT Bank Perekonomian Rakyat Syariah Alsalaam Amal Salman,Kota Depok,Provinsi Jawa Barat,620101,263391004.0,178292525.0,0.0,3287525.0,374101.0,0.0,2988225.0,2439197.0,,0.0,,13762578.0,30241207.0,176297793.0,6569250.0,,746555.0,0.0,9110719.0,0.0,,,36134176.0,51811154.0,29929696.0,0.0,4433276.0,14.81,4.71,,2.42,,75.85,47423545.0,
2017,12,,,PT Bank Perekonomian Rakyat Syariah Alhijrah Amanah,Kota Depok,Provinsi Jawa Barat,620062,17230686.0,12033719.0,0.0,36377.0,115134.0,24478.0,30241.0,251000.0,,0.0,,3288769.0,16094.0,6179980.0,258948.0,,42275.0,0.0,5309480.0,0.0,,,2091383.0,3176303.0,1687818.0,0.0,328591.0,23.0,11.24,,2.21,,84.43,4151027.0,
2017,12,,,PT Bank Perekonomian Rakyat Syariah PNM Mentari,Kab. Garut,Provinsi Jawa Barat,620008,67435659.0,50987073.0,0.0,1654419.0,867913.0,0.0,0.0,3042151.0,,0.0,,2361932.0,8952452.0,22715188.0,505615.0,,66103.0,0.0,24234832.0,0.0,,,7513013.0,12252996.0,5048331.0,0.0,1967129.0,16.71,8.69,,4.34,,88.91,10162613.0,
2017,12,,,PT Bank Perekonomian Rakyat Syariah Rajasa Lampung Tengah (Perseroda),Kab. Lampung Tengah,Provinsi Lampung,620129,24778565.0,2332547.0,0.0,18338429.0,26500.0,0.0,0.0,0.0,,0.0,,3546173.0,185906.0,5015000.0,561185.0,,391487.0,0.0,9342574.0,0.0,,,4664012.0,5505037.0,3206588.0,0.0,1498972.0,26.15,4.15,,7.5,,148.0,4106900.0,
2017,12,,,PT BPRS Berkah Amal Salman,Kota Bandung,Provinsi Jawa Barat,620001,,,,,,,,,,,,,,,,,,,,,,,,,,,,,,,,,,,
2017,12,,,PT Bank Perekonomian Rakyat Syariah Indo Timur,Kota Makassar,Provinsi Sulawesi Selatan,620010,16338332.0,1101290.0,0.0,0.0,0.0,0.0,0.0,0.0,,0.0,,12077112.0,1479649.0,0.0,84653.0,,10625.0,0.0,196099.0,0.0,,,744796.0,786048.0,651077.0,0.0,88227.0,63.5,7.67,,0.19,,8.12,15309273.0,
2017,12,,,PT Bank Perekonomian Rakyat Syariah Dana Moneter,Kota Makassar,Provinsi Sulawesi Selatan,620030,78467935.0,62973484.0,0.0,0.0,0.0,0.0,0.0,0.0,,0.0,,13971295.0,4324634.0,11927100.0,2814935.0,,154099.0,0.0,32265087.0,0.0,,,7056169.0,11952803.0,6238336.0,0.0,586911.0,23.31,7.87,,1.03,,208.36,12976699.0,
2017,12,,,PT Bank Perekonomian Rakyat Syariah Fajar Sejahtera Bali,Kab. Badung,Provinsi Bali,620026,8916116.0,1972041.0,0.0,2240797.0,0.0,0.0,1229994.0,0.0,,0.0,,1262.0,2934716.0,2281000.0,427851.0,,68751.0,0.0,0.0,10000.0,,,1946127.0,2157661.0,2119251.0,0.0,-178310.0,0.0,9.83,,0.0,,0.0,3357791.0,
2017,12,,,PT Bank Perekonomian Rakyat Syariah Mitra Agro Usaha,Kota Bandar Lampung,Provinsi Lampung,620169,17922184.0,11341366.0,0.0,555169.0,0.0,0.0,0.0,0.0,,0.0,,2628203.0,17503.0,9514000.0,83845.0,,79838.0,0.0,908317.0,0.0,,,2931273.0,3693911.0,1969467.0,0.0,916299.0,56.51,0.0,,6.49,,94.34,5215482.0,
2017,12,,,PT. BPRS Gotong Royong,Kota Sukabumi,Provinsi Jawa Barat,620172,25378149.0,13716762.0,0.0,1415711.0,126326.0,0.0,0.0,5040491.0,,0.0,,1074062.0,1287248.0,6436801.0,976439.0,,595708.0,0.0,9819901.0,2551685.0,,,2185834.0,4240874.0,3533897.0,0.0,-1294129.0,20.0,21.75,,-61.19,,81.98,4873291.0,
2017,12,,,PT Bank Perekonomian Rakyat Syariah Patriot Bekasi Perseroda,Kota Bekasi,Provinsi Jawa Barat,620108,144003956.0,69891390.0,0.0,3880242.0,1405578.0,0.0,0.0,23496031.0,,0.0,,13533675.0,1086852.0,73970041.0,2752022.0,,228640.0,0.0,31814281.0,0.0,,,13971310.0,20672759.0,9858774.0,0.0,3759875.0,23.47,1.96,,2.61,,98.09,40773875.0,
2017,12,,,PT Bank Perekonomian Rakyat Syariah Bahari Berkesan,Kota Ternate,Provinsi Maluku Utara,620164,42830570.0,17442111.0,0.0,13805572.0,153159.0,0.0,531650.0,0.0,,0.0,,792544.0,13912044.0,1905350.0,315938.0,,38507.0,0.0,1012695.0,9239983.0,,,4410674.0,5098881.0,2529473.0,0.0,1961387.0,53.19,3.83,,3.42,,123.53,10060777.0,
2017,12,,,PT Bank Perekonomian Rakyat Syariah Aman Syariah,Kab. Lampung Timur,Provinsi Lampung,620173,16609188.0,6871350.0,0.0,2090970.0,0.0,0.0,391157.0,0.0,,0.0,,3525861.0,1049737.0,6194294.0,54590.0,,56899.0,0.0,2595237.0,0.0,,,1844524.0,2758498.0,1733794.0,0.0,77840.0,30.68,7.85,,0.62,,61.44,6644642.0,
2017,12,,,PT. BPRS Rif'atul Ummah,Kab. Bogor,Provinsi Jawa Barat,620068,7000195.0,4173602.0,213329.0,0.0,818465.0,329981.0,0.0,0.0,,0.0,,1370373.0,0.0,874000.0,232714.0,,81463.0,0.0,4015435.0,0.0,,,721589.0,1144787.0,1196724.0,0.0,-478961.0,13.0,15.76,,-12.0,,93.86,1385228.0,
2017,12,,,PT Bank Perekonomian Rakyat Syariah Metro Madani,Kota Metro,Provinsi Lampung,620091,80216491.0,32276774.0,0.0,395767.0,3425730.0,0.0,10158904.0,2426487.0,,0.0,,26913282.0,5296717.0,19197300.0,657846.0,,213729.0,0.0,15960798.0,1666664.0,,,10303314.0,14713646.0,7383503.0,0.0,2322994.0,20.04,4.34,,3.53,,64.0,28308208.0,
2017,12,,,PT Bank Perekonomian Rakyat Syariah Mitra Harmoni Kota Bandung,Kota Bogor,Provinsi Jawa Barat,620161,23388239.0,17058791.0,0.0,0.0,0.0,0.0,0.0,0.0,,0.0,,1648127.0,785863.0,3336000.0,170429.0,,80701.0,0.0,11019456.0,0.0,,,2928861.0,4184795.0,2550259.0,0.0,336519.0,37.96,16.8,,1.68,,101.95,5984234.0,
2017,12,,,PT Bank Perekonomian Rakyat Syariah Saruma Sejahtera Halmahera Selatan,Kab. Halmahera Selatan,Provinsi Maluku Utara,620182,,,,,,,,,,,,,,,,,,,,,,,,,,,,,,,,,,,
2017,12,,,PT. BANK PEREKONOMIAN RAKYAT SYARIAH DINAR ASHRI,Kota Mataram,Provinsi Nusa Tenggara Barat,620104,310700036.0,219143240.0,0.0,200000.0,5795931.0,0.0,2570000.0,9683294.0,,0.0,,9259542.0,72179414.0,91205413.0,2261248.0,,4548523.0,0.0,100878377.0,0.0,,,27545260.0,45330789.0,12919411.0,352099.0,10256223.0,14.0,2.72,,4.06,,88.98,65463831.0,
2017,12,,,PT Bank Perekonomian Rakyat Syariah Amanah Ummah,Kab. Bogor,Provinsi Jawa Barat,620004,242034203.0,143007358.0,10500406.0,140322.0,2632182.0,1991965.0,0.0,7558333.0,,0.0,,134028326.0,2472063.0,72857636.0,2516471.0,,1909074.0,0.0,5286032.0,0.0,,,24582392.0,32307339.0,17193354.0,539000.0,5642417.0,16.01,3.31,,3.4,,77.0,63947775.0,
2017,12,,,PT BANK PEREKONOMIAN RAKYAT ARTHA MADANI,Kota Bekasi,Provinsi Jawa Barat,620088,191014340.0,110974048.0,0.0,622112.0,330347.0,0.0,0.0,13676600.0,,0.0,,19120530.0,501411.0,78019808.0,3629508.0,,1299305.0,0.0,81903512.0,0.0,,,13661033.0,31928818.0,13616948.0,10000.0,34085.0,10.0,9.69,,2.38,,288.1,44429284.0,
2017,12,,,PT Bank Perekonomian Rakyat Syariah Amanah Insani,Kab. Bekasi,Provinsi Jawa Barat,620066,87680493.0,41999532.0,0.0,0.0,1744855.0,0.0,22530169.0,138500.0,,0.0,,37687912.0,0.0,35554769.0,1314439.0,,618420.0,0.0,279565.0,0.0,,,10619876.0,13734243.0,9041554.0,270393.0,1004729.0,21.0,16.27,,1.47,,90.68,21093915.0,
2017,12,,,PT Bank Perekonomian Rakyat Syariah Bangka Belitung,Kota Pangkal Pinang,Provinsi Kep. Bangka Belitung,620076,600958074.0,306089311.0,0.0,5869521.0,932011.0,0.0,0.0,59461468.0,,0.0,,6884428.0,196922775.0,314178730.0,6377820.0,,1486420.0,0.0,10578556.0,10000000.0,,,46932906.0,80420258.0,37696124.0,0.0,9535445.0,17.37,16.48,,1.63,,64.31,196733793.0,
2017,12,,,PT Bank Perekonomian Rakyat Syariah Hasanah,Kota Pekanbaru,Provinsi Riau,620041,13256860.0,8644033.0,0.0,29600.0,0.0,0.0,0.0,111934.0,,0.0,,235567.0,3160621.0,6573110.0,197486.0,,17824.0,0.0,2209870.0,0.0,,,1512149.0,2305519.0,1478445.0,0.0,50945.0,11.21,8.25,,0.38,,67.3,4348610.0,
2017,12,,,PT BPRS SHADIQ AMANAH,Kota Cimahi,Provinsi Jawa Barat,620019,,,,,,,,,,,,,,,,,,,,,,,,,,,,,,,,,,,
2017,12,,,PT Bank Perekonomian Rakyat Syariah Lampung Timur (Perseroda),Kab. Lampung Timur,Provinsi Lampung,620140,37366907.0,4480441.0,0.0,28030650.0,0.0,0.0,0.0,209398.0,,0.0,,4722101.0,183276.0,2071000.0,981382.0,,133074.0,0.0,18901939.0,0.0,,,5653149.0,7705422.0,3189956.0,0.0,2395916.0,31.65,3.53,,7.86,,91.66,4397021.0,
2017,12,,,PT. BPRS Muamalat Yotefa,Kab. Jayapura,Provinsi Papua,620067,,,,,,,,,,,,,,,,,,,,,,,,,,,,,,,,,,,
2017,12,,,PT Bank Perekonomian Rakyat Syariah Al Falah,Kab. Banyuasin,Provinsi Sumatera Selatan,620040,20245038.0,13222247.0,0.0,718495.0,0.0,0.0,0.0,0.0,,0.0,,167507.0,4634413.0,6747920.0,187579.0,,30950.0,0.0,4550399.0,0.0,,,3207785.0,4263943.0,1987912.0,0.0,1070097.0,26.83,4.99,,5.92,,71.75,5783881.0,
2017,12,,,PT Bank Perekonomian Rakyat Syariah Almadinah Tasikmalaya Perseroda,Kota Tasikmalaya,Provinsi Jawa Barat,620156,23662378.0,18773689.0,0.0,236931.0,4200.0,0.0,0.0,810000.0,,0.0,,3974386.0,2692889.0,6038298.0,220379.0,,8618.0,0.0,3901853.0,3000.0,,,3050701.0,4267243.0,2728652.0,0.0,288424.0,0.0,9.67,,0.0,,0.0,3589863.0,
2017,12,,,PT Bank Perekonomian Rakyat Syariah Bandar Lampung (Perseroda),Kota Bandar Lampung,Provinsi Lampung,620051,73854569.0,22249772.0,0.0,34740125.0,0.0,0.0,0.0,0.0,,0.0,,3638012.0,1183071.0,14751600.0,1425950.0,,310787.0,0.0,42555959.0,0.0,,,7660358.0,14137197.0,5409092.0,0.0,1485292.0,18.54,3.39,,2.64,,118.53,16817443.0,
2017,12,,,PT Bank Perekonomian Rakyat Syariah Tani Tulang Bawang Barat (Perseroda),Kab. Tulang Bawang Barat,Provinsi Lampung,620176,,,,,,,,,,,,,,,,,,,,,,,,,,,,,,,,,,,
2017,12,,,PT Bank Perekonomian Rakyat Syariah Botani Bina Rahmah,Kab. Bogor,Provinsi Jawa Barat,620061,17564104.0,12241182.0,0.0,14627.0,2543257.0,75415.0,1251028.0,315000.0,,0.0,,7019607.0,0.0,6618000.0,1972819.0,,369896.0,0.0,1300290.0,0.0,,,1530187.0,2441741.0,2766387.0,0.0,-1251389.0,22.11,35.57,,-6.3,,124.59,2238394.0,
2017,12,,,PT Bank Perekonomian Rakyat Syariah Harum Hikmahnugraha,Kab. Garut,Provinsi Jawa Barat,620029,67730720.0,42949915.0,0.0,229480.0,689445.0,0.0,0.0,0.0,,0.0,,16801265.0,321089.0,32277240.0,1408901.0,,103457.0,0.0,9232571.0,0.0,,,7386882.0,11837937.0,5223665.0,0.0,1741966.0,18.01,24.27,,3.21,,66.6,23848473.0,
2017,12,,,PT. BPRS Gotong Royong,Kab. Subang,Provinsi Jawa Barat,620172,25378149.0,13716762.0,0.0,1415711.0,126326.0,0.0,0.0,5040491.0,,0.0,,1074062.0,1287248.0,6436801.0,976439.0,,595708.0,0.0,9819901.0,2551685.0,,,2185834.0,4240874.0,3533897.0,0.0,-1294129.0,20.0,21.75,,-61.19,,81.98,4873291.0,
2017,12,,,PT Bank Perekonomian Rakyat Syariah Alwadiah,Kota Tasikmalaya,Provinsi Jawa Barat,620037,46079586.0,33375963.0,0.0,0.0,0.0,0.0,23862.0,1000000.0,,0.0,,341058.0,5566837.0,21109561.0,680618.0,,503716.0,0.0,12047858.0,0.0,,,5057406.0,7474148.0,3419980.0,0.0,1304617.0,44.89,3.87,,3.41,,106.34,9477509.0,
2017,12,,,PT Bank Perekonomian Rakyat Syariah Investama Mega Bakti,Kota Makassar,Provinsi Sulawesi Selatan,620077,47614228.0,28416052.0,0.0,0.0,743333.0,0.0,4912757.0,8886471.0,,0.0,,48525.0,1697890.0,559400.0,331977.0,,4663.0,0.0,26197.0,42108390.0,,,2160566.0,7520460.0,3137192.0,0.0,-986799.0,9.96,9.85,,-2.07,,100.0,3337009.0,
2017,12,,,PT Bank Perekonomian Rakyat Syariah Amanah Insan Cita,Kab. Deli Serdang,Provinsi Sumatera Utara,620145,,,,,,,,,,,,,,,,,,,,,,,,,,,,,,,,,,,
2017,12,,,PT Bank Perekonomian Rakyat Syariah Amanah Sejahtera,Kab. Gresik,Provinsi Jawa Timur,620050,87750086.0,41803901.0,0.0,3737328.0,2224938.0,0.0,2851969.0,15211158.0,,0.0,,19676976.0,38218964.0,15954400.0,1152861.0,,142780.0,0.0,3439325.0,0.0,,,13768969.0,15375349.0,13727572.0,0.0,16501.0,0.0,22.72,,0.0,,0.0,14406561.0,
2017,12,,,PT Bank Perekonomian Rakyat Syariah Puduarta Insani,Kab. Deli Serdang,Provinsi Sumatera Utara,620058,57143642.0,42083176.0,0.0,65991.0,0.0,11100.0,0.0,0.0,,0.0,,14497984.0,0.0,29341092.0,430586.0,,226317.0,0.0,6766748.0,833316.0,,,4428271.0,7896099.0,3442267.0,0.0,797558.0,16.02,1.48,,1.82,,80.73,14544119.0,
2017,12,,,PT. BPRS Artha Mas Abadi,Kab. Pati,Provinsi Jawa Tengah,620100,27734625.0,14909563.0,0.0,155032.0,57050.0,0.0,0.0,5606149.0,,0.0,,9485206.0,891345.0,9543600.0,468239.0,,24634.0,0.0,4796906.0,0.0,,,4048282.0,5336310.0,3374106.0,16378.0,550878.0,14.05,9.84,,2.44,,76.96,6773167.0,
2017,12,,,PT Bank Perekonomian Rakyat Syariah Arsa Sejahtera,Kota Batu,Provinsi Jawa Timur,620079,15664725.0,9123841.0,0.0,0.0,0.0,0.0,0.0,1209309.0,,0.0,,0.0,2948509.0,4896916.0,987497.0,,26088.0,0.0,5189835.0,0.0,,,2563465.0,4095999.0,2439182.0,0.0,114204.0,24.46,39.48,,0.73,,131.71,4788817.0,
2017,12,,,PT Bank Perekonomian Rakyat Syariah Serambi Mekah,Kota Langsa,Provinsi NAD,620152,8440939.0,5865800.0,0.0,0.0,0.0,0.0,0.0,0.0,,0.0,,832172.0,0.0,1967750.0,59181.0,,507369.0,0.0,4148270.0,0.0,,,1090152.0,1541228.0,859642.0,0.0,226916.0,16.15,3.27,,1.58,,153.38,2183184.0,
2017,12,,,PT BPRS Saka Dana Mulia,Kab. Kudus,Provinsi Jawa Tengah,620167,16674908.0,4748901.0,0.0,52949.0,15300.0,0.0,0.0,6312444.0,,0.0,,2348148.0,0.0,10758600.0,187786.0,,41113.0,0.0,1312808.0,0.0,,,2325983.0,3559112.0,2039142.0,0.0,248691.0,20.84,6.07,,1.95,,78.09,5451299.0,
2017,12,,,PT Bank Perekonomian Rakyat Syariah Bina Amanah Satria,Kab. Banyumas,Provinsi Jawa Tengah,620087,48515750.0,28764529.0,0.0,709713.0,827629.0,40417.0,0.0,2894679.0,,0.0,,14300968.0,4655682.0,13253294.0,624351.0,,142394.0,0.0,9754605.0,0.0,,,5014956.0,6755383.0,4255835.0,0.0,977813.0,18.0,7.0,,2.02,,1.03,12379498.0,
2017,12,,,PT Bank Perekonomian Rakyat Syariah Adeco,Kota Langsa,Provinsi NAD,620141,33405879.0,21893813.0,0.0,0.0,0.0,0.0,480500.0,0.0,,0.0,,1019257.0,2192560.0,8466500.0,258953.0,,13020.0,0.0,13064651.0,749982.0,,,3409409.0,5442765.0,2184709.0,0.0,1295117.0,30.69,3.64,,4.19,,74.7,10125188.0,
2017,12,,,PT Bank Perekonomian Rakyat Syariah Hikmah Khazanah,Kota Surakarta/Solo,Provinsi Jawa Tengah,620171,76253061.0,57847929.0,0.0,1377003.0,0.0,0.0,0.0,1000000.0,,0.0,,7731655.0,1515893.0,40831140.0,674749.0,,759502.0,0.0,12825021.0,0.0,,,9897042.0,15153444.0,5511962.0,0.0,3432960.0,26.28,1.37,,6.79,,98.09,14630958.0,
2017,12,,,PT Bank Perekonomian Rakyat Syariah Harta Insan Karimah Jawa Tengah,Kab. Banyumas,Provinsi Jawa Tengah,620089,,,,,,,,,,,,,,,,,,,,,,,1563950.0,2374625.0,1487283.0,4594.0,44691.0,,,,,,,,
2017,12,,,PT Bank Perekonomian Rakyat Syariah Central Syariah Utama,Kota Surakarta/Solo,Provinsi Jawa Tengah,620137,25448756.0,13228803.0,0.0,2642013.0,343333.0,1877611.0,0.0,286771.0,,0.0,,1909748.0,197327.0,9085000.0,248260.0,,221119.0,0.0,12191292.0,0.0,,,1643339.0,3292529.0,2321715.0,0.0,22001.0,9.56,9.85,,0.09,,85.12,3885062.0,
2017,12,,,PT Bank Perekonomian Rakyat Syariah Karya Mugi Sentosa,Kota Surabaya,Provinsi Jawa Timur,620113,46630130.0,26536576.0,0.0,1759460.0,8548943.0,0.0,244798.0,44500.0,,0.0,,22423465.0,3486191.0,9362800.0,2786163.0,,169939.0,0.0,2611496.0,2500000.0,,,6204544.0,7194754.0,9495573.0,0.0,-2419205.0,18.31,13.97,,-5.11,,98.31,10197200.0,
2017,12,,,PT. BPRS Asad Alif,Kab. Kendal,Provinsi Jawa Tengah,620070,22055927.0,14484675.0,0.0,0.0,0.0,0.0,0.0,2745627.0,,0.0,,533026.0,8581557.0,4851300.0,256323.0,,4592.0,0.0,5233816.0,0.0,,,2933953.0,3849893.0,2574472.0,12800.0,222952.0,15.69,8.17,,1.46,,80.0,3722216.0,
2017,12,,,PT BPRS Bumi Rinjani,Kota Batu,Provinsi Jawa Timur,620109,,,,,,,,,,,,,,,,,,,,,,,,,,,,,,,,,,,
2017,12,,,PT Bank Perekonomian Rakyat Syariah Amanah Bangsa,Kab. Simalungun,Provinsi Sumatera Utara,620032,38890586.0,31631305.0,0.0,0.0,0.0,0.0,591953.0,0.0,,0.0,,6812772.0,0.0,10579700.0,222920.0,,201461.0,0.0,18710169.0,0.0,,,4837516.0,7202428.0,3819351.0,0.0,841151.0,11.87,0.52,,14.15,,84.99,5669689.0,
2017,12,,,PT Bank Perekonomian Rakyat Syariah Dana Hidayatullah,Kota Yogyakarta,Provinsi D.I. Yogyakarta,620107,26698710.0,9549969.0,0.0,550884.0,31898.0,0.0,339033.0,7899708.0,,0.0,,987267.0,4348411.0,10360500.0,150496.0,,17760.0,0.0,3592269.0,0.0,,,3170008.0,4393749.0,1978336.0,0.0,1157528.0,38.61,12.05,,4.8,,74.04,7564571.0,
2017,12,,,PT Bank Perekonomian Rakyat Syariah Mitra Mentari Sejahtera,Kab. Ponorogo,Provinsi Jawa Timur,620180,13410291.0,7401373.0,0.0,6543.0,0.0,0.0,0.0,0.0,,0.0,,4572631.0,0.0,2983000.0,61920.0,,1353.0,0.0,42280.0,0.0,,,1132657.0,1209608.0,1197392.0,0.0,-61326.0,79.98,0.0,,0.0,,98.04,5253594.0,
2017,12,,,PT Bank Perekonomian Rakyat Syariah Unawi Barokah,Kab. Sidoarjo,Provinsi Jawa Timur,620155,3014777.0,1011451.0,0.0,0.0,0.0,0.0,0.0,0.0,,0.0,,100084.0,1197241.0,443811.0,21544.0,,8132.0,0.0,1142737.0,0.0,,,441969.0,583537.0,659996.0,0.0,-223976.0,10.15,13.38,,-6.89,,58.09,1936445.0,
2017,12,,,PT Bank Perekonomian Rakyat Syariah Gebu Prima,Kota Medan,Provinsi Sumatera Utara,620055,10800042.0,6060670.0,0.0,215273.0,0.0,0.0,820000.0,0.0,,0.0,,0.0,4652957.0,4276000.0,267417.0,,5228.0,0.0,1078157.0,0.0,,,1629034.0,2102350.0,1427110.0,0.0,200867.0,10.15,16.21,,-0.76,,72.45,2399685.0,
2017,12,,,PT Bank Perekonomian Rakyat Syariah Baiturridha Pusaka,Kota Bogor,Provinsi Jawa Barat,620011,87192447.0,13233728.0,0.0,49394762.0,0.0,0.0,400000.0,200000.0,,0.0,,9869920.0,5918199.0,33039729.0,840428.0,,1122711.0,0.0,19551463.0,0.0,,,18313032.0,22736377.0,11033642.0,0.0,5587086.0,23.5,2.42,,8.44,,76.59,20722654.0,
2017,12,,,PT Bank Perekonomian Rakyat Syariah Mandiri Mitra Sukses,Kab. Gresik,Provinsi Jawa Timur,620126,59971513.0,35161976.0,0.0,0.0,6615820.0,0.0,0.0,9318837.0,,0.0,,11677892.0,9644959.0,30662793.0,330538.0,,512203.0,0.0,3641618.0,0.0,,,8590586.0,9965616.0,8297827.0,0.0,244965.0,14.12,4.41,,0.04,,86.12,5877651.0,
2017,12,,,PT Bank Perekonomian Rakyat Syariah Gala Mitra Abadi,Kab. Grobogan,Provinsi Jawa Tengah,620063,15362414.0,7215486.0,0.0,257748.0,277783.0,0.0,0.0,2451400.0,,0.0,,2981314.0,249685.0,8824113.0,194734.0,,53507.0,0.0,1419680.0,0.0,,,1989786.0,2797670.0,1749258.0,0.0,200643.0,18.22,5.16,,1.91,,67.55,5122357.0,
2017,12,,,PT Bank Perekonomian Rakyat Syariah Barokah Dana Sejahtera,Kota Yogyakarta,Provinsi D.I. Yogyakarta,620115,98392258.0,24862623.0,0.0,3370420.0,908618.0,0.0,68890.0,31468153.0,,0.0,,18853452.0,12281460.0,53128211.0,1349491.0,,247387.0,0.0,4953956.0,0.0,,,7120265.0,12286039.0,5660303.0,0.0,1469574.0,12.43,4.91,,1.97,,68.27,29590456.0,
2017,12,,,PT BANK PEREKONOMIAN RAKYAT SYARIAH MASYARAKAT LINTAU BUO,Kab. Agam,Provinsi Sumatera Barat,620196,,,,,,,,,,,,,,,,,,,,,,,,,,,,,,,,,,,
2017,12,,,PT Bank Perekonomian Rakyat Syariah Kotabumi (Perseroda),Kab. Lampung Selatan,Provinsi Lampung,620131,154626527.0,30844296.0,0.0,68770295.0,2002500.0,0.0,0.0,0.0,,0.0,,26030198.0,180876.0,36143463.0,1041802.0,,1127059.0,0.0,68820795.0,0.0,,,22102239.0,33998431.0,11416203.0,175000.0,7926533.0,29.0,1.62,,7.64,,72.25,49452928.0,
2017,12,,,PT Bank Perekonomian Rakyat Syariah Barkah Gemadana,Kab. Banjar,Provinsi Kalimantan Selatan,620013,39647008.0,16841808.0,0.0,29000.0,5705.0,0.0,0.0,845000.0,,0.0,,33124.0,18938489.0,11357500.0,1274721.0,,227235.0,0.0,348709.0,0.0,,,3492313.0,4808944.0,3078497.0,0.0,-508479.0,38.62,25.15,,-1.21,,58.43,17490116.0,
2017,12,,,PT BPRS Bogor Tegar Beriman,Kab. Bogor,Provinsi Jawa Barat,620177,29834320.0,17420636.0,0.0,1808632.0,0.0,0.0,0.0,0.0,,0.0,,228242.0,874250.0,8420000.0,191914.0,,23934.0,0.0,2064168.0,0.0,,,,,,,,,,,,,,8598901.0,
2017,12,,,PT Bank Perekonomian Rakyat Syariah Harta Insan Karimah Cibitung,Kota Bekasi,Provinsi Jawa Barat,620020,283771729.0,119466545.0,0.0,88573600.0,243500.0,0.0,0.0,5590000.0,,0.0,,38451241.0,3659268.0,81058499.0,4655368.0,,3507315.0,0.0,122657915.0,0.0,,,41806451.0,62988260.0,22313622.0,500000.0,13544111.0,18.38,2.0,,7.76,,98.92,70533122.0,
2017,12,,,PT. BANK PEREKONOMIAN RAKYAT SYARIAH PNM PATUH BERAMAL AMALI,Kota Mataram,Provinsi Nusa Tenggara Barat,620021,41340511.0,24275819.0,0.0,0.0,1231817.0,0.0,2297250.0,0.0,,0.0,,51060.0,5909045.0,14908700.0,464824.0,,263529.0,0.0,12387646.0,611100.0,,,3960915.0,6384227.0,2690133.0,31611.0,1024199.0,24.59,5.78,,3.59,,80.88,12815932.0,
2017,12,,,PT Bank Perekonomian Rakyat Syariah Syarikat Madani,Kota Batam,Provinsi Kep. Riau,620121,105755596.0,60361939.0,0.0,23249827.0,5114213.0,0.0,0.0,0.0,,0.0,,0.0,9191364.0,47687169.0,560500.0,,1927253.0,0.0,31104830.0,1777778.0,,,14619385.0,22470151.0,12782683.0,0.0,1410536.0,15.16,7.27,,12.1,,155.99,13809763.0,
2017,12,,,PT Bank Perekonomian Rakyat Syariah Muamalah Cilegon,Kota Cilegon,Provinsi Banten,620034,25983528.0,10486143.0,0.0,965439.0,519435.0,0.0,85235.0,217881.0,,0.0,,12888441.0,491350.0,7136800.0,980021.0,,98985.0,0.0,1161594.0,0.0,,,3226108.0,3759326.0,2562143.0,20126.0,509005.0,32.0,23.99,,2.1,,57.18,14247815.0,
2017,12,,,PT Bank Perekonomian Rakyat Syariah Gaido Indonesia,Kab. Cianjur,Provinsi Jawa Barat,620043,,,,,,,,,,,,,,,,,,,,,,,799862.0,799862.0,2358802.0,0.0,-1558940.0,13.0,72.15,,16.3,,109.0,,
2017,12,,,PT Bank Perekonomian Rakyat Syariah Tulen Amanah,Kab. Lombok Tengah,Provinsi Nusa Tenggara Barat,620009,39882905.0,25523114.0,0.0,0.0,0.0,0.0,0.0,0.0,,0.0,,0.0,9811609.0,22657500.0,1023351.0,,48123.0,0.0,84471.0,0.0,,,3655303.0,6615059.0,2600784.0,0.0,1525177.0,23.0,16.53,,4.25,,78.61,11590004.0,
2017,12,,,PT Bank Perekonomian Rakyat Syariah Khairan Inti Amanah,Kab. Parimo/Banggai,Provinsi Sulawesi Tengah,620188,,,,,,,,,,,,,,,,,,,,,,,,,,,,,,,,,,,
2017,12,,,PT Bank Perekonomian Rakyat Syariah Mitra Harmoni Kota Bandung,Kota Bandung,Provinsi Jawa Barat,620161,23388239.0,17058791.0,0.0,0.0,0.0,0.0,0.0,0.0,,0.0,,1648127.0,785863.0,3336000.0,170429.0,,80701.0,0.0,11019456.0,0.0,,,2928861.0,4184795.0,2550259.0,0.0,336519.0,37.96,16.8,,1.68,,101.95,5984234.0,
2017,12,,,PT Bank Perekonomian Rakyat Syariah Tanggamus (Perseroda),Kab. Tanggamus,Provinsi Lampung,620082,36342515.0,25537644.0,0.0,85000.0,0.0,0.0,0.0,0.0,,0.0,,751180.0,19105354.0,2041200.0,741632.0,,368845.0,0.0,2195690.0,0.0,,,5564775.0,7000093.0,3565721.0,0.0,1638320.0,66.0,2.62,,6.38,,76.95,10546290.0,
2017,12,,,PT Bank Perekonomian Rakyat Syariah Harta Insan Karimah Bekasi,Kota Bekasi,Provinsi Jawa Barat,620015,231327733.0,47984034.0,0.0,121174100.0,579970.0,0.0,0.0,22695355.0,,0.0,,22087795.0,579824.0,143538027.0,11216574.0,,497897.0,0.0,29708421.0,0.0,,,26700788.0,46928142.0,22860848.0,145200.0,2508078.0,17.98,24.7,,1.7,,96.8,36866447.0,
2017,12,,,PT Bank Perekonomian Rakyat Syariah Manfaatsyariah,Kab. Kutai Kartanegara,Provinsi Kalimantan Timur,620014,9390671.0,2821292.0,0.0,51667.0,0.0,0.0,3074.0,0.0,,0.0,,80857.0,5510823.0,1640000.0,69228.0,,17483.0,0.0,74840.0,0.0,,,849343.0,1052919.0,1635847.0,0.0,-797335.0,-1.0,4.53,,-8.49,,39.77,3712653.0,
2017,12,,,PT Bank Perekonomian Rakyat Syariah Harta Insan Karimah Fajar Nitro,Kota Makassar,Provinsi Sulawesi Selatan,620168,4791497.0,3408003.0,0.0,0.0,0.0,0.0,0.0,0.0,,0.0,,62154.0,904865.0,2670000.0,23414.0,,19204.0,0.0,210917.0,0.0,,,284410.0,419617.0,1004116.0,0.0,-704013.0,25.86,1.48,,-24.31,,93.7,1291994.0,
2017,12,,,PT Bank Perekonomian Rakyat Syariah Amanah Rabbaniah,Kab. Bandung,Provinsi Jawa Barat,620002,65732565.0,33448860.0,0.0,11396682.0,457103.0,0.0,0.0,683971.0,,0.0,,19768473.0,1639423.0,31991850.0,1125102.0,,488271.0,0.0,2075216.0,2706112.0,,,,,,,,12.89,4.88,,3.0,,74.34,17652696.0,
2017,12,,,PT Bank Perekonomian Rakyat Syariah Bobato Lestari,Kota Tidore Kepulauan,Provinsi Maluku Utara,620179,8352283.0,3298401.0,0.0,0.0,0.0,0.0,465721.0,0.0,,0.0,,0.0,1821539.0,2525000.0,18778.0,,5437.0,0.0,90728.0,0.0,,,839252.0,1019471.0,871025.0,0.0,-16124.0,96.22,0.0,,-2.32,,45.19,4427395.0,
2017,12,,,PT BPRS Berkah Amal Salman,Kota Bogor,Provinsi Jawa Barat,620001,,,,,,,,,,,,,,,,,,,,,,,,,,,,,,,,,,,
2017,12,,,PT Bank Perekonomian Rakyat Syariah Hasanah Mandiri,Kota Depok,Provinsi Jawa Barat,620006,45115429.0,41371625.0,0.0,0.0,22583.0,29900.0,285000.0,0.0,,0.0,,23681.0,2302344.0,37632860.0,857898.0,,88257.0,0.0,2414797.0,0.0,,,3798107.0,7963573.0,3386424.0,0.0,411683.0,13.68,4.66,,1.68,,99.41,3936983.0,
2017,12,,,PT Bank Perekonomian Rakyat Syariah Vitka Central,Kota Batam,Provinsi Kep. Riau,620134,55214244.0,44036601.0,0.0,892793.0,769195.0,0.0,0.0,0.0,,0.0,,926144.0,8485923.0,22771348.0,1879301.0,,229897.0,0.0,19005744.0,0.0,,,4406679.0,8353033.0,4874185.0,0.0,-476948.0,16.14,11.42,,-0.86,,86.1,10502852.0,
2017,12,,,PT Bank Perekonomian Rakyat Syariah Nurul Ikhwan,Kab. Polewali Mandar,Provinsi Sulawesi Barat,620045,565676.0,809505.0,0.0,0.0,30115.0,0.0,0.0,0.0,,0.0,,0.0,318285.0,0.0,585737.0,,4435.0,0.0,28788.0,0.0,,,99279.0,99279.0,180143.0,0.0,-89957.0,80.7,73.53,,-15.19,,263.8,286162.0,
2017,12,,,PT Bank Perekonomian Rakyat Syariah Almasoem,Kab. Bandung,Provinsi Jawa Barat,620027,,,,,,,,,,,,,,,,,,,,,,,,,,,,,,,,,,,
2018,12,,,PT Bank Pembiayaan Rakyat Syariah Jam Gadang Perseroda,Kota Bukittinggi,Provinsi Sumatera Barat,620185,,,,,,,,,,,,,,,,,,,,,,,,,,,,,,,,,,,
2018,12,,,PT Bank Perekonomian Rakyat Syariah Harta Insan Karimah Bekasi,Kota Bekasi,Provinsi Jawa Barat,620015,271726453.0,83449034.0,0.0,97488691.0,534362.0,0.0,10836920.0,22743504.0,,0.0,,29917714.0,713730.0,180854287.0,9935335.0,,269816.0,0.0,25004763.0,0.0,,,25890458.0,43029620.0,20822598.0,115000.0,4275986.0,15.4,20.22,,1.99,,101.69,48343556.0,
2018,12,,,PT Bank Perekonomian Rakyat Syariah Margirizki Bahagia,Kab. Bantul,Provinsi D.I. Yogyakarta,620017,56181806.0,25041586.0,0.0,0.0,0.0,0.0,199295.0,8012655.0,,0.0,,9224542.0,3068550.0,28298250.0,1462093.0,,16528.0,0.0,9503805.0,0.0,,,5540544.0,8875666.0,4924606.0,0.0,454122.0,17.52,8.76,,1.7,,68.0,22680668.0,
2018,12,,,PT Bank Perekonomian Rakyat Syariah Bangun Drajat Warga,Kab. Bantul,Provinsi D.I. Yogyakarta,620018,131200366.0,43242468.0,0.0,615544.0,0.0,656370.0,14313144.0,6347318.0,,0.0,,46915621.0,23838052.0,43086305.0,1383896.0,,49665.0,0.0,3596961.0,0.0,,,8479777.0,10410883.0,5473643.0,72910.0,2347912.0,17.81,9.28,,2.35,,56.28,65238639.0,
2018,12,,,PT BPRS Haji Miskin,Kab. Tanah Datar,Provinsi Sumatera Barat,620099,47352252.0,30210191.0,0.0,1745545.0,8333.0,773095.0,1245360.0,1465000.0,,0.0,,1798706.0,11998736.0,16839094.0,828405.0,,218129.0,0.0,9984155.0,291656.0,,,5064267.0,7538663.0,3711081.0,33669.0,1082200.0,17.52,4.54,,2.77,,86.33,12205735.0,
2018,12,,,PT Bank Perekonomian Rakyat Syariah Balerong Bunta,Kab. Tanah Datar,Provinsi Sumatera Barat,620197,,,,,,,,,,,,,,,,,,,,,,,,,,,,,,,,,,,
2018,12,,,PT Bank Perekonomian Rakyat Syariah Vitka Central,Kota Batam,Provinsi Kep. Riau,620134,51963466.0,42454979.0,0.0,1412131.0,765419.0,0.0,0.0,0.0,,0.0,,841166.0,8954914.0,23934643.0,1525867.0,,151334.0,0.0,14105702.0,0.0,,,4651454.0,8233793.0,4453993.0,0.0,180519.0,12.09,14.16,,0.35,,87.55,8508431.0,
2018,12,,,PT Bank Perekonomian Rakyat Syariah Riyal Irsyadi,Kota Bekasi,Provinsi Jawa Barat,620005,44487354.0,24725179.0,0.0,0.0,0.0,0.0,485650.0,4803423.0,,0.0,,9022832.0,14509.0,25488330.0,1330789.0,,71944.0,0.0,1061979.0,350625.0,,,4669123.0,7623755.0,4483170.0,0.0,133794.0,27.22,22.87,,1.39,,92.94,12382003.0,
2018,12,,,PT Bank Perekonomian Rakyat Syariah Unisia Insan Indonesia,Kota Yogyakarta,Provinsi D.I. Yogyakarta,620178,50342013.0,21532809.0,6598.0,379499.0,0.0,151014.0,6364301.0,2086918.0,,0.0,,3891266.0,6199014.0,28189163.0,248562.0,,119965.0,0.0,2424281.0,0.0,,,3603377.0,5617320.0,2688720.0,0.0,1055730.0,0.0,1.2,,0.0,,0.0,18977774.0,
2018,12,,,PT Bank Perekonomian Rakyat Syariah Manfaatsyariah,Kab. Kutai Kartanegara,Provinsi Kalimantan Timur,620014,9446286.0,1446783.0,0.0,29167.0,0.0,0.0,3074.0,0.0,,0.0,,45616.0,4650897.0,1540000.0,132275.0,,14011.0,0.0,74840.0,0.0,,,878167.0,1080369.0,1820401.0,0.0,-945746.0,55.0,15.08,,10.01,,23.72,5792299.0,
2018,12,,,PT. BPRS Al-Yaqin,Kab. Simalungun,Provinsi Sumatera Utara,620092,9423956.0,5997140.0,0.0,257838.0,1290.0,0.0,0.0,35000.0,,0.0,,784961.0,590337.0,6970200.0,134007.0,,29052.0,0.0,350091.0,0.0,,,1235119.0,1767159.0,1211456.0,0.0,20493.0,10.82,10.97,,0.22,,75.38,2576583.0,
2018,12,,,PT Bank Perekonomian Rakyat Syariah Lampung Timur (Perseroda),Kab. Lampung Timur,Provinsi Lampung,620140,45149450.0,3137850.0,0.0,37723637.0,0.0,0.0,0.0,107995.0,,0.0,,7226903.0,374504.0,4005000.0,1536699.0,,510620.0,0.0,20275562.0,0.0,,,8078735.0,11650090.0,3915424.0,0.0,3264940.0,27.23,6.16,,9.48,,101.67,4382815.0,
2018,12,,,PT Bank Perekonomian Rakyat Syariah Mitra Harmoni Kota Bandung,Kota Bandung,Provinsi Jawa Barat,620161,23301633.0,17441482.0,0.0,291013.0,0.0,0.0,0.0,0.0,,0.0,,1444925.0,1070560.0,7745956.0,240962.0,,178166.0,0.0,6620676.0,0.0,,,2874060.0,4197299.0,3118947.0,0.0,-276742.0,36.62,22.79,,-2.06,,76.76,5267776.0,
2018,12,,,PT Bank Perekonomian Rakyat Syariah Bangun Arta,Kab. Cilacap,Provinsi Jawa Tengah,620195,,,,,,,,,,,,,,,,,,,,,,,,,,,,,,,,,,,
2018,12,,,PT Bank Perekonomian Rakyat Syariah Bumi Artha Sampang,Kab. Cilacap,Provinsi Jawa Tengah,620112,42655034.0,19490956.0,0.0,41969.0,8750.0,0.0,10055000.0,2230000.0,,0.0,,9549632.0,2761026.0,22327650.0,468100.0,,153127.0,0.0,3166081.0,0.0,,,5140662.0,7264484.0,4042580.0,0.0,916593.0,17.41,6.64,,2.98,,91.88,10103941.0,
2018,12,,,PT Bank Perekonomian Rakyat Syariah Rahmania Dana Sejahtera,Kab. Aceh Jeumpa/Bireuen,Provinsi NAD,620148,19336841.0,12744424.0,0.0,0.0,0.0,0.0,0.0,370000.0,,0.0,,924767.0,700050.0,12193711.0,121480.0,,84078.0,0.0,2059612.0,0.0,,,1902142.0,3171016.0,1443865.0,8867.0,435863.0,24.0,4.63,,2.25,,82.91,5756658.0,
2018,12,,,PT Bank Perekonomian Rakyat Syariah Muamalah Cilegon,Kota Cilegon,Provinsi Banten,620034,33096554.0,13765604.0,0.0,1102088.0,302000.0,0.0,68305.0,2900923.0,,0.0,,16007710.0,1013963.0,9177200.0,631776.0,,75334.0,0.0,1946775.0,0.0,,,3783427.0,4427943.0,2965782.0,19691.0,669211.0,30.0,15.11,,2.46,,65.49,15195360.0,
2018,12,,,PT BPRS Kota Juang Perseroda,Kab. Aceh Jeumpa/Bireuen,Provinsi NAD,620144,9484925.0,7187707.0,0.0,0.0,0.0,0.0,0.0,0.0,,0.0,,116.0,2943548.0,715000.0,115337.0,,14076.0,0.0,3567189.0,0.0,,,1146176.0,1641123.0,1172834.0,0.0,-11538.0,32.0,13.48,,-0.12,,76.84,2169590.0,
2018,12,,,PT Bank Perekonomian Rakyat Syariah Buana Mitra Perwira,Kab. Purbalingga,Provinsi Jawa Tengah,620083,130740027.0,75456694.0,0.0,3411812.0,2415639.0,0.0,0.0,14843114.0,,0.0,,47276216.0,9559630.0,50497320.0,1459182.0,,535261.0,0.0,5716896.0,4999998.0,,,10794834.0,15439499.0,7772239.0,0.0,2606514.0,15.4,6.49,,3.0,,82.39,30684702.0,
2018,12,,,PT Bank Perekonomian Rakyat Syariah Hijra Alami,Wil. Kota Jakarta Selatan,Provinsi DKI Jakarta,620138,17258470.0,9439312.0,0.0,1448544.0,0.0,0.0,0.0,2777000.0,,0.0,,933184.0,336891.0,9496603.0,1422902.0,,101278.0,0.0,3459505.0,0.0,,,1692356.0,3262868.0,2072929.0,0.0,-366004.0,25.1,22.0,,-2.12,,0.85,4612781.0,
2018,12,,,PT Bank Perekonomian Rakyat Syariah Fadhilah Kota Bengkulu (Perseroda),Kota Bengkulu,Provinsi Bengkulu,620184,,,,,,,,,,,,,,,,,,,,,,,,,,,,,,,,,,,
2018,12,,,PT Bank Perekonomian Rakyat Syariah Syarikat Madani,Kota Batam,Provinsi Kep. Riau,620121,86934720.0,47876619.0,0.0,26078095.0,5056312.0,0.0,0.0,0.0,,0.0,,0.0,8324428.0,39230172.0,1675668.0,,1429158.0,0.0,25073246.0,0.0,,,12114241.0,19150892.0,11391118.0,0.0,515482.0,16.84,10.48,,4.68,,166.15,5923328.0,
2018,12,,,PT Bank Perekonomian Rakyat Syariah Al Falah,Kab. Banyuasin,Provinsi Sumatera Selatan,620040,21296334.0,14501134.0,0.0,766278.0,0.0,0.0,0.0,0.0,,0.0,,167263.0,4540927.0,6797700.0,246188.0,,17530.0,0.0,3955819.0,0.0,,,3350653.0,4453939.0,2077658.0,0.0,1125651.0,36.25,4.95,,5.74,,78.46,5645362.0,
2018,12,,,PT Bank Perekonomian Rakyat Syariah Harta Insan Karimah Cibitung,Kota Bekasi,Provinsi Jawa Barat,620020,364714927.0,145238897.0,0.0,130192021.0,76067.0,0.0,0.0,14985000.0,,0.0,,46932361.0,4317362.0,122565462.0,4528665.0,,8849476.0,0.0,137027641.0,0.0,,,54269010.0,79409160.0,29213633.0,690334.0,17623956.0,,,,,,,71498809.0,
2018,12,,,PT Bank Perekonomian Rakyat Syariah Mitra Harmoni Yogyakarta,Kota Yogyakarta,Provinsi D.I. Yogyakarta,620149,64055926.0,44415485.0,0.0,168061.0,0.0,535000.0,2378500.0,0.0,,0.0,,3148840.0,6739465.0,34909200.0,551548.0,,213878.0,0.0,10861415.0,0.0,,,6054571.0,10670397.0,4942790.0,0.0,922810.0,16.99,6.89,,2.01,,85.96,15712016.0,
2018,12,,,PT Bank Perekonomian Rakyat Syariah Sindanglaya Kotanopan,Kab. Mandailing Natal,Provinsi Sumatera Utara,620111,8947162.0,3476231.0,0.0,472619.0,0.0,0.0,0.0,1013106.0,,0.0,,2561408.0,0.0,2250500.0,58683.0,,6531.0,0.0,2639516.0,0.0,,,1227589.0,1540761.0,1019004.0,0.0,254250.0,24.0,6.78,,2.93,,86.04,3391824.0,
2018,12,,,PT Bank Perekonomian Rakyat Syariah Sleman (Perseroda),Kab. Sleman,Provinsi D.I. Yogyakarta,620193,,,,,,,,,,,,,,,,,,,,,,,,,,,,,,,,,,,
2018,12,,,PT Bank Perekonomian Rakyat Syariah Mitra Amal Mulia,Kab. Sleman,Provinsi D.I. Yogyakarta,620117,52020929.0,36953755.0,0.0,1263314.0,95900.0,1463906.0,258177.0,241040.0,,0.0,,3281041.0,1727631.0,25996100.0,791958.0,,23345.0,0.0,13120568.0,1055556.0,,,4572294.0,7754102.0,4209344.0,8283.0,224735.0,16.14,5.73,,0.72,,92.95,6834113.0,
2018,12,,,PT Bank Perekonomian Rakyat Syariah Kotabumi (Perseroda),Kab. Lampung Selatan,Provinsi Lampung,620131,182263353.0,29709316.0,0.0,82242861.0,1395000.0,0.0,0.0,0.0,,0.0,,28385325.0,286896.0,61850583.0,1270712.0,,849837.0,0.0,66344340.0,0.0,,,23614540.0,37874010.0,12858832.0,185000.0,7791941.0,19.37,1.86,,5.62,,88.57,63600045.0,
2018,12,,,PT Bank Perekonomian Rakyat Syariah Madina Mandiri Sejahtera,Kab. Bantul,Provinsi D.I. Yogyakarta,620118,73951251.0,44956318.0,0.0,2552311.0,0.0,0.0,3120332.0,7769844.0,,0.0,,5144094.0,1300969.0,46846500.0,601750.0,,963237.0,0.0,14018988.0,0.0,,,5732491.0,12168292.0,4632756.0,0.0,1016071.0,10.41,7.03,,1.37,,87.44,11549103.0,
2018,12,,,PT Bank Perekonomian Rakyat Syariah Berkah Dana Fadhlillah (Perseroda),Kab. Kampar,Provinsi Riau,620060,30403178.0,17102481.0,0.0,53427.0,276629.0,0.0,0.0,0.0,,0.0,,23486871.0,0.0,3931800.0,643665.0,,12188.0,0.0,160073.0,0.0,,,4023677.0,4218334.0,3129073.0,0.0,935991.0,12.96,6.18,,3.08,,56.67,13008265.0,
2018,12,,,PT Bank Perekonomian Rakyat Syariah Hasanah,Kota Pekanbaru,Provinsi Riau,620041,11804294.0,8009669.0,0.0,29600.0,0.0,0.0,0.0,822234.0,,0.0,,987493.0,2459861.0,5357415.0,222058.0,,55986.0,0.0,1843411.0,0.0,,,1388848.0,2009674.0,1336117.0,0.0,81316.0,11.43,14.03,,0.69,,76.63,2651109.0,
2018,12,,,PT. BPRS Cilegon Mandiri,Kota Cilegon,Provinsi Banten,620080,105350819.0,61345351.0,870655.0,6883389.0,313970.0,43020.0,0.0,16544678.0,,0.0,,5405583.0,14924556.0,17261500.0,1490481.0,,58940.0,0.0,2467150.0,0.0,,,11886199.0,13168149.0,10471904.0,34674.0,1119247.0,75.83,20.41,,1.35,,228.66,11012873.0,
2018,12,,,PT BPRS Mentari Pasaman Saiyo,Kab. Pasaman Barat,Provinsi Sumatera Barat,620059,,,,,,,,,,,,,,,,,,,,,,,,,,,,,,,,,,,
2018,12,,,PT BANK PEREKONOMIAN RAKYAT SYARIAH SIAK JAYA,Kab. Siak,Provinsi Riau,620189,,,,,,,,,,,,,,,,,,,,,,,,,,,,,,,,,,,
2018,12,,,PT Bank Perekonomian Rakyat Syariah Musyarakah Ummat Indonesia,Kota Tangerang,Provinsi Banten,620007,15115037.0,3839380.0,0.0,4978873.0,167645.0,0.0,69100.0,229330.0,,0.0,,975978.0,577916.0,7681917.0,206438.0,,20197.0,0.0,4500046.0,0.0,,,1301140.0,2163872.0,1257184.0,0.0,75912.0,16.0,8.78,,0.62,,67.72,5034664.0,
2018,12,,,PT BANK PEREKONOMIAN RAKYAT SYARIAH AL MAKMUR,Kota Payakumbuh,Provinsi Sumatera Barat,620132,52234854.0,28184394.0,0.0,472476.0,46400.0,0.0,0.0,6383315.0,,0.0,,19898581.0,1348609.0,22964040.0,303850.0,,145140.0,0.0,2122743.0,0.0,,,4842904.0,6865595.0,3900846.0,0.0,807033.0,18.02,2.25,,1.85,,79.36,14911993.0,
2018,12,,,PT Bank Perekonomian Rakyat Syariah Rizky Barokah,Kota Tangerang Selatan,Provinsi Banten,620199,,,,,,,,,,,,,,,,,,,,,,,,,,,,,,,,,,,
2018,12,,,PT BANK PEREKONOMIAN RAKYAT ARTHA MADANI,Kota Bekasi,Provinsi Jawa Barat,620088,164258009.0,95759689.0,0.0,1457390.0,226411.0,0.0,0.0,15220850.0,,0.0,,19209389.0,745515.0,56776200.0,3987784.0,,1581423.0,0.0,68915769.0,0.0,,,13882136.0,30721522.0,12395870.0,0.0,1500676.0,12.61,13.16,,1.07,,69.32,23149059.0,
2018,12,,,PT BPRS Barakah Nawaitul Ikhlas,Kota Solok,Provinsi Sumatera Barat,620123,8775432.0,4900112.0,0.0,563104.0,0.0,0.0,0.0,0.0,,0.0,,175996.0,5102102.0,2007800.0,65804.0,,8980.0,0.0,43900.0,0.0,,,1179615.0,1482529.0,1026174.0,4081.0,131473.0,24.03,4.01,,1.8,,62.67,2850823.0,
2018,12,,,PT Bank Perekonomian Rakyat Syariah Bangka Belitung,Kota Pangkal Pinang,Provinsi Kep. Bangka Belitung,620076,570843286.0,313560605.0,0.0,4540069.0,921837.0,0.0,0.0,57509756.0,,0.0,,7005230.0,202083401.0,280299210.0,7971914.0,,748292.0,0.0,9451364.0,8000000.0,,,47369427.0,73845143.0,39597454.0,0.0,7986842.0,18.34,20.85,,1.35,,67.91,162786254.0,
2018,12,,,PT BPRS Hidayah,Wil. Kota Jakarta Barat,Provinsi DKI Jakarta,620119,,,,,,,,,,,,,,,,,,,,,,,,,,,,,,,,,,,
2018,12,,,PT BPRS Gajahtongga KotoPiliang,Kota Sawahlunto,Provinsi Sumatera Barat,620162,26422029.0,20483156.0,0.0,0.0,0.0,0.0,100000.0,835207.0,,0.0,,12116927.0,0.0,10334000.0,550595.0,,52739.0,0.0,588964.0,0.0,,,3529416.0,4497081.0,2732296.0,0.0,727428.0,25.0,5.67,,3.0,,100.0,5203214.0,
2018,12,,,PT BPRS Harta Insan Karimah,Kota Tangerang,Provinsi Banten,620012,491528237.0,177502104.0,0.0,43707490.0,434513.0,0.0,15638326.0,158819752.0,,0.0,,17556005.0,63342281.0,339702892.0,10056310.0,,869566.0,0.0,8561861.0,0.0,,,37823267.0,71000914.0,33939598.0,83920.0,2454644.0,15.43,19.79,,0.69,,93.66,78140928.0,
2018,12,,,PT Bank Perekonomian Rakyat Syariah Patriot Bekasi Perseroda,Kota Bekasi,Provinsi Jawa Barat,620108,192580362.0,101542920.0,0.0,3869508.0,1872642.0,0.0,0.0,38326385.0,,0.0,,20415061.0,1373859.0,64264435.0,3411605.0,,2984984.0,0.0,39539280.0,23140129.0,,,23879618.0,33778156.0,16386003.0,0.0,4569337.0,25.16,1.78,,2.37,,113.28,41014773.0,
2018,12,,,PT Bank Pembiayaan Rakyat Syariah Gayo Perseroda,Kab. Aceh Tengah,Provinsi NAD,620120,33911504.0,24341058.0,0.0,0.0,0.0,0.0,0.0,0.0,,0.0,,5209.0,13047094.0,8716000.0,265869.0,,29262.0,0.0,56183.0,0.0,,,2914694.0,4495285.0,2489790.0,12672.0,450464.0,46.98,9.74,,1.58,,111.82,9086691.0,
2018,12,,,PT Bank Perekonomian Rakyat Syariah Baiturridha Pusaka,Kota Bogor,Provinsi Jawa Barat,620011,82879286.0,14844932.0,0.0,53982690.0,0.0,0.0,100000.0,546667.0,,0.0,,10696675.0,4702180.0,35191704.0,983536.0,,913290.0,0.0,15384469.0,0.0,,,16890358.0,20152787.0,12432898.0,108569.0,3217179.0,20.71,2.28,,5.02,,87.63,10011945.0,
2018,12,,,PT Bank Perekonomian Rakyat Syariah Khairan Inti Amanah,Kab. Parimo/Banggai,Provinsi Sulawesi Tengah,620188,,,,,,,,,,,,,,,,,,,,,,,,,,,,,,,,,,,
2018,12,,,PT Bank Perekonomian Rakyat Syariah Amanah Insan Cita,Kab. Deli Serdang,Provinsi Sumatera Utara,620145,,,,,,,,,,,,,,,,,,,,,,,,,,,,,,,,,,,
2018,12,,,PT. BPRS Artha Mas Abadi,Kab. Pati,Provinsi Jawa Tengah,620100,31386165.0,19006718.0,0.0,98465.0,68700.0,0.0,0.0,5170555.0,,0.0,,10927429.0,1046232.0,12809250.0,392913.0,,23500.0,0.0,2753815.0,0.0,,,4733602.0,5913049.0,3688653.0,25085.0,833005.0,15.14,8.35,,3.33,,80.29,6707060.0,
2018,12,,,PT Bank Perekonomian Rakyat Syariah Puduarta Insani,Kab. Deli Serdang,Provinsi Sumatera Utara,620058,54707813.0,36898875.0,0.0,15705.0,0.0,7500.0,0.0,0.0,,0.0,,11822214.0,0.0,34790884.0,367629.0,,76593.0,0.0,1980745.0,0.0,,,5302871.0,8524285.0,4585263.0,0.0,559192.0,20.1,2.14,,1.27,,70.5,17302578.0,
2018,12,,,PT Bank Perekonomian Rakyat Syariah Aman Syariah,Kab. Lampung Timur,Provinsi Lampung,620173,17077923.0,7998796.0,0.0,2805293.0,1500.0,0.0,736203.0,0.0,,0.0,,4034090.0,99572.0,5188745.0,59184.0,,55585.0,0.0,4181446.0,0.0,,,2090637.0,3004748.0,1724045.0,0.0,333083.0,30.18,9.99,,2.18,,91.06,4797176.0,
2018,12,,,PT Bank Perekonomian Rakyat Syariah Alwadiah,Kota Tasikmalaya,Provinsi Jawa Barat,620037,51961397.0,34370215.0,0.0,0.0,0.0,0.0,23862.0,1490000.0,,0.0,,1265370.0,9744495.0,16957621.0,680618.0,,117399.0,0.0,17886385.0,0.0,,,5111335.0,7798155.0,9978302.0,0.0,-5000829.0,64.9,6.29,,-9.49,,101.36,14289642.0,
2018,12,,,PT Bank Perekonomian Rakyat Syariah Serambi Mekah,Kota Langsa,Provinsi NAD,620152,10273971.0,7541545.0,0.0,0.0,0.0,0.0,0.0,0.0,,0.0,,573339.0,0.0,2793750.0,79386.0,,5425.0,0.0,5592428.0,0.0,,,1433583.0,2126219.0,1086252.0,0.0,323651.0,14.14,2.24,,3.15,,84.17,2292323.0,
2018,12,,,PT Bank Perekonomian Rakyat Syariah Bandar Lampung (Perseroda),Kota Bandar Lampung,Provinsi Lampung,620051,87252222.0,27036706.0,0.0,43055205.0,55000.0,0.0,0.0,0.0,,0.0,,8726660.0,1694050.0,17675100.0,1928110.0,,248602.0,0.0,45534585.0,0.0,,,9254349.0,16003555.0,6427237.0,0.0,2008929.0,17.98,3.27,,2.9,,93.78,14008960.0,
2018,12,,,PT BPRS Saka Dana Mulia,Kab. Kudus,Provinsi Jawa Tengah,620167,21709974.0,9488284.0,0.0,196597.0,185800.0,0.0,0.0,7130400.0,,0.0,,4327912.0,0.0,12448750.0,314172.0,,39042.0,0.0,2455994.0,0.0,,,3192251.0,4485416.0,2932402.0,0.0,224037.0,15.71,8.42,,1.33,,89.4,4430250.0,
2018,12,,,PT. BPRS Gotong Royong,Kota Sukabumi,Provinsi Jawa Barat,620172,16781926.0,10903002.0,0.0,895305.0,49426.0,0.0,0.0,4582763.0,,0.0,,679957.0,1354735.0,6159000.0,1325135.0,,93909.0,0.0,6279314.0,1411339.0,,,1893959.0,3749933.0,4806197.0,0.0,-2809072.0,5.1,48.76,,-16.74,,103.63,765170.0,
2018,12,,,PT Bank Perekonomian Rakyat Syariah Adeco,Kota Langsa,Provinsi NAD,620141,46420397.0,29786770.0,0.0,0.0,0.0,0.0,653000.0,0.0,,0.0,,1095458.0,1954527.0,16496000.0,380154.0,,120373.0,0.0,17232451.0,0.0,,,5139637.0,8103431.0,3104637.0,0.0,2012737.0,26.05,3.6,,4.13,,69.13,14736279.0,
2018,12,,,PT Bank Perekonomian Rakyat Syariah Bina Amanah Satria,Kab. Banyumas,Provinsi Jawa Tengah,620087,55729083.0,30938376.0,0.0,1031104.0,839920.0,30708.0,0.0,3083558.0,,0.0,,19278902.0,4434435.0,17890504.0,870413.0,,250257.0,0.0,6574212.0,0.0,,,5450178.0,7486364.0,4173846.0,0.0,1205702.0,19.0,9.5,,2.16,,86.0,17261793.0,
2018,12,,,PT Bank Perekonomian Rakyat Syariah Mitra Agro Usaha,Kota Bandar Lampung,Provinsi Lampung,620169,28235733.0,18375396.0,0.0,964926.0,0.0,0.0,0.0,0.0,,0.0,,3041329.0,22505.0,9494000.0,130850.0,,88491.0,0.0,9568004.0,0.0,,,4183996.0,5570040.0,2836460.0,0.0,1270081.0,28.13,3.38,,5.36,,89.91,7619929.0,
2018,12,,,PT Bank Perekonomian Rakyat Syariah Harta Insan Karimah Jawa Tengah,Kab. Banyumas,Provinsi Jawa Tengah,620089,14100117.0,2433318.0,0.0,958011.0,83670.0,0.0,395204.0,5446980.0,,0.0,,2918800.0,1116964.0,5738104.0,195579.0,,13558.0,0.0,3143095.0,0.0,,,1686478.0,2370211.0,1662461.0,501.0,85471.0,,,,,,,4268912.0,
2018,12,,,PT Bank Perekonomian Rakyat Syariah Rahmah Hijrah Agung,Kota Lhokseumawe,Provinsi NAD,620049,31284191.0,21931724.0,0.0,0.0,0.0,0.0,0.0,15000.0,,0.0,,2143791.0,5811060.0,18021100.0,242206.0,,56527.0,0.0,1421708.0,0.0,,,2935538.0,4829959.0,2794744.0,4861.0,165057.0,13.41,7.7,,0.58,,84.4,7008857.0,
2018,12,,,PT Bank Perekonomian Rakyat Syariah Mitra Harmoni Kota Bandung,Kota Bogor,Provinsi Jawa Barat,620161,23301633.0,17441482.0,0.0,291013.0,0.0,0.0,0.0,0.0,,0.0,,1444925.0,1070560.0,7745956.0,240962.0,,178166.0,0.0,6620676.0,0.0,,,2874060.0,4197299.0,3118947.0,0.0,-276742.0,36.62,22.79,,-2.06,,76.76,5267776.0,
2018,12,,,PT Bank Perekonomian Rakyat Syariah Taman Indah Darussalam,Kota Banda Aceh,Provinsi NAD,620158,3459667.0,572302.0,0.0,17000.0,0.0,0.0,0.0,0.0,,0.0,,643113.0,0.0,903000.0,30166.0,,4851.0,0.0,90207.0,0.0,,,367595.0,422631.0,653170.0,0.0,-289003.0,144.17,3.57,,-9.12,,38.12,2688600.0,
2018,12,,,PT Bank Perekonomian Rakyat Syariah Arta Leksana,Kab. Banyumas,Provinsi Jawa Tengah,620110,45247551.0,11595550.0,0.0,106766.0,2500.0,2000.0,8301.0,12954760.0,,0.0,,16675008.0,3906976.0,14447332.0,139728.0,,74538.0,0.0,4884720.0,0.0,,,4435864.0,6009284.0,3343098.0,0.0,957301.0,16.81,10.63,,3.07,,68.86,17573969.0,
2018,12,,,PT Bank Perekonomian Rakyat Syariah Arthaaceh Sejahtera,Kota Banda Aceh,Provinsi NAD,620192,,,,,,,,,,,,,,,,,,,,,,,,,,,,,,,,,,,
2018,12,,,PT Bank Perekonomian Rakyat Syariah Metro Madani,Kota Metro,Provinsi Lampung,620091,83245087.0,31847338.0,0.0,5327427.0,3746144.0,0.0,7799386.0,2683333.0,,0.0,,29612291.0,7092609.0,21575900.0,1204757.0,,80018.0,0.0,13981202.0,0.0,,,10132603.0,13567367.0,7380865.0,0.0,2149852.0,16.73,6.31,,3.47,,88.2,28148088.0,
2018,12,,,PT Bank Perekonomian Rakyat Syariah Gunung Slamet,Kab. Banyumas,Provinsi Jawa Tengah,620146,,,,,,,,,,,,,,,,,,,,,,,,,,,,,,,,,,,
2018,12,,,PT Bank Perekonomian Rakyat Syariah Al Washliyah,Kota Medan,Provinsi Sumatera Utara,620036,15611024.0,5517825.0,0.0,1314073.0,0.0,0.0,599108.0,0.0,,0.0,,656302.0,1907988.0,10545000.0,129759.0,,271075.0,0.0,578156.0,0.0,,,1031799.0,2069658.0,1637189.0,0.0,-621253.0,20.0,12.13,,-3.88,,56.68,6118208.0,
2018,12,,,PT Bank Perekonomian Rakyat Syariah Gala Mitra Abadi,Kab. Grobogan,Provinsi Jawa Tengah,620063,20570044.0,8622135.0,0.0,1243891.0,182668.0,0.0,0.0,2708500.0,,0.0,,2756621.0,2925931.0,11373152.0,189641.0,,79150.0,0.0,1562576.0,0.0,,,2113868.0,3436100.0,2027255.0,0.0,38499.0,15.23,6.51,,0.39,,62.65,7773838.0,
2018,12,,,PT Bank Perekonomian Rakyat Syariah Meru Nusantara Mandiri,Kab. Magelang,Provinsi Jawa Tengah,620143,13153240.0,5050970.0,0.0,772956.0,0.0,0.0,143500.0,45000.0,,0.0,,1037871.0,2562321.0,8197519.0,102451.0,,14594.0,0.0,628575.0,0.0,,,1085094.0,1824618.0,1062663.0,0.0,-129588.0,10.86,8.51,,0.87,,48.74,6740106.0,
2018,12,,,PT. BPRS Asad Alif,Kab. Kendal,Provinsi Jawa Tengah,620070,24999644.0,17085267.0,0.0,0.0,0.0,0.0,0.0,3031877.0,,0.0,,1370454.0,8541116.0,6033100.0,816285.0,,13282.0,0.0,6305693.0,0.0,,,3446563.0,4779822.0,3465647.0,16361.0,-165637.0,13.64,6.66,,-0.55,,91.9,4704448.0,
2018,12,,,PT Bank Perekonomian Rakyat Syariah Tani Tulang Bawang Barat (Perseroda),Kab. Tulang Bawang Barat,Provinsi Lampung,620176,,,,,,,,,,,,,,,,,,,,,,,,,,,,,,,,,,,
2018,12,,,PT Bank Perekonomian Rakyat Syariah Baiturridha Pusaka,Kota Bandung,Provinsi Jawa Barat,620011,82879286.0,14844932.0,0.0,53982690.0,0.0,0.0,100000.0,546667.0,,0.0,,10696675.0,4702180.0,35191704.0,983536.0,,913290.0,0.0,15384469.0,0.0,,,16890358.0,20152787.0,12432898.0,108569.0,3217179.0,20.71,2.28,,5.02,,87.63,10011945.0,
2018,12,,,PT Bank Perekonomian Rakyat Syariah Hikmah Wakilah,Kota Banda Aceh,Provinsi NAD,620046,91860441.0,42289021.0,0.0,780426.0,0.0,187832.0,2305009.0,9065210.0,,0.0,,1301808.0,14994254.0,60033647.0,516724.0,,0.0,0.0,2039530.0,4258302.0,,,7629332.0,12509835.0,5408977.0,0.0,1781082.0,13.82,2.13,,2.43,,71.57,35045584.0,
2018,12,,,PT Bank Perekonomian Rakyat Syariah Tengku Chiek Dipante,Kab. Pidie,Provinsi NAD,620025,8312779.0,4270203.0,0.0,0.0,0.0,0.0,105900.0,0.0,,0.0,,10457.0,2375197.0,2396000.0,95922.0,,15832.0,0.0,2218225.0,0.0,,,915912.0,1252289.0,845069.0,0.0,44554.0,18.0,28.31,,0.53,,91.51,3451368.0,
2018,12,,,PT Bank Perekonomian Rakyat Syariah Baiturrahman,Kab. Aceh Besar,Provinsi NAD,620024,44731057.0,25715044.0,0.0,0.0,0.0,0.0,0.0,0.0,,0.0,,0.0,24085974.0,11365500.0,358381.0,,36384.0,0.0,4998360.0,0.0,,,4055483.0,5680094.0,3554670.0,0.0,504263.0,18.43,9.97,,1.13,,64.96,18572751.0,
2018,12,,,PT BPRS Mitra Amanah,Kota Palangkaraya,Provinsi Kalimantan Tengah,620170,13345029.0,7694468.0,0.0,356454.0,87500.0,244500.0,67038.0,0.0,,0.0,,800277.0,1630248.0,2050360.0,654628.0,,67944.0,0.0,6406360.0,0.0,,,1891292.0,2677712.0,3153684.0,0.0,-1324228.0,30.0,9.79,,-12.07,,78.7,4888808.0,
2018,12,,,PT Bank Perekonomian Rakyat Syariah Almabrur Klaten,Kab. Klaten,Provinsi Jawa Tengah,620142,18606817.0,11806659.0,0.0,705231.0,0.0,26750.0,0.0,870000.0,,0.0,,492.0,6587228.0,8456280.0,279030.0,,24628.0,0.0,357294.0,0.0,,,2072552.0,3143818.0,1597690.0,11728.0,434339.0,24.0,12.57,,2.44,,74.06,5365845.0,
2018,12,,,PT. BPRS Gotong Royong,Kab. Subang,Provinsi Jawa Barat,620172,16781926.0,10903002.0,0.0,895305.0,49426.0,0.0,0.0,4582763.0,,0.0,,679957.0,1354735.0,6159000.0,1325135.0,,93909.0,0.0,6279314.0,1411339.0,,,1893959.0,3749933.0,4806197.0,0.0,-2809072.0,5.1,48.76,,-16.74,,103.63,765170.0,
2018,12,,,PT Bank Perekonomian Rakyat Syariah Ingin Jaya,Kab. Aceh Besar,Provinsi NAD,620203,,,,,,,,,,,,,,,,,,,,,,,,,,,,,,,,,,,
2018,12,,,PT Bank Perekonomian Rakyat Syariah Dharma Kuwera,Kab. Klaten,Provinsi Jawa Tengah,620159,36429293.0,28644613.0,0.0,586400.0,54727.0,0.0,1204572.0,750000.0,,0.0,,3370853.0,3253148.0,12131000.0,534727.0,,253342.0,0.0,12859585.0,0.0,,,3479213.0,4953968.0,2667476.0,0.0,750966.0,15.19,7.3,,2.16,,99.85,4663554.0,
2018,12,,,PT Bank Perekonomian Rakyat Syariah Gowata,Kab. Gowa,Provinsi Sulawesi Selatan,620065,3385804.0,1502609.0,0.0,83751.0,3333.0,0.0,0.0,0.0,,0.0,,0.0,424996.0,460000.0,96402.0,,3359.0,0.0,1114443.0,0.0,,,589146.0,614336.0,533131.0,0.0,38353.0,58.59,16.9,,124.0,,179.25,1220831.0,
2018,12,,,PT. BPRS Hareukat,Kab. Aceh Besar,Provinsi NAD,620003,3020932.0,5803262.0,0.0,0.0,0.0,0.0,257100.0,0.0,,0.0,,16956.0,3665591.0,2260750.0,4070072.0,,1386.0,0.0,1420160.0,0.0,,,65398.0,534897.0,5627634.0,0.0,-5562660.0,210.0,80.05,,-12.0,,251.93,71606.0,
2018,12,,,PT BPRS Berkah Amal Salman,Kota Bandung,Provinsi Jawa Barat,620001,,,,,,,,,,,,,,,,,,,,,,,,,,,,,,,,,,,
2018,12,,,PT Bank Perekonomian Rakyat Syariah Sukowati Sragen (Perseroda),Kab. Sragen,Provinsi Jawa Tengah,620124,196068566.0,113052841.0,0.0,23101542.0,1373679.0,0.0,476226.0,1461796.0,,0.0,,30902353.0,15004132.0,87222449.0,1702363.0,,3076623.0,0.0,38171106.0,1999952.0,,,18794926.0,31456050.0,13248269.0,0.0,4615754.0,12.73,6.31,,3.22,,90.7,52788131.0,
2018,12,,,PT Bank Perekonomian Rakyat Syariah Insan Madani,Kab. Sukoharjo,Provinsi Jawa Tengah,620154,46727301.0,12988635.0,0.0,0.0,0.0,0.0,500000.0,23392339.0,,0.0,,271838.0,2144845.0,27759621.0,240916.0,,352135.0,0.0,6417428.0,0.0,,,3971745.0,6751084.0,2237013.0,0.0,1689765.0,23.0,19.8,,3.74,,101.95,7770888.0,
2018,12,,,PT Bank Perekonomian Rakyat Syariah Maslahat Dana Syariah Nusantara,Kota Bengkulu,Provinsi Bengkulu,620181,18789095.0,16547469.0,0.0,1102289.0,0.0,0.0,0.0,0.0,,0.0,,1683672.0,0.0,11007500.0,1773443.0,,141819.0,0.0,112053.0,0.0,,,2777808.0,3519044.0,3640219.0,0.0,-895076.0,-49.26,27.69,,-4.76,,100.0,1924765.0,
2018,12,,,PT. BPRS Ikhsanul Amal,Kab. Kebumen,Provinsi Jawa Tengah,620047,17724462.0,8136394.0,0.0,92514.0,0.0,0.0,0.0,2598778.0,,0.0,,875954.0,7877221.0,6346300.0,392073.0,,17277.0,0.0,378959.0,0.0,,,1563320.0,2207841.0,1449574.0,0.0,115617.0,19.37,7.74,,0.86,,71.71,6342481.0,
2018,12,,,PT Bank Perekonomian Rakyat Syariah Suriyah,Kab. Cilacap,Provinsi Jawa Tengah,620086,180004279.0,108416592.0,5100.0,3534520.0,6916.0,319107.0,8095643.0,13683728.0,,0.0,,49666532.0,3037235.0,84544806.0,1460507.0,,1229287.0,0.0,22844145.0,0.0,,,15036028.0,24511851.0,10903460.0,0.0,3150900.0,13.55,5.6,,2.4,,84.1,36707677.0,
2018,12,,,PT Bank Perekonomian Rakyat Syariah Barkah Gemadana,Kab. Banjar,Provinsi Kalimantan Selatan,620013,41523486.0,15682565.0,0.0,304938.0,7801564.0,0.0,443993.0,679750.0,,0.0,,3727.0,20598814.0,9745000.0,1192857.0,,313173.0,0.0,856685.0,0.0,,,3791766.0,5344836.0,4044275.0,0.0,-235864.0,36.82,13.42,,-0.6,,80.5,12431749.0,
2018,12,,,PT Bank Perekonomian Rakyat Syariah Mustaqim Aceh Perseroda,Kota Banda Aceh,Provinsi NAD,620187,,,,,,,,,,,,,,,,,,,,,,,,,,,,,,,,,,,
2018,12,,,PT Bank Perekonomian Rakyat Syariah Artha Amanah Ummat,Kab. Semarang,Provinsi Jawa Tengah,620116,32287135.0,19104057.0,0.0,1418612.0,16104.0,0.0,8511.0,3190504.0,,0.0,,858705.0,6274192.0,14020600.0,493735.0,,25545.0,0.0,7878787.0,0.0,,,2748430.0,4685385.0,2117930.0,15408.0,566277.0,14.53,5.23,,2.1,,112.22,7765546.0,
2018,12,,,PT Bank Perekonomian Rakyat Syariah Amanah Bangsa,Kab. Simalungun,Provinsi Sumatera Utara,620032,50131096.0,40051315.0,0.0,0.0,0.0,0.0,638878.0,0.0,,0.0,,7809030.0,0.0,15590092.0,541862.0,,256076.0,0.0,22367320.0,0.0,,,7125187.0,10596713.0,5817887.0,0.0,1215928.0,14.11,2.35,,21.2,,83.31,7649376.0,
2018,12,,,PT Bank Perekonomian Rakyat Syariah Almadinah Tasikmalaya Perseroda,Kota Tasikmalaya,Provinsi Jawa Barat,620156,30440782.0,24889657.0,0.0,252097.0,27262.0,0.0,0.0,490000.0,,0.0,,4592489.0,5680280.0,10430750.0,498928.0,,17632.0,0.0,2474284.0,0.0,,,3244071.0,4287189.0,3006282.0,0.0,276090.0,32.0,7.91,,1.1,,116.0,4849434.0,
2018,12,,,PT Bank Perekonomian Rakyat Syariah Daarul Hayat,Kota Cimahi,Provinsi Jawa Barat,620035,10384876.0,6437725.0,0.0,501842.0,556424.0,0.0,0.0,786335.0,,0.0,,3116311.0,1592322.0,5007873.0,85351.0,,0.0,0.0,241689.0,85000.0,,,982107.0,1358755.0,1149322.0,0.0,-188553.0,7.0,4.46,,-1.67,,85.24,1355732.0,
2018,12,,,PT Bank Perekonomian Rakyat Syariah Arsa Sejahtera,Kota Batu,Provinsi Jawa Timur,620079,15026868.0,8756844.0,0.0,150000.0,0.0,0.0,0.0,842459.0,,0.0,,0.0,3068493.0,7347694.0,635041.0,,20628.0,0.0,2088647.0,0.0,,,2482860.0,3196924.0,2606519.0,0.0,-101970.0,23.77,35.75,,-0.56,,93.6,3898051.0,
2018,12,,,PT Bank Perekonomian Rakyat Syariah Gebu Prima,Kota Medan,Provinsi Sumatera Utara,620055,25051358.0,12313435.0,0.0,284902.0,0.0,0.0,1878000.0,0.0,,0.0,,0.0,4448802.0,13840000.0,143820.0,,23855.0,0.0,4875080.0,0.0,,,1353426.0,2488105.0,1476876.0,0.0,921.0,10.68,3.3,,0.13,,62.68,8044030.0,
2018,12,,,PT Bank Perekonomian Rakyat Syariah PNM Mentari,Kab. Garut,Provinsi Jawa Barat,620008,73856729.0,53375501.0,0.0,2453403.0,2151532.0,0.0,0.0,2849414.0,,0.0,,2807675.0,9561775.0,29034884.0,721265.0,,107193.0,0.0,22015022.0,0.0,,,8848098.0,14097480.0,6207150.0,0.0,2113473.0,18.88,9.86,,3.75,,88.44,12537794.0,
2018,12,,,PT BPRS Bina Finansia,Kota Semarang,Provinsi Jawa Tengah,620102,33219535.0,21445604.0,0.0,1479129.0,0.0,0.0,550000.0,0.0,,0.0,,0.0,8422459.0,16882761.0,319311.0,,373586.0,0.0,4061277.0,0.0,,,2686001.0,4846970.0,2385182.0,0.0,281588.0,0.0,8.85,,0.0,,0.0,8024872.0,
2018,12,,,PT. BPRS Safir,Kota Bengkulu,Provinsi Bengkulu,620090,,,,,,,,,,,,,,,,,,,,,,,,,,,,,,,,,,,
2018,12,,,PT Bank Perekonomian Rakyat Syariah Lantabur Tebuireng,Kab. Jombang,Provinsi Jawa Timur,620098,161342627.0,123210449.0,0.0,6318411.0,891770.0,0.0,79000.0,2500000.0,,0.0,,3457464.0,84181364.0,49517138.0,1340856.0,,24523.0,0.0,6765614.0,0.0,,,16702023.0,20721083.0,8182300.0,186453.0,6896524.0,11.33,5.41,,3.66,,94.62,27043370.0,
2018,12,,,PT Bank Perekonomian Rakyat Syariah Daya Artha Mentari,Kab. Pasuruan,Provinsi Jawa Timur,620056,13190274.0,7011828.0,0.0,1331053.0,101179.0,0.0,1807565.0,0.0,,0.0,,1403094.0,6486504.0,2441950.0,247940.0,,5241.0,0.0,1120199.0,0.0,,,1776808.0,2102726.0,1428888.0,8443.0,329294.0,14.77,14.55,,2.72,,90.48,1138364.0,
2018,12,,,PT Bank Perekonomian Rakyat Syariah Harta Insan Karimah Insan Cita,Kab. Bogor,Provinsi Jawa Barat,620069,74344540.0,51623836.0,0.0,4502766.0,551209.0,146499.0,1930485.0,2874735.0,,0.0,,9901109.0,2608776.0,19438205.0,559275.0,,392668.0,0.0,33661335.0,0.0,,,6232611.0,9837334.0,4152366.0,0.0,1735744.0,,,,,,,11824027.0,
2018,12,,,PT Bank Perekonomian Rakyat Syariah Tanmiya Artha,Kota Kediri,Provinsi Jawa Timur,620130,11528801.0,6818451.0,0.0,919344.0,0.0,9250.0,372500.0,0.0,,0.0,,922159.0,3450396.0,3496600.0,192912.0,,322440.0,0.0,1374348.0,0.0,,,1545080.0,1984048.0,1306824.0,5072.0,182983.0,98.07,4.97,,2.02,,87.77,3202068.0,
2018,12,,,PT BANK PEREKONOMIAN RAKYAT SYARIAH NIAGA MADANI,Kota Makassar,Provinsi Sulawesi Selatan,620039,15062050.0,11137472.0,0.0,0.0,53310.0,0.0,0.0,0.0,,0.0,,0.0,1966679.0,4142540.0,282253.0,,276669.0,0.0,7614084.0,0.0,,,4559670.0,5158323.0,4514629.0,0.0,48461.0,9.83,35.78,,0.31,,182.31,2795273.0,
2018,12,,,PT Bank Perekonomian Rakyat Syariah Fajar Sejahtera Bali,Kab. Badung,Provinsi Bali,620026,9471951.0,780645.0,0.0,2202029.0,0.0,0.0,729115.0,496000.0,,0.0,,33425.0,3900057.0,2079000.0,161810.0,,64975.0,0.0,0.0,10000.0,,,1341711.0,1622287.0,1558796.0,0.0,-235893.0,73.13,18.68,,-2.49,,69.98,5148471.0,
2018,12,,,PT Bank Perekonomian Rakyat Syariah Mitra Mentari Sejahtera,Kab. Ponorogo,Provinsi Jawa Timur,620180,17009108.0,8734904.0,0.0,5089.0,0.0,0.0,0.0,750000.0,,0.0,,5962092.0,0.0,4788500.0,81346.0,,2828.0,0.0,68836.0,0.0,,,1846697.0,2061366.0,1090310.0,11173.0,431737.0,64.12,3.66,,3.0,,88.27,7293826.0,
2018,12,,,PT Bank Perekonomian Rakyat Syariah Hikmah Bahari,Kota Tegal,Provinsi Jawa Tengah,620174,104781706.0,78799656.0,0.0,0.0,13333.0,0.0,833066.0,1868750.0,,0.0,,15100908.0,149714.0,27809000.0,765536.0,,2265017.0,0.0,42551081.0,0.0,,,16890204.0,23482764.0,7500951.0,235000.0,7065145.0,25.03,0.47,,9.96,,97.41,18644800.0,
2018,12,,,PT Bank Perekonomian Rakyat Syariah Tunas Artha Jaya Abadi,Kab. Kediri,Provinsi Jawa Timur,620200,,,,,,,,,,,,,,,,,,,,,,,,,,,,,,,,,,,
2018,12,,,PT Bank Perekonomian Rakyat Syariah Karya Mugi Sentosa,Kota Surabaya,Provinsi Jawa Timur,620113,53727045.0,38978978.0,0.0,2274060.0,3891940.0,0.0,244798.0,600000.0,,0.0,,21703118.0,4352373.0,11156900.0,1036407.0,,238802.0,0.0,2885573.0,2500000.0,,,10259437.0,11415251.0,7546098.0,0.0,2858898.0,21.59,5.98,,2.52,,111.59,6156560.0,
2018,12,,,PT Bank Perekonomian Rakyat Syariah Baktimakmur Indah,Kab. Sidoarjo,Provinsi Jawa Timur,620022,154534345.0,71203828.0,0.0,1678141.0,0.0,0.0,0.0,51700313.0,,0.0,,10382370.0,63845463.0,32843070.0,2009364.0,,577741.0,0.0,18856913.0,0.0,,,16613472.0,22046691.0,11890899.0,101400.0,3168090.0,86.11,9.9,,2.77,,106.1,20278254.0,
2018,12,,,PT Bank Perekonomian Rakyat Syariah Gaido Indonesia,Kab. Cianjur,Provinsi Jawa Barat,620043,,,,,,,,,,,,,,,,,,,,,,,891146.0,1368641.0,2976241.0,0.0,-2046761.0,,,,,,,,
2018,12,,,PT Bank Perekonomian Rakyat Syariah Mandiri Mitra Sukses,Kab. Gresik,Provinsi Jawa Timur,620126,85379281.0,40080298.0,0.0,0.0,11964832.0,0.0,0.0,17128275.0,,0.0,,3114934.0,22088670.0,35268505.0,572064.0,,575768.0,0.0,18876596.0,0.0,,,9597935.0,11216933.0,8870560.0,0.0,622761.0,15.16,5.9,,0.08,,81.59,14068567.0,
2018,12,,,PT Bank Perekonomian Rakyat Syariah Almasoem,Kab. Bandung,Provinsi Jawa Barat,620027,,,,,,,,,,,,,,,,,,,,,,,,,,,,,,,,,,,
2018,12,,,PT Bank Perekonomian Rakyat Syariah Harta Insan Karimah Fajar Nitro,Kota Makassar,Provinsi Sulawesi Selatan,620168,9495021.0,7209184.0,0.0,0.0,0.0,0.0,0.0,0.0,,0.0,,85211.0,1320942.0,816000.0,234331.0,,20467.0,0.0,5844640.0,0.0,,,1592216.0,2143506.0,1207917.0,0.0,483404.0,16.09,8.79,,5.77,,93.36,2462144.0,
2018,12,,,PT Bank Perekonomian Rakyat Syariah Sarana Prima Mandiri,Kab. Pamekasan,Provinsi Jawa Timur,620127,90570785.0,28252761.0,0.0,385472.0,9299263.0,20897095.0,16821399.0,2878938.0,,0.0,,19625611.0,352337.0,58892704.0,416220.0,,43256.0,0.0,5402494.0,0.0,,,8918919.0,12288243.0,7442477.0,0.0,1504888.0,11.83,1.22,,1.66,,99.57,8582151.0,
2018,12,,,PT Bank Perekonomian Rakyat Syariah Botani Bina Rahmah,Kab. Bogor,Provinsi Jawa Barat,620061,12314040.0,10534773.0,0.0,66459.0,1862865.0,69498.0,1260528.0,0.0,,0.0,,4621054.0,0.0,5288500.0,4128913.0,,306666.0,0.0,573286.0,0.0,,,1554682.0,1988880.0,3746498.0,0.0,-2218873.0,25.4,50.72,,-14.9,,115.89,2453620.0,
2018,12,,,PT Bank Perekonomian Rakyat Syariah Situbondo,Kab. Situbondo,Provinsi Jawa Timur,620081,17692129.0,9105306.0,0.0,316247.0,322867.0,77499.0,2950000.0,0.0,,0.0,,885175.0,2387350.0,313700.0,345816.0,,184435.0,0.0,6911254.0,0.0,,,2625832.0,3095443.0,2417272.0,0.0,102198.0,61.61,17.05,,0.75,,120.58,4068706.0,
2018,12,,,PT. BPRS Ummu,Kab. Pasuruan,Provinsi Jawa Timur,620074,11901681.0,4165527.0,0.0,0.0,0.0,0.0,0.0,300000.0,,0.0,,6770742.0,2717022.0,304000.0,60202.0,,4923.0,0.0,110420.0,0.0,,,1369043.0,1500994.0,2956967.0,0.0,-1259870.0,31.61,14.69,,-12.37,,37.89,6298362.0,
2018,12,,,PT. BANK PEREKONOMIAN RAKYAT SYARIAH PNM PATUH BERAMAL AMALI,Kota Mataram,Provinsi Nusa Tenggara Barat,620021,53369290.0,33802901.0,0.0,0.0,1018718.0,0.0,700000.0,0.0,,0.0,,54443.0,8864724.0,18187410.0,547018.0,,411290.0,0.0,16758805.0,0.0,,,6738473.0,10121081.0,3692554.0,75792.0,2230498.0,21.55,7.43,,5.68,,80.49,17311691.0,
2018,12,,,PT Bank Perekonomian Rakyat Syariah Bahari Berkesan,Kota Ternate,Provinsi Maluku Utara,620164,85571197.0,23571442.0,0.0,26548573.0,530164.0,0.0,511650.0,0.0,,0.0,,1254907.0,21246115.0,5420450.0,830097.0,,15454117.0,0.0,25607253.0,0.0,,,5953448.0,7175510.0,3473047.0,0.0,2548826.0,30.66,3.69,,34.64,,99.6,33644942.0,
2018,12,,,PT BPRS SHADIQ AMANAH,Kota Cimahi,Provinsi Jawa Barat,620019,,,,,,,,,,,,,,,,,,,,,,,,,,,,,,,,,,,
2018,12,,,PT BPRS Al Hidayah,Kab. Pasuruan,Provinsi Jawa Timur,620072,,,,,,,,,,,,,,,,,,,,,,,,,,,,,,,,,,,
2018,12,,,PT Bank Perekonomian Rakyat Syariah Harta Insan Karimah Parahyangan,Kab. Bandung,Provinsi Jawa Barat,620054,1218330705.0,923053524.0,0.0,948533.0,1995094.0,0.0,1230000.0,21305856.0,,0.0,,122483683.0,8703456.0,465355030.0,19150000.0,,11505077.0,0.0,478800516.0,0.0,,,136948431.0,229446054.0,86028728.0,1300000.0,36619703.0,15.88,2.62,,4.55,,88.49,212724542.0,
2018,12,,,PT. BPRS Mitra Harmoni Kota Semarang,Kota Semarang,Provinsi Jawa Tengah,620151,33964549.0,23353067.0,0.0,412976.0,0.0,0.0,2330000.0,0.0,,0.0,,1730674.0,3462728.0,9609400.0,508854.0,,91583.0,0.0,11925629.0,0.0,,,4152978.0,5920200.0,3349219.0,0.0,735173.0,26.63,7.65,,2.29,,78.39,7713232.0,
2018,12,,,PT. BANK PEREKONOMIAN RAKYAT SYARIAH DINAR ASHRI,Kota Mataram,Provinsi Nusa Tenggara Barat,620104,466565946.0,298967233.0,0.0,0.0,8503587.0,0.0,2120000.0,18348714.0,,0.0,,23664401.0,81801544.0,185570802.0,3000536.0,,6568752.0,0.0,111442312.0,8961063.0,,,47520802.0,76852890.0,18073793.0,698047.0,20112129.0,14.0,1.67,,5.1,,83.83,126272310.0,
2018,12,,,PT Bank Perekonomian Rakyat Syariah Indo Timur,Kota Makassar,Provinsi Sulawesi Selatan,620010,9843539.0,1219735.0,0.0,0.0,0.0,0.0,0.0,0.0,,0.0,,5772746.0,815929.0,0.0,112497.0,,10588.0,0.0,692148.0,0.0,,,631651.0,666133.0,621457.0,0.0,9094.0,92.09,11.13,,0.19,,18.51,8727659.0,
2018,12,,,PT Bank Perekonomian Rakyat Syariah Unawi Barokah,Kab. Sidoarjo,Provinsi Jawa Timur,620155,2139585.0,1001839.0,0.0,0.0,0.0,0.0,0.0,0.0,,0.0,,43672.0,1321023.0,275811.0,16822.0,,9059.0,0.0,338436.0,0.0,,,400739.0,511944.0,562736.0,0.0,-171188.0,12.4,5.96,,-6.24,,61.07,956999.0,
2018,12,,,PT Bank Perekonomian Rakyat Syariah Almabrur Babadan,Kab. Ponorogo,Provinsi Jawa Timur,620073,33887137.0,23654930.0,0.0,0.0,13350.0,2500000.0,130500.0,0.0,,0.0,,38179.0,17406039.0,9285583.0,302489.0,,10187.0,0.0,162716.0,0.0,,,4060206.0,5719523.0,3287618.0,19212.0,655598.0,29.92,2.26,,2.53,,98.39,6352935.0,
2018,12,,,PT Bank Perekonomian Rakyat Syariah Annisa Mukti,Kab. Sidoarjo,Provinsi Jawa Timur,620135,10185639.0,7743040.0,0.0,0.0,0.0,0.0,0.0,0.0,,0.0,,0.0,1410850.0,2773000.0,106087.0,,57014.0,0.0,1641580.0,0.0,,,2311324.0,2642897.0,1898423.0,4558.0,385762.0,55.38,0.89,,4.02,,191.64,1897999.0,
2018,12,,,PT Bank Perekonomian Rakyat Syariah Amanah Insani,Kab. Bekasi,Provinsi Jawa Barat,620066,83748463.0,38998613.0,0.0,0.0,1611452.0,0.0,11811032.0,0.0,,0.0,,28782695.0,0.0,33346035.0,2390433.0,,260466.0,0.0,1301609.0,0.0,,,8280961.0,11522825.0,10501031.0,242198.0,-2178386.0,39.0,50.76,,-2.31,,84.0,32197897.0,
2018,12,,,PT Bank Perekonomian Rakyat Syariah Mitra Harmoni Kota Malang,Kota Malang,Provinsi Jawa Timur,620153,24020332.0,16479070.0,0.0,955497.0,0.0,0.0,49000.0,222000.0,,0.0,,3223377.0,469926.0,5988000.0,192604.0,,40957.0,0.0,7190699.0,0.0,,,3415599.0,4382769.0,2752633.0,0.0,628202.0,41.14,8.41,,2.75,,75.42,5976751.0,
2018,12,,,PT BPRS Artha Surya Barokah,Kota Semarang,Provinsi Jawa Tengah,620084,,,,,,,,,,,,,,,,,,,,,,,,,,,,,,,,,,,
2018,12,,,PT Bank Perekonomian Rakyat Syariah Harum Hikmahnugraha,Kab. Garut,Provinsi Jawa Barat,620029,68063020.0,43067146.0,0.0,166238.0,986471.0,0.0,0.0,0.0,,0.0,,19303702.0,214349.0,27934190.0,910238.0,,77376.0,0.0,7603182.0,0.0,,,6825720.0,10777199.0,4974168.0,0.0,1500123.0,26.06,17.54,,2.74,,66.27,23540707.0,
2018,12,,,PT BPRS Bumi Rinjani Probolinggo,Kab. Probolinggo,Provinsi Jawa Timur,620105,,,,,,,,,,,,,,,,,,,,,,,,,,,,,,,,,,,
2018,12,,,PT Bank Perekonomian Rakyat Syariah Bumi Rinjani Kepanjen,Kab. Malang,Provinsi Jawa Timur,620106,67178062.0,41443979.0,0.0,37943.0,0.0,0.0,0.0,6732776.0,,0.0,,2139887.0,12983506.0,28983900.0,1260005.0,,117528.0,0.0,13719324.0,0.0,,,10358511.0,14423645.0,7706460.0,56526.0,1994857.0,18.07,6.22,,3.9,,75.17,15452742.0,
2018,12,,,PT BPRS Magetan (Perseroda),Kab. Magetan,Provinsi Jawa Timur,620165,31030221.0,19383312.0,0.0,86736.0,0.0,0.0,0.0,0.0,,0.0,,4956016.0,295679.0,9609500.0,396260.0,,122294.0,0.0,1021734.0,0.0,,,4649939.0,4672312.0,3091393.0,36669.0,1456378.0,101.23,3.31,,4.47,,67.07,10642249.0,
2018,12,,,PT Bank Perekonomian Rakyat Syariah Dana Moneter,Kota Makassar,Provinsi Sulawesi Selatan,620030,66496783.0,54894657.0,0.0,0.0,0.0,0.0,0.0,0.0,,0.0,,12280699.0,3263012.0,14455600.0,2295699.0,,129459.0,0.0,21432586.0,0.0,,,5368761.0,9846131.0,5232136.0,0.0,-151305.0,25.78,10.96,,-0.22,,182.99,9442263.0,
2018,12,,,PT Bank Perekonomian Rakyat Syariah Muamalat Harkat,Kab. Seluma,Provinsi Bengkulu,620052,45806211.0,35995615.0,0.0,0.0,0.0,0.0,0.0,0.0,,0.0,,5701437.0,14416888.0,20225000.0,399628.0,,56944.0,0.0,459571.0,0.0,,,5413573.0,7465282.0,4176766.0,5881.0,1020252.0,12.3,13.77,,2.76,,89.22,8731502.0,
2018,12,,,PT. BPRS Jabal Tsur,Kab. Pasuruan,Provinsi Jawa Timur,620103,,,,,,,,,,,,,,,,,,,,,,,,,,,,,,,,,,,
2018,12,,,PT Bank Perekonomian Rakyat Syariah Kedung Arto,Kota Semarang,Provinsi Jawa Tengah,620191,,,,,,,,,,,,,,,,,,,,,,,,,,,,,,,,,,,
2018,12,,,PT Bank Perekonomian Rakyat Syariah Saruma Sejahtera Halmahera Selatan,Kab. Halmahera Selatan,Provinsi Maluku Utara,620182,22199068.0,9178769.0,0.0,247497.0,0.0,0.0,0.0,0.0,,0.0,,121548.0,11216362.0,1202805.0,104941.0,,17699.0,0.0,0.0,0.0,,,1208346.0,1225294.0,1540158.0,0.0,-359346.0,105.19,0.0,,-1.62,,74.79,11631327.0,
2018,12,,,PT BPRS Bumi Rinjani,Kota Batu,Provinsi Jawa Timur,620109,,,,,,,,,,,,,,,,,,,,,,,,,,,,,,,,,,,
2018,12,,,PT Bank Perekonomian Rakyat Syariah Tanggamus (Perseroda),Kab. Tanggamus,Provinsi Lampung,620082,44781559.0,31602143.0,0.0,80039.0,0.0,0.0,0.0,0.0,,0.0,,1206970.0,21982968.0,2854700.0,832964.0,,232859.0,0.0,5425375.0,0.0,,,6619308.0,8109592.0,3722139.0,0.0,2345265.0,57.0,2.47,,7.7,,121.65,12820687.0,
2018,12,,,PT Bank Perekonomian Rakyat Syariah Bhakti Sumekar Perseroda,Kab. Sumenep,Provinsi Jawa Timur,620085,,,,,,,,,,,,,,,,,,,,,,,,,,,,,,,,,,,
2018,12,,,PT Bank Perekonomian Rakyat Syariah Nurul Ikhwan,Kab. Polewali Mandar,Provinsi Sulawesi Barat,620045,335764.0,630214.0,0.0,0.0,19000.0,0.0,0.0,0.0,,0.0,,0.0,148926.0,0.0,591278.0,,16274.0,0.0,29049.0,0.0,,,78339.0,78339.0,128822.0,0.0,-58243.0,101.75,93.47,,-13.36,,435.93,242363.0,
2018,12,,,PT Bank Perekonomian Rakyat Syariah Alsalaam Amal Salman,Kota Depok,Provinsi Jawa Barat,620101,304324943.0,195153387.0,1282131.0,6723766.0,527982.0,0.0,8986800.0,3010821.0,,0.0,,17593607.0,35505882.0,203729329.0,4066932.0,,836560.0,0.0,9926848.0,0.0,,,39105595.0,56507875.0,32495755.0,0.0,4915697.0,14.51,2.87,,2.29,,75.07,57112642.0,
2018,12,,,PT BPRS Taeh Baruah,Kab. Limapuluh Koto,Provinsi Sumatera Barat,620190,,,,,,,,,,,,,,,,,,,,,,,,,,,,,,,,,,,
2018,12,,,PT Bank Perekonomian Rakyat Syariah Danagung Syariah,Kab. Sleman,Provinsi D.I. Yogyakarta,620128,44565109.0,13248050.0,0.0,9198414.0,14180.0,0.0,0.0,3813154.0,,0.0,,2568247.0,221382.0,17099000.0,316634.0,,28377.0,0.0,18297602.0,222208.0,,,3993181.0,6822694.0,3062629.0,0.0,744281.0,21.54,14.33,,1.99,,102.45,16143048.0,
2018,12,,,PT Bank Perekonomian Rakyat Syariah Harta Insan Karimah Mitra Cahaya Indonesia,Kab. Sleman,Provinsi D.I. Yogyakarta,620133,87802565.0,47454108.0,0.0,4109978.0,0.0,0.0,91846.0,3093045.0,,0.0,,5510642.0,1466780.0,53052750.0,1060059.0,,89277.0,0.0,17557838.0,0.0,,,9003119.0,15862554.0,5651201.0,0.0,2791757.0,18.96,3.84,,4.53,,91.2,29701217.0,
2018,12,,,PT Bank Perekonomian Rakyat Syariah Khatulistiwa,Kab. Pasaman,Provinsi Sumatera Barat,620201,,,,,,,,,,,,,,,,,,,,,,,,,,,,,,,,,,,
2018,12,,,PT Bank Perekonomian Rakyat Syariah Way Kanan (Perseroda),Kab. Lampung Selatan,Provinsi Lampung,620157,62237173.0,5030061.0,0.0,37927443.0,1014653.0,0.0,0.0,300000.0,,0.0,,7860711.0,4977430.0,5968500.0,1670686.0,,496048.0,0.0,28939592.0,0.0,,,11162642.0,15442464.0,5991513.0,0.0,5126259.0,22.98,5.68,,8.22,,75.2,17851172.0,
2018,12,,,PT Bank Perekonomian Rakyat Syariah Alhijrah Amanah,Kota Depok,Provinsi Jawa Barat,620062,34689697.0,16245495.0,0.0,272633.0,123841.0,42757.0,0.0,2416169.0,,0.0,,12550575.0,55473.0,7106743.0,349791.0,,42476.0,0.0,12223862.0,0.0,,,2376253.0,3833944.0,1973581.0,0.0,327735.0,16.0,13.41,,1.52,,96.89,15092576.0,
2018,12,,,PT Bank Perekonomian Rakyat Syariah Ampek Angkek Candung,Kab. Agam,Provinsi Sumatera Barat,620071,53427180.0,31568572.0,0.0,0.0,0.0,8573.0,0.0,0.0,,0.0,,23529923.0,164445.0,21153350.0,1535959.0,,172536.0,0.0,2488321.0,0.0,,,6244448.0,7583836.0,5484214.0,0.0,614880.0,17.23,16.81,,1.45,,61.66,20330013.0,
2018,12,,,PT Bank Perekonomian Rakyat Syariah Formes Sleman,Kab. Sleman,Provinsi D.I. Yogyakarta,620136,36126237.0,22443794.0,0.0,1579735.0,450000.0,0.0,1010905.0,0.0,,0.0,,3199817.0,9503863.0,12142200.0,238429.0,,134194.0,0.0,5785524.0,277764.0,,,4253132.0,5379161.0,3451662.0,0.0,800010.0,18.17,5.32,,2.42,,102.57,8520944.0,
2018,12,,,PT Bank Perekonomian Rakyat Syariah Surya Sejati,Kab. Takalar,Provinsi Sulawesi Selatan,620031,2732106.0,1769691.0,0.0,0.0,0.0,0.0,0.0,0.0,,0.0,,0.0,453914.0,635000.0,59005.0,,835.0,0.0,529473.0,43129.0,,,666662.0,704509.0,658952.0,0.0,-7143.0,55.91,17.25,,0.0,,162.52,701333.0,
2018,12,,,PT Bank Perekonomian Rakyat Syariah Albarokah,Kota Depok,Provinsi Jawa Barat,620053,14612198.0,10051237.0,0.0,0.0,54167.0,0.0,598000.0,758243.0,,0.0,,31914.0,1564185.0,8792671.0,785000.0,,25861.0,0.0,550500.0,0.0,,,2395667.0,3337012.0,1698769.0,0.0,815719.0,32.0,28.89,,6.0,,110.0,3374944.0,
2018,12,,,PT BPRS Sungai PuaSyariah,Kab. Agam,Provinsi Sumatera Barat,620186,,,,,,,,,,,,,,,,,,,,,,,,,,,,,,,,,,,
2018,12,,,PT BPRS Guguk Mas Makmur,Kab. Limapuluh Koto,Provinsi Sumatera Barat,620194,,,,,,,,,,,,,,,,,,,,,,,,,,,,,,,,,,,
2018,12,,,PT Bank Perekonomian Rakyat Syariah Rajasa Lampung Tengah (Perseroda),Kab. Lampung Tengah,Provinsi Lampung,620129,37530790.0,3023610.0,0.0,24276740.0,37500.0,0.0,0.0,0.0,,0.0,,4972858.0,459257.0,4749000.0,823014.0,,134955.0,0.0,18390845.0,0.0,,,7445245.0,8831326.0,4915444.0,0.0,2075730.0,23.73,3.7,,7.46,,125.22,4665503.0,
2018,12,,,PT Bank Perekonomian Rakyat Syariah Lampung Barat (Perseroda),Kab. Lampung Barat,Provinsi Lampung,620175,32886855.0,9623718.0,0.0,16249161.0,0.0,0.0,0.0,0.0,,0.0,,1163402.0,1836497.0,8332000.0,221199.0,,168574.0,0.0,10547594.0,3764615.0,,,3865889.0,6061681.0,2358682.0,0.0,1428027.0,47.15,0.63,,4.47,,79.05,6469546.0,
2018,12,,,PT Bank Perekonomian Rakyat Syariah Cahaya Hidup,Kab. Sleman,Provinsi D.I. Yogyakarta,620163,27348717.0,19126706.0,0.0,361405.0,162500.0,0.0,0.0,1764099.0,,0.0,,659826.0,657247.0,15934423.0,319334.0,,106095.0,0.0,6434795.0,0.0,,,2255816.0,4099505.0,1685882.0,16105.0,544611.0,15.39,11.8,,2.27,,91.0,5493495.0,
2018,12,,,PT Bank Perekonomian Rakyat Syariah Carana Kiat Andalas,Kab. Agam,Provinsi Sumatera Barat,620064,18501695.0,15150291.0,0.0,0.0,10651.0,0.0,0.0,0.0,,0.0,,11441752.0,0.0,4397432.0,114390.0,,154198.0,0.0,15461.0,0.0,,,2231024.0,2509073.0,2106326.0,0.0,151069.0,19.67,22.67,,0.82,,77.17,2797728.0,
2018,12,,,PT Bank Perekonomian Rakyat Syariah Hasanah Mandiri,Kota Depok,Provinsi Jawa Barat,620006,78679570.0,64044912.0,581490.0,1332063.0,223217.0,0.0,765937.0,0.0,,0.0,,359418.0,7295649.0,57484320.0,1142644.0,,87932.0,0.0,7295277.0,0.0,,,8105164.0,13447798.0,4601679.0,0.0,3503485.0,13.15,2.06,,4.45,,116.46,3723475.0,
2018,12,,,PT Bank Perekonomian Rakyat Syariah Dana Hidayatullah,Kota Yogyakarta,Provinsi D.I. Yogyakarta,620107,28403657.0,9646641.0,0.0,209010.0,94355.0,0.0,114713.0,10428639.0,,0.0,,1198447.0,5575689.0,11524500.0,247345.0,,18878.0,0.0,2841002.0,0.0,,,3141182.0,4398633.0,2319020.0,0.0,778661.0,36.08,16.33,,2.97,,76.02,7486465.0,
2018,12,,,PT Bank Perekonomian Rakyat Syariah Barokah Dana Sejahtera,Kota Yogyakarta,Provinsi D.I. Yogyakarta,620115,115206430.0,30163221.0,0.0,2899334.0,333037.0,192597.0,67990.0,41919151.0,,0.0,,23041740.0,15308467.0,55545390.0,1418623.0,,340980.0,0.0,8927508.0,0.0,,,8705168.0,14507137.0,6192757.0,0.0,2319420.0,13.92,3.41,,2.73,,73.84,33181022.0,
2018,12,,,PT BANK PEREKONOMIAN RAKYAT SYARIAH MASYARAKAT LINTAU BUO,Kab. Agam,Provinsi Sumatera Barat,620196,,,,,,,,,,,,,,,,,,,,,,,,,,,,,,,,,,,
2018,12,,,PT BPRS Berkah Amal Salman,Kota Bogor,Provinsi Jawa Barat,620001,,,,,,,,,,,,,,,,,,,,,,,,,,,,,,,,,,,
2018,12,,,PT Bank Perekonomian Rakyat Syariah Amanah Rabbaniah,Kab. Bandung,Provinsi Jawa Barat,620002,,,,,,,,,,,,,,,,,,,,,,,11675245.0,16006126.0,7585399.0,50000.0,3251839.0,18.4,4.54,,2.91,,79.41,,
2018,12,,,PT Bank Perekonomian Rakyat Syariah Amanah Ummah,Kab. Bogor,Provinsi Jawa Barat,620004,279052660.0,156127688.0,7317974.0,244248.0,3203990.0,1741403.0,333333.0,11900833.0,,0.0,,164621935.0,2874433.0,75167486.0,2651392.0,,2424804.0,0.0,6453517.0,0.0,,,27355769.0,33248758.0,18223657.0,592248.0,6978439.0,14.98,3.31,,3.65,,66.84,85944213.0,
2018,12,,,PT Bank Perekonomian Rakyat Syariah Kabupaten Ngawi Perseroda,Kab. Ngawi,Provinsi Jawa Timur,620183,,,,,,,,,,,,,,,,,,,,,,,,,,,,,,,,,,,
2018,12,,,PT Bank Perekonomian Rakyat Syariah Hikmah Khazanah,Kota Surakarta/Solo,Provinsi Jawa Tengah,620171,113216997.0,83151553.0,0.0,1339700.0,0.0,0.0,1666667.0,2823000.0,,0.0,,12360450.0,2352499.0,48265900.0,1327622.0,,1878531.0,0.0,34217679.0,0.0,,,13634794.0,21011920.0,7997740.0,0.0,4332785.0,17.89,1.49,,5.77,,92.59,22847879.0,
2018,12,,,PT Bank Perekonomian Rakyat Syariah Al Hijrah Thayibah,Kab. Malang,Provinsi Jawa Timur,620198,,,,,,,,,,,,,,,,,,,,,,,,,,,,,,,,,,,
2018,12,,,PT Bank Perekonomian Rakyat Syariah Central Syariah Utama,Kota Surakarta/Solo,Provinsi Jawa Tengah,620137,26341036.0,17027894.0,0.0,2263639.0,276458.0,2001252.0,0.0,72276.0,,0.0,,1086087.0,71346.0,13085000.0,173417.0,,297224.0,0.0,8929190.0,0.0,,,2278820.0,4399636.0,2566534.0,0.0,-472081.0,13.85,9.52,,-1.79,,94.88,1681913.0,
2018,12,,,PT Bank Perekonomian Rakyat Syariah Tulen Amanah,Kab. Lombok Tengah,Provinsi Nusa Tenggara Barat,620009,46882131.0,34901197.0,0.0,0.0,0.0,0.0,0.0,0.0,,0.0,,0.0,13160784.0,25927950.0,1891685.0,,57115.0,0.0,225295.0,0.0,,,3833645.0,7337316.0,2382386.0,0.0,1298547.0,18.5,22.15,,3.24,,99.9,9627287.0,
2018,12,,,PT Bank Perekonomian Rakyat Syariah Dana Mulia,Kota Surakarta/Solo,Provinsi Jawa Tengah,620122,42627376.0,24114209.0,0.0,10126120.0,14500.0,0.0,0.0,763700.0,,0.0,,4482292.0,11133456.0,16935019.0,571772.0,,35769.0,0.0,6204595.0,0.0,,,3982341.0,6518594.0,3016030.0,13530.0,938645.0,11.17,9.17,,2.48,,93.09,6972925.0,
2018,12,,,PT. BPRS Muamalat Yotefa,Kab. Jayapura,Provinsi Papua,620067,,,,,,,,,,,,,,,,,,,,,,,,,,,,,,,,,,,
2018,12,,,PT Bank Perekonomian Rakyat Syariah Al Ihsan,Kab. Bandung,Provinsi Jawa Barat,620044,12061004.0,6822304.0,0.0,976798.0,30200.0,0.0,0.0,5313.0,,0.0,,3446800.0,0.0,4593000.0,288247.0,,24444.0,0.0,2124105.0,13700.0,,,1861108.0,2504552.0,1474646.0,0.0,392475.0,21.13,11.4,,325.0,,77.27,4094162.0,
2018,12,,,PT BPRS Bogor Tegar Beriman,Kab. Bogor,Provinsi Jawa Barat,620177,36039699.0,20476666.0,0.0,2836203.0,0.0,0.0,0.0,491486.0,,0.0,,1209364.0,1424799.0,13730000.0,1040271.0,,21496.0,0.0,1970775.0,0.0,,,,,,,,,,,,,,11550617.0,
2018,12,,,PT BPRS Mojo Artho Kota Mojokerto Perseroda,Kota Mojokerto,Provinsi Jawa Timur,620160,135736091.0,95655406.0,0.0,1644608.0,2851837.0,1251499.0,90000.0,13510250.0,,0.0,,4476426.0,13987908.0,34685000.0,789872.0,,673747.0,0.0,64083415.0,0.0,,,12564284.0,20278156.0,9759198.0,42056.0,2513870.0,16.0,2.86,,1.85,,92.0,11080331.0,
2018,12,,,PT Bank Perekonomian Rakyat Syariah Sampang Perseroda,Kab. Sampang,Provinsi Jawa Timur,620166,99091267.0,67182154.0,0.0,1311728.0,1672240.0,0.0,2849839.0,1460000.0,,0.0,,13910160.0,0.0,17754133.0,1489238.0,,225741.0,0.0,41229061.0,3472214.0,,,7101406.0,12898300.0,5454521.0,10000.0,1440233.0,27.81,19.98,,1.64,,235.2,20538041.0,
2018,12,,,PT BPRS Bumi Rinjani Malang,Kota Malang,Provinsi Jawa Timur,620078,,,,,,,,,,,,,,,,,,,,,,,,,,,,,,,,,,,
2018,12,,,PT. BPRS Asri Madani Nusantara,Kab. Jember,Provinsi Jawa Timur,620033,27072455.0,21650593.0,0.0,219125.0,222884.0,75000.0,154900.0,225000.0,,0.0,,20631.0,9899490.0,8365942.0,423962.0,,167704.0,0.0,5241384.0,249990.0,,,2508111.0,4246653.0,2528655.0,0.0,1367.0,14.55,3.87,,0.13,,86.71,3884746.0,
2018,12,,,PT BPRS Bhakti Haji,Kab. Malang,Provinsi Jawa Timur,620048,,,,,,,,,,,,,,,,,,,,,,,,,,,,,,,,,,,
2018,12,,,PT Bank Perekonomian Rakyat Syariah Madinah,Kab. Lamongan,Provinsi Jawa Timur,620139,23462196.0,11398755.0,0.0,0.0,0.0,0.0,0.0,5171450.0,,0.0,,916053.0,13085028.0,4824033.0,214728.0,,28318.0,0.0,981455.0,0.0,,,3371022.0,3920119.0,2662403.0,16783.0,654549.0,18.6,4.4,,3.73,,88.02,6573608.0,
2018,12,,,PT. BPRS Rif'atul Ummah,Kab. Bogor,Provinsi Jawa Barat,620068,7695729.0,5271460.0,202055.0,0.0,738909.0,347923.0,0.0,98268.0,,0.0,,1729020.0,0.0,1459000.0,126755.0,,136700.0,0.0,3672948.0,16667.0,,,1084648.0,1525295.0,1057939.0,0.0,22470.0,14.0,10.82,,-33.33,,102.08,973540.0,
2018,12,,,PT Bank Perekonomian Rakyat Syariah Artha Pamenang,Kab. Kediri,Provinsi Jawa Timur,620147,40659215.0,26803797.0,0.0,3727390.0,3917.0,0.0,0.0,0.0,,0.0,,1240382.0,3772117.0,29493609.0,424691.0,,249651.0,0.0,613167.0,0.0,,,7021168.0,9385521.0,5388346.0,32439.0,1549476.0,14.0,3.19,,4.75,,88.49,7035056.0,
2018,12,,,PT Bank Perekonomian Rakyat Syariah Dana Amanah Surakarta,Kota Surakarta/Solo,Provinsi Jawa Tengah,620125,34898587.0,18668213.0,54464.0,6828577.0,0.0,0.0,148475.0,1128287.0,,0.0,,3206223.0,31297.0,13734375.0,280150.0,,36239.0,0.0,13497970.0,0.0,,,2853682.0,5079008.0,2063292.0,0.0,725825.0,16.0,11.3,,2.45,,158.07,7726542.0,
2018,12,,,PT Bank Perekonomian Rakyat Syariah Investama Mega Bakti,Kota Makassar,Provinsi Sulawesi Selatan,620077,43827747.0,26699837.0,0.0,0.0,784166.0,0.0,2831292.0,8457066.0,,0.0,,42248.0,1932581.0,1712500.0,326420.0,,8221.0,0.0,1031347.0,35072212.0,,,2457837.0,6936688.0,2762261.0,0.0,-192343.0,12.09,10.62,,-0.44,,100.0,3818528.0,
2018,12,,,PT Bank Perekonomian Rakyat Syariah Rahma Syariah,Kab. Kediri,Provinsi Jawa Timur,620150,7598154.0,2648199.0,0.0,85873.0,0.0,0.0,1061600.0,250000.0,,0.0,,2607178.0,0.0,2370600.0,56429.0,,24725.0,0.0,82011.0,0.0,,,891806.0,1071840.0,985821.0,0.0,-97979.0,67.9,11.04,,-1.5,,54.07,3439667.0,
2018,12,,,PT. BPRS Jabal Nur Tebuireng,Kota Surabaya,Provinsi Jawa Timur,620114,31311715.0,20862154.0,0.0,149223.0,1527608.0,0.0,0.0,3022322.0,,0.0,,6654436.0,3184.0,9524700.0,769043.0,,72733.0,0.0,11977351.0,40416.0,,,1249932.0,2894242.0,3134920.0,0.0,-2040540.0,15.0,37.81,,-6.52,,90.85,2602987.0,
2018,12,,,PT Bank Perekonomian Rakyat Syariah Amanah Sejahtera,Kab. Gresik,Provinsi Jawa Timur,620050,93082043.0,46757257.0,0.0,1112910.0,1765338.0,0.0,4378680.0,21118663.0,,0.0,,22769546.0,38766757.0,16480600.0,814796.0,,33649.0,0.0,4315706.0,0.0,,,12772071.0,14390711.0,12274427.0,11938.0,398556.0,14.08,0.94,,6.12,,96.3,10764260.0,
2018,12,,,PT Bank Perekonomian Rakyat Syariah Bobato Lestari,Kota Tidore Kepulauan,Provinsi Maluku Utara,620179,13576928.0,6462915.0,0.0,0.0,0.0,0.0,788290.0,150000.0,,0.0,,32168.0,3186044.0,5853410.0,48506.0,,7567.0,0.0,187645.0,0.0,,,1592021.0,1999870.0,1184151.0,0.0,400515.0,82.99,0.0,,2.28,,56.62,5851642.0,
