Provinsi,Kabupaten/Kota,Nama Bank,Kode Bank
Provinsi Jawa Barat,Kab. Bekasi,PT Bank Perekonomian Rakyat Cikarang Raharja,600007
Provinsi Jawa Barat,Kab. Bekasi,PT Bank Perekonomian Rakyat Dana Multi Guna,600036
Provinsi Jawa Barat,Kab. Bekasi,PT. BPR Siwa Raharja Utama,600070
Provinsi Jawa Barat,Kab. Bekasi,PT Bank Perekonomian Rakyat Binadana Makmur,600098
Provinsi Jawa Barat,Kab. Bekasi,PT Bank Perekonomian Rakyat Sentral Mandiri,600103
Provinsi Jawa Barat,Kab. Bekasi,PT Bank Perekonomian Rakyat Antar Guna,600108
Provinsi Jawa Barat,Kab. Bekasi,PT Bank Perekonomian Rakyat Artha Sentana Hardja,600131
Provinsi Jawa Barat,Kab. Bekasi,PT Bank Perekonomian Rakyat Karya Kurniautama,600135
Provinsi Jawa Barat,Kab. Bekasi,PT. BPR Artaprima Danajasa,600137
Provinsi Jawa Barat,Kab. Bekasi,PT Bank Perekonomian Rakyat Olympindo Primadana,600139
Provinsi Jawa Barat,Kab. Bekasi,PD. BPR LPK Cibitung,600335
Provinsi Jawa Barat,Kab. Bekasi,PD. BPR LPK Sukatani,600337
Provinsi Jawa Barat,Kab. Bekasi,PD. BPR LPK Setu,600338
Provinsi Jawa Barat,Kab. Bekasi,PD. BPR LPK Cibarusah,600339
Provinsi Jawa Barat,Kab. Bekasi,PD. BPR LPK Pondok Gede,600341
Provinsi Jawa Barat,Kab. Bekasi,PT. BPR Wibawa Mukti Jabar,600342
Provinsi Jawa Barat,Kab. Bekasi,PT Bank Perekonomian Rakyat Talabumi Ekapersada,601235
Provinsi Jawa Barat,Kab. Bekasi,PT Bank Perekonomian Rakyat Prabu Mitra,601257
Provinsi Jawa Barat,Kab. Bekasi,PT. BPR Arthamutiara Permai,601264
Provinsi Jawa Barat,Kab. Bekasi,PT Bank Perekonomian Rakyat Usaha Rakyat,601274
Provinsi Jawa Barat,Kab. Bekasi,PT. BPR Sekar,601278
Provinsi Jawa Barat,Kab. Bekasi,PT Bank Perekonomian Rakyat Artha Sarana Abadi,601279
Provinsi Jawa Barat,Kab. Bekasi,PT. BPR Trisurya Binaartha,601294
Provinsi Jawa Barat,Kab. Bekasi,PT Bank Perekonomian Rakyat Cakradana Tirtamas Reksa,601307
Provinsi Jawa Barat,Kab. Bekasi,PT Bank Perekonomian Rakyat Prismaberlian Danarta,601315
Provinsi Jawa Barat,Kab. Bekasi,PT Bank Perekonomian Rakyat Gracia Mandiri,601319
Provinsi Jawa Barat,Kab. Bekasi,PT. BPR Citra Artha Sedana,601465
Provinsi Jawa Barat,Kab. Bekasi,PT Bank Perekonomian Rakyat Harapan Saudara,601793
Provinsi Jawa Barat,Kab. Bekasi,PT Bank Perekonomian Rakyat Parasahabat Bekasi,601888
Provinsi Jawa Barat,Kab. Bekasi,PT Bank Perekonomian Rakyat Prima Nusatama,601978
Provinsi Jawa Barat,Kab. Bekasi,PT Bank Perekonomian Rakyat Harta Tanamas,602001
Provinsi Jawa Barat,Kab. Bekasi,PT Bank Perekonomian Rakyat Handalan Danagraha,602010
Provinsi Jawa Barat,Kab. Bekasi,PT. BPR Sinarenam Permai Jatiasih,602060
Provinsi Jawa Barat,Kab. Bekasi,PT BPR BOJONEGORO SURYAPERSADA,602076
Provinsi Jawa Barat,Kab. Bekasi,PT BPR INTI DAYA MASYARAKAT,602083
Provinsi Jawa Barat,Kab. Bekasi,PD BPR Banyuresmi,602095
Provinsi Jawa Barat,Kab. Bekasi,PD BPR Cadasngampar,602096
Provinsi Jawa Barat,Kab. Bekasi,PD BPR Cibatu,602097
Provinsi Jawa Barat,Kab. Bekasi,PD BPR Cilawu,602098
Provinsi Jawa Barat,Kab. Bekasi,PD BPR Conggeang,602099
Provinsi Jawa Barat,Kab. Bekasi,PD BPR Pakenjang,602100
Provinsi Jawa Barat,Kab. Bekasi,PD BPR Situraja,602101
Provinsi Jawa Barat,Kab. Bekasi,PD BPR Sumedang Utara,602102
Provinsi Jawa Barat,Kab. Bekasi,PD BPR Sumedang Selatan,602103
Provinsi Jawa Barat,Kab. Bekasi,PD BPR Tanjungkerta,602104
Provinsi Jawa Barat,Kab. Bekasi,PD BPR Wanaraja,602105
Provinsi Jawa Barat,Kab. Bekasi,PD BPR Majalengka,602109
Provinsi Jawa Barat,Kab. Bekasi,PD BPR Talaga,602110
Provinsi Jawa Barat,Kab. Bekasi,PD BPR Argapura,602111
Provinsi Jawa Barat,Kab. Bekasi,PD BPR Cibingbin,602112
Provinsi Jawa Barat,Kab. Bekasi,PD BPR Ciledug,602113
Provinsi Jawa Barat,Kab. Bekasi,PD BPR Cilimus,602114
Provinsi Jawa Barat,Kab. Bekasi,PD BPR Ciniru,602115
Provinsi Jawa Barat,Kab. Bekasi,PD BPR Ciwaru,602116
Provinsi Jawa Barat,Kab. Bekasi,PD BPR Dawuan,602117
Provinsi Jawa Barat,Kab. Bekasi,PD BPR Indramayu,602118
Provinsi Jawa Barat,Kab. Bekasi,PD BPR Jalaksana,602119
Provinsi Jawa Barat,Kab. Bekasi,PD BPR Jatibarang,602120
Provinsi Jawa Barat,Kab. Bekasi,PD BPR Jatiwangi,602121
Provinsi Jawa Barat,Kab. Bekasi,PD BPR Lelea,602122
Provinsi Jawa Barat,Kab. Bekasi,PD BPR Lemahsugih,602123
Provinsi Jawa Barat,Kab. Bekasi,PD BPR Losari,602125
Provinsi Jawa Barat,Kab. Bekasi,PD BPR Luragung,602126
Provinsi Jawa Barat,Kab. Bekasi,PD BPR Maja,602127
Provinsi Jawa Barat,Kab. Bekasi,PD BPR Majalengka,602128
Provinsi Jawa Barat,Kab. Bekasi,PD BPR Subang,602129
Provinsi Jawa Barat,Kab. Bekasi,PD BPR Sumberjaya,602130
Provinsi Jawa Barat,Kab. Bekasi,PD BPR Talaga,602131
Provinsi Jawa Barat,Kab. Bekasi,PT BPR LINGGARTI MAKMUR,602132
Provinsi Jawa Barat,Kab. Bekasi,PT BD ARTHA SARI SEDANA,602135
Provinsi Jawa Barat,Kab. Bekasi,PT BD. BALI RESPATI,602137
Provinsi Jawa Barat,Kab. Bekasi,MAI BP. CATUR KARYA,602138
Provinsi Jawa Barat,Kab. Bekasi,MAI BP. FAJAR HARAPAN BHUWANA JAYA,602142
Provinsi Jawa Barat,Kab. Bekasi,MAI BP. KAMBOJA,602143
Provinsi Jawa Barat,Kab. Bekasi,MAI BP. MAJURE,602145
Provinsi Jawa Barat,Kab. Bekasi,PT BPR MERTHA ADIBHUWANA,602148
Provinsi Jawa Barat,Kab. Bekasi,MAI BP. PARA SEMETON,602149
Provinsi Jawa Barat,Kab. Bekasi,MAI BP. PELITA KENCANA JA,602151
Provinsi Jawa Barat,Kab. Bekasi,PT BPR SARWA SEDANA,602156
Provinsi Jawa Barat,Kab. Bekasi,PT BPR BUMI WAHANA ARTHA,602160
Provinsi Jawa Barat,Kab. Bekasi,PT BPR CENTRALBHAKTI NIAGATAMA,602163
Provinsi Jawa Barat,Kab. Bekasi,PT BPR SATRIA PERTIWI,602169
Provinsi Jawa Barat,Kab. Bekasi,PT BPR SARI DANA MERTA,602173
Provinsi Jawa Barat,Kab. Bekasi,PT BPR REJEKI MURAH BINAGUNA,602176
Provinsi Jawa Barat,Kab. Bekasi,PT BPR ARTHAKUTAMAS,602179
Provinsi Jawa Barat,Kab. Bekasi,PT BPR Gunung Barisan,602184
Provinsi Jawa Barat,Kab. Bekasi,PT BPR Cikupa Jaya,602187
Provinsi Jawa Barat,Kab. Bekasi,PT BPR Artha Mitra Dhananugraha,602192
Provinsi Jawa Barat,Kab. Bekasi,PT BP TRIDAYA BHAKTI,602194
Provinsi Jawa Barat,Kab. Bekasi,PT BPR MITRA PEMBANGUNAN,602196
Provinsi Jawa Barat,Kab. Bekasi,PT BPR ARTHAMAS MITRASEJATI,602200
Provinsi Jawa Barat,Kab. Bekasi,PT BPR Bintang Rahardjo,602202
Provinsi Jawa Barat,Kab. Bekasi,PT BPR DARMAGA RAYA,602203
Provinsi Jawa Barat,Kab. Bekasi,PT BPR Rizki Makmur,602204
Provinsi Jawa Barat,Kab. Bekasi,PT BPR MULTIJAYA ARTAPRIMA,602206
Provinsi Jawa Barat,Kab. Bekasi,PT BPR Roda Mekar Jaya,602208
Provinsi Jawa Barat,Kab. Bekasi,PT. BPR MITRAKARYA ARTAMULIA,602210
Provinsi Jawa Barat,Kab. Bekasi,PT BPR Dana Pratama Maju,602212
Provinsi Jawa Barat,Kab. Bekasi,PT BPR MITRA PERDAGANGAN,602214
Provinsi Jawa Barat,Kab. Bekasi,PT BPR DANA KITA,602215
Provinsi Jawa Barat,Kab. Bekasi,PT BPR INDRA ARTHA,602217
Provinsi Jawa Barat,Kab. Bekasi,PT BPR INTI EKONOMI,602224
Provinsi Jawa Barat,Kab. Bekasi,PT BPR ADIDHANA,602225
Provinsi Jawa Barat,Kab. Bekasi,PT BPR Diana Sapta Surya,602226
Provinsi Jawa Barat,Kab. Bekasi,PT BPR PRAWITASARANA UTAMA,602227
Provinsi Jawa Barat,Kab. Bekasi,BKPD Batujaya,602228
Provinsi Jawa Barat,Kab. Bekasi,BKPD Cikampek,602229
Provinsi Jawa Barat,Kab. Bekasi,BKPD Klari,602232
Provinsi Jawa Barat,Kab. Bekasi,BKPD Lemahabang Wadas,602233
Provinsi Jawa Barat,Kab. Bekasi,BKPD Pangkalan,602234
Provinsi Jawa Barat,Kab. Bekasi,BKPD Pedes,602235
Provinsi Jawa Barat,Kab. Bekasi,BKPD Rawamerta,602236
Provinsi Jawa Barat,Kab. Bekasi,Rengasdengklok,602237
Provinsi Jawa Barat,Kab. Bekasi,BKPD Telukjambe,602239
Provinsi Jawa Barat,Kab. Bekasi,PT BPR TUGUHARTA,602241
Provinsi Jawa Barat,Kab. Bekasi,PT BPR ANEKADANA MANDIRI,602244
Provinsi Jawa Barat,Kab. Bekasi,PT BPR GHANESA MATRAARTHA,602246
Provinsi Jawa Barat,Kab. Bekasi,PT BPR WIRADANA RAHARJA,602248
Provinsi Jawa Barat,Kab. Bekasi,PT BPR MAKARTI MAKMUR,602252
Provinsi Jawa Barat,Kab. Bekasi,PT BPR KUMARA ABADI,602255
Provinsi Jawa Barat,Kab. Bekasi,PT BPR HAKIMAH,602263
Provinsi Jawa Barat,Kab. Bekasi,PT BPR BERLIAN DHANARTA,602266
Provinsi Jawa Barat,Kab. Bekasi,PT BPR MANDRADANA MANDIRI,602271
Provinsi Jawa Barat,Kab. Bekasi,PT BPR KARSA USAHA NIAGA JAYA,602273
Provinsi Jawa Barat,Kab. Bekasi,PT BPR CARAKARAHAYU LANGGENG,602274
Provinsi Jawa Barat,Kab. Bekasi,PT BPR GEBU MINSI UTAMA,602277
Provinsi Jawa Barat,Kab. Bekasi,PT BPR GRAHA PURNAMANDIRI,602279
Provinsi Jawa Barat,Kab. Bekasi,PT BPR DAYA PERPENSI,602280
Provinsi Jawa Barat,Kab. Bekasi,PT BPR Dion Sumber Dana,602286
Provinsi Jawa Barat,Kab. Bekasi,PT BPR Kandiarta Rejeki,602287
Provinsi Jawa Barat,Kab. Bekasi,PT BPR MUTIARA SEMESTA,602289
Provinsi Jawa Barat,Kab. Bekasi,PT BPR GEBU LUMBUNG ANDALAS,602290
Provinsi Jawa Barat,Kab. Bekasi,PT BPR Citra Rekadana,602291
Provinsi Jawa Barat,Kab. Bekasi,PT BPR BERLIAN INTIDANA,602292
Provinsi Jawa Barat,Kab. Bekasi,PT BPR SENTRAPRIMA INSANDANA,602293
Provinsi Jawa Barat,Kab. Bekasi,PT BPR BERLIAN PANCADANA,602296
Provinsi Jawa Barat,Kab. Bekasi,PT BPR GATRA ARTHA,602299
Provinsi Jawa Barat,Kab. Bekasi,PT BPR TIMOR ALFA DHANA,602350
Provinsi Jawa Barat,Kab. Bekasi,PT BPR JARI JAWA,602351
Provinsi Jawa Barat,Kab. Bekasi,PT BPR LAWANG MAKMUR,602363
Provinsi Jawa Barat,Kab. Bekasi,PT BPR SUMBER REJEKI LANCARJAYA,602367
Provinsi Jawa Barat,Kab. Bekasi,PT BPR HIDUP PROVITAMAS,602384
Provinsi Jawa Barat,Kab. Bekasi,PD BPR KURK KETAPANG,602405
Provinsi Jawa Barat,Kab. Bekasi,MAI BP ABDI ARTHA PEMBANGUNAN,602407
Provinsi Jawa Barat,Kab. Bekasi,KOP.BP NIAGA RAKYAT,602408
Provinsi Jawa Barat,Kab. Bekasi,PT BPR MITRA ARTHA NIAGA,602411
Provinsi Jawa Barat,Kab. Bekasi,PT BPR NUSAGRIYA ARTHAPARIPURNA,602412
Provinsi Jawa Barat,Kab. Bekasi,PT BPR DELTA SEJAHTERA MAKMUR,602413
Provinsi Jawa Barat,Kab. Bekasi,KOP BPR SUKODADI,602422
Provinsi Jawa Barat,Kab. Bekasi,PT BPR GAMANA KRIDABHAKTI,602426
Provinsi Jawa Barat,Kab. Bekasi,KOP BPR USAHA JAYA,602428
Provinsi Jawa Barat,Kab. Bekasi,PD BPR Banjar,602429
Provinsi Jawa Barat,Kab. Bekasi,PD BPR Banjarsari,602430
Provinsi Jawa Barat,Kab. Bekasi,PD BPR Ciamis Selatan,602431
Provinsi Jawa Barat,Kab. Bekasi,PD BPR Ciamis Utara,602432
Provinsi Jawa Barat,Kab. Bekasi,PD BPR Cigugur,602433
Provinsi Jawa Barat,Kab. Bekasi,PD BPR Cihaurbeuti,602434
Provinsi Jawa Barat,Kab. Bekasi,PD BPR Cijeungjing,602435
Provinsi Jawa Barat,Kab. Bekasi,PD BPR Cikoneng,602436
Provinsi Jawa Barat,Kab. Bekasi,PD BPR Cimaragas,602437
Provinsi Jawa Barat,Kab. Bekasi,PD BPR Cipaku,602439
Provinsi Jawa Barat,Kab. Bekasi,PD BPR Cisaga,602440
Provinsi Jawa Barat,Kab. Bekasi,PD BPR Kalipucang,602441
Provinsi Jawa Barat,Kab. Bekasi,PD BPR Kawali,602442
Provinsi Jawa Barat,Kab. Bekasi,PD BPR langkaplancar,602443
Provinsi Jawa Barat,Kab. Bekasi,PD BPR Pamarican,602444
Provinsi Jawa Barat,Kab. Bekasi,PD BPR Panawangan,602445
Provinsi Jawa Barat,Kab. Bekasi,PD BPR Padaherang,602446
Provinsi Jawa Barat,Kab. Bekasi,PD BPR Panjalu,602447
Provinsi Jawa Barat,Kab. Bekasi,PD BPR Parigi,602448
Provinsi Jawa Barat,Kab. Bekasi,PD BPR Pataruman,602449
Provinsi Jawa Barat,Kab. Bekasi,PD BPR Rajadesa,602450
Provinsi Jawa Barat,Kab. Bekasi,PD BPR Rancah,602451
Provinsi Jawa Barat,Kab. Bekasi,PT BPR ARTHA MASYARAKAT,602466
Provinsi Jawa Barat,Kab. Bekasi,PT Bank Perekonomian Rakyat Dana Karunia Sejahtera,602681
Provinsi Jawa Barat,Kab. Purwakarta,PT Bank Perekonomian Rakyat Nusamba Plered,600181
Provinsi Jawa Barat,Kab. Purwakarta,Perumda BPR Purwakarta,600285
Provinsi Jawa Barat,Kab. Purwakarta,PT BPR KHARISMABARKAH UTAMA,602218
Provinsi Jawa Barat,Kab. Purwakarta,PT BPR USWATUN HASANAH,602262
Provinsi Jawa Barat,Kab. Purwakarta,PT BPR CAPITANUSA CITRAGUNA,602268
Provinsi Jawa Barat,Kab. Purwakarta,PT BPR ERASKA MAKMOER,602276
Provinsi Jawa Barat,Kab. Purwakarta,PT BPR BEKASI MAKIN MAJU,602288
Provinsi Jawa Barat,Kab. Karawang,PT Bank Perekonomian Rakyat Pantura Abadi,600031
Provinsi Jawa Barat,Kab. Karawang,PT Bank Perekonomian Rakyat Sanggabuana Agung,600038
Provinsi Jawa Barat,Kab. Karawang,PT BPR Akar Budaya Dana Indonesia,600040
Provinsi Jawa Barat,Kab. Karawang,PT Bank Perekonomian Rakyat Gema Esamas Abadi,600074
Provinsi Jawa Barat,Kab. Karawang,PT Bank Perekonomian Rakyat Sayma Karya,600154
Provinsi Jawa Barat,Kab. Karawang,PT Bank Perekonomian Rakyat Hagati Wiradana Sejahtera,600157
Provinsi Jawa Barat,Kab. Karawang,PT Bank Perekonomian Rakyat Karawang Jabar (Perseroda),600160
Provinsi Jawa Barat,Kab. Karawang,PT Bank Perekonomian Rakyat Trisurya Tata Artha,600185
Provinsi Jawa Barat,Kab. Karawang,PT Bank Perekonomian Rakyat Saudarakita,601129
Provinsi Jawa Barat,Kab. Karawang,PT Bank Perekonomian Rakyat Setia Natapala,601232
Provinsi Jawa Barat,Kab. Karawang,PT. BPR Polin Jaya,601244
Provinsi Jawa Barat,Kab. Karawang,PT Bank Perekonomian Rakyat Bangun Mitrawadas,601276
Provinsi Jawa Barat,Kab. Karawang,PT. BPR Sumber Lumbanmual,601311
Provinsi Jawa Barat,Kab. Karawang,PT Bank Perekonomian Rakyat Nusantara Bona Pasogit Tiga Puluh Dua,602033
Provinsi Jawa Barat,Kab. Karawang,PT Bank Perekonomian Rakyat Laksana Luhurcilamaya,602045
Provinsi Jawa Barat,Kab. Karawang,PT BPR BUKIT ROMASA,602077
Provinsi Jawa Barat,Kab. Bogor,PT Bank Perekonomian Rakyat Multi Artha Bersama,600030
Provinsi Jawa Barat,Kab. Bogor,PT Bank Perekonomian Rakyat Dana Raya Jakarta,600072
Provinsi Jawa Barat,Kab. Bogor,Bank Perekonomian Rakyat Dana Mandiri Bogor,600077
Provinsi Jawa Barat,Kab. Bogor,PT Bank Perekonomian Rakyat Tentram Optimis Pusaka,600114
Provinsi Jawa Barat,Kab. Bogor,PT Bank Perekonomian Rakyat Artha Kurnia Raharja,600123
Provinsi Jawa Barat,Kab. Bogor,PT Bank Perekonomian Rakyat Indomitra Artha Pertiwi,600129
Provinsi Jawa Barat,Kab. Bogor,PT Bank Perekonomian Rakyat Sinar Mas Pelita,600189
Provinsi Jawa Barat,Kab. Bogor,PT. BPR Sebaru Sejahtera Lestari,600411
Provinsi Jawa Barat,Kab. Bogor,PT Bank Perekonomian Rakyat Bogor Jabar (Perseroda),600601
Provinsi Jawa Barat,Kab. Bogor,PD. BPR LPK Pancoran Mas,600602
Provinsi Jawa Barat,Kab. Bogor,PD. BPR LPK Leuwiliang,600604
Provinsi Jawa Barat,Kab. Bogor,PD. BPR LPK Citeureup,600606
Provinsi Jawa Barat,Kab. Bogor,PT Bank Perekonomian Rakyat Cileungsi Krida Sejahtera,601238
Provinsi Jawa Barat,Kab. Bogor,PT Bank Perekonomian Rakyat Nusantara Bona Pasogit Dua,601240
Provinsi Jawa Barat,Kab. Bogor,PT Bank Perekonomian Rakyat Datagita Mustika,601286
Provinsi Jawa Barat,Kab. Bogor,PT Bank Perekonomian Rakyat Mitra Daya Mandiri,601296
Provinsi Jawa Barat,Kab. Bogor,PT Bank Perekonomian Rakyat Surya Kencana,601303
Provinsi Jawa Barat,Kab. Bogor,PT Bank Perekonomian Rakyat Berfasi Raharja,601305
Provinsi Jawa Barat,Kab. Bogor,PT. BPR Hitamajaya Argamandiri,601468
Provinsi Jawa Barat,Kab. Bogor,PT Bank Perekonomian Rakyat Nusantara Bona Pasogit Empat Belas,601806
Provinsi Jawa Barat,Kab. Bogor,PT. BPR Nature Primadana Capital,601807
Provinsi Jawa Barat,Kab. Bogor,PT Bank Perekonomian Rakyat Artha Karya Sejahtera,602073
Provinsi Jawa Barat,Kab. Sukabumi,PT Bank Perekonomian Rakyat Nusamba Sukaraja,600182
Provinsi Jawa Barat,Kab. Sukabumi,PT Bank Perekonomian Rakyat Nusantara Bona Pasogit Sebelas,601342
Provinsi Jawa Barat,Kab. Sukabumi,PT Bank Perekonomian Rakyat Supra Artapersada,601359
Provinsi Jawa Barat,Kab. Sukabumi,PT Bank Perekonomian Rakyat Semesta Megadana,602050
Provinsi Jawa Barat,Kab. Cianjur,PT. BPR Cipanas Artha,600192
Provinsi Jawa Barat,Kab. Cianjur,PT Bank Perekonomian Rakyat Cianjur Jabar,600453
Provinsi Jawa Barat,Kab. Cianjur,PT Bank Perekonomian Rakyat Bumi Pendawa Raharja,601328
Provinsi Jawa Barat,Kab. Cianjur,PT Bank Perekonomian Rakyat Arta Gandhita,601332
Provinsi Jawa Barat,Kab. Cianjur,PT Bank Perekonomian Rakyat Nusa,601357
Provinsi Jawa Barat,Kab. Cianjur,PT Bank Perekonomian Rakyat Dana Pos,601889
Provinsi Jawa Barat,Kab. Cianjur,PT BPR ARTHABUMI CITRASATYA,602242
Provinsi Jawa Barat,Kab. Bandung,PT. BPR Kredit Mandiri Jabar,600179
Provinsi Jawa Barat,Kab. Bandung,PT Bank Perekonomian Rakyat Panjawan Mitra Usaha,600307
Provinsi Jawa Barat,Kab. Bandung,PT Bank Perekonomian Rakyat Muria Harta Nusantara,600402
Provinsi Jawa Barat,Kab. Bandung,PT Bank Perekonomian Rakyat Hayura Artalola,600406
Provinsi Jawa Barat,Kab. Bandung,PT Bank Perekonomian Rakyat Kertamulia,601333
Provinsi Jawa Barat,Kab. Bandung,PT. BPR Pangandaran,601336
Provinsi Jawa Barat,Kab. Bandung,PT Bank Perekonomian Rakyat Sarikusuma Surya,601354
Provinsi Jawa Barat,Kab. Bandung,PT Bank Perekonomian Rakyat Mitra Kanaka Santosa,601356
Provinsi Jawa Barat,Kab. Bandung,PT Bank Perekonomian Rakyat Jujur Arghadana,601358
Provinsi Jawa Barat,Kab. Bandung,PT Bank Perekonomian Rakyat Halden Prime,601361
Provinsi Jawa Barat,Kab. Bandung,PT Bank Perekonomian Rakyat Bandung Kidul,601366
Provinsi Jawa Barat,Kab. Bandung,PT BPR Nusantara Bona Pasogit 26,601798
Provinsi Jawa Barat,Kab. Bandung,PT Bank Perekonomian Rakyat Ukabima Lumbung Sejahtera,601890
Provinsi Jawa Barat,Kab. Bandung,PT BPR Brata Nusantara,601901
Provinsi Jawa Barat,Kab. Bandung,PT Bank Perekonomian Rakyat Baleendah Rahayu,601997
Provinsi Jawa Barat,Kab. Bandung,PT Bank Perekonomian Rakyat Jelita Arta,602012
Provinsi Jawa Barat,Kab. Bandung,PT Bank Perekonomian Rakyat Mitra Rukun Mandiri,602046
Provinsi Jawa Barat,Kab. Bandung,PT Bank Perekonomian Rakyat Nusantara Bona Pasogit Dua Puluh Tujuh,602048
Provinsi Jawa Barat,Kab. Bandung,PT BPR Nusantara Bona Pasogit 30,602056
Provinsi Jawa Barat,Kab. Bandung,PT Bank Perekonomian Rakyat Duta Artha Sejahtera,602567
Provinsi Jawa Barat,Kab. Bandung,PT Bank Perekonomian Rakyat Kerta Raharja Perseroda,602638
Provinsi Jawa Barat,Kab. Sumedang,PT Bank Perekonomian Rakyat Nusamba Tanjungsari,600183
Provinsi Jawa Barat,Kab. Sumedang,PT Bank Perekonomian Rakyat Tutur Ganda,601248
Provinsi Jawa Barat,Kab. Sumedang,PT Bank Perekonomian Rakyat Karpana Tasia,601796
Provinsi Jawa Barat,Kab. Sumedang,Perumda BPR Bank Sumedang,602627
Provinsi Jawa Barat,Kab. Tasikmalaya,PT Bank Perekonomian Rakyat Nusamba Singaparna,600301
Provinsi Jawa Barat,Kab. Tasikmalaya,PT Bank Perekonomian Rakyat Cipatujah Jawa Barat Perseroda,600409
Provinsi Jawa Barat,Kab. Tasikmalaya,PT. BPR Sahat Sentosa,601349
Provinsi Jawa Barat,Kab. Tasikmalaya,PT Bank Perekonomian Rakyat Mitra Kopjaya Mandiri,601364
Provinsi Jawa Barat,Kab. Tasikmalaya,PT. BPR Nusumma Singaparna,601810
Provinsi Jawa Barat,Kab. Tasikmalaya,PT Bank Perekonomian Rakyat Nusantara Bona Pasogit Tiga Puluh Satu,602047
Provinsi Jawa Barat,Kab. Tasikmalaya,PD. BPR Artha Sukapura,602665
Provinsi Jawa Barat,Kab. Tasikmalaya,PT Bank Perekonomian Rakyat Nusumma Jawa Barat,602761
Provinsi Jawa Barat,Kab. Garut,PT Bank Perekonomian Rakyat Intan Jabar,600437
Provinsi Jawa Barat,Kab. Garut,PT. BPR Mustika Permai,601339
Provinsi Jawa Barat,Kab. Garut,Perumda BPR Garut,602640
Provinsi Jawa Barat,Kab. Ciamis,PT. BPR Sehat Ekonomi,600221
Provinsi Jawa Barat,Kab. Ciamis,PT BPR Artha Galuh Mandiri Jawa Barat Perseroda,600319
Provinsi Jawa Barat,Kab. Ciamis,Perumda BPR Galuh Ciamis,600356
Provinsi Jawa Barat,Kab. Cirebon,PD. BPR Arjawinangun,600416
Provinsi Jawa Barat,Kab. Cirebon,PT Bank Perekonomian Rakyat Cirebon Jabar (Perseroda),600418
Provinsi Jawa Barat,Kab. Cirebon,PERUMDA Bank Perekonomian Rakyat Kabupaten Cirebon,600420
Provinsi Jawa Barat,Kab. Cirebon,PD. BPR Beber,600426
Provinsi Jawa Barat,Kab. Cirebon,PD. BPR Cirebon Barat,600438
Provinsi Jawa Barat,Kab. Cirebon,PD. BPR Cirebon Selatan,600440
Provinsi Jawa Barat,Kab. Cirebon,PD. BPR Cirebon Utara,600442
Provinsi Jawa Barat,Kab. Cirebon,PD. BPR Ciwaringin,600444
Provinsi Jawa Barat,Kab. Cirebon,PD. BPR Gegesik,600452
Provinsi Jawa Barat,Kab. Cirebon,PD. BPR Kapetakan,600470
Provinsi Jawa Barat,Kab. Cirebon,PD. BPR Karangsembung,600474
Provinsi Jawa Barat,Kab. Cirebon,PD. BPR Klangenan,600480
Provinsi Jawa Barat,Kab. Cirebon,PD. BPR Lemahabang,600488
Provinsi Jawa Barat,Kab. Cirebon,PD. BPR Palimanan,600504
Provinsi Jawa Barat,Kab. Cirebon,PD. BPR Plumbon,600506
Provinsi Jawa Barat,Kab. Cirebon,PD. BPR Sumber,600517
Provinsi Jawa Barat,Kab. Cirebon,PD. BPR Susukan,600520
Provinsi Jawa Barat,Kab. Cirebon,PD. BPR Waled,600523
Provinsi Jawa Barat,Kab. Cirebon,PD. BPR Weru,600525
Provinsi Jawa Barat,Kab. Cirebon,PT. BPR Dipon Sejahtera,601338
Provinsi Jawa Barat,Kab. Cirebon,PT Bank Perekonomian Rakyat Sahabat Sejati,601348
Provinsi Jawa Barat,Kab. Cirebon,PT. BPR Harapganda,601797
Provinsi Jawa Barat,Kab. Cirebon,PT Bank Perekonomian Rakyat Baldah Sentosa,602052
Provinsi Jawa Barat,Kab. Cirebon,PT Bank Perekonomian Rakyat Nusantara Bona Pasogit Dua Puluh Delapan,602058
Provinsi Jawa Barat,Kab. Kuningan,PD. BPR BKPD Kec. Ciawigebang,600428
Provinsi Jawa Barat,Kab. Kuningan,PERUMDA BPR Kuningan,600483
Provinsi Jawa Barat,Kab. Kuningan,PT Bank Perekonomian Rakyat Raksa Wacana Agri Purnama,601903
Provinsi Jawa Barat,Kab. Kuningan,PT Bank Perekonomian Rakyat Danatama Artha Kassiti,602674
Provinsi Jawa Barat,Kab. Indramayu,PT Bank Perekonomian Rakyat Mitra Harmoni Indramayu,600398
Provinsi Jawa Barat,Kab. Indramayu,PD. BPR Anjatan,600413
Provinsi Jawa Barat,Kab. Indramayu,PD. BPR LPK Cantigi Kulon,600419
Provinsi Jawa Barat,Kab. Indramayu,PD. BPR LPK Arahan Kidul,600421
Provinsi Jawa Barat,Kab. Indramayu,PD. BPR Bangodua,600422
Provinsi Jawa Barat,Kab. Indramayu,PD. BPR LPK Kroya,600423
Provinsi Jawa Barat,Kab. Indramayu,PD. BPR LPK Sukra,600425
Provinsi Jawa Barat,Kab. Indramayu,PD. BPR LPK Bongas,600427
Provinsi Jawa Barat,Kab. Indramayu,PT Bank Perekonomian Rakyat Indramayu Jabar (Perseroda),600429
Provinsi Jawa Barat,Kab. Indramayu,PD. BPR Cikedung,600433
Provinsi Jawa Barat,Kab. Indramayu,PD. BPR Gabuswetan,600448
Provinsi Jawa Barat,Kab. Indramayu,PD. BPR Haurgeulis,600454
Provinsi Jawa Barat,Kab. Indramayu,PD. BPR Juntinyuat,600462
Provinsi Jawa Barat,Kab. Indramayu,PD. BPR Kandanghaur,600468
Provinsi Jawa Barat,Kab. Indramayu,PD. BPR Karangampel,600472
Provinsi Jawa Barat,Kab. Indramayu,PD. BPR Kertasemaya,600478
Provinsi Jawa Barat,Kab. Indramayu,PD. BPR Krangkeng,600481
Provinsi Jawa Barat,Kab. Indramayu,PD. BPR Lohbener,600494
Provinsi Jawa Barat,Kab. Indramayu,PD. BPR Losarang,600496
Provinsi Jawa Barat,Kab. Indramayu,PD. BPR Sindang,600510
Provinsi Jawa Barat,Kab. Indramayu,PD. BPR Sliyeg,600512
Provinsi Jawa Barat,Kab. Indramayu,PD. BPR Widasari,600527
Provinsi Jawa Barat,Kab. Indramayu,PT Bank Perekonomian Rakyat Dana Agung Internusa,601341
Provinsi Jawa Barat,Kab. Indramayu,Perumda BPR Karya Remaja Indramayu,602702
Provinsi Jawa Barat,Kab. Majalengka,PD. BPR LPK Banjaran,600401
Provinsi Jawa Barat,Kab. Majalengka,PD. BPR LPK Cingambul,600403
Provinsi Jawa Barat,Kab. Majalengka,PD. BPR LPK Cigasong,600405
Provinsi Jawa Barat,Kab. Majalengka,PT BPR Majalengka Jabar (Perseroda),600407
Provinsi Jawa Barat,Kab. Majalengka,PERUMDA BPR Majalengka,600515
Provinsi Jawa Barat,Kab. Majalengka,PT. BPR Wahana Sentra Artha,600743
Provinsi Jawa Barat,Kab. Subang,PT BPR Nusumma Cisalak,600303
Provinsi Jawa Barat,Kab. Subang,PT. BPR Nauli Danaraya,600305
Provinsi Jawa Barat,Kab. Subang,PT Bank Perekonomian Rakyat Karyautama Jabar Perseroda,600324
Provinsi Jawa Barat,Kab. Subang,PT Bank Perekonomian Rakyat Gede Arthaguna,601254
Provinsi Jawa Barat,Kab. Subang,PT Bank Perekonomian Rakyat Markoni Saranajaya,601267
Provinsi Jawa Barat,Kab. Subang,PT Bank Perekonomian Rakyat Bangunarta,601331
Provinsi Jawa Barat,Kab. Subang,PT Bank Perekonomian Rakyat Nusantara Bona Pasogit Dua Puluh Sembilan,602057
Provinsi Jawa Barat,Kab. Subang,PT Bank Perekonomian Rakyat Subang Gemi Nastiti (Perseroda),602548
Provinsi Jawa Barat,Kab. Bandung Barat,PT Bank Perekonomian Rakyat Mulya Arta,600024
Provinsi Jawa Barat,Kab. Bandung Barat,PT Bank Perekonomian Rakyat Nehemia,600188
Provinsi Jawa Barat,Kab. Bandung Barat,PT Bank Perekonomian Rakyat Arthaguna Mandiri,600745
Provinsi Jawa Barat,Kab./Kota Lainnya - Provinsi Jawa Barat,PT BPR Kredit Mandiri Indonesia,600432
Provinsi Jawa Barat,Kota Bandung,PT Bank Perekonomian Rakyat Rheksa Berkah,600166
Provinsi Jawa Barat,Kota Bandung,Koperasi Jasa Bank Perekonomian Rakyat Tanjung Raya,600180
Provinsi Jawa Barat,Kota Bandung,KOPERASI JASA BANK PEREKONOMIAN RAKYAT BARA UJUNGBERUNG,600184
Provinsi Jawa Barat,Kota Bandung,PT Bank Perekonomian Rakyat Bina Sono Artha,600190
Provinsi Jawa Barat,Kota Bandung,PT Bank Perekonomian Rakyat Vima,600193
Provinsi Jawa Barat,Kota Bandung,PT Bank Perekonomian Rakyat Karyajatnika Sadaya,600311
Provinsi Jawa Barat,Kota Bandung,PT Bank Perekonomian Rakyat Bina Maju Usaha,600765
Provinsi Jawa Barat,Kota Bandung,PT Bank Perekonomian Rakyat Ratna Artha Pusaka,600806
Provinsi Jawa Barat,Kota Bandung,PT BPR Utama Kita Mandiri,600838
Provinsi Jawa Barat,Kota Bandung,PT Bank Perekonomian Rakyat Tata Asia,601268
Provinsi Jawa Barat,Kota Bandung,PT Bank Perekonomian Rakyat Artha Mitra Kencana,601284
Provinsi Jawa Barat,Kota Bandung,PT Bank Perekonomian Rakyat Artha Niaga Finatama,601326
Provinsi Jawa Barat,Kota Bandung,PT. BPR Kop. Jawa Barat,601327
Provinsi Jawa Barat,Kota Bandung,PT Bank Perekonomian Rakyat Nata Citraperdana,601329
Provinsi Jawa Barat,Kota Bandung,PT Bank Perekonomian Rakyat Permata Dhanawira,601340
Provinsi Jawa Barat,Kota Bandung,PT Bank Perekonomian Rakyat Mangun Pundiyasa,601343
Provinsi Jawa Barat,Kota Bandung,PT BPR Mutiara Artha Pratama,601344
Provinsi Jawa Barat,Kota Bandung,PT Bank Perekonomian Rakyat Parinama Simfoni Indonesia,601345
Provinsi Jawa Barat,Kota Bandung,PT Bank Perekonomian Rakyat Emasnusantara Sentosa,601346
Provinsi Jawa Barat,Kota Bandung,PT Bank Perekonomian Rakyat Lima Padma Mandiri,601347
Provinsi Jawa Barat,Kota Bandung,PT Bank Perekonomian Rakyat Mitra Parahyangan,601350
Provinsi Jawa Barat,Kota Bandung,PT Bank Perekonomian Rakyat Mulia Yuganta Indonesia,601351
Provinsi Jawa Barat,Kota Bandung,PT Bank Perekonomian Rakyat Mekar Adidana,601353
Provinsi Jawa Barat,Kota Bandung,PT Bank Perekonomian Rakyat Pundi Kencana Makmur,601363
Provinsi Jawa Barat,Kota Bandung,PT Bank Perekonomian Rakyat Sentral Investasi Prima,601791
Provinsi Jawa Barat,Kota Bandung,PT Bank Perekonomian Rakyat Karya Guna Mandiri,601891
Provinsi Jawa Barat,Kota Bandung,PT Bank Perekonomian Rakyat Citradana Rahayu,602000
Provinsi Jawa Barat,Kota Bandung,PT Bank Perekonomian Rakyat Gunadhana Mitrasembada,602051
Provinsi Jawa Barat,Kota Bandung,Perumda BPR Kota Bandung,602053
Provinsi Jawa Barat,Kota Bandung,PT Bank Perekonomian Rakyat Cemara Artha Pratama,602054
Provinsi Jawa Barat,Kota Bandung,PT Bank Perekonomian Rakyat Daya Lumbung Asia,602055
Provinsi Jawa Barat,Kota Bandung,PT Bank Perekonomian Rakyat Metro Asia Mandiri,602563
Provinsi Jawa Barat,Kota Bandung,PT Bank Perekonomian Rakyat Artha Karya Usaha,602612
Provinsi Jawa Barat,Kota Bogor,Perumda BPR Bank Kota Bogor,600019
Provinsi Jawa Barat,Kota Bogor,PT. BPR Sumber Ekonomi,600709
Provinsi Jawa Barat,Kota Bogor,PT Bank Perekonomian Rakyat Duta Pakuan Mandiri,601310
Provinsi Jawa Barat,Kota Bogor,PT. BPR Universal Jabar,601330
Provinsi Jawa Barat,Kota Bogor,PT Bank Perekonomian Rakyat Rama Ganda,601800
Provinsi Jawa Barat,Kota Bogor,PT. BPR Kujang Artha Sembada,601802
Provinsi Jawa Barat,Kota Bogor,PT BPR Supra Wahana Arta,602568
Provinsi Jawa Barat,Kota Sukabumi,Perumda BPR Kota Sukabumi,600176
Provinsi Jawa Barat,Kota Sukabumi,Perumda BPR Sukabumi,600271
Provinsi Jawa Barat,Kota Sukabumi,PT. BPR Bumitani Mandiri,600309
Provinsi Jawa Barat,Kota Cirebon,PT Bank Perekonomian Rakyat Artha Prima Inti,600097
Provinsi Jawa Barat,Kota Cirebon,PERUMDA BPR Bank Cirebon,600392
Provinsi Jawa Barat,Kota Cirebon,PT Bank Perekonomian Rakyat Triastra Sejahtera,600395
Provinsi Jawa Barat,Kota Cirebon,PT Bank Perekonomian Rakyat Arthia Sere,601360
Provinsi Jawa Barat,Kota Cirebon,PT Bank Perekonomian Rakyat Sumber Sibapudung,601365
Provinsi Jawa Barat,Kota Cirebon,PT Bank Perekonomian Rakyat Cahaya Fajar,602474
Provinsi Jawa Barat,Kota Tasikmalaya,PT. BPR Pola Dana,601337
Provinsi Jawa Barat,Kota Tasikmalaya,PT Bank Perekonomian Rakyat Banjar Arthasariguna,601352
Provinsi Jawa Barat,Kota Tasikmalaya,PT Bank Perekonomian Rakyat Artha Jaya Mandiri,602062
Provinsi Jawa Barat,Kota Tasikmalaya,PT Bank Perekonomian Rakyat Siliwangi Kota Tasikmalaya,602068
Provinsi Jawa Barat,Kota Tasikmalaya,PT Bank Perekonomian Rakyat Artha Galunggung Perseroda,602666
Provinsi Jawa Barat,Kota Cimahi,PT Bank Perekonomian Rakyat Tata Artha Sadaya,600134
Provinsi Jawa Barat,Kota Cimahi,PT Bank Perekonomian Rakyat Bumi Bandung Kencana,601335
Provinsi Jawa Barat,Kota Cimahi,PT BPR Kencana,601808
Provinsi Jawa Barat,Kota Cimahi,PT Bank Perekonomian Rakyat Danamasa Cimahi,601885
Provinsi Jawa Barat,Kota Depok,PT Bank Perekonomian Rakyat Hasamitra Jawa Barat,600005
Provinsi Jawa Barat,Kota Depok,PT Bank Perekonomian Rakyat Muliatama Dananjaya,600014
Provinsi Jawa Barat,Kota Depok,PT Bank Perekonomian Rakyat Cibitung Permai,600064
Provinsi Jawa Barat,Kota Depok,PT BPR Mega Karsa Mandiri,600073
Provinsi Jawa Barat,Kota Depok,PT Bank Perekonomian Rakyat Tridharma Depok,600080
Provinsi Jawa Barat,Kota Depok,PT. BPR Cinere Artha Raya,600100
Provinsi Jawa Barat,Kota Depok,PT Bank Perekonomian Rakyat Panca Dana,600119
Provinsi Jawa Barat,Kota Depok,PT Bank Perekonomian Rakyat Amara Madina Sejahtera,600147
Provinsi Jawa Barat,Kota Depok,PD. BPR LPK Sawangan,600599
Provinsi Jawa Barat,Kota Depok,PT BANK PEREKONOMIAN RAKYAT NARIBI PERKASA,601233
Provinsi Jawa Barat,Kota Depok,PT Bank Perekonomian Rakyat Danaberkah Lestari,601241
Provinsi Jawa Barat,Kota Depok,PT Bank Perekonomian Rakyat Artha Bersama,601245
Provinsi Jawa Barat,Kota Depok,PT Bank Perekonomian Rakyat Karunia,601246
Provinsi Jawa Barat,Kota Depok,PT Bank Perekonomian Rakyat Sukma Hitamajaya,601249
Provinsi Jawa Barat,Kota Depok,PT BANK PEREKONOMIAN RAKYAT BANTORU PERINTIS,601256
Provinsi Jawa Barat,Kota Depok,PT Bank Perekonomian Rakyat Difobutama,601258
Provinsi Jawa Barat,Kota Depok,PT Bank Perekonomian Rakyat Dana Lestari,601262
Provinsi Jawa Barat,Kota Depok,PT Bank Perekonomian Rakyat Xen,601314
Provinsi Jawa Barat,Kota Depok,PT Bank Perekonomian Rakyat Laksana Binacimanggis,601323
Provinsi Jawa Barat,Kota Depok,PT Bank Perekonomian Rakyat Arthaguna Sejahtera,601466
Provinsi Jawa Barat,Kota Depok,PT. BPR Daya Perdana Nusantara,601467
Provinsi Jawa Barat,Kota Depok,PT. BPR Efita Dana Sejahtera,601809
Provinsi Jawa Barat,Kota Depok,PT Bank Perekonomian Rakyat Tapeunadana,601977
Provinsi Jawa Barat,Kota Depok,PT BPR Fajar Artha Makmur,601996
Provinsi Jawa Barat,Kota Depok,PT BANK PEREKONOMIAN RAKYAT APTA SEJAHTERA,602003
Provinsi Jawa Barat,Kota Depok,PT Bank Perekonomian Rakyat Brata Bhakti Sejahtera,602004
Provinsi Jawa Barat,Kota Depok,PT Bank Perekonomian Rakyat Nusantara Bona Pasogit Sembilan Belas,602031
Provinsi Jawa Barat,Kota Bekasi,PT Bank Perekonomian Rakyat Siraya Karya Bakti,600016
Provinsi Jawa Barat,Kota Bekasi,PT Bank Perekonomian Rakyat Sinar Terang,600021
Provinsi Jawa Barat,Kota Bekasi,PT Bank Perekonomian Rakyat Pandanaran Jaya,600029
Provinsi Jawa Barat,Kota Bekasi,PT Bank Perekonomian Rakyat Bringin Dana Sejahtera,600032
Provinsi Jawa Barat,Kota Bekasi,PT Bank Perekonomian Rakyat Supradanamas,600042
Provinsi Jawa Barat,Kota Bekasi,PT Bank Perekonomian Rakyat Ana Artha,600053
Provinsi Jawa Barat,Kota Bekasi,PT Bank Perekonomian Rakyat Menaramas Mitra,600091
Provinsi Jawa Barat,Kota Bekasi,PT Bank Perekonomian Rakyat Dana Pensiun Taspen,600111
Provinsi Jawa Barat,Kota Bekasi,PT Bank Perekonomian Rakyat Ulima Djumpa Marom,600705
Provinsi Jawa Barat,Kota Bekasi,PT. BPR Lugano,600707
Provinsi Jawa Barat,Kota Bekasi,PT. BPR Multi Artha Mas Sejahtera,600869
Provinsi Jawa Barat,Kota Bekasi,PT Bank Perekonomian Rakyat Depo Mitra Mandiri,600926
Provinsi Jawa Barat,Kota Bekasi,PT BANK PEREKONOMIAN RAKYAT LESTARI JABAR,601231
Provinsi Jawa Barat,Kota Bekasi,PT. BPR Nasional Nusantara,601239
Provinsi Jawa Barat,Kota Bekasi,PT Bank Perekonomian Rakyat Citra Bersada Abadi,601252
Provinsi Jawa Barat,Kota Bekasi,PT. BPR Genades Putranindo,601255
Provinsi Jawa Barat,Kota Bekasi,PT Bank Perekonomian Rakyat Danasari Persada,601263
Provinsi Jawa Barat,Kota Bekasi,PT Bank Perekonomian Rakyat Karinamas Permai,601271
Provinsi Jawa Barat,Kota Bekasi,PT Bank Perekonomian Rakyat Aditama Arta,601272
Provinsi Jawa Barat,Kota Bekasi,PT Bank Perekonomian Rakyat Kranji Krida Sejahtera,601275
Provinsi Jawa Barat,Kota Bekasi,PT Bank Perekonomian Rakyat Alsaba Prima,601281
Provinsi Jawa Barat,Kota Bekasi,PT. BPR Arthasraya Sejahtera,601282
Provinsi Jawa Barat,Kota Bekasi,PT Bank Perekonomian Rakyat Mitra Sejahtera Lestari,601290
Provinsi Jawa Barat,Kota Bekasi,PT Bank Perekonomian Rakyat Hosing Jaya,601292
Provinsi Jawa Barat,Kota Bekasi,PT. BPR Bina Dian Citra,601298
Provinsi Jawa Barat,Kota Bekasi,PT Bank Perekonomian Rakyat Bekasi Binatanjung Makmur,601306
Provinsi Jawa Barat,Kota Bekasi,PT Bank Perekonomian Rakyat Varia Centralartha,601308
Provinsi Jawa Barat,Kota Bekasi,PT Bank Perekonomian Rakyat Arta Pundi Mekar,601309
Provinsi Jawa Barat,Kota Bekasi,PT Bank Perekonomian Rakyat Dian Faraqo Gemilang,601316
Provinsi Jawa Barat,Kota Bekasi,PT BANK PEREKONOMIAN RAKYAT BINTARA PRATAMA SEJAHTERA,601317
Provinsi Jawa Barat,Kota Bekasi,PT Bank Perekonomian Rakyat Sumber Artha Rahayu,601321
Provinsi Jawa Barat,Kota Bekasi,PT Bank Perekonomian Rakyat Mitra Ekonomi Andalas,601794
Provinsi Jawa Barat,Kota Bekasi,PT Bank Perekonomian Rakyat Danatama Indonesia,601805
Provinsi Jawa Barat,Kota Bekasi,PT Bank Perekonomian Rakyat Bangun Solusi Bersama,601883
Provinsi Jawa Barat,Kota Bekasi,PT. BPR Bumibekasi Artha,601905
Provinsi Jawa Barat,Kota Bekasi,PT Bank Perekonomian Rakyat Wingsati,602035
Provinsi Jawa Barat,Kota Bekasi,PT Bank Perekonomian Rakyat Karya Bakti Sejahtera,602591
Provinsi Jawa Barat,Kab. Pangandaran,Perumda BPR BKPD Cijulang,600332
Provinsi Jawa Barat,Kab. Pangandaran,Perumda BPR BKPD Pangandaran,600369
Provinsi Banten,Kab. Lebak,PD. BPR LPK Malingping,600607
Provinsi Banten,Kab. Lebak,PT BPR Lebak Sejahtera,600609
Provinsi Banten,Kab. Lebak,PD. BPR LPK Cipanas,600611
Provinsi Banten,Kab. Pandeglang,PT Bank Perekonomian Rakyat Amal Bhakti Sejahtera,600050
Provinsi Banten,Kab. Pandeglang,PT BPR Berkah (Perseroda),600613
Provinsi Banten,Kab. Serang,PT Bank Perekonomian Rakyat Serang (Perseroda),600343
Provinsi Banten,Kab. Serang,PT BANK PEREKONOMIAN RAKYAT LAMBANG GANDA,601362
Provinsi Banten,Kab. Tangerang,PT Bank Perekonomian Rakyat Marcorindo Perdana,600020
Provinsi Banten,Kab. Tangerang,PT Bank Perekonomian Rakyat Pusaka Dana,600035
Provinsi Banten,Kab. Tangerang,PT Bank Perekonomian Rakyat Ragam Peranmandiri,600047
Provinsi Banten,Kab. Tangerang,PT. BPR Lestari Banten,600079
Provinsi Banten,Kab. Tangerang,PT Bank Perekonomian Rakyat Aneka Danaraya,600082
Provinsi Banten,Kab. Tangerang,PT Bank Perekonomian Rakyat Gitamakmur Utama,600093
Provinsi Banten,Kab. Tangerang,PT BPR Sisibahari Dana,600101
Provinsi Banten,Kab. Tangerang,PT. BPR Matahari Artadaya,600106
Provinsi Banten,Kab. Tangerang,PT Bank Perekonomian Rakyat Kemuning Mitra Cemerlang,600144
Provinsi Banten,Kab. Tangerang,PT. BPR Makmur Merata,600152
Provinsi Banten,Kab. Tangerang,PT BPR EDCCASH,600266
Provinsi Banten,Kab. Tangerang,PT Bank Perekonomian Rakyat Kuta Bumi Sidomukti,600414
Provinsi Banten,Kab. Tangerang,PT. BPR Fidusia Civitas,601259
Provinsi Banten,Kab. Tangerang,PT Bank Perekonomian Rakyat Dassa,601261
Provinsi Banten,Kab. Tangerang,PT Bank Perekonomian Rakyat Cahaya Arthasejati,601265
Provinsi Banten,Kab. Tangerang,PT Bank Perekonomian Rakyat Vinski Mukti Arta,601295
Provinsi Banten,Kab. Tangerang,PT. BPR Cita Makmur Lestari,601304
Provinsi Banten,Kab. Tangerang,PT BPR Mandiri Berkarya Sentosa,601789
Provinsi Banten,Kab. Tangerang,PT Bank Perekonomian Rakyat Muara Sumber Dana,601899
Provinsi Banten,Kab. Tangerang,PT Bank Perekonomian Rakyat Prima Kredit Mandiri,601902
Provinsi Banten,Kab. Tangerang,PT Bank Perekonomian Rakyat Karya Prima Sentosa,602049
Provinsi Banten,Kab. Tangerang,PT BPR Surya Prima Persada,602063
Provinsi Banten,Kab. Tangerang,PT BPR ZAKA MITRA,602079
Provinsi Banten,Kab. Tangerang,PT Bank Perekonomian Rakyat Kerta Raharja Gemilang (Perseroda),602577
Provinsi Banten,Kab. Tangerang,PT Bank Perekonomian Rakyat Athena Surya Prima,602637
Provinsi Banten,Kota Cilegon,PT Bank Perekonomian Rakyat Lumbung Mekar Fortuna,600066
Provinsi Banten,Kota Cilegon,PT Bank Perekonomian Rakyat Laksana Binacilegon,601322
Provinsi Banten,Kota Cilegon,PT. BPR Cakra Dharma Arthamandiri,601790
Provinsi Banten,Kota Tangerang,PT. BPR Dana Niaga,600085
Provinsi Banten,Kota Tangerang,Bank Perekonomian Rakyat Hariarta Sedana,600089
Provinsi Banten,Kota Tangerang,PT Bank Perekonomian Rakyat Ragasakti,600313
Provinsi Banten,Kota Tangerang,PT Bank Perekonomian Rakyat Darbeni Rizki,600316
Provinsi Banten,Kota Tangerang,BANK PEREKONOMIAN RAKYAT MAHKOTA ARTHA SEJAHTERA,600408
Provinsi Banten,Kota Tangerang,PT BANK PEREKONOMIAN RAKYAT MITRA NATAPALA,601143
Provinsi Banten,Kota Tangerang,PT Bank Perekonomian Rakyat Pinang Artha,601144
Provinsi Banten,Kota Tangerang,Bank Perekonomian Rakyat Ciledug Dhana Semesta,601145
Provinsi Banten,Kota Tangerang,PT Bank Perekonomian Rakyat Niaga Mandiri,601243
Provinsi Banten,Kota Tangerang,PT. BPR Multi Paramindo Abadi,601251
Provinsi Banten,Kota Tangerang,PT. BPR Timika Dinamika Sarana,601277
Provinsi Banten,Kota Tangerang,PT Bank Perekonomian Rakyat Interskala Mandiri Sejahtera,601287
Provinsi Banten,Kota Tangerang,PT BPR ARTA JAKARTA,601291
Provinsi Banten,Kota Tangerang,PT Bank Perekonomian Rakyat Kreo Lestari,601293
Provinsi Banten,Kota Tangerang,PT Bank Perekonomian Rakyat Artadamas Mandiri,601299
Provinsi Banten,Kota Tangerang,PT Bank Perekonomian Rakyat Rifi Maligi,601300
Provinsi Banten,Kota Tangerang,PT BANK PEREKONOMIAN RAKYAT BUMIDHANA,601312
Provinsi Banten,Kota Tangerang,PT. BPR Lumasindo Perkasa Putra,601318
Provinsi Banten,Kota Tangerang,PT BPR BERLIAN SEJATI,602078
Provinsi Banten,Kota Tangerang,PT BPR PALAPA NUSARAYA,602080
Provinsi Banten,Kota Tangerang,PT Bank Perekonomian Rakyat Magga Jaya Utama,602469
Provinsi Banten,Kota Tangerang,PT BPR Vox Modern Danamitra,602603
Provinsi Banten,Kota Tangerang Selatan,PT Bank Perekonomian Rakyat Berkat Artha Melimpah,600009
Provinsi Banten,Kota Tangerang Selatan,PT Bank Perekonomian Rakyat Akasia Mas,600017
Provinsi Banten,Kota Tangerang Selatan,PT Bank Perekonomian Rakyat Universal,600062
Provinsi Banten,Kota Tangerang Selatan,PT Bank Perekonomian Rakyat Artha Jaya Natapala,600127
Provinsi Banten,Kota Tangerang Selatan,PT BPR Bintang Ekonomi Sejahtera,600150
Provinsi Banten,Kota Tangerang Selatan,PT Bank Perekonomian Rakyat Rizky Barokah,600239
Provinsi Banten,Kota Tangerang Selatan,PT BANK PEREKONOMIAN RAKYAT MARENSABANK,601234
Provinsi Banten,Kota Tangerang Selatan,PT Bank Perekonomian Rakyat Nusantara Bona Pasogit Dua Belas,601280
Provinsi Banten,Kota Tangerang Selatan,PT Bank Perekonomian Rakyat Central Artha Rezeki,601285
Provinsi Banten,Kota Tangerang Selatan,PT Bank Perekonomian Rakyat Sehat Sejahtera,601301
Provinsi Banten,Kota Tangerang Selatan,PT Bank Perekonomian Rakyat Laksana Lestariserpong,601325
Provinsi Banten,Kota Tangerang Selatan,PT. BPR Makmur Artha Sedaya,601803
Provinsi Banten,Kota Tangerang Selatan,PT BPR Luna Sinar Indonesia,601887
Provinsi Banten,Kota Tangerang Selatan,PT Bank Perekonomian Rakyat Prima Sejahtera,602706
Provinsi DKI Jakarta,Wil. Kota Jakarta Pusat,PT Bank Perekonomian Rakyat Dana Usaha,600010
Provinsi DKI Jakarta,Wil. Kota Jakarta Pusat,PT Bank Perekonomian Rakyat Daya Arta,600012
Provinsi DKI Jakarta,Wil. Kota Jakarta Pusat,PT Bank Perekonomian Rakyat Koperindo Jaya,600026
Provinsi DKI Jakarta,Wil. Kota Jakarta Pusat,PT Bank Perekonomian Rakyat Multi Sembada Dana,600048
Provinsi DKI Jakarta,Wil. Kota Jakarta Pusat,PT Bank Perekonomian Rakyat Bank Sinpo,600278
Provinsi DKI Jakarta,Wil. Kota Jakarta Pusat,PT Bank Perekonomian Rakyat Mitra Dana Utama,600768
Provinsi DKI Jakarta,Wil. Kota Jakarta Pusat,PT Bank Perekonomian Rakyat Kartini,600822
Provinsi DKI Jakarta,Wil. Kota Jakarta Pusat,PT Bank Perekonomian Rakyat Banksar Dana Loka,600843
Provinsi DKI Jakarta,Wil. Kota Jakarta Pusat,PT Bank Perekonomian Rakyat Bahana Ekonomi Sentosa,600906
Provinsi DKI Jakarta,Wil. Kota Jakarta Pusat,PT Bank Perekonomian Rakyat Brilian Investama,601247
Provinsi DKI Jakarta,Wil. Kota Jakarta Pusat,PT Bank Perekonomian Rakyat Sarana Utama Multidana,601260
Provinsi DKI Jakarta,Wil. Kota Jakarta Pusat,PT Bank Perekonomian Rakyat Artharindo,601270
Provinsi DKI Jakarta,Wil. Kota Jakarta Pusat,PT Bank Perekonomian Rakyat Gamon,601302
Provinsi DKI Jakarta,Wil. Kota Jakarta Pusat,PT Bank Perekonomian Rakyat Bahtera Masyarakat,601999
Provinsi DKI Jakarta,Wil. Kota Jakarta Pusat,PT Bank Perekonomian Rakyat Rasyid,602606
Provinsi DKI Jakarta,Wil. Kota Jakarta Utara,PT Bank Perekonomian Rakyat Olympindo Sejahtera,600816
Provinsi DKI Jakarta,Wil. Kota Jakarta Utara,PT Bank Perekonomian Rakyat Lesca Dana Jakarta,601283
Provinsi DKI Jakarta,Wil. Kota Jakarta Utara,PT Bank Perekonomian Rakyat Wongso Dana Prima,601769
Provinsi DKI Jakarta,Wil. Kota Jakarta Utara,PT Bank Perekonomian Rakyat Tata Karya Indonesia,602576
Provinsi DKI Jakarta,Wil. Kota Jakarta Utara,PT Bank Perekonomian Rakyat Bina Dana Cakrawala,602580
Provinsi DKI Jakarta,Wil. Kota Jakarta Barat,PT Bank Perekonomian Rakyat Puspita Sari,600037
Provinsi DKI Jakarta,Wil. Kota Jakarta Barat,PT Bank Perekonomian Rakyat Lestari Jakarta,601266
Provinsi DKI Jakarta,Wil. Kota Jakarta Barat,PT Bank Perekonomian Rakyat Anugerah Artasentosa Prima,601792
Provinsi DKI Jakarta,Wil. Kota Jakarta Selatan,PT. BPR Pesona Letris Pratama,600008
Provinsi DKI Jakarta,Wil. Kota Jakarta Selatan,PT Bank Perekonomian Rakyat Bina Dana Swadaya,600044
Provinsi DKI Jakarta,Wil. Kota Jakarta Selatan,PT Bank Perekonomian Rakyat Intidana Sukses Makmur,600845
Provinsi DKI Jakarta,Wil. Kota Jakarta Selatan,PT. BPR Nova Trijaya,600861
Provinsi DKI Jakarta,Wil. Kota Jakarta Selatan,PT Bank Perekonomian Rakyat Artatama Sejahtera,601133
Provinsi DKI Jakarta,Wil. Kota Jakarta Selatan,PT BPR Nova Trijaya,602281
Provinsi DKI Jakarta,Wil. Kota Jakarta Timur,PT Bank Perekonomian Rakyat Metropolitan Putra,600068
Provinsi DKI Jakarta,Wil. Kota Jakarta Timur,PT Bank Perekonomian Rakyat Haneda Mitra Usaha,600903
Provinsi DKI Jakarta,Wil. Kota Jakarta Timur,PT Bank Perekonomian Rakyat Dana Mitra Indonesia,602717
Provinsi D.I. Yogyakarta,Kab. Bantul,PT Bank Perekonomian Rakyat Nusantara Artha Makmur,600004
Provinsi D.I. Yogyakarta,Kab. Bantul,PT Bank Perekonomian Rakyat Kurnia Sewon,600051
Provinsi D.I. Yogyakarta,Kab. Bantul,PT Bank Perekonomian Rakyat Bank Bantul (Perseroda),600719
Provinsi D.I. Yogyakarta,Kab. Bantul,PT Bank Perekonomian Rakyat Nusamba Banguntapan,600734
Provinsi D.I. Yogyakarta,Kab. Bantul,PT Bank Perekonomian Rakyat Profidana Paramitra,600738
Provinsi D.I. Yogyakarta,Kab. Bantul,PT. BPR Arga Tata,600742
Provinsi D.I. Yogyakarta,Kab. Bantul,PT Bank Perekonomian Rakyat Artha Parama,601386
Provinsi D.I. Yogyakarta,Kab. Bantul,PT Bank Perekonomian Rakyat Lestari Jogja,601415
Provinsi D.I. Yogyakarta,Kab. Bantul,PT Bank Perekonomian Rakyat Ambarketawang Persada,601447
Provinsi D.I. Yogyakarta,Kab. Bantul,PT Bank Perekonomian Rakyat Kartikaartha Kencanajaya,601452
Provinsi D.I. Yogyakarta,Kab. Bantul,PT BPR Swadharma Artha Nusa,601895
Provinsi D.I. Yogyakarta,Kab. Bantul,PT BPR Sejahtera Arthatama Mandiri,601896
Provinsi D.I. Yogyakarta,Kab. Bantul,PT Bank Perekonomian Rakyat Arum Mandiri Kenanga,601981
Provinsi D.I. Yogyakarta,Kab. Bantul,PT Bank Perekonomian Rakyat Chandra Muktiartha,602043
Provinsi D.I. Yogyakarta,Kab. Sleman,PT Bank Perekonomian Rakyat Universitas Gadjah Mada,600153
Provinsi D.I. Yogyakarta,Kab. Sleman,PT Bank Perekonomian Rakyat Bhakti Daya Ekonomi,600715
Provinsi D.I. Yogyakarta,Kab. Sleman,PT Bank Perekonomian Rakyat Bank Sleman (Perseroda),600725
Provinsi D.I. Yogyakarta,Kab. Sleman,PT Bank Perekonomian Rakyat Shinta Daya,600731
Provinsi D.I. Yogyakarta,Kab. Sleman,PT Bank Perekonomian Rakyat Natasha Bintang Anugrah,600737
Provinsi D.I. Yogyakarta,Kab. Sleman,PT. BPR Danagung Bakti,600739
Provinsi D.I. Yogyakarta,Kab. Sleman,PT Bank Perekonomian Rakyat Nusumma Jogja,600740
Provinsi D.I. Yogyakarta,Kab. Sleman,PT Bank Perekonomian Rakyat Wijaya Mulya Sentosa,600744
Provinsi D.I. Yogyakarta,Kab. Sleman,PT Bank Perekonomian Rakyat Bhumikarya Pala,600746
Provinsi D.I. Yogyakarta,Kab. Sleman,PT Bank Perekonomian Rakyat Danagung,600748
Provinsi D.I. Yogyakarta,Kab. Sleman,PT. BPR Restu Mandiri Makmur,600750
Provinsi D.I. Yogyakarta,Kab. Sleman,PT. BPR Danagung Abadi,600825
Provinsi D.I. Yogyakarta,Kab. Sleman,PT Bank Perekonomian Rakyat Artajaya Bhaktimulia,601373
Provinsi D.I. Yogyakarta,Kab. Sleman,PT Bank Perekonomian Rakyat Berlian Bumi Arta,601380
Provinsi D.I. Yogyakarta,Kab. Sleman,PT Bank Perekonomian Rakyat Arta Agung Yogyakarta,601383
Provinsi D.I. Yogyakarta,Kab. Sleman,PT Bank Perekonomian Rakyat Dana Berkah Pusakatama,601387
Provinsi D.I. Yogyakarta,Kab. Sleman,PT Bank Perekonomian Rakyat Suriyah Yogyakarta,601408
Provinsi D.I. Yogyakarta,Kab. Sleman,PT Bank Perekonomian Rakyat Gampingartha Raya,601419
Provinsi D.I. Yogyakarta,Kab. Sleman,PT Bank Perekonomian Rakyat Mlatipundi Artha,601426
Provinsi D.I. Yogyakarta,Kab. Sleman,PT Bank Perekonomian Rakyat Alto Makmur,601431
Provinsi D.I. Yogyakarta,Kab. Sleman,PT. BPR Arta Yogyakarta,601433
Provinsi D.I. Yogyakarta,Kab. Sleman,PT Bank Perekonomian Rakyat Artha Mlatiindah,601435
Provinsi D.I. Yogyakarta,Kab. Sleman,PT Bank Perekonomian Rakyat Danamas Prima,601436
Provinsi D.I. Yogyakarta,Kab. Sleman,PT Bank Perekonomian Rakyat Karangwaru,601898
Provinsi D.I. Yogyakarta,Kab. Sleman,PT Bank Perekonomian Rakyat Panca Arta Monjali,601979
Provinsi D.I. Yogyakarta,Kab. Sleman,PT Bank Perekonomian Rakyat Artha Sumber Arum,601983
Provinsi D.I. Yogyakarta,Kab. Sleman,PT Bank Perekonomian Rakyat Bank Mulya Sejahtera,602044
Provinsi D.I. Yogyakarta,Kab. Sleman,PT BPR Restu Artha Yogyakarta,602756
Provinsi D.I. Yogyakarta,Kab. Gunung Kidul,PT Bank Perekonomian Rakyat Ukabima Nindya Raharja,600090
Provinsi D.I. Yogyakarta,Kab. Gunung Kidul,PT Bank Perekonomian Rakyat Bank Daerah Gunungkidul (Perseroda),600721
Provinsi D.I. Yogyakarta,Kab. Gunung Kidul,PT. BPR Agra Arthaka Mulya,601980
Provinsi D.I. Yogyakarta,Kab. Gunung Kidul,PT Bank Perekonomian Rakyat Arum Mandiri Melati,601982
Provinsi D.I. Yogyakarta,Kab. Kulon Progo,PT Bank Perekonomian Rakyat Bank Shinta Putra,600003
Provinsi D.I. Yogyakarta,Kab. Kulon Progo,PT Bank Perekonomian Rakyat Bank Kulon Progo (Perseroda),600723
Provinsi D.I. Yogyakarta,Kab. Kulon Progo,PT Bank Perekonomian Rakyat Nusamba Temon,600736
Provinsi D.I. Yogyakarta,Kota Yogyakarta,PT Bank Perekonomian Rakyat Madani Sejahtera Abadi,600717
Provinsi D.I. Yogyakarta,Kota Yogyakarta,PT Bank Perekonomian Rakyat Bank Jogja (Perseroda),600727
Provinsi D.I. Yogyakarta,Kota Yogyakarta,PT Bank Perekonomian Rakyat Lestari Darmo Mulyo,600729
Provinsi D.I. Yogyakarta,Kota Yogyakarta,PT Bank Perekonomian Rakyat Artha Berkah Cemerlang,602462
Provinsi D.I. Yogyakarta,Kota Yogyakarta,PT Bank Perekonomian Rakyat Walet Jaya Abadi,602471
Provinsi D.I. Yogyakarta,Kota Yogyakarta,PT Bank Perekonomian Rakyat Mataram Mitra Manunggal,602556
Provinsi Jawa Tengah,Kab. Semarang,PT Bank Perekonomian Rakyat Klepu Mitra Kencana,600151
Provinsi Jawa Tengah,Kab. Semarang,PT Bank Perekonomian Rakyat Inti Ambarawa Sejahtera,600577
Provinsi Jawa Tengah,Kab. Semarang,PT. BPR Ambarawa Persada,600579
Provinsi Jawa Tengah,Kab. Semarang,PT Bank Perekonomian Rakyat Dana Mitra Sentosa,600635
Provinsi Jawa Tengah,Kab. Semarang,PT Bank Perekonomian Rakyat Mitra Mulia Persada,600778
Provinsi Jawa Tengah,Kab. Semarang,PT Bank Perekonomian Rakyat Argo Dana Artha,600779
Provinsi Jawa Tengah,Kab. Semarang,PT Bank Perekonomian Rakyat Mekar Nugraha,601385
Provinsi Jawa Tengah,Kab. Semarang,PT. BPR Hartasarana,601421
Provinsi Jawa Tengah,Kab. Semarang,PT. BPR Restu Klepu Makmur,601459
Provinsi Jawa Tengah,Kab. Semarang,PT BPR BKK Ungaran (Perseroda),601534
Provinsi Jawa Tengah,Kab. Semarang,PT Bank Perekonomian Rakyat Persada Ganda,601542
Provinsi Jawa Tengah,Kab. Semarang,PT BPR Satria Pertiwi Semarang,602032
Provinsi Jawa Tengah,Kab. Semarang,PT BPR Pratama Dana Abadi,602704
Provinsi Jawa Tengah,Kab. Kendal,PT BPR Citra Artha Nusa,600023
Provinsi Jawa Tengah,Kab. Kendal,PT Bank Perekonomian Rakyat Citra Darian,600531
Provinsi Jawa Tengah,Kab. Kendal,PT BPR Kendali Artha (Perseroda),600545
Provinsi Jawa Tengah,Kab. Kendal,PT. BPR Pasar Boja,600565
Provinsi Jawa Tengah,Kab. Kendal,PT. BPR Nusamba Cepiring,600569
Provinsi Jawa Tengah,Kab. Kendal,PT Bank Perekonomian Rakyat Weleri Jayapersada,600575
Provinsi Jawa Tengah,Kab. Kendal,PT. BPR Dhanatani Cepiring,600603
Provinsi Jawa Tengah,Kab. Kendal,PT Bank Perekonomian Rakyat Artha Kaliwungu,600627
Provinsi Jawa Tengah,Kab. Kendal,PT BPR Arthama Cerah Weleri,600629
Provinsi Jawa Tengah,Kab. Kendal,PT Bank Perekonomian Rakyat Anugerah Harta Kaliwungu,600789
Provinsi Jawa Tengah,Kab. Kendal,PT BPR BKK Kendal (Perseroda),601533
Provinsi Jawa Tengah,Kab. Kendal,PT Bank Perekonomian Rakyat Enggal Makmur Adi Santoso,601543
Provinsi Jawa Tengah,Kab. Demak,PT. BPR Wahana Artha Maju,600025
Provinsi Jawa Tengah,Kab. Demak,PT. BPR Restu Mranggen Makmur,600581
Provinsi Jawa Tengah,Kab. Demak,PT Bank Perekonomian Rakyat Arthanugraha Makmursejahtera,600587
Provinsi Jawa Tengah,Kab. Demak,PT Bank Perekonomian Rakyat Artha Mranggenjaya,600600
Provinsi Jawa Tengah,Kab. Demak,PT Bank Perekonomian Rakyat Artamas,600636
Provinsi Jawa Tengah,Kab. Demak,PT Bank Perekonomian Rakyat Mranggen Mitra Persada,601367
Provinsi Jawa Tengah,Kab. Demak,PT Bank Perekonomian Rakyat BKK Demak Perseroda,601541
Provinsi Jawa Tengah,Kab. Grobogan,PT BPR Wirosari Ijo,600102
Provinsi Jawa Tengah,Kab. Grobogan,PT Bank Perekonomian Rakyat Semeru,600541
Provinsi Jawa Tengah,Kab. Grobogan,PT Bank Perekonomian Rakyat Bank Purwa Artha (Perseroda),601410
Provinsi Jawa Tengah,Kab. Grobogan,PT BPR BKK Purwodadi (Perseroda),601519
Provinsi Jawa Tengah,Kab. Pekalongan,PT Bank Perekonomian Rakyat Sejahtera Artha Sembada,600060
Provinsi Jawa Tengah,Kab. Pekalongan,PT Bank Perekonomian Rakyat BKK Kabupaten Pekalongan (Perseroda),601552
Provinsi Jawa Tengah,Kab. Tegal,PT Bank Perekonomian Rakyat Bumi Sediaguna,600638
Provinsi Jawa Tengah,Kab. Tegal,PT Bank Perekonomian Rakyat Bank Tegal (Perseroda),600641
Provinsi Jawa Tengah,Kab. Tegal,PT Bank Perekonomian Rakyat Nusamba Adiwerna,600645
Provinsi Jawa Tengah,Kab. Tegal,PT Bank Perekonomian Rakyat Sahabat Tata,600648
Provinsi Jawa Tengah,Kab. Tegal,PT Bank Perekonomian Rakyat Nusumma Jateng,600650
Provinsi Jawa Tengah,Kab. Tegal,PT Bank Perekonomian Rakyat Mega Artha Mustika,600762
Provinsi Jawa Tengah,Kab. Tegal,PT Bank Perekonomian Rakyat Artha Kramat,601388
Provinsi Jawa Tengah,Kab. Tegal,PT Bank Perekonomian Rakyat Aris Mentari Ayu,601442
Provinsi Jawa Tengah,Kab. Tegal,PT Bank Perekonomian Rakyat Dhana Adiwerna,601446
Provinsi Jawa Tengah,Kab. Tegal,PT Bank Perekonomian Rakyat Arthapuspa Mega,601472
Provinsi Jawa Tengah,Kab. Tegal,PT Bank Perekonomian Rakyat BKK Kabupaten Tegal (Perseroda),601564
Provinsi Jawa Tengah,Kab. Brebes,PT Bank Perekonomian Rakyat BKK Banjarharjo (Perseroda),600540
Provinsi Jawa Tengah,Kab. Brebes,PT Bank Perekonomian Rakyat Bank Brebes (Perseroda),600639
Provinsi Jawa Tengah,Kab. Brebes,PT Bank Perekonomian Rakyat Bumiayu Bangun Citra,601401
Provinsi Jawa Tengah,Kab. Brebes,PT. BPR Jatibarang Sediaguna,601444
Provinsi Jawa Tengah,Kab. Brebes,PT Bank Perekonomian Rakyat Arisma Mandiri,602468
Provinsi Jawa Tengah,Kab. Brebes,PT Bank Perekonomian Rakyat Muhadi Setia Budi,602751
Provinsi Jawa Tengah,Kab. Pati,PT. BPR Artaperdana Delta Sentosa,600071
Provinsi Jawa Tengah,Kab. Pati,PT Bank Perekonomian Rakyat Artha Huda Abadi,600088
Provinsi Jawa Tengah,Kab. Pati,Koperasi Bank Perekonomian Rakyat Wedariyaksa,600583
Provinsi Jawa Tengah,Kab. Pati,PT BPR Tayu Dutapersada,600585
Provinsi Jawa Tengah,Kab. Pati,PT Bank Perekonomian Rakyat Mitra Pati Mandiri,601441
Provinsi Jawa Tengah,Kab. Pati,PT Bank Perekonomian Rakyat Asabahana Sejahtera,601458
Provinsi Jawa Tengah,Kab. Pati,PT. BPR Juwana Artha Sentosa,601460
Provinsi Jawa Tengah,Kab. Pati,PT BPR BKK Pati ( Perseroda ),601507
Provinsi Jawa Tengah,Kab. Pati,PT Bank Perekonomian Rakyat Sungkunandhana,601685
Provinsi Jawa Tengah,Kab. Pati,PT Bank Perekonomian Rakyat Bank Daerah Pati (Perseroda),601879
Provinsi Jawa Tengah,Kab. Pati,PT. BPR Kusuma Arta Rini,602071
Provinsi Jawa Tengah,Kab. Kudus,PT Bank Perekonomian Rakyat Bank Daerah Kudus (Perseroda),600547
Provinsi Jawa Tengah,Kab. Kudus,PT Bank Perekonomian Rakyat Catur Artha Jaya,600875
Provinsi Jawa Tengah,Kab. Kudus,PT BPR Dananta,601411
Provinsi Jawa Tengah,Kab. Kudus,PT Bank Perekonomian Rakyat Mitra Budikusuma Mandiri,601420
Provinsi Jawa Tengah,Kab. Kudus,PT Bank Perekonomian Rakyat Taruna Adidaya Santosa,601454
Provinsi Jawa Tengah,Kab. Kudus,PT. BPR Hartha Muriatama,601455
Provinsi Jawa Tengah,Kab. Kudus,PT BPR BKK Kudus (Perseroda),601505
Provinsi Jawa Tengah,Kab. Pemalang,PT Bank Perekonomian Rakyat Panasayu Arthalayan Sejahtera,600015
Provinsi Jawa Tengah,Kab. Pemalang,PT Bank Perekonomian Rakyat Bank Pemalang (Perseroda),600640
Provinsi Jawa Tengah,Kab. Pemalang,PT Bank Perekonomian Rakyat Hidup Artha Putra,601384
Provinsi Jawa Tengah,Kab. Pemalang,PT Bank Perekonomian Rakyat BKK Taman (Perseroda),601570
Provinsi Jawa Tengah,Kab. Jepara,PT BPR Bank Jepara Artha (Perseroda),600312
Provinsi Jawa Tengah,Kab. Jepara,PT. BPR Nusamba Pecangaan Jepara,600571
Provinsi Jawa Tengah,Kab. Jepara,PT BPR BKK Jepara (Perseroda),601481
Provinsi Jawa Tengah,Kab. Rembang,PT BPR Bank Rembang (Perseroda),600553
Provinsi Jawa Tengah,Kab. Rembang,PT BPR BKK Lasem (Perseroda),601497
Provinsi Jawa Tengah,Kab. Blora,Perumda BPR Bank Blora Artha,600430
Provinsi Jawa Tengah,Kab. Blora,PT Bank Perekonomian Rakyat Dutabhakti Insani,600591
Provinsi Jawa Tengah,Kab. Blora,PT BPR Cepu Nasionalbank,600608
Provinsi Jawa Tengah,Kab. Blora,PT. BPR Dhana Mitratama,601471
Provinsi Jawa Tengah,Kab. Blora,PT Bank Perekonomian Rakyat Badan Kredit Kecamatan Blora (Perseroda),601479
Provinsi Jawa Tengah,Kab. Banyumas,PT. BPR Artha Mekar Sokaraja,600241
Provinsi Jawa Tengah,Kab. Banyumas,PT Bank Perekonomian Rakyat Badan Kredit Kecamatan Purwokerto (Perseroda),600497
Provinsi Jawa Tengah,Kab. Banyumas,PT Bank Perekonomian Rakyat Gunung Simping Artha,600619
Provinsi Jawa Tengah,Kab. Banyumas,PT Bank Perekonomian Rakyat Dana Mitra Sakti,600695
Provinsi Jawa Tengah,Kab. Banyumas,PT Bank Perekonomian Rakyat Tirta Danarta,601400
Provinsi Jawa Tengah,Kab. Banyumas,PT Bank Perekonomian Rakyat Eleska Artha,601432
Provinsi Jawa Tengah,Kab. Banyumas,PT Bank Perekonomian Rakyat Mitra Gema Mandiri,601449
Provinsi Jawa Tengah,Kab. Banyumas,PT Bank Perekonomian Rakyat Soka Panca Artha,601469
Provinsi Jawa Tengah,Kab. Banyumas,PT Bank Perekonomian Rakyat Dana Pensiun Taspen Jateng,602736
Provinsi Jawa Tengah,Kab. Cilacap,PT Bank Perekonomian Rakyat Gunung Slamet,600614
Provinsi Jawa Tengah,Kab. Cilacap,PT Bank Perekonomian Rakyat Citanduy Artha,600621
Provinsi Jawa Tengah,Kab. Cilacap,PT. BPR Kroya Bangunartha,601463
Provinsi Jawa Tengah,Kab. Cilacap,PT Bank Perekonomian Rakyat Badan Kredit Kecamatan Cilacap (Perseroda),601628
Provinsi Jawa Tengah,Kab. Cilacap,PT Bank Perekonomian Rakyat Artha Rahayu,601728
Provinsi Jawa Tengah,Kab. Cilacap,PT Bank Perekonomian Rakyat Banyu Arthacitra,601878
Provinsi Jawa Tengah,Kab. Cilacap,PT Bank Perekonomian Rakyat Mitra Abadi Sejahtera,602463
Provinsi Jawa Tengah,Kab. Purbalingga,PT Bank Perekonomian Rakyat Artha Perwira (Perseroda),601375
Provinsi Jawa Tengah,Kab. Purbalingga,PT Bank Perekonomian Rakyat Badan Kredit Kecamatan Purbalingga (Perseroda),601627
Provinsi Jawa Tengah,Kab. Purbalingga,PT Bank Perekonomian Rakyat Buana Arthakassiti,602730
Provinsi Jawa Tengah,Kab. Banjarnegara,PT Bank Perekonomian Rakyat Surya Yudhakencana,601374
Provinsi Jawa Tengah,Kab. Banjarnegara,PT Bank Perekonomian Rakyat Badan Kredit Kecamatan Mandiraja (Perseroda),601610
Provinsi Jawa Tengah,Kab. Magelang,PT Bank Perekonomian Rakyat Prima,600067
Provinsi Jawa Tengah,Kab. Magelang,PT. BPR Hidup Arthagraha,600075
Provinsi Jawa Tengah,Kab. Magelang,PT BPR Bank Bapas 69 (Perseroda),600549
Provinsi Jawa Tengah,Kab. Magelang,PT Bank Perekonomian Rakyat Mulyo Lumintu,600563
Provinsi Jawa Tengah,Kab. Magelang,PT Bank Perekonomian Rakyat Artha Mertoyudan,600598
Provinsi Jawa Tengah,Kab. Magelang,PT Bank Perekonomian Rakyat Kembang Parama,600610
Provinsi Jawa Tengah,Kab. Magelang,PT BPR Sejahtera,601115
Provinsi Jawa Tengah,Kab. Magelang,PT Bank Perekonomian Rakyat Danarakyat Sentosa,601417
Provinsi Jawa Tengah,Kab. Magelang,PT Bank Perekonomian Rakyat Artha Sambhara,601451
Provinsi Jawa Tengah,Kab. Magelang,PT Bank Perekonomian Rakyat Badan Kredit Kecamatan Muntilan (Perseroda),601478
Provinsi Jawa Tengah,Kab. Magelang,PT Bank Perekonomian Rakyat Lumbungartha Muntilanindo,601683
Provinsi Jawa Tengah,Kab. Magelang,PT BPR Niji,602587
Provinsi Jawa Tengah,Kab. Temanggung,PT BPR Kedu Arthasetia,600099
Provinsi Jawa Tengah,Kab. Temanggung,PT Bank Perekonomian Rakyat Suryakusuma Kranggan,600263
Provinsi Jawa Tengah,Kab. Temanggung,PT BPR Bank Temanggung (Perseroda),600555
Provinsi Jawa Tengah,Kab. Temanggung,PT. BPR BKK Temanggung (Perseroda),600630
Provinsi Jawa Tengah,Kab. Temanggung,PT. BPR Kusuma Sumbing,600701
Provinsi Jawa Tengah,Kab. Temanggung,PT. BPR Intan Surya,600881
Provinsi Jawa Tengah,Kab. Temanggung,PT BPR Multi Arthanusa,601106
Provinsi Jawa Tengah,Kab. Wonosobo,PT BPR Artha Selomanik Putra,600058
Provinsi Jawa Tengah,Kab. Wonosobo,PT. BPR Surya Yudha,600244
Provinsi Jawa Tengah,Kab. Wonosobo,PT BPR Bank Wonosobo (Perseroda),600557
Provinsi Jawa Tengah,Kab. Wonosobo,PT Bank Perekonomian Rakyat Badan Kredit Kecamatan Wonosobo (Perseroda),600615
Provinsi Jawa Tengah,Kab. Wonosobo,PT. BPR Puspa Kencana,601756
Provinsi Jawa Tengah,Kab. Purworejo,Perumda BPR Bank Purworejo,600551
Provinsi Jawa Tengah,Kab. Purworejo,PT Bank Perekonomian Rakyat BKK Purworejo (Perseroda),600649
Provinsi Jawa Tengah,Kab. Kebumen,PT Bank Perekonomian Rakyat Araya Arta,600537
Provinsi Jawa Tengah,Kab. Kebumen,PT BPR Bank Kebumen (Perseroda),600543
Provinsi Jawa Tengah,Kab. Kebumen,PT. BPR BKK Kebumen (Perseroda),600706
Provinsi Jawa Tengah,Kab. Kebumen,PT Bank Perekonomian Rakyat Dana Mitra Sejahtera,601399
Provinsi Jawa Tengah,Kab. Kebumen,PT Bank Perekonomian Rakyat SAS,601470
Provinsi Jawa Tengah,Kab. Klaten,PT Bank Perekonomian Rakyat Bhakti Riyadi,600057
Provinsi Jawa Tengah,Kab. Klaten,PT Bank Perekonomian Rakyat Klaten Sejahtera,600078
Provinsi Jawa Tengah,Kab. Klaten,PT Bank Perekonomian Rakyat Ukabima BMMS,600272
Provinsi Jawa Tengah,Kab. Klaten,PT Bank Perekonomian Rakyat Badan Kredit Kecamatan Tulung (Perseroda),600550
Provinsi Jawa Tengah,Kab. Klaten,PT Bank Perekonomian Rakyat Bank Klaten (Perseroda) Kabupaten Klaten,600670
Provinsi Jawa Tengah,Kab. Klaten,PT Bank Perekonomian Rakyat Bank Pasar Patma,600677
Provinsi Jawa Tengah,Kab. Klaten,PT Bank Perekonomian Rakyat Ceper Permata Artha,600689
Provinsi Jawa Tengah,Kab. Klaten,PT Bank Perekonomian Rakyat Restu Artha Abadi,600693
Provinsi Jawa Tengah,Kab. Klaten,PT Bank Perekonomian Rakyat Danamas Pratama,600697
Provinsi Jawa Tengah,Kab. Klaten,PT. BPR Restu Klaten Makmur,600847
Provinsi Jawa Tengah,Kab. Klaten,PT Bank Perekonomian Rakyat Shinta Bhakti Wedi,601462
Provinsi Jawa Tengah,Kab. Klaten,PT. BPR Gunung Mas,601474
Provinsi Jawa Tengah,Kab. Klaten,PT Bank Perekonomian Rakyat Wuni Artha Utama,602546
Provinsi Jawa Tengah,Kab. Klaten,PT Bank Perekonomian Rakyat Hardi Mas Mandiri,602593
Provinsi Jawa Tengah,Kab. Boyolali,PT Bank Perekonomian Rakyat Bank Guna Daya,600660
Provinsi Jawa Tengah,Kab. Boyolali,PT Bank Perekonomian Rakyat Bank Boyolali (Perseroda),600666
Provinsi Jawa Tengah,Kab. Boyolali,PT Bank Perekonomian Rakyat Nusamba Ampel,600685
Provinsi Jawa Tengah,Kab. Boyolali,PT Bank Perekonomian Rakyat Arthayasa Ageng,601412
Provinsi Jawa Tengah,Kab. Boyolali,PT Bank Perekonomian Rakyat Mitra Pandanaran Mandiri,601418
Provinsi Jawa Tengah,Kab. Boyolali,PT Bank Perekonomian Rakyat Badan Kredit Kecamatan Boyolali (Perseroda),601595
Provinsi Jawa Tengah,Kab. Sragen,PT Bank Perekonomian Rakyat Artha Moro,600122
Provinsi Jawa Tengah,Kab. Sragen,PT Bank Perekonomian Rakyat Sumber Arta,600853
Provinsi Jawa Tengah,Kab. Sragen,PT Bank Perekonomian Rakyat Arthareksa Sejahtera,601430
Provinsi Jawa Tengah,Kab. Sragen,PT Bank Perekonomian Rakyat Bank Djoko Tingkir (Perseroda) Kabupaten Sragen,601440
Provinsi Jawa Tengah,Kab. Sragen,PT Bank Perekonomian Rakyat Mitra Banaran Mandiri,601456
Provinsi Jawa Tengah,Kab. Sragen,PT Bank Perekonomian Rakyat Badan Kredit Kecamatan Karangmalang (Perseroda),601578
Provinsi Jawa Tengah,Kab. Sukoharjo,PT Bank Perekonomian Rakyat Jadimanunggal Abadi,600110
Provinsi Jawa Tengah,Kab. Sukoharjo,PT Bank Perekonomian Rakyat Artha Sari Sentosa,600220
Provinsi Jawa Tengah,Kab. Sukoharjo,PT Bank Perekonomian Rakyat BKK Grogol (Perseroda),600586
Provinsi Jawa Tengah,Kab. Sukoharjo,PT Bank Perekonomian Rakyat Bank Sukoharjo (Perseroda),600672
Provinsi Jawa Tengah,Kab. Sukoharjo,PT Bank Perekonomian Rakyat Solobaru Permai,600681
Provinsi Jawa Tengah,Kab. Sukoharjo,PT Bank Perekonomian Rakyat Kartasura Makmur,601372
Provinsi Jawa Tengah,Kab. Sukoharjo,PT Bank Perekonomian Rakyat Kartadhani Mulya,601390
Provinsi Jawa Tengah,Kab. Sukoharjo,PT Bank Perekonomian Rakyat Kartasura Saribumi,601404
Provinsi Jawa Tengah,Kab. Sukoharjo,PT Bank Perekonomian Rakyat Grogol Joyo,601424
Provinsi Jawa Tengah,Kab. Sukoharjo,PT Bank Perekonomian Rakyat Wira Ardana Sejahtera,601464
Provinsi Jawa Tengah,Kab. Sukoharjo,PT Bank Perekonomian Rakyat Sinar Guna Wijaya,601544
Provinsi Jawa Tengah,Kab. Sukoharjo,PT Bank Perekonomian Rakyat Sami Makmur,601545
Provinsi Jawa Tengah,Kab. Sukoharjo,PT Bank Perekonomian Rakyat Ihuthan Ganda,601686
Provinsi Jawa Tengah,Kab. Sukoharjo,PT Bank Perekonomian Rakyat Bekonang Sukoharjo,601777
Provinsi Jawa Tengah,Kab. Sukoharjo,PT. BPR Tugu Kencana,601880
Provinsi Jawa Tengah,Kab. Sukoharjo,PT Bank Perekonomian Rakyat Surya Utama,602615
Provinsi Jawa Tengah,Kab. Karanganyar,PT Bank Perekonomian Rakyat Bank Karanganyar (Perseroda),600318
Provinsi Jawa Tengah,Kab. Karanganyar,PT Bank Perekonomian Rakyat Bank Pura Artha,600400
Provinsi Jawa Tengah,Kab. Karanganyar,PT Bank Perekonomian Rakyat Bina Sejahtera Insani,600658
Provinsi Jawa Tengah,Kab. Karanganyar,PT Bank Perekonomian Rakyat Bank Daerah Karanganyar (Perseroda),600668
Provinsi Jawa Tengah,Kab. Karanganyar,PT Bank Perekonomian Rakyat Cita Dewi,600691
Provinsi Jawa Tengah,Kab. Karanganyar,PT Bank Perekonomian Rakyat Lawu Artha,601389
Provinsi Jawa Tengah,Kab. Karanganyar,PT BPR Restu Tawangmangu Jaya,601416
Provinsi Jawa Tengah,Kab. Karanganyar,PT Bank Perekonomian Rakyat Antar Rumeksa Arta,601439
Provinsi Jawa Tengah,Kab. Karanganyar,PT Bank Perekonomian Rakyat Trihasta Prasodjo,601450
Provinsi Jawa Tengah,Kab. Karanganyar,PT Bank Perekonomian Rakyat Kandimadu Arta,601461
Provinsi Jawa Tengah,Kab. Karanganyar,PT Bank Perekonomian Rakyat Badan Kredit Kecamatan Tasikmadu (Perseroda) Kabupaten Karanganyar,601591
Provinsi Jawa Tengah,Kab. Karanganyar,PT Bank Perekonomian Rakyat Arta Mas Surakarta,602009
Provinsi Jawa Tengah,Kab. Wonogiri,PT Bank Perekonomian Rakyat Gajah Mungkur,600095
Provinsi Jawa Tengah,Kab. Wonogiri,PT Bank Perekonomian Rakyat Bank Wonogiri (Perseroda),601425
Provinsi Jawa Tengah,Kab. Wonogiri,PT Bank Perekonomian Rakyat Badan Kredit Kecamatan Wonogiri (Perseroda),601576
Provinsi Jawa Tengah,Kab. Batang,PT Bank Perekonomian Rakyat Pemberdayaan Ekonomi Rakyat Batang,600827
Provinsi Jawa Tengah,Kab. Batang,PT Bank Perekonomian Rakyat BKK Batang (Perseroda),601562
Provinsi Jawa Tengah,Kota Semarang,PT BPR Artha Nusantara Abadi,600216
Provinsi Jawa Tengah,Kota Semarang,PT BPR Gunung Kawi,600533
Provinsi Jawa Tengah,Kota Semarang,PT. BPR Gunung Kinibalu,600535
Provinsi Jawa Tengah,Kota Semarang,PT BPR Gunung Merbabu,600539
Provinsi Jawa Tengah,Kota Semarang,Perumda BPR Bank Pasar Kota Semarang,600559
Provinsi Jawa Tengah,Kota Semarang,PT. BPR Weleri Makmur,600567
Provinsi Jawa Tengah,Kota Semarang,PT. BPR Agung Sejahtera,600593
Provinsi Jawa Tengah,Kota Semarang,PT BPR Rudo Indobank,600595
Provinsi Jawa Tengah,Kota Semarang,PT Bank Perekonomian Rakyat Gunung Rizki Pusaka Utama,600605
Provinsi Jawa Tengah,Kota Semarang,PT BPR BKK Kota Semarang (Perseroda),600637
Provinsi Jawa Tengah,Kota Semarang,PT Bank Perekonomian Rakyat Dana Aman Tiara Abadi,600664
Provinsi Jawa Tengah,Kota Semarang,PT. BPR Kedung Arto,600712
Provinsi Jawa Tengah,Kota Semarang,PT Bank Perekonomian Rakyat Restu Artha Makmur,600783
Provinsi Jawa Tengah,Kota Semarang,PT Bank Perekonomian Rakyat Mandiri Artha Abadi,600787
Provinsi Jawa Tengah,Kota Semarang,PT BPR Modern Express Jateng,600814
Provinsi Jawa Tengah,Kota Semarang,PT. BPR Adil Jaya Artha,600819
Provinsi Jawa Tengah,Kota Semarang,PT. BPR Artha Mukti Santosa,600854
Provinsi Jawa Tengah,Kota Semarang,PT Bank Perekonomian Rakyat Artha Tanah Mas,600857
Provinsi Jawa Tengah,Kota Semarang,PT Bank Perekonomian Rakyat Estetika Artha Guna,600895
Provinsi Jawa Tengah,Kota Semarang,PT BPR Sinar Mitra Sejahtera,601320
Provinsi Jawa Tengah,Kota Semarang,PT Bank Perekonomian Rakyat Setia Karib Abadi,601368
Provinsi Jawa Tengah,Kota Semarang,PT. BPR Jateng,601397
Provinsi Jawa Tengah,Kota Semarang,PT Bank Perekonomian Rakyat Karti Centra Artha,601423
Provinsi Jawa Tengah,Kota Semarang,PT BPR Pollux,601445
Provinsi Jawa Tengah,Kota Semarang,PD BPR BKK SEMARANG BARAT,602535
Provinsi Jawa Tengah,Kota Semarang,PT Bank Perekonomian Rakyat Arto Moro,602585
Provinsi Jawa Tengah,Kota Semarang,PT. BPR Muncul Artha Sejahtera,602713
Provinsi Jawa Tengah,Kota Semarang,PT BPR Guru Jateng,602726
Provinsi Jawa Tengah,Kota Semarang,PT BPR BKK Jawa Tengah (Perseroda),602759
Provinsi Jawa Tengah,Kota Salatiga,Perumda BPR Bank Salatiga,600143
Provinsi Jawa Tengah,Kota Salatiga,PT BPR Kridaharta,600561
Provinsi Jawa Tengah,Kota Salatiga,PT BPR Dinamika Bangun Arta,600873
Provinsi Jawa Tengah,Kota Salatiga,PT Bank Perekonomian Rakyat Satya Artha,601396
Provinsi Jawa Tengah,Kota Pekalongan,PT Bank Perekonomian Rakyat Arta Utama,600699
Provinsi Jawa Tengah,Kota Pekalongan,PT Bank Perekonomian Rakyat BKK Kota Pekalongan (Perseroda),601548
Provinsi Jawa Tengah,Kota Pekalongan,PT Bank Perekonomian Rakyat Bank Pekalongan (Perseroda),601884
Provinsi Jawa Tengah,Kota Tegal,PT Bank Perekonomian Rakyat Bank Bahari Kota Tegal (Perseroda),600643
Provinsi Jawa Tengah,Kota Tegal,PT Bank Perekonomian Rakyat BKK Kota Tegal (Perseroda),601563
Provinsi Jawa Tengah,Kota Tegal,PT Bank Perekonomian Rakyat Central Artha,602650
Provinsi Jawa Tengah,Kota Magelang,Perumda BPR Bank Magelang,600573
Provinsi Jawa Tengah,Kota Magelang,PT BPR BKK Kota Magelang (Perseroda),600686
Provinsi Jawa Tengah,Kota Magelang,PT Bank Perekonomian Rakyat Mertoyudan Makmur,600703
Provinsi Jawa Tengah,Kota Magelang,PT Bank Perekonomian Rakyat Sinar Garuda Prima,601427
Provinsi Jawa Tengah,Kota Magelang,PT BPR Mitra,601429
Provinsi Jawa Tengah,Kota Surakarta/Solo,PT Bank Perekonomian Rakyat Adipura Santosa,600027
Provinsi Jawa Tengah,Kota Surakarta/Solo,PT BPR Artha Daya,600065
Provinsi Jawa Tengah,Kota Surakarta/Solo,PT Bank Perekonomian Rakyat Suryamas,600086
Provinsi Jawa Tengah,Kota Surakarta/Solo,PT Bank Perekonomian Rakyat Central International,600087
Provinsi Jawa Tengah,Kota Surakarta/Solo,PT Bank Perekonomian Rakyat Binalanggeng Mulia,600138
Provinsi Jawa Tengah,Kota Surakarta/Solo,PT Bank Perekonomian Rakyat Bank Solo (Perseroda),600674
Provinsi Jawa Tengah,Kota Surakarta/Solo,PT Bank Perekonomian Rakyat Rejeki Insani,600679
Provinsi Jawa Tengah,Kota Surakarta/Solo,PT Bank Perekonomian Rakyat Sukadana,600683
Provinsi Jawa Tengah,Kota Surakarta/Solo,PT Bank Perekonomian Rakyat Delanggu Raya,600687
Provinsi Jawa Tengah,Kota Surakarta/Solo,PT Bank Perekonomian Rakyat Dana Utama,600785
Provinsi Jawa Tengah,Kota Surakarta/Solo,PT Bank Perekonomian Rakyat Buana Artha Lestari,601371
Provinsi Jawa Tengah,Kota Surakarta/Solo,PT Bank Perekonomian Rakyat Sabar Artha Prima,601378
Provinsi Jawa Tengah,Kota Surakarta/Solo,PT Bank Perekonomian Rakyat Lestari Jateng,601414
Provinsi Jawa Tengah,Kota Surakarta/Solo,PT. BPR Sukadyarindang,601457
Provinsi Jawa Tengah,Kota Surakarta/Solo,PT. BPR Sinar Baru Perkasa,601473
Provinsi Jawa Tengah,Kota Surakarta/Solo,PT. BPR Usaha Madani Karya Mulia,602557
Provinsi Jawa Timur,Kab. Gresik,PT Bank Perekonomian Rakyat Balongpanggang Sentosa,600061
Provinsi Jawa Timur,Kab. Gresik,PT Bank Perekonomian Rakyat Rajadana Menganti,600315
Provinsi Jawa Timur,Kab. Gresik,Perumda BPR Bank Gresik,600767
Provinsi Jawa Timur,Kab. Gresik,PT Bank Perekonomian Rakyat Bank Bumi Sanggabuana,600832
Provinsi Jawa Timur,Kab. Gresik,PT Bank Perekonomian Rakyat Intan Kita,600862
Provinsi Jawa Timur,Kab. Gresik,PT. BPR Arindomegah Abadi,601099
Provinsi Jawa Timur,Kab. Gresik,PT Bank Perekonomian Rakyat Anekadana Sejahtera,601679
Provinsi Jawa Timur,Kab. Gresik,PT. BPR Delta Gresik,601702
Provinsi Jawa Timur,Kab. Gresik,PT Bank Perekonomian Rakyat Kebomas,601718
Provinsi Jawa Timur,Kab. Gresik,PT Bank Perekonomian Rakyat Intan Nasional,601719
Provinsi Jawa Timur,Kab. Gresik,PT Bank Perekonomian Rakyat Mitra Cemawis Mandiri,601755
Provinsi Jawa Timur,Kab. Gresik,PT Bank Perekonomian Rakyat Lestari Nusantara Indonesia,602753
Provinsi Jawa Timur,Kab. Sidoarjo,PT BPR Tri Harta Indah,600109
Provinsi Jawa Timur,Kab. Sidoarjo,PT BPR Bank Pasar Bhakti,600761
Provinsi Jawa Timur,Kab. Sidoarjo,PT Bank Perekonomian Rakyat Krian Nusantara,600774
Provinsi Jawa Timur,Kab. Sidoarjo,PT. BPR Kudamas Sentosa,600775
Provinsi Jawa Timur,Kab. Sidoarjo,PT Bank Perekonomian Rakyat Sriekaya,600780
Provinsi Jawa Timur,Kab. Sidoarjo,PT Bank Perekonomian Rakyat Artha Buana,600782
Provinsi Jawa Timur,Kab. Sidoarjo,PT Bank Perekonomian Rakyat Bank Benta Tesa,600798
Provinsi Jawa Timur,Kab. Sidoarjo,PT. BPR Sumber Usahawan Bersama,600800
Provinsi Jawa Timur,Kab. Sidoarjo,PT Bank Perekonomian Rakyat Taman Dhana,600802
Provinsi Jawa Timur,Kab. Sidoarjo,PT. BPR Surabaya Lestari,600805
Provinsi Jawa Timur,Kab. Sidoarjo,PT. BPR Danamas Makmur,600807
Provinsi Jawa Timur,Kab. Sidoarjo,PT Bank Perekonomian Rakyat Arta Waru Surya,600810
Provinsi Jawa Timur,Kab. Sidoarjo,PT. BPR Taman Adimakmur,600824
Provinsi Jawa Timur,Kab. Sidoarjo,PT Bank Perekonomian Rakyat Satyadhana Artha,600826
Provinsi Jawa Timur,Kab. Sidoarjo,PT Bank Perekonomian Rakyat Buana Dana Makmur,600828
Provinsi Jawa Timur,Kab. Sidoarjo,PT Bank Perekonomian Rakyat Sinardana Buana,600830
Provinsi Jawa Timur,Kab. Sidoarjo,PT Bank Perekonomian Rakyat Bandataman,600834
Provinsi Jawa Timur,Kab. Sidoarjo,PT. BPR Sumber Artha Waru Agung,600836
Provinsi Jawa Timur,Kab. Sidoarjo,PT. BPR Inti Danita,600846
Provinsi Jawa Timur,Kab. Sidoarjo,PT Bank Perekonomian Rakyat Sarana Sukses,600848
Provinsi Jawa Timur,Kab. Sidoarjo,PT BPR Dhasatra Artha Sempurna,600850
Provinsi Jawa Timur,Kab. Sidoarjo,PT. BPR Porong Lestari,600856
Provinsi Jawa Timur,Kab. Sidoarjo,PT Bank Perekonomian Rakyat Berkat Cahaya Artha,600860
Provinsi Jawa Timur,Kab. Sidoarjo,PT Bank Perekonomian Rakyat Abrin Centra Artha,600879
Provinsi Jawa Timur,Kab. Sidoarjo,PT Bank Perekonomian Rakyat Megakerta Swadiri,600935
Provinsi Jawa Timur,Kab. Sidoarjo,PT Bank Perekonomian Rakyat Dinar Pusaka,600936
Provinsi Jawa Timur,Kab. Sidoarjo,PT Bank Perekonomian Rakyat Bank Ima,600937
Provinsi Jawa Timur,Kab. Sidoarjo,PT Bank Perekonomian Rakyat Gema Nusa,600938
Provinsi Jawa Timur,Kab. Sidoarjo,PT Bank Perekonomian Rakyat Toelangan Dasa Nusantara,601086
Provinsi Jawa Timur,Kab. Sidoarjo,PT Bank Perekonomian Rakyat Sari Dana Indonesia,601104
Provinsi Jawa Timur,Kab. Sidoarjo,PT. BPR Taman Artha Kencana,601137
Provinsi Jawa Timur,Kab. Sidoarjo,PT. BPR Delta Sidoarjo,601376
Provinsi Jawa Timur,Kab. Sidoarjo,PT Bank Perekonomian Rakyat Padat Ganda,601546
Provinsi Jawa Timur,Kab. Sidoarjo,PT Bank Perekonomian Sahabat Mitra Artha,601547
Provinsi Jawa Timur,Kab. Sidoarjo,PT Bank Perekonomian Rakyat Anglomas Indah,601669
Provinsi Jawa Timur,Kab. Sidoarjo,PT Bank Perekonomian Rakyat Dana Raya Jawa Timur,601671
Provinsi Jawa Timur,Kab. Sidoarjo,PT Bank Perekonomian Rakyat Dirgadhana Arthamas,601678
Provinsi Jawa Timur,Kab. Sidoarjo,PT. BPR Porong Idaman,601680
Provinsi Jawa Timur,Kab. Sidoarjo,PT Bank Perekonomian Rakyat Mahkota Krian Wijaya,601691
Provinsi Jawa Timur,Kab. Sidoarjo,PT Bank Perekonomian Rakyat Wutama Artha Sejahtera,601708
Provinsi Jawa Timur,Kab. Sidoarjo,PT Bank Perekonomian Rakyat Sentra Dana Makmur,601720
Provinsi Jawa Timur,Kab. Sidoarjo,PT Bank Perekonomian Rakyat Djojo Mandiri Raya,601731
Provinsi Jawa Timur,Kab. Sidoarjo,PT Bank Perekonomian Rakyat Puridana Arthamas,601733
Provinsi Jawa Timur,Kab. Sidoarjo,PT. BPR Andalan Daerah,601750
Provinsi Jawa Timur,Kab. Sidoarjo,PT Bank Perekonomian Rakyat Candisaka Arta,601752
Provinsi Jawa Timur,Kab. Sidoarjo,PT Bank Perekonomian Rakyat Mitra Majujaya Mandiri,601754
Provinsi Jawa Timur,Kab. Sidoarjo,PT Bank Perekonomian Rakyat Artamulya Bumimukti,601757
Provinsi Jawa Timur,Kab. Sidoarjo,PT Bank Perekonomian Rakyat Buduran Deltapurnama,601758
Provinsi Jawa Timur,Kab. Sidoarjo,PT Bank Perekonomian Rakyat Bumi Gora Jaya,601759
Provinsi Jawa Timur,Kab. Sidoarjo,PT Bank Perekonomian Rakyat Delta Artha Perseroda,601761
Provinsi Jawa Timur,Kab. Sidoarjo,PT. BPR Indodana Hargotama,601771
Provinsi Jawa Timur,Kab. Sidoarjo,PT Bank Perekonomian Rakyat Wiradhana Putramas,601788
Provinsi Jawa Timur,Kab. Sidoarjo,PT. BPR Jati Lestari,601871
Provinsi Jawa Timur,Kab. Mojokerto,PT. BPR Indoartha Bintang Mulia,600126
Provinsi Jawa Timur,Kab. Mojokerto,PT Bank Perekonomian Rakyat Arta Swasembada,600795
Provinsi Jawa Timur,Kab. Mojokerto,PT. BPR Artha Swasembada Mojosari,600874
Provinsi Jawa Timur,Kab. Mojokerto,PT Bank Perekonomian Rakyat Arta Haksaprima,600932
Provinsi Jawa Timur,Kab. Mojokerto,Koperasi Simpan Pinjam Bank Perekonomian Rakyat Sendang Harta Sejahtera,601091
Provinsi Jawa Timur,Kab. Mojokerto,PT Bank Perekonomian Rakyat Bumi Jaya,601103
Provinsi Jawa Timur,Kab. Mojokerto,PT Bank Perekonomian Rakyat Mojosari Pahalapakto,601105
Provinsi Jawa Timur,Kab. Mojokerto,PT. BPR Artha Tuban Kencana,601703
Provinsi Jawa Timur,Kab. Mojokerto,PT Bank Perekonomian Rakyat Karunia Berkat Intidana,601723
Provinsi Jawa Timur,Kab. Mojokerto,PT Bank Perekonomian Rakyat Arta Bangsal Utama,601724
Provinsi Jawa Timur,Kab. Mojokerto,PT Bank Perekonomian Rakyat Puriseger Sentosa,601760
Provinsi Jawa Timur,Kab. Jombang,PT Bank Perekonomian Rakyat Bank Jombang Perseroda,600310
Provinsi Jawa Timur,Kab. Jombang,PT Bank Perekonomian Rakyat Wijaya Prima,600786
Provinsi Jawa Timur,Kab. Jombang,PT Bank Perekonomian Rakyat Nusumma Jatim,600837
Provinsi Jawa Timur,Kab. Jombang,PT BPR Artha Anugrah Kencana,600876
Provinsi Jawa Timur,Kab. Jombang,PT. BPR Arta Muktigraha,600878
Provinsi Jawa Timur,Kab. Jombang,Koperasi Jasa Bank Perekonomian Rakyat Bumi Arta (Skd),601102
Provinsi Jawa Timur,Kab. Jombang,PT. BPR Tjoekir Dasa Nusantara,601107
Provinsi Jawa Timur,Kab. Jombang,PT Bank Perekonomian Rakyat Bhapertim Persada,601136
Provinsi Jawa Timur,Kab. Jombang,PT Bank Perekonomian Rakyat Panji Aronta,601666
Provinsi Jawa Timur,Kab. Jombang,PT Bank Perekonomian Rakyat Mojoagung Pahalapakto,601667
Provinsi Jawa Timur,Kab. Sampang,PT BPR Bakti Artha Sejahtera Sampang,602648
Provinsi Jawa Timur,Kab. Pamekasan,PT Bank Perekonomian Rakyat Pamekasan Purapersada,600872
Provinsi Jawa Timur,Kab. Sumenep,PT Bank Perekonomian Rakyat Elbaghraf Madura Berdikari,602743
Provinsi Jawa Timur,Kab. Bangkalan,Perumda BPR Bangkalan,600766
Provinsi Jawa Timur,Kab. Bangkalan,PT Bank Perekonomian Rakyat Dana Kerja Putra,600793
Provinsi Jawa Timur,Kab. Bondowoso,PT. BPR Bintang Mas Maesan,600852
Provinsi Jawa Timur,Kab. Bondowoso,PT Bank Perekonomian Rakyat Manuk Ayu,601668
Provinsi Jawa Timur,Kab. Bondowoso,PT Bank Perekonomian Rakyat Anugerahdharma Yuwana Bondowoso,601712
Provinsi Jawa Timur,Kab. Bondowoso,PT. BPR Manuk Wari,601773
Provinsi Jawa Timur,Kab. Banyuwangi,PT Bank Perekonomian Rakyat Genteng,600844
Provinsi Jawa Timur,Kab. Banyuwangi,PT. BPR Bumi Masyarakat Sejahtera,600868
Provinsi Jawa Timur,Kab. Banyuwangi,PT Bank Perekonomian Rakyat Blambangan Makmur Banyuwangi,600968
Provinsi Jawa Timur,Kab. Banyuwangi,PT. BPR Mahkota Reksaguna Artha,600972
Provinsi Jawa Timur,Kab. Banyuwangi,PT Bank Perekonomian Rakyat Rogojampi Artha Niaga,600974
Provinsi Jawa Timur,Kab. Banyuwangi,PT Bank Perekonomian Rakyat Swadhanamas Pakto,600975
Provinsi Jawa Timur,Kab. Banyuwangi,PT. BPR Wilis Putra Utama,600976
Provinsi Jawa Timur,Kab. Banyuwangi,PT Bank Perekonomian Rakyat Nusamba Genteng,600977
Provinsi Jawa Timur,Kab. Banyuwangi,PT Bank Perekonomian Rakyat Restudhana Citrasejahtera,601682
Provinsi Jawa Timur,Kab. Banyuwangi,PT. BPR Bagong Inti Marga,601690
Provinsi Jawa Timur,Kab. Banyuwangi,PT Bank Perekonomian Rakyat Delta Artha Panggung,601714
Provinsi Jawa Timur,Kab. Banyuwangi,PT Bank Perekonomian Rakyat Anugerahdharma Yuwana Banyuwangi,601721
Provinsi Jawa Timur,Kab. Banyuwangi,KOP. BPR Tawang Alun,601749
Provinsi Jawa Timur,Kab. Banyuwangi,PT. BPR Purwoharjo Lestari,601782
Provinsi Jawa Timur,Kab. Banyuwangi,PT Bank Perekonomian Rakyat Artha Niaga Inti Sukses,602039
Provinsi Jawa Timur,Kab. Jember,PT Bank Perekonomian Rakyat Ambulu Dhanaartha,600967
Provinsi Jawa Timur,Kab. Jember,PT Bank Perekonomian Rakyat Cinde Wilis,600969
Provinsi Jawa Timur,Kab. Jember,PT. BPR Jember Lestari,600970
Provinsi Jawa Timur,Kab. Jember,PT Bank Perekonomian Rakyat Karunia Pakto,600971
Provinsi Jawa Timur,Kab. Jember,PT Bank Perekonomian Rakyat Bapuri,600973
Provinsi Jawa Timur,Kab. Jember,PT Bank Perekonomian Rakyat Nusamba Rambipuji,600978
Provinsi Jawa Timur,Kab. Jember,PT Bank Perekonomian Rakyat Rambi Artha Putra,600979
Provinsi Jawa Timur,Kab. Jember,PT. BPR Gunung Modal Usaha,600983
Provinsi Jawa Timur,Kab. Jember,PT Bank Perekonomian Rakyat Balung Artha Guna,600984
Provinsi Jawa Timur,Kab. Jember,PT Bank Perekonomian Rakyat Bima Hayu Pratama,600985
Provinsi Jawa Timur,Kab. Jember,PT Bank Perekonomian Rakyat Bintang Niaga,600986
Provinsi Jawa Timur,Kab. Jember,PT Bank Perekonomian Rakyat Rini Bhaktinusa,600987
Provinsi Jawa Timur,Kab. Jember,PT Bank Perekonomian Rakyat Anugerahdharma Yuwana Jember,600988
Provinsi Jawa Timur,Kab. Jember,PT Bank Perekonomian Rakyat Surya Kencana Jaya,600991
Provinsi Jawa Timur,Kab. Jember,PT Bank Perekonomian Rakyat Eka Usaha Mandiri,600992
Provinsi Jawa Timur,Kab. Jember,KOP. BPR Tanggul Makmur,600993
Provinsi Jawa Timur,Kab. Jember,PT Bank Perekonomian Rakyat Bumi Hayu,601135
Provinsi Jawa Timur,Kab. Jember,PT. BPR Sinar Wuluhan Artha,601674
Provinsi Jawa Timur,Kab. Jember,PT. BPR Tanggul Mitra Karya,601675
Provinsi Jawa Timur,Kab. Jember,PT. BPR Kalisat Arthawira,601676
Provinsi Jawa Timur,Kab. Jember,Bank Perekonomian Rakyat Wutama Artha Jaya,601689
Provinsi Jawa Timur,Kab. Jember,PT Bank Perekonomian Rakyat Nur Semesta Indah,601699
Provinsi Jawa Timur,Kab. Jember,PT Bank Perekonomian Rakyat Mitra Jaya Mandiri,601783
Provinsi Jawa Timur,Kab. Jember,PT. BPR Sukowono Arthajaya,601784
Provinsi Jawa Timur,Kab. Malang,PT Bank Perekonomian Rakyat Kawan,600039
Provinsi Jawa Timur,Kab. Malang,PT Bank Perekonomian Rakyat Dau Lestari,600112
Provinsi Jawa Timur,Kab. Malang,PT. BPR Dau Anugerah,600120
Provinsi Jawa Timur,Kab. Malang,PT Bank Perekonomian Rakyat Tridanasakti Sumberpucung,600261
Provinsi Jawa Timur,Kab. Malang,PT Bank Perekonomian Rakyat Bhaskara Pakto,600891
Provinsi Jawa Timur,Kab. Malang,PT BANK PEREKONOMIAN RAKYAT DAMPIT,600898
Provinsi Jawa Timur,Kab. Malang,PT Bank Perekonomian Rakyat Eka Dana Mandiri,600899
Provinsi Jawa Timur,Kab. Malang,PT Bank Perekonomian Rakyat Lestari Jatim,600902
Provinsi Jawa Timur,Kab. Malang,PT Perusahaan Daerah Bank Perekonomian Rakyat Artha Kanjuruhan Pemerintah Kabupaten Malang,600905
Provinsi Jawa Timur,Kab. Malang,PT Bank Perekonomian Rakyat Kerta Arthamandiri,600909
Provinsi Jawa Timur,Kab. Malang,PT Bank Perekonomian Rakyat Tumpang Arthasarana,600915
Provinsi Jawa Timur,Kab. Malang,PT Bank Perekonomian Rakyat Dhana Lestari,600917
Provinsi Jawa Timur,Kab. Malang,PT Bank Perekonomian Rakyat Centraldjaja Pratama,600919
Provinsi Jawa Timur,Kab. Malang,PT BANK PEREKONOMIAN RAKYAT SADHYA MUKTI PARAMA,600941
Provinsi Jawa Timur,Kab. Malang,PT Bank Perekonomian Rakyat Arta Mitra Rakyat,601700
Provinsi Jawa Timur,Kab. Malang,PT Bank Perekonomian Rakyat Kridadhana Citranusa,601704
Provinsi Jawa Timur,Kab. Malang,Koperasi Jasa Bank Perekonomian Rakyat Amanah,601705
Provinsi Jawa Timur,Kab. Malang,PT. BPR Kharisma Kusuma Lawang,601706
Provinsi Jawa Timur,Kab. Malang,PT BPR Delta Singosari,601709
Provinsi Jawa Timur,Kab. Malang,PT Bank Perekonomian Rakyat Delta Artha Kencana,601710
Provinsi Jawa Timur,Kab. Malang,PT. BPR Mandiri Adiatra,601722
Provinsi Jawa Timur,Kab. Malang,PT. BPR Artha Wiwaha Arjuna,601744
Provinsi Jawa Timur,Kab. Malang,PT. BPR Sedayadhana Makmur,601762
Provinsi Jawa Timur,Kab. Malang,PT. BPR Citra Halim Perdana,601763
Provinsi Jawa Timur,Kab. Malang,PT Bank Perekonomian Rakyat Mitra Catur Mandiri,601767
Provinsi Jawa Timur,Kab. Malang,PT Bank Perekonomian Rakyat Keluarga Sejahtera,601772
Provinsi Jawa Timur,Kab. Malang,PT Bank Perekonomian Rakyat Pujon Jayamakmur,601775
Provinsi Jawa Timur,Kab. Malang,PT Bank Perekonomian Rakyat Adiartha Reksacitra,601779
Provinsi Jawa Timur,Kab. Malang,PT Bank Perekonomian Rakyat Tumpangprima Artorejo,602037
Provinsi Jawa Timur,Kab. Pasuruan,PT Bank Perekonomian Rakyat Danaputra Sakti,600813
Provinsi Jawa Timur,Kab. Pasuruan,PT Bank Perekonomian Rakyat Pandaan Arta Jaya,600815
Provinsi Jawa Timur,Kab. Pasuruan,PT. BPR Adhi Purwo,600818
Provinsi Jawa Timur,Kab. Pasuruan,PT Bank Perekonomian Rakyat Surya Dana Karya,600820
Provinsi Jawa Timur,Kab. Pasuruan,PT Bank Perekonomian Rakyat Artha Senapati,600840
Provinsi Jawa Timur,Kab. Pasuruan,PT Bank Perekonomian Rakyat Surasari Hutama,600842
Provinsi Jawa Timur,Kab. Pasuruan,PT Bank Perekonomian Rakyat Arta Taman Dayu,600888
Provinsi Jawa Timur,Kab. Pasuruan,PT. BPR Bromo Mandiri,600894
Provinsi Jawa Timur,Kab. Pasuruan,PT Bank Perekonomian Rakyat Bank Wisman Perkasa,600925
Provinsi Jawa Timur,Kab. Pasuruan,PT Bank Perekonomian Rakyat Purwosari Anugerah,600933
Provinsi Jawa Timur,Kab. Pasuruan,PT BPR Kalimasada Persada,600942
Provinsi Jawa Timur,Kab. Pasuruan,PT Bank Perekonomian Rakyat Arta Seruni Surabaya,601695
Provinsi Jawa Timur,Kab. Pasuruan,PT Bank Perekonomian Rakyat Harta Swadiri,601696
Provinsi Jawa Timur,Kab. Pasuruan,PT. BPR PERSADA GUNA,601707
Provinsi Jawa Timur,Kab. Pasuruan,PT. BPR Nusapanida Pandaan,601726
Provinsi Jawa Timur,Kab. Pasuruan,PT BPR Bangil Idaman,601727
Provinsi Jawa Timur,Kab. Pasuruan,PT. BPR Kratonprima Abadi,601776
Provinsi Jawa Timur,Kab. Pasuruan,PT Bank Perekonomian Rakyat Sukorejo Makmur,601780
Provinsi Jawa Timur,Kab. Pasuruan,PT. BPR Gunung Adidana,601976
Provinsi Jawa Timur,Kab. Pasuruan,PT. BPR Citra Halim Dhanatama,602006
Provinsi Jawa Timur,Kab. Pasuruan,PT Bank Perekonomian Rakyat Mina Mandiri Perseroda,602553
Provinsi Jawa Timur,Kab. Probolinggo,PT Bank Perekonomian Rakyat Antar Parama,600924
Provinsi Jawa Timur,Kab. Probolinggo,PT Bank Perekonomian Rakyat Angga Perkasa,600931
Provinsi Jawa Timur,Kab. Probolinggo,PT. BPR Sentral Arta Sejahtera d/h Mukam,601770
Provinsi Jawa Timur,Kab. Lumajang,PT Bank Perekonomian Rakyat Dharma Indra,600886
Provinsi Jawa Timur,Kab. Lumajang,PT Bank Perekonomian Rakyat Bank Lumajang (Perseroda),600907
Provinsi Jawa Timur,Kab. Lumajang,PT Bank Perekonomian Rakyat Yuka Jaya,600929
Provinsi Jawa Timur,Kab. Lumajang,PT Bank Perekonomian Rakyat Sentral Arta Asia,600939
Provinsi Jawa Timur,Kab. Lumajang,PT. BPR Tanggul Arto,600981
Provinsi Jawa Timur,Kab. Lumajang,PT Bank Perekonomian Rakyat Sentaosa Mandiri Jaya,601134
Provinsi Jawa Timur,Kab. Kediri,PT Bank Perekonomian Rakyat Tulus Puji Rejeki,600125
Provinsi Jawa Timur,Kab. Kediri,PT. BPR Artha Pamenang Wates,600130
Provinsi Jawa Timur,Kab. Kediri,PT Bank Perekonomian Rakyat Bina Reksa Karyaartha,600945
Provinsi Jawa Timur,Kab. Kediri,PD. BPR Bank Daerah Kab. Kediri,600949
Provinsi Jawa Timur,Kab. Kediri,PT Bank Perekonomian Rakyat Artha Pamenang,600953
Provinsi Jawa Timur,Kab. Kediri,PT Bank Perekonomian Rakyat Artha Samudera Indonesia,600963
Provinsi Jawa Timur,Kab. Kediri,PT Bank Perekonomian Rakyat Artha Nugraha,600966
Provinsi Jawa Timur,Kab. Kediri,PT Bank Perekonomian Rakyat Surya Artha Guna Mandiri,601088
Provinsi Jawa Timur,Kab. Kediri,PT Bank Perekonomian Rakyat Hasta Krida Jaya,601095
Provinsi Jawa Timur,Kab. Kediri,PT Bank Perekonomian Rakyat Tunas Artha Jaya Abadi,601097
Provinsi Jawa Timur,Kab. Kediri,PT Bank Perekonomian Rakyat Toeloengredjo Dasa Nusantara,601132
Provinsi Jawa Timur,Kab. Kediri,PT Bank Perekonomian Rakyat Agro Cipta Adiguna,601717
Provinsi Jawa Timur,Kab. Kediri,PT Bank Perekonomian Rakyat Tanjung Tani,601743
Provinsi Jawa Timur,Kab. Kediri,PT Bank Perekonomian Rakyat Arta Nusantara Daha,601765
Provinsi Jawa Timur,Kab. Kediri,PT Bank Perekonomian Rakyat Pare Artorejo,601785
Provinsi Jawa Timur,Kab. Kediri,PT Bank Perekonomian Rakyat Berkah Pakto,602038
Provinsi Jawa Timur,Kab. Kediri,PT Bank Perekonomian Rakyat Hamindo Natamakmur,602040
Provinsi Jawa Timur,Kab. Nganjuk,PT. BPR Artha Pamenang Warujayeng,600132
Provinsi Jawa Timur,Kab. Nganjuk,PT. BPR Kertosono Saranaartha,601098
Provinsi Jawa Timur,Kab. Nganjuk,PT Bank Perekonomian Rakyat Nagajayaraya Sentrasentosa,601698
Provinsi Jawa Timur,Kab. Nganjuk,PT Bank Perekonomian Rakyat Anjuk Ladang Perseroda,602757
Provinsi Jawa Timur,Kab. Tulungagung,PT. BPR Citrahalim Raharja,600749
Provinsi Jawa Timur,Kab. Tulungagung,PT Bank Perekonomian Rakyat Anugerah Paktomas,600944
Provinsi Jawa Timur,Kab. Tulungagung,PT. BPR Nusamba Ngunut,600954
Provinsi Jawa Timur,Kab. Tulungagung,PT Bank Perekonomian Rakyat Sumberdhana Anda,600956
Provinsi Jawa Timur,Kab. Tulungagung,PT BANK PERKREDITAN RAKYAT NGUNUT ARTA,600958
Provinsi Jawa Timur,Kab. Tulungagung,PT Bank Perekonomian Rakyat Bintang Tulungagung,600959
Provinsi Jawa Timur,Kab. Tulungagung,PT. BPR Bandung Adiartha,601739
Provinsi Jawa Timur,Kab. Tulungagung,PT Bank Perekonomian Rakyat Mitra Agung Mandiri,601764
Provinsi Jawa Timur,Kab. Tulungagung,PT Bank Perekonomian Rakyat Bank Tulungagung Perseroda,601766
Provinsi Jawa Timur,Kab. Trenggalek,PT Bank Perekonomian Rakyat Jwalita Trenggalek Perseroda,600855
Provinsi Jawa Timur,Kab. Trenggalek,PT. BPR Artha Panggung Perkasa,600957
Provinsi Jawa Timur,Kab. Trenggalek,PT. BPR Bangkit Prima Sejahtera,601778
Provinsi Jawa Timur,Kab. Blitar,PT Bank Perekonomian Rakyat Sum Adiyatra,600054
Provinsi Jawa Timur,Kab. Blitar,PT Bank Perekonomian Rakyat Penataran Kabupaten Blitar Perseroda,600435
Provinsi Jawa Timur,Kab. Blitar,PT. BPR Citrahalim Persada,600747
Provinsi Jawa Timur,Kab. Blitar,PT Bank Perekonomian Rakyat Cahaya Bumi Artha,600754
Provinsi Jawa Timur,Kab. Blitar,PT. BPR Nusamba Wlingi,600955
Provinsi Jawa Timur,Kab. Blitar,PT Bank Perekonomian Rakyat Wlingi Pahalapakto,601089
Provinsi Jawa Timur,Kab. Blitar,PT Bank Perekonomian Rakyat Hartaraya Ciptamulia,601694
Provinsi Jawa Timur,Kab. Blitar,PT. BPR Dharmasurya Aditika,601734
Provinsi Jawa Timur,Kab. Blitar,PT. BPR Mulya Sri Rejeki,601781
Provinsi Jawa Timur,Kab. Madiun,PT Bank Perekonomian Rakyat Polatama Kusuma,600033
Provinsi Jawa Timur,Kab. Madiun,PT Bank Perekonomian Rakyat Artanawa,600756
Provinsi Jawa Timur,Kab. Madiun,Perumda BPR Bank Daerah Kabupaten Madiun,600948
Provinsi Jawa Timur,Kab. Madiun,Koperasi Jasa Bank Perekonomian Rakyat Arta Kencana,600965
Provinsi Jawa Timur,Kab. Madiun,PT Bank Perekonomian Rakyat Arthaya Indotama Pusaka,601692
Provinsi Jawa Timur,Kab. Madiun,PT. BPR Sapadhana,601693
Provinsi Jawa Timur,Kab. Madiun,PT Bank Perekonomian Rakyat Caruban Indah,601735
Provinsi Jawa Timur,Kab. Ngawi,PT BPR Utomo Widodo,600943
Provinsi Jawa Timur,Kab. Ngawi,PT Bank Perekonomian Rakyat Pundhi Arta Indonesia,602470
Provinsi Jawa Timur,Kab. Magetan,PT Bank Perekonomian Rakyat Ekadharma Bhinaraharja,600961
Provinsi Jawa Timur,Kab. Magetan,PT Bank Perekonomian Rakyat Mulyo Raharjo,601096
Provinsi Jawa Timur,Kab. Magetan,PT Bank Perekonomian Rakyat Buana Citra Sejahtera,601738
Provinsi Jawa Timur,Kab. Magetan,PT. BPR Artha Dharma,601741
Provinsi Jawa Timur,Kab. Magetan,Koperasi Bank Perekonomian Rakyat Takeran,601742
Provinsi Jawa Timur,Kab. Ponorogo,Koperasi Bank Perekonomian Rakyat Jetis,600752
Provinsi Jawa Timur,Kab. Ponorogo,PT Bank Perekonomian Rakyat Aswaja,600770
Provinsi Jawa Timur,Kab. Ponorogo,PT Bank Perekonomian Rakyat Dharma Raga,600947
Provinsi Jawa Timur,Kab. Ponorogo,Koperasi Jasa Bank Perekonomian Rakyat Babadan,600964
Provinsi Jawa Timur,Kab. Ponorogo,PT Bank Perekonomian Rakyat Raga Surya Nuansa,601672
Provinsi Jawa Timur,Kab. Ponorogo,PT. BPR Arthaya Aditama Utama,601787
Provinsi Jawa Timur,Kab. Pacitan,PT Bank Perekonomian Rakyat Puri Artha Pacitan,600136
Provinsi Jawa Timur,Kab. Pacitan,PT Bank Perekonomian Rakyat Artha Mandiri Sejahtera,601747
Provinsi Jawa Timur,Kab. Bojonegoro,PT Bank Perekonomian Rakyat Bank Daerah Bojonegoro Perseroda,600052
Provinsi Jawa Timur,Kab. Bojonegoro,PT Bank Perekonomian Rakyat Rajekwesi,601697
Provinsi Jawa Timur,Kab. Bojonegoro,PT. BPR Delta Bojonegoro,601701
Provinsi Jawa Timur,Kab. Bojonegoro,PT Bank Perekonomian Rakyat Tanah Kondang,601746
Provinsi Jawa Timur,Kab. Tuban,PT Bank Perekonomian Rakyat Mentari Terang,601673
Provinsi Jawa Timur,Kab. Tuban,Koperasi Jasa Bank Perekonomian Rakyat Semanding (Skd),601736
Provinsi Jawa Timur,Kab. Lamongan,PT Bank Perekonomian Rakyat Bank Daerah Lamongan Perseroda,600769
Provinsi Jawa Timur,Kab. Lamongan,PT Bank Perekonomian Rakyat Nusamba Brondong,600790
Provinsi Jawa Timur,Kab. Lamongan,PT. BPR Damata Arthanugraha,600880
Provinsi Jawa Timur,Kab. Lamongan,PT Bank Perekonomian Rakyat Rukun Karya Sari,601101
Provinsi Jawa Timur,Kab. Lamongan,PT. BPR Babat Lestari,601670
Provinsi Jawa Timur,Kab. Lamongan,PT Bank Perekonomian Rakyat Ulintha Ganda,601688
Provinsi Jawa Timur,Kab. Lamongan,PT Bank Perekonomian Rakyat Delta Lamongan,601716
Provinsi Jawa Timur,Kab. Lamongan,PT Bank Perekonomian Rakyat Mitra Dhanaceswara,601725
Provinsi Jawa Timur,Kab. Situbondo,PT Bank Perekonomian Rakyat Tridana Kencana,600980
Provinsi Jawa Timur,Kab. Situbondo,PT. BPR Delta Artha Panggung Situbondo,601713
Provinsi Jawa Timur,Kab. Situbondo,PT. BPR Manuk Walet,601774
Provinsi Jawa Timur,Kab. Situbondo,PT Bank Perekonomian Rakyat Artha Waringin Jaya,602008
Provinsi Jawa Timur,Kota Batu,PT Bank Perekonomian Rakyat Amanat Kesejahteraan Indonesia,600884
Provinsi Jawa Timur,Kota Batu,PT BPR Pancadana,600920
Provinsi Jawa Timur,Kota Batu,PT Bank Perekonomian Dwicahaya Nusaperkasa,600922
Provinsi Jawa Timur,Kota Batu,PT. BPR Delta Malang,601711
Provinsi Jawa Timur,Kota Batu,PT. BPR Tripakarti Dhanatama,601748
Provinsi Jawa Timur,Kota Batu,PT. BPR Wahana Dhana Batu,601751
Provinsi Jawa Timur,Kota Batu,PT Bank Perekonomian Rakyat Batuartorejo,601786
Provinsi Jawa Timur,Kota Surabaya,PT Bank Perekonomian Rakyat Jawa Timur Perseroda,600001
Provinsi Jawa Timur,Kota Surabaya,PT Bank Perekonomian Rakyat Dana Rajabally,600094
Provinsi Jawa Timur,Kota Surabaya,PT Bank Perekonomian Rakyat Danamitra Surya,600116
Provinsi Jawa Timur,Kota Surabaya,PT Bank Perekonomian Rakyat Kirana Indonesia,600145
Provinsi Jawa Timur,Kota Surabaya,PT Bank Perekonomian Rakyat Prima Kredit Utama,600759
Provinsi Jawa Timur,Kota Surabaya,PT Bank Perekonomian Rakyat Danamas,600763
Provinsi Jawa Timur,Kota Surabaya,PT Bank Perekonomian Rakyat Guna Yatra,600764
Provinsi Jawa Timur,Kota Surabaya,PT Bank Perekonomian Rakyat Kosanda,600773
Provinsi Jawa Timur,Kota Surabaya,PT Bank Perekonomian Rakyat Bintang Mitra Indonesia,600788
Provinsi Jawa Timur,Kota Surabaya,PT Bank Perekonomian Rakyat Central Niaga,600839
Provinsi Jawa Timur,Kota Surabaya,PT Bank Perekonomian Rakyat Bina Kharisma Insani,600934
Provinsi Jawa Timur,Kota Surabaya,PT Bank Perekonomian Rakyat Surya Arthaguna Abadi,601087
Provinsi Jawa Timur,Kota Surabaya,PT Bank Perekonomian Rakyat Sili Corp Bank,601687
Provinsi Jawa Timur,Kota Surabaya,PT Bank Perekonomian Rakyat Karyaperdana Sejahtera,601732
Provinsi Jawa Timur,Kota Surabaya,PERMATA ARTHA SURYA,601737
Provinsi Jawa Timur,Kota Surabaya,PT Bank Perekonomian Rakyat Surya Artha Utama Perseroda,602472
Provinsi Jawa Timur,Kota Surabaya,PT BPR Prima Master Bank,602762
Provinsi Jawa Timur,Kota Mojokerto,PT BPR Majatama Perseroda,600771
Provinsi Jawa Timur,Kota Mojokerto,PT Bank Perekonomian Rakyat Kurnia Dadi Arta,600777
Provinsi Jawa Timur,Kota Malang,PT Bank Perekonomian Rakyat Putera Dana,600867
Provinsi Jawa Timur,Kota Malang,PT Bank Perekonomian Rakyat Armindo Kencana,600882
Provinsi Jawa Timur,Kota Malang,PT. BPR Eka Dana Utama,600893
Provinsi Jawa Timur,Kota Malang,PT Bank Perekonomian Rakyat Gunung Arjuna,600900
Provinsi Jawa Timur,Kota Malang,PT Bank Perekonomian Rakyat Gunung Ringgit,600904
Provinsi Jawa Timur,Kota Malang,PT Bank Perekonomian Rakyat Tugu Artha Sejahtera Kota Malang Perseroda,600910
Provinsi Jawa Timur,Kota Malang,PT Bank Perkreditan Rakyat Sumber Arto,600912
Provinsi Jawa Timur,Kota Malang,PT Bank Perekonomian Rakyat Trikarya Waranugraha,600914
Provinsi Jawa Timur,Kota Malang,PT Bank Perekonomian Rakyat Putra Arta Dewata,601677
Provinsi Jawa Timur,Kota Pasuruan,PT Bank Perekonomian Rakyat BPR Kota Pasuruan Perseroda,600866
Provinsi Jawa Timur,Kota Probolinggo,PT Bank Perekonomian Rakyat Semeru Swasti,600921
Provinsi Jawa Timur,Kota Probolinggo,PT Bank Perekonomian Rakyat Sentral Arta Jaya,600927
Provinsi Jawa Timur,Kota Blitar,PT Bank Perekonomian Rakyat Pulau Intan Sejahtera,600113
Provinsi Jawa Timur,Kota Blitar,Perumda BPR Kota Blitar,602560
Provinsi Jawa Timur,Kota Kediri,Perumda BPR Bank Kota Kediri,600776
Provinsi Jawa Timur,Kota Kediri,PT Bank Perekonomian Rakyat Dhaha Ekonomi,600946
Provinsi Jawa Timur,Kota Kediri,PT Bank Perekonomian Rakyat Insumo Sumberarto,601740
Provinsi Jawa Timur,Kota Kediri,PT Bank Perekonomian Rakyat Mahkota Mitra Usaha,601745
Provinsi Jawa Timur,Kota Madiun,PT. BPR Mejayan Permai,600006
Provinsi Jawa Timur,Kota Madiun,PT Bank Perekonomian Rakyat Mandiri Dhanasejahtera,600128
Provinsi Jawa Timur,Kota Madiun,Perumda BPR Bank Daerah Kota Madiun,600950
Provinsi Jawa Timur,Kota Madiun,PT Bank Perekonomian Rakyat Tunas Artha Baru,600951
Provinsi Jawa Timur,Kota Madiun,KBPR Wijaya Kusuma,600952
Provinsi Bengkulu,Kab. Bengkulu Selatan,PERUMDA BPR Mukomuko,602744
Provinsi Bengkulu,Kab. Bengkulu Utara,PT Bank Perekonomian Rakyat Dian Binarta,601948
Provinsi Bengkulu,Kab. Rejang Lebong,PT Bank Perekonomian Rakyat Maroba Ite,601937
Provinsi Bengkulu,Kab. Kepahiang,PT Bank Perekonomian Rakyat Mindosari,601939
Provinsi Bengkulu,Kab. Mukomuko,PT Bank Perekonomian Rakyat Mukomuko Makmur,602715
Provinsi Jambi,Kab. Muaro Jambi,PT Bank Perekonomian Rakyat Pondok Meja Indah,600104
Provinsi Jambi,Kab. Muaro Jambi,PT. Bank Perekonomian Rakyat Rap Ganda,602017
Provinsi Jambi,Kab. Tanjung Jabung Barat,PT Bank Perekonomian Rakyat Tanggo Rajo Perseroda,600817
Provinsi Jambi,Kab. Bungo,PT BPR Bungo Mandiri,602634
Provinsi Jambi,Kota Jambi,PT. BPR Universal Sentosa,600056
Provinsi Jambi,Kota Jambi,PT Bank Perekonomian Rakyat Mitra Lestari,600885
Provinsi Jambi,Kota Jambi,PT Bank Perekonomian Rakyat Batanghari,601119
Provinsi Jambi,Kota Jambi,PT BANK PEREKONOMIAN RAKYAT ARTHA PRIMA PERSADA,602465
Provinsi Jambi,Kota Jambi,PT Bank Perekonomian Rakyat Kencana Mandiri,602635
Provinsi Jambi,Kota Jambi,PT Bank Perekonomian Rakyat Central Dana Mandiri,602636
Provinsi Jambi,Kota Jambi,PT Bank Perekonomian Rakyat Central Niaga Abadi,602664
Provinsi Jambi,Kota Jambi,PT Bank Perekonomian Rakyat Ronatama Mandiri Jambi,602683
Provinsi Jambi,Kota Jambi,PT. Bank Perekonomian Rakyat Prima Jambi Mandiri,602689
Provinsi Jambi,Kota Jambi,PT BANK PEREKONOMIAN RAKYAT JAMBI CITRA SAHABAT,602690
Provinsi Jambi,Kota Jambi,PT Bank Perekonomian Rakyat Pundi Dana Mandiri,602701
Provinsi Jambi,Kota Jambi,PT Bank Perekonomian Rakyat Citra Darma Wangsa,602711
Provinsi Jambi,Kota Jambi,PT. BPR Buana Mandiri,602714
Provinsi Jambi,Kota Jambi,PT Bank Perekonomian Rakyat Perdana Cipta Sejahtera,602716
Provinsi Jambi,Kota Jambi,PT Bank Perekonomian Rakyat Ukabima Permata,602727
Provinsi Jambi,Kota Sungai Penuh,PT Bank Perekonomian Rakyat Pembangunan Kerinci,602608
Provinsi NAD,Kab. Aceh Besar,PT. BPR Artha Aceh Sejahtera,600096
Provinsi NAD,Kab. Aceh Besar,PT Bank Perekonomian Rakyat Ingin Jaya,601938
Provinsi NAD,Kota Banda Aceh,PT BPR Mustaqim Sukamakmur,600280
Provinsi NAD,Kota Banda Aceh,PT. BPR Berlian Global Aceh,602570
Provinsi NAD,Kota Lhokseumawe,PT. BPR Aceh Utara,601093
Provinsi Sumatera Utara,Kab. Deli Serdang,PT Bank Perekonomian Rakyat Nusantara Bona Pasogit Dua Puluh Lima,600018
Provinsi Sumatera Utara,Kab. Deli Serdang,PT Bank Perekonomian Rakyat Nusantara Bona Pasogit Tiga Puluh Tiga,600149
Provinsi Sumatera Utara,Kab. Deli Serdang,PT. BPR Nusa Galang Makmur,600159
Provinsi Sumatera Utara,Kab. Deli Serdang,PT Bank Perekonomian Rakyat Solider,600274
Provinsi Sumatera Utara,Kab. Deli Serdang,PT. BPR Dana Ganda,601085
Provinsi Sumatera Utara,Kab. Deli Serdang,PT BANK PEREKONOMIAN RAKYAT NUSANTARA BONA PASOGIT DUA PULUH,601872
Provinsi Sumatera Utara,Kab. Deli Serdang,PT Bank Perekonomian Rakyat Nusantara Bona Pasogit Tujuh Belas,601875
Provinsi Sumatera Utara,Kab. Deli Serdang,PT BPR Karyabhakti Ugahari,601927
Provinsi Sumatera Utara,Kab. Deli Serdang,PT BANK PEREKONOMIAN RAKYAT PIJER PODI KEKELENGEN,601930
Provinsi Sumatera Utara,Kab. Deli Serdang,PT Bank Perekonomian Rakyat Disky Surya Jaya,601965
Provinsi Sumatera Utara,Kab. Deli Serdang,PT BPR Tridana Percut,601969
Provinsi Sumatera Utara,Kab. Deli Serdang,PT Bank Perekonomian Rakyat Nusantara Ekonomi Jaya,601972
Provinsi Sumatera Utara,Kab. Deli Serdang,PT BANK PEREKONOMIAN RAKYAT SUMBER TIOPAN RAYA,601974
Provinsi Sumatera Utara,Kab. Deli Serdang,PT Bank Perekonomian Rakyat Laksana Abadisunggal,601991
Provinsi Sumatera Utara,Kab. Deli Serdang,PT Bank Perekonomian Rakyat Laksana Gunapercut,601992
Provinsi Sumatera Utara,Kab. Deli Serdang,PT Bank Perekonomian Rakyat Talabumi Sunggal,601993
Provinsi Sumatera Utara,Kab. Deli Serdang,PT BANK PEREKONOMIAN RAKYAT DUTA PARAMARTA,601994
Provinsi Sumatera Utara,Kab. Deli Serdang,PT Bank Perekonomian Rakyat Guna Rakyat,602461
Provinsi Sumatera Utara,Kab. Deli Serdang,PT Bank Perekonomian Rakyat Mitra Sumber Makmur,602729
Provinsi Sumatera Utara,Kab. Deli Serdang,PT Bank Perekonomian Rakyat Karya Bersama Ugahari,602760
Provinsi Sumatera Utara,Kab. Langkat,PT BPR Nusantara Bona Pasogit 13,601967
Provinsi Sumatera Utara,Kab. Karo,PT Bank Perekonomian Rakyat Nusantara Bona Pasogit Lima Belas,601874
Provinsi Sumatera Utara,Kab. Karo,PT Bank Perekonomian Rakyat Logo Karo Asri,601975
Provinsi Sumatera Utara,Kab. Simalungun,PT BANK PEREKONOMIAN RAKYAT BUANA AGRIBISNIS,600887
Provinsi Sumatera Utara,Kab. Simalungun,PT Bank Perekonomian Rakyat Bandar Jaya,601877
Provinsi Sumatera Utara,Kab. Simalungun,PT Bank Perekonomian Rakyat Nusantara Bona Pasogit Enam,601957
Provinsi Sumatera Utara,Kab. Simalungun,PT Bank Perekonomian Rakyat Nusantara Bona Pasogit Tujuh,601958
Provinsi Sumatera Utara,Kab. Labuhan Batu,PT BANK PEREKONOMIAN RAKYAT NUSANTARA BONA PASOGIT ENAM BELAS,600092
Provinsi Sumatera Utara,Kab. Labuhan Batu,PT Bank Perekonomian Rakyat Mangatur Ganda,601131
Provinsi Sumatera Utara,Kab. Asahan,PT Bank Perekonomian Rakyat Nusantara Bona Pasogit Empat,601959
Provinsi Sumatera Utara,Kab. Asahan,PT. BPR Diori Ganda,601970
Provinsi Sumatera Utara,Kab. Dairi,PT Bank Perekonomian Rakyat Nusantara Bona Pasogit Delapan,601956
Provinsi Sumatera Utara,Kab. Tapanuli Utara,PT Bank Perekonomian Rakyat Nusantara Bona Pasogit Satu,601963
Provinsi Sumatera Utara,Kab. Tapanuli Selatan,PT BANK PEREKONOMIAN RAKYAT KARYA PARHUTA,601094
Provinsi Sumatera Utara,Kab. Tapanuli Selatan,PT BPR Bina Barumun,601971
Provinsi Sumatera Utara,Kab. Toba Samosir,PT BANK PEREKONOMIAN RAKYAT SURUNGAN NAULI,600918
Provinsi Sumatera Utara,Kab. Toba Samosir,PT. BPR Porsea Jaya,601083
Provinsi Sumatera Utara,Kab. Toba Samosir,PT. BPR Nusantara Bona Pasogit 5,601960
Provinsi Sumatera Utara,Kab. Mandailing Natal,PT. BPR Nusantara Bona Pasogit 21,601876
Provinsi Sumatera Utara,Kab. Humbang Hasundutan,PT Bank Perekonomian Rakyat Nusantara Bona Pasogit Sepuluh,601961
Provinsi Sumatera Utara,Kab. Samosir,PT BANK PEREKONOMIAN RAKYAT NUSANTARA BONA PASOGIT SEMBILAN,601962
Provinsi Sumatera Utara,Kab. Serdang Bedagai,PT BANK PEREKONOMIAN RAKYAT NUSANTARA BONA PASOGIT DELAPAN BELAS,601873
Provinsi Sumatera Utara,Kab. Serdang Bedagai,PT Bank Perekonomian Rakyat Perbaungan Hombar Makmur,601931
Provinsi Sumatera Utara,Kota Binjai,PT BANK PEREKONOMIAN RAKYAT NUSANTARA BONA PASOGIT DUA PULUH DUA,600011
Provinsi Sumatera Utara,Kota Pematang Siantar,PT Bank Perekonomian Rakyat Nusantara Bona Pasogit Tiga Puluh Empat,600140
Provinsi Sumatera Utara,Kota Sibolga,PT BANK PEREKONOMIAN RAKYAT NUSANTARA BONA PASOGIT TIGA,601964
Provinsi Sumatera Utara,Kota Medan,PT BANK PEREKONOMIAN RAKYAT MULTI TATAPERKASA,600076
Provinsi Sumatera Utara,Kota Medan,PT BANK PEREKONOMIAN RAKYAT MITRADANA MADANI,600155
Provinsi Sumatera Utara,Kota Medan,PT Bank Perekonomian Rakyat Eka Prasetya,600412
Provinsi Sumatera Utara,Kota Medan,PT Bank Perekonomian Rakyat Duta Adiarta,600897
Provinsi Sumatera Utara,Kota Medan,PT Bank Perekonomian Rakyat Milala Sugiharta Sentosa,601966
Provinsi Sumatera Utara,Kota Medan,PT Bank Perekonomian Rakyat Prima Tata Pratama,601968
Provinsi Sumatera Utara,Kota Medan,PT Bank Perekonomian Rakyat Dana Mandiri,602655
Provinsi Sumatera Utara,Kota Medan,PT BANK PEREKONOMIAN RAKYAT WAHANA BERSAMA KPUM,602661
Provinsi Sumatera Utara,Kota Medan,PT. BPR Asia Bintang Cemerlang,602694
Provinsi Sumatera Utara,Kota Medan,PT Bank Perekonomian Rakyat Prima Madani,602705
Provinsi Sumatera Barat,Kab. Agam,PT BPR Tilatang Kamang,600255
Provinsi Sumatera Barat,Kab. Agam,PT. BPR Sungai Puar,601168
Provinsi Sumatera Barat,Kab. Agam,PT BPR Lumbuang Pitih Nagari Panampuang,601169
Provinsi Sumatera Barat,Kab. Agam,PT Bank Perekonomian Rakyat LPN Padang Tarab,601170
Provinsi Sumatera Barat,Kab. Agam,PT BPR Mutiara Pesisir,601174
Provinsi Sumatera Barat,Kab. Agam,PT Bank Perekonomian Rakyat Gebu Harapan,601175
Provinsi Sumatera Barat,Kab. Agam,PT Bank Perekonomian Rakyat Pembangunan Nagari,601176
Provinsi Sumatera Barat,Kab. Agam,PT. BPR Gema Ampekkoto Sejahtera,602018
Provinsi Sumatera Barat,Kab. Pasaman,PT BPR Ophir,600146
Provinsi Sumatera Barat,Kab. Pasaman,PT Bank Perekonomian Rakyat Swadaya Anak Nagari,601208
Provinsi Sumatera Barat,Kab. Pasaman,PT BPR Mitradana,601209
Provinsi Sumatera Barat,Kab. Pasaman,PT BPR Sembilan Mutiara,601210
Provinsi Sumatera Barat,Kab. Pasaman,PT. BPR Khatulistiwa Bonjol,601211
Provinsi Sumatera Barat,Kab. Limapuluh Koto,PT BPR Dharma Pejuang Empatlima,600069
Provinsi Sumatera Barat,Kab. Limapuluh Koto,PT BANK PEREKONOMIAN RAKYAT SULIKI GUNUNG MAS,600256
Provinsi Sumatera Barat,Kab. Limapuluh Koto,PT. BPR Harau,600258
Provinsi Sumatera Barat,Kab. Limapuluh Koto,PT BPR LPN Taeh Baruh,601151
Provinsi Sumatera Barat,Kab. Limapuluh Koto,PT BANK PEREKONOMIAN RAKYAT LUMBUNG PITIH NAGARI PADANG KUNING,601152
Provinsi Sumatera Barat,Kab. Limapuluh Koto,PT BPR LPN Labuh Gunung,601153
Provinsi Sumatera Barat,Kab. Limapuluh Koto,PT. BPR Mitra Usaha Muaro Paiti,601155
Provinsi Sumatera Barat,Kab. Limapuluh Koto,PT BPR Kampung Baru Muaro Paiti,601156
Provinsi Sumatera Barat,Kab. Limapuluh Koto,PT Bank Perekonomian Rakyat Gonjong Limo,601191
Provinsi Sumatera Barat,Kab. Limapuluh Koto,PT BPR Guguk Mas Makmur,601226
Provinsi Sumatera Barat,Kab. Limapuluh Koto,PT BPR Sago Dharma Pejuang,602016
Provinsi Sumatera Barat,Kab. Limapuluh Koto,PT BPR Majo Lelo Sati Tambun Ijuk,602473
Provinsi Sumatera Barat,Kab. Solok Selatan,PT. BPR Artha Niaga Solok,601187
Provinsi Sumatera Barat,Kab. Solok Selatan,PT Bank Perekonomian Rakyat Sarantau Sasurambi,601189
Provinsi Sumatera Barat,Kab. Solok Selatan,PT BPR Pakan Rabaa Solok Selatan,601190
Provinsi Sumatera Barat,Kab. Padang Pariaman,PT. BPR Cincin Permata Andalas,600260
Provinsi Sumatera Barat,Kab. Padang Pariaman,PT Bank Perekonomian Rakyat Piala Makmur,601181
Provinsi Sumatera Barat,Kab. Padang Pariaman,PT BPR LPN Koto Dalam,601217
Provinsi Sumatera Barat,Kab. Padang Pariaman,PT BANK PEREKONOMIAN RAKYAT GANTO NAGARI SEMBILAN BELAS LIMA EMPAT,601220
Provinsi Sumatera Barat,Kab. Padang Pariaman,PT BPR Nagari Kasang,601221
Provinsi Sumatera Barat,Kab. Padang Pariaman,PT Bank Perekonomian Rakyat Pembangunan Kabupaten Padang Pariaman,601922
Provinsi Sumatera Barat,Kab. Padang Pariaman,PT Bank Perekonomian Rakyat VII Koto,601929
Provinsi Sumatera Barat,Kab. Padang Pariaman,PT. BPR Nurul Barokah,602019
Provinsi Sumatera Barat,Kab. Pesisir Selatan,PT Bank Perekonomian Rakyat Gema Pesisir,600249
Provinsi Sumatera Barat,Kab. Pesisir Selatan,PT Bank Perekonomian Rakyat Lengayang,600252
Provinsi Sumatera Barat,Kab. Pesisir Selatan,BPR LPN Tapan,601223
Provinsi Sumatera Barat,Kab. Pesisir Selatan,PT BPR Batang Tarusan,601224
Provinsi Sumatera Barat,Kab. Pesisir Selatan,PT Bank Perekonomian Rakyat Batang Kapas,601225
Provinsi Sumatera Barat,Kab. Pesisir Selatan,PT BPR Mitra Danagung,601227
Provinsi Sumatera Barat,Kab. Pesisir Selatan,PT BPR Mitra Bunda Mandiri,602013
Provinsi Sumatera Barat,Kab. Pesisir Selatan,PT. BPR Samudera,602552
Provinsi Sumatera Barat,Kab. Tanah Datar,PT Bank Perekonomian Rakyat Pariangan Kota Batusangkar,600253
Provinsi Sumatera Barat,Kab. Tanah Datar,PT. BPR Carano Nagari,601182
Provinsi Sumatera Barat,Kab. Tanah Datar,PT. BPR Rangkiang Nagari,601183
Provinsi Sumatera Barat,Kab. Tanah Datar,PT Bank Perekonomian Rakyat Gudam,601197
Provinsi Sumatera Barat,Kab. Tanah Datar,PT Bank Perekonomian Rakyat Batang Selo,601198
Provinsi Sumatera Barat,Kab. Tanah Datar,PT BPR Balerong Bunta,601199
Provinsi Sumatera Barat,Kab. Tanah Datar,PT BPR LPN PANDAI SIKEK,601200
Provinsi Sumatera Barat,Kab. Tanah Datar,PT. BPR Luhak Nan Tuo,601201
Provinsi Sumatera Barat,Kab. Tanah Datar,PT. BPR Batipuh,601202
Provinsi Sumatera Barat,Kab. Tanah Datar,PT BPR Malibu,601203
Provinsi Sumatera Barat,Kab. Tanah Datar,PT. BPR CAHAYA INTAN MANDIRI,601204
Provinsi Sumatera Barat,Kab. Tanah Datar,PT BPR LPN Padang Magek,601205
Provinsi Sumatera Barat,Kab. Tanah Datar,PT. BPR Andalas Baruh Bukit,601206
Provinsi Sumatera Barat,Kab. Tanah Datar,PT Bank Perekonomian Rakyat Pagaruyung,601207
Provinsi Sumatera Barat,Kab. Sawahlunto/Sijunjung,PT. BPR Mutiara Nagari,600247
Provinsi Sumatera Barat,Kab. Sawahlunto/Sijunjung,PT BPR Batang Palangki Mandiri,601159
Provinsi Sumatera Barat,Kab. Sawahlunto/Sijunjung,PT Bank Perekonomian Rakyat LPN Kampung Dalam,601166
Provinsi Sumatera Barat,Kab. Sawahlunto/Sijunjung,PT BANK PEREKONOMIAN RAKYAT DHARMA NAGARI,601167
Provinsi Sumatera Barat,Kab. Sawahlunto/Sijunjung,PT BPR Muaro Bodi,601228
Provinsi Sumatera Barat,Kab. Sawahlunto/Sijunjung,PT. BPR Bukit Cati Pematang Panjang,601229
Provinsi Sumatera Barat,Kab. Sawahlunto/Sijunjung,PT Bank Perekonomian Rakyat Gebu Sijunjung Sejahtera,601230
Provinsi Sumatera Barat,Kab. Kepulauan Mentawai,PT Bank Perekonomian Rakyat Pagai Utara Selatan,602549
Provinsi Sumatera Barat,Kab. Kepulauan Mentawai,PT. BPR Sipora,602551
Provinsi Sumatera Barat,Kab. Dharmasraya,PT BPR LPN Sungai Rumbai,601164
Provinsi Sumatera Barat,Kab. Dharmasraya,PT. BPR Sungai Rumbai,602015
Provinsi Sumatera Barat,Kab. Solok,PT. BPR Gunung Talang,600250
Provinsi Sumatera Barat,Kab. Solok,PT BPR X Koto Singkarak,601192
Provinsi Sumatera Barat,Kab. Solok,PT. BPR Mos Muara Panas,602014
Provinsi Sumatera Barat,Kab./Kota Lainnya - Provinsi Sumatera Barat,PT. BPR Pulau Punjung,600245
Provinsi Sumatera Barat,Kab./Kota Lainnya - Provinsi Sumatera Barat,PT BANK PEREKONOMIAN RAKYAT LUMBUNG PITIH NAGARI TARANTANG,601165
Provinsi Sumatera Barat,Kab./Kota Lainnya - Provinsi Sumatera Barat,PT Bank Perekonomian Rakyat Solok Selatan,601188
Provinsi Sumatera Barat,Kota Bukittinggi,PT BPR Rangkiang Aur Denai,601171
Provinsi Sumatera Barat,Kota Bukittinggi,PT BPRS Jam Gadang Perseroda,602538
Provinsi Sumatera Barat,Kota Padang,PT. BPR Central Micro,601154
Provinsi Sumatera Barat,Kota Padang,PT BPR Tjahaja Baru,601172
Provinsi Sumatera Barat,Kota Padang,PT BPR Raga Dana Sejahtera,601173
Provinsi Sumatera Barat,Kota Padang,PT Bank Perekonomian Rakyat Lugas Dana Mandiri,601186
Provinsi Sumatera Barat,Kota Padang,PT. BPR Lubuk Raya Mandiri,601194
Provinsi Sumatera Barat,Kota Padang,PT. BPR Cempaka Mitra Nagari,601222
Provinsi Sumatera Barat,Kota Padang,PT BPR Budisetia,602545
Provinsi Sumatera Barat,Kota Padang,PT BPR Stigma Andalas,602592
Provinsi Sumatera Barat,Kota Sawahlunto,PT. BPR Cahaya Nagari,601160
Provinsi Sumatera Barat,Kota Sawahlunto,PT BPR Durian Mandiri Sawahlunto,601161
Provinsi Sumatera Barat,Kota Sawahlunto,PT BPR Kota Arang Sejahtera,601162
Provinsi Sumatera Barat,Kota Sawahlunto,PT BPR Talawi Sakato Sejahtera,601163
Provinsi Sumatera Barat,Kota Padang Panjang,BPR LPN Kampung Manggis,601212
Provinsi Sumatera Barat,Kota Padang Panjang,PT Bank Perekonomian Rakyat Baringin Padang Panjang Sakato,601213
Provinsi Sumatera Barat,Kota Solok,PT. BPR Surya Katialo,601180
Provinsi Sumatera Barat,Kota Solok,PT BPR Solok Sakato,601185
Provinsi Sumatera Barat,Kota Solok,PT Bank Perekonomian Rakyat Prima Mulia Anugrah,601193
Provinsi Sumatera Barat,Kota Payakumbuh,PT. BPR Rangkiang Denai,601157
Provinsi Sumatera Barat,Kota Pariaman,PT BPR Tri Capital Investama Sumbar,601218
Provinsi Sumatera Barat,Kota Pariaman,PT BPR LA Mangau Sejahtera,601219
Provinsi Riau,Kab. Kampar,PT Bank Perekonomian Rakyat Sarimadu (Perseroda),602042
Provinsi Riau,Kab. Kampar,PT. BPR Bumi Riau Insani,602084
Provinsi Riau,Kab. Bengkalis,PT Bank Perekonomian Rakyat Nusantara Bona Pasogit 24,600013
Provinsi Riau,Kab. Bengkalis,PT Bank Perekonomian Rakyat Mitra Arta Mulia,600858
Provinsi Riau,Kab. Bengkalis,PT. BPR Mandar,601178
Provinsi Riau,Kab. Bengkalis,PT Bank Perekonomian Rakyat Terabina Seraya Mulia,601870
Provinsi Riau,Kab. Rokan Hulu,Perumda BPR Rokan Hulu,602561
Provinsi Riau,Kab. Rokan Hilir,PT Bank Perekonomian Rakyat Rokan Hilir (Perseroda),600320
Provinsi Riau,Kab. Pelalawan,PT Bank Perekonomian Rakyat Dana Amanah (Perseroda),602610
Provinsi Riau,Kab. Kuantan Singingi,PT BPR Cempaka Mitra Nagori Kuansing,602613
Provinsi Riau,Kota Pekanbaru,PT Bank Perekonomian Rakyat Artha Margahayu,600186
Provinsi Riau,Kota Pekanbaru,PT Bank Perekonomian Rakyat Payung Negeri Bestari,600849
Provinsi Riau,Kota Pekanbaru,PT Bank Perekonomian Rakyat Cempaka Wadah Sejahtera,601177
Provinsi Riau,Kota Pekanbaru,PT Bank Perekonomian Rakyat Unisritama,602041
Provinsi Riau,Kota Pekanbaru,PT Bank Perekonomian Rakyat Mitra Rakyat Riau,602065
Provinsi Riau,Kota Pekanbaru,PT Bank Perekonomian Rakyat Tuah Negeri Mandiri,602554
Provinsi Riau,Kota Pekanbaru,PT Bank Perekonomian Rakyat Pekanbaru Madani (Perseroda),602559
Provinsi Riau,Kota Pekanbaru,PT Bank Perekonomian Rakyat Mandiri Jaya Perkasa,602564
Provinsi Riau,Kota Pekanbaru,PT Bank Perekonomian Rakyat Universal Karya Mandiri Riau,602572
Provinsi Riau,Kota Pekanbaru,PT Bank Perekonomian Rakyat Harta Mandiri,602583
Provinsi Riau,Kota Pekanbaru,PT Bank Perekonomian Rakyat Delta Dana Mandiri,602586
Provinsi Riau,Kota Pekanbaru,PT BPR Indomitra Mega Kapital,602589
Provinsi Riau,Kota Pekanbaru,PT. BPR Tunas Mitra Mandiri,602609
Provinsi Riau,Kota Pekanbaru,PT Bank Perekonomian Rakyat Duta Perdana,602651
Provinsi Riau,Kota Pekanbaru,PT.BPR Faiza Pradani Andi,602663
Provinsi Riau,Kota Pekanbaru,PT. BPR Putra Riau Mandiri,602677
Provinsi Riau,Kota Pekanbaru,PT Bank Perekonomian Rakyat Anugerah Bintang Sejahtera,602678
Provinsi Riau,Kota Pekanbaru,PT Bank Perekonomian Rakyat Fianka Rezalina Fatma,602684
Provinsi Riau,Kota Pekanbaru,PT Bank Perekonomian Rakyat Arsham Sejahtera,602695
Provinsi Riau,Kota Pekanbaru,PT Bank Perekonomian Rakyat Prima Riau Sentosa,602712
Provinsi Riau,Kota Pekanbaru,PT Bank Perekonomian Rakyat Putra Mahkota Mandiri,602735
Provinsi Riau,Kota Dumai,PT Bank Perekonomian Rakyat Dumai Kapital Lestari,601926
Provinsi Sumatera Selatan,Kab. Musi Banyuasin,PT Bank Perekonomian Rakyat Prabumegah Kencana,601955
Provinsi Sumatera Selatan,Kab. Musi Banyuasin,PT. BPR Musi Artha Surya,602540
Provinsi Sumatera Selatan,Kab. Ogan Komering Ulu,PT Bank Perekonomian Rakyat Agritrans Batumarta,601117
Provinsi Sumatera Selatan,Kab. Ogan Komering Ulu,PT Bank Perekonomian Rakyat Utomo Manunggal Sejahtera Sumsel,602679
Provinsi Sumatera Selatan,Kab. Ogan Komering Ulu,PT Bank Perekonomian Rakyat Baturaja (Perseroda),602741
Provinsi Sumatera Selatan,Kab. Lematang Ilir Ogan Tengah (Muara Enim),PT Bank Perekonomian Rakyat Muara Enim (Perseroda),602739
Provinsi Sumatera Selatan,Kab. Banyuasin,PT. BPR Rarat Ganda,601949
Provinsi Sumatera Selatan,Kab. Ogan Komering Ulu Timur,PT Bank Perekonomian Rakyat Musi Arta Lestari,601950
Provinsi Sumatera Selatan,Kab. Ogan Ilir,PT Bank Perekonomian Rakyat Cinta Manis Agroloka,601116
Provinsi Sumatera Selatan,Kab. Ogan Ilir,PT Bank Perekonomian Rakyat Tiurganda,601953
Provinsi Sumatera Selatan,Kota Palembang,PT Bank Perekonomian Rakyat Mitra Central Dana,600863
Provinsi Sumatera Selatan,Kota Palembang,PT Bank Perekonomian Rakyat Sukasada,601100
Provinsi Sumatera Selatan,Kota Palembang,PT Bank Perekonomian Rakyat Tri Gunung Selatan,601951
Provinsi Sumatera Selatan,Kota Palembang,PT Bank Perekonomian Rakyat Multidana Mandiri,601952
Provinsi Sumatera Selatan,Kota Palembang,PT Bank Perekonomian Rakyat Sumatera Selatan (Perseroda),602574
Provinsi Sumatera Selatan,Kota Palembang,PT Bank Perekonomian Rakyat Prima Dana Abadi,602596
Provinsi Sumatera Selatan,Kota Palembang,PT Bank Perekonomian Rakyat Puskopat,602605
Provinsi Sumatera Selatan,Kota Palembang,PT Bank Perekonomian Rakyat Ukabima Grazia,602621
Provinsi Sumatera Selatan,Kota Palembang,PT Bank Perekonomian Rakyat Catur Mas,602693
Provinsi Sumatera Selatan,Kota Palembang,PT Bank Perekonomian Rakyat Bintang Dana Persada,602728
Provinsi Sumatera Selatan,Kota Palembang,PT Bank Perekonomian Rakyat Palembang,602731
Provinsi Sumatera Selatan,Kota Palembang,PT Bank Perekonomian Rakyat Berkat Sejati,602752
Provinsi Sumatera Selatan,Kota Lubuklinggau,PT Bank Perekonomian Rakyat Sindang Binaharta,601998
Provinsi Sumatera Selatan,Kota Prabumulih,PT. BPR Tahap Ganda,601954
Provinsi Kep. Bangka Belitung,Kab. Bangka,PT Bank Perekonomian Rakyat Sentral Mitra Sejahtera,601881
Provinsi Kep. Bangka Belitung,Kota Pangkal Pinang,PT BPR Anugrah Swakerta,600002
Provinsi Kep. Bangka Belitung,Kota Pangkal Pinang,PT Bank Perekonomian Rakyat Ukabima Lestari,600799
Provinsi Kep. Bangka Belitung,Kota Pangkal Pinang,PT Bank Perekonomian Rakyat Berkah Serumpun Mandiri,602710
Provinsi Kep. Riau,Kab. Karimun,Perumda BPR Tuah Karimun,600784
Provinsi Kep. Riau,Kab. Karimun,PT Bank Perekonomian Rakyat Karimun Sejahtera,602617
Provinsi Kep. Riau,Kab. Karimun,PT Bank Perekonomian Rakyat Buana Arta Mulia,602632
Provinsi Kep. Riau,Kab. Karimun,PT Bank Perekonomian Rakyat Mega Mas Lestari,602676
Provinsi Kep. Riau,Kab. Lingga,PT Bank Perekonomian Rakyat Sumber Dana Mas,602653
Provinsi Kep. Riau,Kab. Natuna,PT Bank Perekonomian Rakyat Natuna,602696
Provinsi Kep. Riau,Kab. Bintan (d/h Kab. Kepulauan Riau),Perumda BPR Bintan,602575
Provinsi Kep. Riau,Kota Tanjung Pinang,PT Bank Perekonomian Rakyat Duta Kepulauan Riau,600889
Provinsi Kep. Riau,Kota Tanjung Pinang,PT Bank Perekonomian Rakyat Dana Bintan Sejahtera,602075
Provinsi Kep. Riau,Kota Tanjung Pinang,PD. BPR Bestari,602581
Provinsi Kep. Riau,Kota Tanjung Pinang,PT Bank Perekonomian Rakyat Kepri Bintan,602599
Provinsi Kep. Riau,Kota Tanjung Pinang,PT Bank Perekonomian Rakyat Central Sejahtera,602607
Provinsi Kep. Riau,Kota Tanjung Pinang,PT Bank Perekonomian Rakyat Asia Sejahtera,602685
Provinsi Kep. Riau,Kota Tanjung Pinang,PT Bank Perekonomian Rakyat Dana Prima Mandiri,602733
Provinsi Kep. Riau,Kota Tanjung Pinang,PT Bank Perekonomian Rakyat Asli Dana Mandiri,602746
Provinsi Kep. Riau,Kota Tanjung Pinang,PT Bank Perekonomian Rakyat Dana Mulia Sejahtera,602748
Provinsi Kep. Riau,Kota Batam,PT Bank Perekonomian Rakyat Barelang Mandiri,600811
Provinsi Kep. Riau,Kota Batam,PT Bank Perekonomian Rakyat Pundi Masyarakat,600829
Provinsi Kep. Riau,Kota Batam,PT Bank Perekonomian Rakyat Kencana Graha,600883
Provinsi Kep. Riau,Kota Batam,PT Bank Perekonomian Rakyat Sejahtera Batam,600908
Provinsi Kep. Riau,Kota Batam,PT Bank Perekonomian Rakyat Artha Prima Perkasa,600913
Provinsi Kep. Riau,Kota Batam,PT Bank Perekonomian Rakyat Dana Nusantara,601118
Provinsi Kep. Riau,Kota Batam,PT BPR Lesca Dana Batam,601269
Provinsi Kep. Riau,Kota Batam,PT Bank Perekonomian Rakyat Banda Raya,602072
Provinsi Kep. Riau,Kota Batam,PT Bank Perekonomian Rakyat Dana Nagoya,602541
Provinsi Kep. Riau,Kota Batam,PT Bank Perekonomian Rakyat LSE Manggala,602558
Provinsi Kep. Riau,Kota Batam,PT Bank Perekonomian Rakyat Putra Batam,602590
Provinsi Kep. Riau,Kota Batam,PT Bank Perekonomian Rakyat Danamas Simpan Pinjam,602595
Provinsi Kep. Riau,Kota Batam,PT Bank Perekonomian Rakyat Kepri Batam,602598
Provinsi Kep. Riau,Kota Batam,PT Bank Perekonomian Rakyat Agra Dhana,602600
Provinsi Kep. Riau,Kota Batam,PT Bank Perekonomian Kintamas Mitra Dana,602602
Provinsi Kep. Riau,Kota Batam,PT Bank Perekonomian Rakyat Indobaru Finansia,602614
Provinsi Kep. Riau,Kota Batam,PT Bank Perekonomian Rakyat Harapan Bunda Batam,602618
Provinsi Kep. Riau,Kota Batam,PT Bank Perekonomian Rakyat Global Mentari,602619
Provinsi Kep. Riau,Kota Batam,PT Bank Perekonomian Rakyat Dana Fanindo,602620
Provinsi Kep. Riau,Kota Batam,PT Bank Perekonomian Rakyat Ukabima Mitra Dana,602623
Provinsi Kep. Riau,Kota Batam,PT Bank Perekonomian Rakyat Sinergi Utama,602625
Provinsi Kep. Riau,Kota Batam,PT Bank Perekonomian Rakyat Dana Putra,602630
Provinsi Kep. Riau,Kota Batam,PT Bank Perekonomian Rakyat Dana Makmur,602631
Provinsi Kep. Riau,Kota Batam,PT Bank Perekonomian Rakyat Central Kepri,602644
Provinsi Kep. Riau,Kota Batam,PT Bank Perekonomian Rakyat Dana Central Mulia,602646
Provinsi Kep. Riau,Kota Batam,PT Bank Perekonomian Rakyat Majesty Golden Raya,602647
Provinsi Kep. Riau,Kota Batam,PT Bank Perekonomian Rakyat Dana Mitra Utama,602675
Provinsi Kep. Riau,Kota Batam,PT Bank Perekonomian Rakyat Satya Mitra Andalan,602688
Provinsi Lampung,Kab. Lampung Selatan,PT Bank Perekonomian Rakyat Danamaster Bahtera,601112
Provinsi Lampung,Kab. Lampung Selatan,PT Bank Perekonomian Rakyat Tahuan Ganda,602025
Provinsi Lampung,Kab. Lampung Tengah,PT Bank Perekonomian Rakyat Bahtera Artha Jaya,601288
Provinsi Lampung,Kab. Lampung Tengah,PT Bank Perekonomian Rakyat Tataarta Swadaya,602028
Provinsi Lampung,Kab. Lampung Tengah,PT Bank Perekonomian Rakyat Tara Dharma Artha,602645
Provinsi Lampung,Kab. Lampung Utara,PT Bank Perekonomian Rakyat Bungamayang Agroloka,601114
Provinsi Lampung,Kab. Tulang Bawang,PT. BPR Cempaka Mitra Usaha,602642
Provinsi Lampung,Kab. Lampung Timur,PT Bank Perekonomian Rakyat Labuhan Dana Sentosa,600273
Provinsi Lampung,Kab. Lampung Timur,PT Bank Perekonomian Rakyat Lipatganda,602021
Provinsi Lampung,Kab. Lampung Timur,PT Bank Perekonomian Rakyat Fajar Warapastika,602022
Provinsi Lampung,Kota Bandar Lampung,PT Bank Perekonomian Rakyat Tjandra Artha Lestari,600046
Provinsi Lampung,Kota Bandar Lampung,PT Bank Perekonomian Rakyat Langgenglestari Bersama,600084
Provinsi Lampung,Kota Bandar Lampung,PT. BPR Trisurya Bumindo,600772
Provinsi Lampung,Kota Bandar Lampung,PT Bank Perekonomian Rakyat Citra Dana Mandiri,600835
Provinsi Lampung,Kota Bandar Lampung,PT Bank Perekonomian Rakyat Inti Dana Sentosa,600911
Provinsi Lampung,Kota Bandar Lampung,PT Bank Perekonomian Rakyat Adji Caka,601108
Provinsi Lampung,Kota Bandar Lampung,PT Bank Perekonomian Rakyat Waway Lampung (Perseroda),601110
Provinsi Lampung,Kota Bandar Lampung,PT Bank Perekonomian Rakyat Swadaya Anugerah Utama,601111
Provinsi Lampung,Kota Bandar Lampung,PT. BPR Dhana Sewu,602023
Provinsi Lampung,Kota Bandar Lampung,PT Bank Perekonomian Rakyat Lampung Bina Sejahtera,602026
Provinsi Lampung,Kota Bandar Lampung,PT Bank Perekonomian Rakyat Arta Kedaton Makmur,602027
Provinsi Lampung,Kota Bandar Lampung,PT BPR TRISURYA BUMINDO,602243
Provinsi Lampung,Kota Bandar Lampung,PT Bank Perekonomian Rakyat Budi Intidana Sentosa,602571
Provinsi Lampung,Kota Bandar Lampung,PT Bank Perekonomian Rakyat Utomo Manunggal Sejahtera Lampung,602582
Provinsi Lampung,Kota Bandar Lampung,PT BPR Mitra Agro Usaha,602641
Provinsi Lampung,Kota Bandar Lampung,PT Bank Perekonomian Rakyat Dana Selaras Sentosa,602719
Provinsi Lampung,Kota Metro,PT Bank Perekonomian Rakyat Cipta Dana Mulia,600124
Provinsi Lampung,Kota Metro,PT Bank Perekonomian Rakyat Eka Bumi Artha,601109
Provinsi Kalimantan Selatan,Kab. Banjar,PT. BPR Simpang Empat Banjar Sejahtera,600234
Provinsi Kalimantan Selatan,Kab. Banjar,PT. BPR Sungai Tabuk Banjar Sejahtera,600235
Provinsi Kalimantan Selatan,Kab. Banjar,PT Bank Perekonomian Rakyat Multidhana Bersama,600265
Provinsi Kalimantan Selatan,Kab. Banjar,PT Bank Perekonomian Rakyat Martapura Banjar Sejahtera Perseroda,600290
Provinsi Kalimantan Selatan,Kab. Banjar,PT. BPR Astambul Banjar Sejahtera,600292
Provinsi Kalimantan Selatan,Kab. Banjar,PT Bank Perekonomian Rakyat Kredit Mandiri Kalsel,600864
Provinsi Kalimantan Selatan,Kab. Banjar,PT Bank Perekonomian Rakyat Mitratama Arthabuana,601123
Provinsi Kalimantan Selatan,Kab. Banjar,PT Bank Perekonomian Rakyat Azaz Andifa,602007
Provinsi Kalimantan Selatan,Kab. Tanah Laut,PT Bank Perekonomian Rakyat Tanah Laut,602709
Provinsi Kalimantan Selatan,Kab. Tapin,PT Bank Perekonomian Rakyat Tapin Sejahtera Perseroda,600228
Provinsi Kalimantan Selatan,Kab. Tapin,PT. BPR Tapin Tengah Mandiri Sejahtera,600229
Provinsi Kalimantan Selatan,Kab. Tapin,PT BPR Binuang Mandiri Sejahtera,600231
Provinsi Kalimantan Selatan,Kab. Tapin,PT. BPR Candi Laras Utara Mandiri Sejahtera,600232
Provinsi Kalimantan Selatan,Kab. Tapin,PT. BPR Tapin Utara Mandiri Sejahtera,600296
Provinsi Kalimantan Selatan,Kab. Hulu Sungai Selatan,PT Bank Perekonomian Rakyat Hulu Sungai Selatan Perseroda,600298
Provinsi Kalimantan Selatan,Kab. Hulu Sungai Tengah,PT. BPR Hulu Sungai Tengah,600294
Provinsi Kalimantan Selatan,Kab. Hulu Sungai Utara,PT BPR Telaga Silaba Amuntai Selatan,600223
Provinsi Kalimantan Selatan,Kab. Hulu Sungai Utara,PT Bank Perekonomian Rakyat Candi Agung Amuntai,600224
Provinsi Kalimantan Selatan,Kab. Hulu Sungai Utara,PT. BPR Sungai Turak Amuntai Utara,600226
Provinsi Kalimantan Selatan,Kab. Hulu Sungai Utara,PT. BPR Alabio Sungai Pandan,600302
Provinsi Kalimantan Selatan,Kab. Barito Kuala,PT. BPR Batola,602734
Provinsi Kalimantan Selatan,Kab. Kota Baru,PT Bank Perekonomian Rakyat Bank Kotabaru Perseroda,602698
Provinsi Kalimantan Selatan,Kab. Tabalong,PT BPR Tabalong Bersinar,600304
Provinsi Kalimantan Selatan,Kab. Tabalong,PT. BPR Tabalong Bersinar Kelua,600306
Provinsi Kalimantan Selatan,Kab. Tabalong,PT. BPR Tabalong Bersinar Muara Uya,600308
Provinsi Kalimantan Selatan,Kab. Balangan,PT BPR Sanggam Cipta Sejahtera Balangan,602697
Provinsi Kalimantan Selatan,Kota Banjarmasin,PT Bank Perekonomian Rakyat Danapermata Lestari,601987
Provinsi Kalimantan Selatan,Kota Banjarbaru,PT BPR Gawisabumi Mandarsari,601984
Provinsi Kalimantan Barat,Kab. Mempawah (d/h Kab. Pontianak),PT Bank Perekonomian Rakyat Pancur Banua Khatulistiwa,601985
Provinsi Kalimantan Barat,Kab. Sambas,PT. BPR Tebas Lokarizki,601947
Provinsi Kalimantan Barat,Kab. Sanggau,PT Bank Perekonomian Rakyat Dana Sanggau Mandiri,600892
Provinsi Kalimantan Barat,Kab. Sanggau,PT Bank Perekonomian Rakyat Mitra Primalestari,602066
Provinsi Kalimantan Barat,Kab. Sintang,PT Bank Perekonomian Rakyat Tritunggal,602720
Provinsi Kalimantan Barat,Kab. Kubu Raya,PT Bank Perekonomian Rakyat Lokadana Sentosa,601122
Provinsi Kalimantan Barat,Kab. Kubu Raya,PT Bank Perekonomian Rakyat Cahaya Wiraputra,601986
Provinsi Kalimantan Barat,Kab. Kubu Raya,PT Bank Perekonomian Rakyat Dana Tirtaraya,601988
Provinsi Kalimantan Barat,Kota Pontianak,PT. BPR Universal Kalbar,600059
Provinsi Kalimantan Barat,Kota Pontianak,PT Bank Perekonomian Rakyat Perdana Lintas Khatulistiwa,600809
Provinsi Kalimantan Barat,Kota Pontianak,Perumda BPR Khatulistiwa Pontianak,601121
Provinsi Kalimantan Barat,Kota Pontianak,PT Bank Perekonomian Rakyat Centradana Kapuas,601126
Provinsi Kalimantan Barat,Kota Pontianak,PT Bank Perekonomian Rakyat Prima Multi Makmur,602074
Provinsi Kalimantan Barat,Kota Pontianak,PT Bank Perekonomian Rakyat Cemerlang Kapuas Makmur,602464
Provinsi Kalimantan Barat,Kota Pontianak,PT Bank Perekonomian Rakyat Sukadana Prima,602543
Provinsi Kalimantan Barat,Kota Pontianak,PT Bank Perekonomian Rakyat Andalan Favorit Perdana,602547
Provinsi Kalimantan Barat,Kota Pontianak,PT Bank Perekonomian Rakyat Dana Wira Buana,602659
Provinsi Kalimantan Barat,Kota Pontianak,PT. BPR Ukabima Khatulistiwa Pontianak,602686
Provinsi Kalimantan Barat,Kota Pontianak,PT Bank Perekonomian Rakyat Cahaya Khatulistiwa Sejahtera,602707
Provinsi Kalimantan Barat,Kota Pontianak,PT BPR Duta Niaga,602732
Provinsi Kalimantan Barat,Kota Singkawang,PT. BPR Sambas Arta,601989
Provinsi Kalimantan Barat,Kota Singkawang,PT BPR Panca Arta Graha,602588
Provinsi Kalimantan Timur,Kab. Kutai Kartanegara,PT BANK PEREKONOMIAN RAKYAT INGERTAD BANGUN UTAMA,601124
Provinsi Kalimantan Timur,Kab. Kutai Kartanegara,PT BANK PEREKONOMIAN RAKYAT BEPEDE KALTIM SEJAHTERA,602555
Provinsi Kalimantan Timur,Kab. Bulungan,PT BPR Bank Bulungan (Perseroda),602700
Provinsi Kalimantan Timur,Kab. Kutai Timur,PT BANK PEREKONOMIAN RAKYAT KUTAI TIMUR,602550
Provinsi Kalimantan Timur,Kota Samarinda,PT BANK PEREKONOMIAN RAKYAT ARTHA KARYA PERDANA,600865
Provinsi Kalimantan Timur,Kota Samarinda,PT Bank Perekonomian Rakyat Kredit Mandiri Kalimantan Timur,600930
Provinsi Kalimantan Timur,Kota Samarinda,PT Bank Perekonomian Rakyat Ronggolawe,601130
Provinsi Kalimantan Timur,Kota Samarinda,PT BANK PEREKONOMIAN RAKYAT BANK SAMARINDA,602067
Provinsi Kalimantan Timur,Kota Samarinda,PT BANK PEREKONOMIAN RAKYAT DANAFLASH KALIMANTAN TIMUR,602085
Provinsi Kalimantan Timur,Kota Samarinda,PT Bank Perekonomian Rakyat Sekar Kalimantan Timur,602460
Provinsi Kalimantan Timur,Kota Samarinda,PT Bank Perekonomian Rakyat Bangun Permata Karsa,602565
Provinsi Kalimantan Timur,Kota Balikpapan,PT BANK PEREKONOMIAN RAKYAT RONABASA,600801
Provinsi Kalimantan Timur,Kota Tarakan,PT BANK PEREKONOMIAN RAKYAT DANAFAST KALIMANTAN UTARA,602749
Provinsi Kalimantan Timur,Kota Bontang,PT Bank Perekonomian Rakyat Paro Tua,600791
Provinsi Kalimantan Timur,Kota Bontang,PT Bank Perekonomian Rakyat Dhanarta Dwiprima Kota Bontang,601125
Provinsi Kalimantan Timur,Kota Bontang,PT Bank Perekonomian Rakyat Bontang,602624
Provinsi Kalimantan Tengah,Kab. Kotawaringin Barat,PT. BPR Lingga Sejahtera,601990
Provinsi Kalimantan Tengah,Kab. Kotawaringin Barat,Perumda BPR Marunting Sejahtera,602611
Provinsi Kalimantan Tengah,Kab. Kotawaringin Barat,PT. BPR Pelangi,602692
Provinsi Kalimantan Tengah,Kab. Kotawaringin Timur,PT. BPR Ukabima Prima,601031
Provinsi Kalimantan Tengah,Kab. Sukamara,PT. BPR Artha Sukma,602691
Provinsi Kalimantan Tengah,Kab. Lamandau,PT. BPR Sampuraga Cemerlang (Perseroda),602754
Provinsi Sulawesi Tengah,Kab. Poso,PT Bank Perekonomian Rakyat Yaspis Dana Prima,602601
Provinsi Sulawesi Tengah,Kab. Parimo/Banggai,PT. BPR Mitra Niaga Banggai,600859
Provinsi Sulawesi Tengah,Kab. Parigi Moutong,PT Bank Perekonomian Rakyat Binarta Luhur,600063
Provinsi Sulawesi Tengah,Kab. Parigi Moutong,PT. BPR Akarumi,601920
Provinsi Sulawesi Tengah,Kota Palu,PT. BPR Palu Lokadana Utama,601882
Provinsi Sulawesi Tengah,Kota Palu,PT Bank Perekonomian Rakyat Sulawesi Karya Sentosa,602539
Provinsi Sulawesi Tengah,Kota Palu,PT Bank Perekonomian Rakyat Palu Anugerah,602542
Provinsi Sulawesi Tengah,Kota Palu,PT Bank Perekonomian Rakyat Sulawesi Mitra Abadi,602622
Provinsi Sulawesi Tengah,Kota Palu,PT Bank Perekonomian Rakyat Prima Artha Sejahtera,602626
Provinsi Sulawesi Selatan,Kab. Gowa,PT Bank Perekonomian Rakyat Pataru Laba,600833
Provinsi Sulawesi Selatan,Kab. Gowa,Koperasi BPR Abang Pasar,601146
Provinsi Sulawesi Selatan,Kab. Bone,PT Bank Perekonomian Rakyat Suar Data,600831
Provinsi Sulawesi Selatan,Kab. Tana Toraja,PT Bank Perekonomian Rakyat Tritama Abadi Mengkendek,601912
Provinsi Sulawesi Selatan,Kab. Tana Toraja,PT Bank Perekonomian Rakyat Capta Mulia Abadi,601918
Provinsi Sulawesi Selatan,Kab. Maros,PT. BPR Dana Niaga Mandiri,600034
Provinsi Sulawesi Selatan,Kab. Selayar,PT Bank Perekonomian Rakyat Pesisir Tanadoang,602579
Provinsi Sulawesi Selatan,Kab. Takalar,PT Bank Perekonomian Rakyat Gerbang Masa Depan,600049
Provinsi Sulawesi Selatan,Kab. Pangkajene Kepulauan,Perumda BPR Citra Mas,602562
Provinsi Sulawesi Selatan,Kab. Luwu Timur (d/h Luwu Selatan),PT Bank Perekonomian Rakyat Unhas,600890
Provinsi Sulawesi Selatan,Kab. Toraja Utara,PT Bank Perekonomian Rakyat Bank Toraya,601943
Provinsi Sulawesi Selatan,Kota Makassar,PT Bank Perekonomian Rakyat Sulawesi Mandiri,600823
Provinsi Sulawesi Selatan,Kota Makassar,PT. BPR Batara Wajo,600916
Provinsi Sulawesi Selatan,Kota Makassar,PT Bank Perekonomian Rakyat Kota Makassar Perseroda,601148
Provinsi Sulawesi Selatan,Kota Makassar,PT Bank Perekonomian Rakyat Taruna Jujur Sakti,601149
Provinsi Sulawesi Selatan,Kota Makassar,PT Bank Perekonomian Rakyat Sulawesi Danajaya,601904
Provinsi Sulawesi Selatan,Kota Makassar,PT Bank Perekonomian Rakyat Kredit Mandiri Sulawesi Selatan Sejahtera,601911
Provinsi Sulawesi Selatan,Kota Makassar,PT Bank Perekonomian Rakyat Alinma,601944
Provinsi Sulawesi Selatan,Kota Makassar,PT Bank Perekonomian Rakyat Hasamitra,602070
Provinsi Sulawesi Selatan,Kota Makassar,PT Bank Perekonomian Rakyat Dian Artha Nusa,602662
Provinsi Sulawesi Selatan,Kota Makassar,PT. BPR Indotama UKM Sulawesi,602699
Provinsi Sulawesi Selatan,Kota Makassar,PT BPR Modern Express Sulawesi Selatan,602755
Provinsi Sulawesi Utara,Kab. Minahasa,PT Bank Perekonomian Rakyat Paro Laba,600803
Provinsi Sulawesi Utara,Kab. Bolaang Mongondow,PT Bank Perekonomian Rakyat Citra Dumoga,601916
Provinsi Sulawesi Utara,Kab. Minahasa Utara,PT Bank Perekonomian Rakyat Arya Bira Karsa,601919
Provinsi Sulawesi Utara,Kab. Minahasa Utara,PT Bank Perekonomian Rakyat Mapalus Tumetenden,601932
Provinsi Sulawesi Utara,Kota Manado,PT Bank Perekonomian Rakyat Nusa Utara,600148
Provinsi Sulawesi Utara,Kota Manado,PT Bank Perekonomian Rakyat Millenia,601142
Provinsi Sulawesi Utara,Kota Manado,PT Bank Perekonomian Rakyat Prisma Dana,601924
Provinsi Sulawesi Utara,Kota Manado,PT Bank Perekonomian Rakyat Juara Dana Abadi,601928
Provinsi Sulawesi Utara,Kota Manado,PT BPR Modern Express Sulut,601942
Provinsi Sulawesi Utara,Kota Manado,PT Bank Perekonomian Rakyat Celebes Mitra Perdana,602573
Provinsi Sulawesi Utara,Kota Manado,PT Bank Perekonomian Rakyat Dana Raya,602639
Provinsi Sulawesi Utara,Kota Manado,PT Bank Perekonomian Rakyat Kredit Mandiri Celebes Sejahtera,602660
Provinsi Sulawesi Utara,Kota Manado,PT Bank Perekonomian Rakyat Mitra Dana Kawanua,602718
Provinsi Sulawesi Utara,Kota Kotamobagu,PT Bank Perekonomian Rakyat Arta Makmur Sejahtera,601141
Provinsi Sulawesi Utara,Kota Bitung,PT Bank Perekonomian Rakyat Danaku Mapan Lestari,602680
Provinsi Sulawesi Utara,Kota Tomohon,PT. BPR Artha Puspa Mulia,601139
Provinsi Sulawesi Utara,Kota Tomohon,PT. BPR Maesa Waya,601140
Provinsi Sulawesi Utara,Kota Tomohon,PT Bank Perekonomian Rakyat Kartika Matuari,601945
Provinsi Gorontalo,Kab. Gorontalo,PT Bank Perekonomian Rakyat Paro Dana,600841
Provinsi Gorontalo,Kota Gorontalo,PT. BPR Telaga Sinarcahaya,601995
Provinsi Gorontalo,Kota Gorontalo,PT Bank Perekonomian Rakyat Prisma Dana Gorontalo,602658
Provinsi Sulawesi Barat,Kab. Polewali Mandar,PT Bank Perekonomian Rakyat Yustima Polewali Mandar,601913
Provinsi Sulawesi Barat,Kab. Mamuju Utara,PT Bank Perekonomian Rakyat Agrimakmur Lestari,601147
Provinsi Sulawesi Tenggara,Kab. Buton,PT Bank Perekonomian Rakyat Bahteramas Buton (Perseroda),602724
Provinsi Sulawesi Tenggara,Kab. Buton,PT Bank Perekonomian Rakyat Bahteramas Buton Utara (Perseroda),602725
Provinsi Sulawesi Tenggara,Kab. Muna,PT Bank Perekonomian Rakyat Bahteramas Raha (Perseroda),602721
Provinsi Sulawesi Tenggara,Kab. Kolaka,PT. BPR Mustika Utama Kolaka,600797
Provinsi Sulawesi Tenggara,Kab. Kolaka,PT Bank Perekonomian Rakyat Hara Lata,600821
Provinsi Sulawesi Tenggara,Kab. Kolaka,PT Bank Perekonomian Rakyat Bahteramas Kolaka (Perseroda),602671
Provinsi Sulawesi Tenggara,Kab. Wakatobi,PT Bank Perekonomian Rakyat Bahteramas Wakatobi (Perseroda),602673
Provinsi Sulawesi Tenggara,Kab. Konawe,PT Bank Perekonomian Rakyat Bahteramas Konawe (Perseroda),602669
Provinsi Sulawesi Tenggara,Kab. Konawe Selatan,PT Bank Perekonomian Rakyat Bahteramas Konawe Selatan (Perseroda),602670
Provinsi Sulawesi Tenggara,Kab. Bombana,PT Bank Perekonomian Rakyat Bahteramas Bombana (Perseroda),602672
Provinsi Sulawesi Tenggara,Kab. Kolaka Utara,PT. BPR Bahteramas Kolaka Utara (Perseroda),602723
Provinsi Sulawesi Tenggara,Kab. Konawe Utara,PT. BPR Bahteramas Konawe Utara (Perseroda),602722
Provinsi Sulawesi Tenggara,Kota Bau-Bau,PT Bank Perekonomian Rakyat Rakyat Mandiri,600794
Provinsi Sulawesi Tenggara,Kota Bau-Bau,PT Bank Perekonomian Rakyat Bahteramas Baubau (Perseroda),602668
Provinsi Sulawesi Tenggara,Kota Kendari,PT BPR Modern Express Sultra,600028
Provinsi Sulawesi Tenggara,Kota Kendari,PT. BPR Sejahtera Kendari,600792
Provinsi Sulawesi Tenggara,Kota Kendari,PT Bank Perekonomian Rakyat Ganda Lata,600804
Provinsi Sulawesi Tenggara,Kota Kendari,PT Bank Perekonomian Rakyat Bahteramas Kendari (Perseroda),602667
Provinsi Nusa Tenggara Barat,Kab. Lombok Barat,PT Bank Perekonomian Rakyat Sowan Utama,600105
Provinsi Nusa Tenggara Barat,Kab. Lombok Barat,PT Bank Perekonomian Rakyat Ramot Ganda,601078
Provinsi Nusa Tenggara Barat,Kab. Lombok Barat,PT Bank Perekonomian Rakyat Wiranadi,601079
Provinsi Nusa Tenggara Barat,Kab. Lombok Barat,PT Bank Perekonomian Rakyat Danayasa,601080
Provinsi Nusa Tenggara Barat,Kab. Lombok Barat,PT. BPR Dana Master Surya,601833
Provinsi Nusa Tenggara Barat,Kab. Lombok Barat,PT. BANK PEREKONOMIAN RAKYAT NARPADA NUSA,601867
Provinsi Nusa Tenggara Barat,Kab. Lombok Barat,PT Bank Perekonomian Rakyat Abdi Warga Mulia,601868
Provinsi Nusa Tenggara Barat,Kab. Lombok Barat,PT Bank Perekonomian Rakyat Pesisir Layar Berkembang,602569
Provinsi Nusa Tenggara Barat,Kab. Lombok Barat,PD. BPR NTB Lombok Barat,602654
Provinsi Nusa Tenggara Barat,Kab. Lombok Barat,PT. BANK PEREKONOMIAN RAKYAT DANA MASTER LOTARA,602758
Provinsi Nusa Tenggara Barat,Kab. Lombok Tengah,PT Bank Perekonomian Rakyat Tresna Niaga,600901
Provinsi Nusa Tenggara Barat,Kab. Lombok Tengah,PD. BPR NTB Lombok Tengah,602628
Provinsi Nusa Tenggara Barat,Kab. Lombok Timur,PT Bank Perekonomian Rakyat Segara Anak Kencana,601075
Provinsi Nusa Tenggara Barat,Kab. Lombok Timur,PT. BPR Samas,601076
Provinsi Nusa Tenggara Barat,Kab. Lombok Timur,PD. BPR NTB Lombok Timur,602629
Provinsi Nusa Tenggara Barat,Kab. Sumbawa,PT Bank Perekonomian Rakyat Lopokganda,601906
Provinsi Nusa Tenggara Barat,Kab. Sumbawa,PT Bank Perekonomian Rakyat Kabalong Abdi Swadaya,601907
Provinsi Nusa Tenggara Barat,Kab. Sumbawa,PT Bank Perekonomian Rakyat Samawa Kencana,601915
Provinsi Nusa Tenggara Barat,Kab. Sumbawa,PD BPR NTB Sumbawa,602633
Provinsi Nusa Tenggara Barat,Kab. Bima,PT.BPR BIMA ABDI SWADAYA,601908
Provinsi Nusa Tenggara Barat,Kab. Bima,PT. BANK PEREKONOMIAN RAKYAT PESISIR AKBAR,602566
Provinsi Nusa Tenggara Barat,Kab. Bima,PD. BPR NTB Bima,602657
Provinsi Nusa Tenggara Barat,Kab. Dompu,PD. BPR NTB Dompu,602656
Provinsi Nusa Tenggara Barat,Kab. Sumbawa Barat,PD. BPR NTB Sumbawa Barat,602682
Provinsi Nusa Tenggara Barat,Kab. Lombok Utara,PT. BPR Tanjung Abdi Swadaya,601081
Provinsi Nusa Tenggara Barat,Kota Mataram,PT Bank Perekonomian Rakyat NTB (Perseroda),600374
Provinsi Nusa Tenggara Barat,Kota Mataram,PT. BANK PEREKONOMIAN RAKYAT PITIH GUMARANG,600781
Provinsi Nusa Tenggara Barat,Kota Mataram,PT Bank Perekonomian Rakyat Prima Nadi,601909
Provinsi Nusa Tenggara Barat,Kota Mataram,PT Bank Perekonomian Rakyat Mitra Harmoni Mataram,602652
Provinsi Nusa Tenggara Barat,Kota Mataram,PT Bank Perekonomian Rakyat Graha Lestari,602687
Provinsi Bali,Kab. Buleleng,PT Bank Perekonomian Rakyat Bank Buleleng 45 (Perseroda),600997
Provinsi Bali,Kab. Buleleng,PT Bank Perekonomian Rakyat Indra Candra,600998
Provinsi Bali,Kab. Buleleng,PT Bank Perekonomian Rakyat Nusamba Kubutambahan,601020
Provinsi Bali,Kab. Buleleng,PT Bank Perekonomian Rakyat Adi Jaya Mulia,601029
Provinsi Bali,Kab. Buleleng,PT Bank Perekonomian Rakyat Nur Abadi,601043
Provinsi Bali,Kab. Buleleng,PT Bank Perekonomian Rakyat Suryajaya Kubutambahan,601825
Provinsi Bali,Kab. Buleleng,PT Bank Perekonomian Rakyat Kanaya,601857
Provinsi Bali,Kab. Tabanan,PT Bank Perekonomian Rakyat Dana Karya Nusa,600940
Provinsi Bali,Kab. Tabanan,PT Bank Perekonomian Rakyat Sari Dananiaga,600996
Provinsi Bali,Kab. Tabanan,PT Bank Perekonomian Rakyat Harta Mulia,601002
Provinsi Bali,Kab. Tabanan,PT Bank Perekonomian Rakyat Amerta Sari,601003
Provinsi Bali,Kab. Tabanan,PT Bank Perekonomian Rakyat Penebel,601007
Provinsi Bali,Kab. Tabanan,PT Bank Perekonomian Rakyat Sedana Murni,601012
Provinsi Bali,Kab. Tabanan,PT Bank Perekonomian Rakyat Sedana Yasa,601013
Provinsi Bali,Kab. Tabanan,PT. BPR Karunia Dewata,601016
Provinsi Bali,Kab. Tabanan,PT Bank Perekonomian Rakyat Bunga Sutra Mas,601032
Provinsi Bali,Kab. Tabanan,PT Bank Perekonomian Rakyat Artha Adyamurthi,601057
Provinsi Bali,Kab. Tabanan,PT. BPR Sewu Bali,601058
Provinsi Bali,Kab. Tabanan,PT Bank Perekonomian Rakyat Restu Dewata,601060
Provinsi Bali,Kab. Tabanan,PT Bank Perekonomian Rakyat Saudaraku,601061
Provinsi Bali,Kab. Tabanan,PT Bank Perekonomian Rakyat Prisma Bali,601063
Provinsi Bali,Kab. Tabanan,PT Bank Perekonomian Rakyat Bumi Prima Dana,601064
Provinsi Bali,Kab. Tabanan,PT Bank Perekonomian Rakyat Dharmawarga Utama,601068
Provinsi Bali,Kab. Tabanan,PT Bank Perekonomian Rakyat Jero Anom,601070
Provinsi Bali,Kab. Tabanan,PT Bank Perekonomian Rakyat Luhur Damai,601082
Provinsi Bali,Kab. Tabanan,PT. BPR Dewata Indobank,601839
Provinsi Bali,Kab. Tabanan,PT Bank Perekonomian Rakyat Arthabudaya,601847
Provinsi Bali,Kab. Badung,PT Bank Perekonomian Rakyat Cahaya Arthabali,600989
Provinsi Bali,Kab. Badung,PT Bank Perekonomian Rakyat Wahyu Nirmala,600990
Provinsi Bali,Kab. Badung,PT Bank Perekonomian Rakyat Bukit Tanjung,600994
Provinsi Bali,Kab. Badung,PT Bank Perekonomian Rakyat Karuna Ramanda Sejahtera,600995
Provinsi Bali,Kab. Badung,PT Bank Perekonomian Rakyat Karya Artha Sejahtera Indonesia,601000
Provinsi Bali,Kab. Badung,PT Bank Perekonomian Rakyat Kusuma Mandala Jaya,601001
Provinsi Bali,Kab. Badung,PT Bank Perekonomian Rakyat Parasari,601004
Provinsi Bali,Kab. Badung,PT Bank Perekonomian Rakyat Pasarraya Kuta,601005
Provinsi Bali,Kab. Badung,PT Bank Perekonomian Rakyat Desa Sangeh,601008
Provinsi Bali,Kab. Badung,PT Bank Perekonomian Rakyat Nusamba Mengwi,601022
Provinsi Bali,Kab. Badung,PT Bank Perekonomian Rakyat Tapa,601033
Provinsi Bali,Kab. Badung,PT. BPR Luhur Langgeng Utama,601037
Provinsi Bali,Kab. Badung,PT Bank Perekonomian Rakyat Karya Sari Sedana,601038
Provinsi Bali,Kab. Badung,PT Bank Perekonomian Rakyat Sari Wira Tama,601040
Provinsi Bali,Kab. Badung,PT Bank Perekonomian Rakyat Maha Bhoga Marga,601045
Provinsi Bali,Kab. Badung,PT Bank Perekonomian Rakyat Ashi,601050
Provinsi Bali,Kab. Badung,PT Bank Perekonomian Rakyat Sinar Kuta,601051
Provinsi Bali,Kab. Badung,PT Bank Perekonomian Rakyat Jaya Kerti,601052
Provinsi Bali,Kab. Badung,PT Bank Perekonomian Rakyat Urban Bali,601053
Provinsi Bali,Kab. Badung,PT Bank Perekonomian Rakyat Mambal,601055
Provinsi Bali,Kab. Badung,PT Bank Perekonomian Rakyat Saraswati Eka Bumi,601056
Provinsi Bali,Kab. Badung,PT Bank Perekonomian Rakyat Prima Dewata,601062
Provinsi Bali,Kab. Badung,PT Bank Perekonomian Rakyat Sinar Kuta Mulia,601067
Provinsi Bali,Kab. Badung,PT BPR Calliste Bestari,601069
Provinsi Bali,Kab. Badung,PT Bank Perekonomian Rakyat Cahaya Bina Putra,601071
Provinsi Bali,Kab. Badung,PT Bank Perekonomian Rakyat Siwi Sedana,601074
Provinsi Bali,Kab. Badung,PT Bank Perekonomian Rakyat Tulus,601120
Provinsi Bali,Kab. Badung,PT Bank Perekonomian Rakyat Bayudhana,601127
Provinsi Bali,Kab. Badung,PT Bank Perekonomian Rakyat Parasari Urati,601128
Provinsi Bali,Kab. Badung,PT Bank Perekonomian Rakyat Artha Sinar Raharja Indonesia,601812
Provinsi Bali,Kab. Badung,PT Bank Perekonomian Rakyat Santi Pala,601815
Provinsi Bali,Kab. Badung,PT Bank Perekonomian Rakyat Mayun Utama Perdana,601816
Provinsi Bali,Kab. Badung,PT Bank Perekonomian Rakyat Dinar Jagad,601819
Provinsi Bali,Kab. Badung,PT Bank Perekonomian Rakyat Mertha Sedana,601821
Provinsi Bali,Kab. Badung,PT Bank Perekonomian Rakyat Gisawa,601823
Provinsi Bali,Kab. Badung,PT Bank Perekonomian Rakyat Permata Sedana,601826
Provinsi Bali,Kab. Badung,PT Bank Perekonomian Rakyat Urip Kalantas,601827
Provinsi Bali,Kab. Badung,PT Bank Perekonomian Rakyat Cahaya Binawerdi,601828
Provinsi Bali,Kab. Badung,PT Bank Perekonomian Rakyat Saptacristy Utama,601829
Provinsi Bali,Kab. Badung,PT Bank Perekonomian Rakyat Suar Artha Dharma,601834
Provinsi Bali,Kab. Badung,PT BPR KS Bali Agung Sedana,601836
Provinsi Bali,Kab. Badung,PT Bank Perekonomian Rakyat Sadana Utama Bali,601837
Provinsi Bali,Kab. Badung,PT Bank Perekonomian Rakyat Megah Raharja Berdaya,601838
Provinsi Bali,Kab. Badung,PT Bank Perekonomian Rakyat Nusapanida Kuta,601840
Provinsi Bali,Kab. Badung,PT Bank Perekonomian Rakyat Khrisna Darma Adipala,601843
Provinsi Bali,Kab. Badung,PT Bank Perekonomian Rakyat Varis Mandiri,601846
Provinsi Bali,Kab. Badung,PT Bank Perekonomian Rakyat Mitra Balijaya Mandiri,601853
Provinsi Bali,Kab. Badung,PT Bank Perekonomian Rakyat Mitra Bali Mandiri,601854
Provinsi Bali,Kab. Badung,PT Bank Perekonomian Rakyat Kusemas Dana Mandiri,601855
Provinsi Bali,Kab. Badung,PT Bank Perekonomian Rakyat Kita,601859
Provinsi Bali,Kab. Gianyar,PT Bank Perekonomian Rakyat Bank Daerah Gianyar (Perseroda),601019
Provinsi Bali,Kab. Gianyar,PT Bank Perekonomian Rakyat Nusamba Tegallalang,601023
Provinsi Bali,Kab. Gianyar,PT Bank Perekonomian Rakyat Krisna Yuna Dana,601024
Provinsi Bali,Kab. Gianyar,PT Bank Perekonomian Rakyat Sadhu Artha,601026
Provinsi Bali,Kab. Gianyar,PT Bank Perekonomian Rakyat Puskusa Bali Dwipa,601028
Provinsi Bali,Kab. Gianyar,PT Bank Perekonomian Rakyat Sari Werdhi Sedana,601039
Provinsi Bali,Kab. Gianyar,PT Bank Perekonomian Rakyat Sukawati Pancakanti,601041
Provinsi Bali,Kab. Gianyar,PT Bank Perekonomian Rakyat Suadana,601042
Provinsi Bali,Kab. Gianyar,PT Bank Perekonomian Rakyat Artha Bali Jaya,601047
Provinsi Bali,Kab. Gianyar,PT Bank Perekonomian Rakyat Tish,601049
Provinsi Bali,Kab. Gianyar,PT Bank Perekonomian Rakyat Cerdas,601054
Provinsi Bali,Kab. Gianyar,PT Bank Perekonomian Rakyat Suryajaya Ubud,601817
Provinsi Bali,Kab. Gianyar,PT Bank Perekonomian Rakyat Ulatidana Rahayu,601820
Provinsi Bali,Kab. Gianyar,PT Bank Perekonomian Rakyat Naga,601830
Provinsi Bali,Kab. Gianyar,PT. BPR Baskara Dewata,601832
Provinsi Bali,Kab. Gianyar,PT Bank Perekonomian Rakyat Mas Giri Wangi,601835
Provinsi Bali,Kab. Gianyar,PT Bank Perekonomian Rakyat Aruna Nirmaladuta,601845
Provinsi Bali,Kab. Gianyar,PT Bank Perekonomian Rakyat Gianyar Partasedana,601849
Provinsi Bali,Kab. Gianyar,PT Bank Perekonomian Rakyat Mitra Bali Srisedana Mandiri,601851
Provinsi Bali,Kab. Gianyar,PT Bank Perekonomian Rakyat Angsa Sedanayoga,601856
Provinsi Bali,Kab. Gianyar,PT Bank Perekonomian Rakyat Mulia Wacana,601861
Provinsi Bali,Kab. Gianyar,PT Bank Perekonomian Rakyat Kancana Dewata Mahadahana,601862
Provinsi Bali,Kab. Gianyar,PT Bank Perekonomian Rakyat Raga Jayatama,601863
Provinsi Bali,Kab. Gianyar,PT Bank Perekonomian Rakyat Eka Ayu Artha Bhuwana,601865
Provinsi Bali,Kab. Klungkung,PT Bank Perekonomian Rakyat Tri Darma Putri,601015
Provinsi Bali,Kab. Klungkung,PT Bank Perekonomian Rakyat Surya Natapala,601065
Provinsi Bali,Kab. Klungkung,PT Bank Perekonomian Rakyat Sinar Puteramas,601073
Provinsi Bali,Kab. Klungkung,PT Bank Perekonomian Rakyat Balaguna Perasta,601860
Provinsi Bali,Kab. Klungkung,PT Bank Perekonomian Rakyat Sari Jaya Sedana,601866
Provinsi Bali,Kab. Bangli,PT Bank Perekonomian Rakyat Bank Daerah Bangli (Perseroda),600999
Provinsi Bali,Kab. Bangli,PT Bank Perekonomian Rakyat Kamadana,601066
Provinsi Bali,Kab. Bangli,PT Bank Perekonomian Rakyat Mitra Bali Muktijaya Mandiri,601858
Provinsi Bali,Kab. Karangasem,PT Bank Perekonomian Rakyat Nusamba Manggis,601021
Provinsi Bali,Kab. Karangasem,PT Bank Perekonomian Rakyat Danamaster Dewata,601831
Provinsi Bali,Kab. Karangasem,PT Bank Perekonomian Rakyat Mitra Bali Artha Mandiri,601852
Provinsi Bali,Kota Denpasar,PT Bank Perekonomian Rakyat Duta Bali,600083
Provinsi Bali,Kota Denpasar,PT Bank Perekonomian Rakyat Pedungan,601006
Provinsi Bali,Kota Denpasar,PT Bank Perekonomian Rakyat Desa Sanur,601009
Provinsi Bali,Kota Denpasar,PT Bank Perekonomian Rakyat Sekolah Perhotelan Bali,601010
Provinsi Bali,Kota Denpasar,PT Bank Perekonomian Rakyat Sari Sedana,601011
Provinsi Bali,Kota Denpasar,PT BPR Legian,601014
Provinsi Bali,Kota Denpasar,PT. BPR Pasar Umum,601017
Provinsi Bali,Kota Denpasar,PT Bank Perekonomian Rakyat Pande Artha Dewata,601018
Provinsi Bali,Kota Denpasar,PT Bank Perekonomian Rakyat Pusaka,601025
Provinsi Bali,Kota Denpasar,PT Bank Perekonomian Rakyat Tata Anjung Sari,601030
Provinsi Bali,Kota Denpasar,PT Bank Perekonomian Rakyat Sandi Raya Utama,601036
Provinsi Bali,Kota Denpasar,PT Bank Perekonomian Rakyat Lestari Bali,601044
Provinsi Bali,Kota Denpasar,PT Bank Perekonomian Rakyat Sri Partha Bali,601046
Provinsi Bali,Kota Denpasar,PT Bank Perekonomian Rakyat Shri Gangga Bali,601048
Provinsi Bali,Kota Denpasar,PT Bank Perekonomian Rakyat Kita Centradana,601072
Provinsi Bali,Kota Denpasar,PT Bank Perekonomian Rakyat Bank Kertiawan,601813
Provinsi Bali,Kota Denpasar,PT Bank Perekonomian Rakyat Sentral Ekonomi Nusantara,601814
Provinsi Bali,Kota Denpasar,PT Bank Perekonomian Rakyat Picu Manunggal Sejahtera,601818
Provinsi Bali,Kota Denpasar,PT Bank Perekonomian Rakyat Padma,601822
Provinsi Bali,Kota Denpasar,PT Bank Perekonomian Rakyat Hari Depan,601841
Provinsi Bali,Kota Denpasar,PT. BPR Bali Artha Anugrah,601842
Provinsi Bali,Kota Denpasar,PT Bank Perekonomian Rakyat Bali Dananiaga,601844
Provinsi Bali,Kota Denpasar,PT Bank Perekonomian Rakyat Partakencana Tohpati,601848
Provinsi Bali,Kota Denpasar,PT Bank Perekonomian Rakyat Hoki,601850
Provinsi Bali,Kota Denpasar,PT Bank Perekonomian Rakyat Dewata Candradana,601864
Provinsi Nusa Tenggara Timur,Kab. Belu,PT Bank Perekonomian Rakyat Tanjung Pratama,602616
Provinsi Nusa Tenggara Timur,Kab. Belu,PT Bank Perekonomian Rakyat Danamas Belu,602708
Provinsi Nusa Tenggara Timur,Kab. Flores Timur,PT Bank Perekonomian Rakyat Bina Usaha Dana (Perseroda),601795
Provinsi Nusa Tenggara Timur,Kab. Manggarai,PT Bank Perekonomian Rakyat Lugasganda,601914
Provinsi Nusa Tenggara Timur,Kab. Sumba Timur,PT Bank Perekonomian Rakyat Talenta Raya,602544
Provinsi Nusa Tenggara Timur,Kota Kupang,PT Bank Perekonomian Rakyat Central Pitoby,600871
Provinsi Nusa Tenggara Timur,Kota Kupang,PT Bank Perekonomian Rakyat Sari Dinarkencana,601077
Provinsi Nusa Tenggara Timur,Kota Kupang,PT Bank Perekonomian Rakyat Tanaoba Lais Manekat,602578
Provinsi Nusa Tenggara Timur,Kota Kupang,PT. Bank Perekonomian Rakyat Timor Raya Makmur,602594
Provinsi Nusa Tenggara Timur,Kota Kupang,PT Bank Perekonomian Rakyat Christa Jaya Perdana,602604
Provinsi Nusa Tenggara Timur,Kota Kupang,PT Bank Perekonomian Rakyat Nusantara Abdi Mulia,602703
Provinsi Nusa Tenggara Timur,Kota Kupang,PT Bank Perkreditan Rakyat Modern Express NTT,602747
Provinsi Maluku,Kab. Maluku Tenggara,PT. BPR Artha Tual,600851
Provinsi Maluku,Kota Ambon,PT Bank Perekonomian Rakyat Modern Express,601158
Provinsi Papua,Kab. Jayapura,PT Bank Perekonomian Rakyat Nusa Intim,600479
Provinsi Papua,Kab. Jayapura,PT. BPR Phidectama Sentani,601869
Provinsi Papua,Kab. Biak Numfor,PT Bank Perekonomian Rakyat Bosnik Intsia Papua,600081
Provinsi Papua,Kab. Nabire,PT Bank Perekonomian Rakyat Artha Basudewa Abadi,601237
Provinsi Papua,Kota Jayapura,PT. BPR Irian Sentosa,601886
Provinsi Papua,Kota Jayapura,PT Bank Perekonomian Rakyat Phidectama Abepura,601946
Provinsi Papua,Kota Jayapura,PT Bank Perekonomian Rakyat Papua Mandiri Makmur,602584
Provinsi Papua,Kota Jayapura,PT Bank Perekonomian Rakyat SUNI,602737
Provinsi Papua,Kota Jayapura,PT Bank Perekonomian Rakyat Anak Negeri Papua,602745
Provinsi Maluku Utara,Kab./Kota Lainnya - Provinsi Maluku Utara,PT BPR DEWI LESTARI INSANDANA,602182
Provinsi Maluku Utara,Kab./Kota Lainnya - Provinsi Maluku Utara,PT BPR PRAMITA MITRA DANA,602294
Provinsi Maluku Utara,Kota Ternate,PT Bank Perekonomian Rakyat Global Nusantara,600270
Provinsi Maluku Utara,Kota Ternate,PT Bank Perekonomian Rakyat Bobato Lestari,602649
Provinsi Maluku Utara,Kota Ternate,PT. BPR Modern Express Maluku Utara,602740
Provinsi Papua Barat,Kab. Manokwari,PT. BPR Arfak Indonesia,602643
Provinsi Papua Barat,Kab. Manokwari,PT Bank Perekonomian Rakyat Sinar Mulia Papua,602738
Provinsi Papua Barat,Kab. Manokwari,PT BPR Modern Express Papua Barat,602742
Provinsi Papua Barat,Kota Sorong,PT Bank Perekonomian Rakyat Menara Cendrawasih Papua,601289
Provinsi Papua Barat,Kota Sorong,PT Bank Perekonomian Rakyat Sorong Sukses Sejahtera,602750
