Tahun,Bulan,Nama_BPR,Kabupaten_Kota,Provinsi,Kode_Bank,Total_Aset,Piutang_Murabahah,Piutang_Istishna,Piutang_Multijasa,Piutang_Qardh,Piutang_Sewa,Pembiayaan_Mudharabah,Pembiayaan_Musyarakah,Pembiayaan_Lainnya,Salam,Agunan_yang_Diambil_Alih,Tabungan_Wadiah,Tabungan_Mudharabah,Deposito_Mudharabah,Cadangan_Kerugian_Penurunan_Nilai_1,Cadangan_Kerugian_Penurunan_Nilai_2,Liabilitas_Segera,Liabilitas_kepada_BI,Liabilitas_kepada_Bank_Lain,Pembiayaan_Diterima,Liabilitas_Lainnya,Dana_Syirkah_Temporer,Pendapatan_setelah_distribusi_bagi_hasil,Pendapatan_dari_penyaluran_dana,Beban_Operasional,Zakat,Laba_Rugi_Bersih,KPMM,NPF_Neto,NPF_Gross,ROA,BOPO,FDR,Cash_Ratio,NI,Latitude,Longitude
2010,12,PT Bank Perekonomian Rakyat Syariah Amanah Insani,Kab. Bekasi,Provinsi Jawa Barat,620066,,,,,,,,,,,,,,,,,,,,,,,,,,,,,,,,,,,,-6.204349585324721,107.17320288461552
2010,12,PT Bank Perekonomian Rakyat Syariah Saruma Sejahtera Halmahera Selatan,Kab. Halmahera Selatan,Provinsi Maluku Utara,620182,,,,,,,,,,,,,,,,,,,,,,,,,,,,,,,,,,,,,
2010,12,PT Bank Perekonomian Rakyat Syariah Mandiri Mitra Sukses,Kab. Gresik,Provinsi Jawa Timur,620126,,,,,,,,,,,,,,,,,,,,,,,,,,,,,,,,,,,,-7.1749772829692935,112.65847748596217
2010,12,PT Bank Perekonomian Rakyat Syariah Harta Insan Karimah Insan Cita,Kab. Bogor,Provinsi Jawa Barat,620069,,,,,,,,,,,,,,,,,,,,,,,,,,,,,,,,,,,,-6.539331604489986,107.00639936483655
2010,12,PT Bank Perekonomian Rakyat Syariah Tulen Amanah,Kab. Lombok Tengah,Provinsi Nusa Tenggara Barat,620009,,,,,,,,,,,,,,,,,,,,,,,,,,,,,,,,,,,,-8.70747522600701,116.25948057531416
2010,12,PT BPRS Bhakti Haji,Kab. Malang,Provinsi Jawa Timur,620048,,,,,,,,,,,,,,,,,,,,,,,,,,,,,,,,,,,,-7.991553338452736,112.64203778122696
2010,12,PT Bank Perekonomian Rakyat Syariah Kabupaten Ngawi Perseroda,Kab. Ngawi,Provinsi Jawa Timur,620183,,,,,,,,,,,,,,,,,,,,,,,,,,,,,,,,,,,,-7.420451120596442,111.441830004461
2010,12,PT BPRS Mojo Artho Kota Mojokerto Perseroda,Kota Mojokerto,Provinsi Jawa Timur,620160,,,,,,,,,,,,,,,,,,,,,,,,,,,,,,,,,,,,-7.460555185064369,112.43110318032298
2010,12,PT Bank Perekonomian Rakyat Syariah Amanah Sejahtera,Kab. Gresik,Provinsi Jawa Timur,620050,,,,,,,,,,,,,,,,,,,,,,,,,,,,,,,,,,,,-7.171206060982263,112.65347308804564
2010,12,PT Bank Perekonomian Rakyat Syariah Bumi Rinjani Kepanjen,Kab. Malang,Provinsi Jawa Timur,620106,,,,,,,,,,,,,,,,,,,,,,,,,,,,,,,,,,,,-7.986689742538544,112.63775505887186
2010,12,PT Bank Perekonomian Rakyat Syariah Al Ihsan,Kab. Bandung,Provinsi Jawa Barat,620044,,,,,,,,,,,,,,,,,,,,,,,,,,,,,,,,,,,,-6.971851712893827,107.5425031409888
2010,12,PT BPRS Bumi Rinjani Malang,Kota Malang,Provinsi Jawa Timur,620078,,,,,,,,,,,,,,,,,,,,,,,,,,,,,,,,,,,,-7.974100981138048,112.64136686861058
2010,12,PT Bank Perekonomian Rakyat Syariah Harta Insan Karimah Parahyangan,Kab. Bandung,Provinsi Jawa Barat,620054,,,,,,,,,,,,,,,,,,,,,,,,,,,,,,,,,,,,-6.965455511896712,107.55659356508802
2010,12,PT Bank Perekonomian Rakyat Syariah Hikmah Khazanah,Kota Surakarta/Solo,Provinsi Jawa Tengah,620171,,,,,,,,,,,,,,,,,,,,,,,,,,,,,,,,,,,,-7.578734267499703,110.8209373266183
2010,12,PT Bank Perekonomian Rakyat Syariah Mitra Harmoni Kota Malang,Kota Malang,Provinsi Jawa Timur,620153,,,,,,,,,,,,,,,,,,,,,,,,,,,,,,,,,,,,-7.984781410422721,112.62624122586716
2010,12,PT Bank Perekonomian Rakyat Syariah Nurul Ikhwan,Kab. Polewali Mandar,Provinsi Sulawesi Barat,620045,,,,,,,,,,,,,,,,,,,,,,,,,,,,,,,,,,,,-3.4069455429190376,119.31879018370128
2010,12,PT Bank Perekonomian Rakyat Syariah Al Hijrah Thayibah,Kab. Malang,Provinsi Jawa Timur,620198,,,,,,,,,,,,,,,,,,,,,,,,,,,,,,,,,,,,-7.974001944706607,112.6341027425821
2010,12,PT. BPRS Rif'atul Ummah,Kab. Bogor,Provinsi Jawa Barat,620068,,,,,,,,,,,,,,,,,,,,,,,,,,,,,,,,,,,,-6.544725297552011,107.0028264990046
2010,12,PT Bank Perekonomian Rakyat Syariah Baktimakmur Indah,Kab. Sidoarjo,Provinsi Jawa Timur,620022,,,,,,,,,,,,,,,,,,,,,,,,,,,,,,,,,,,,,
2010,12,PT Bank Perekonomian Rakyat Syariah Central Syariah Utama,Kota Surakarta/Solo,Provinsi Jawa Tengah,620137,,,,,,,,,,,,,,,,,,,,,,,,,,,,,,,,,,,,-7.583455291786536,110.81861293442316
2010,12,PT. BANK PEREKONOMIAN RAKYAT SYARIAH PNM PATUH BERAMAL AMALI,Kota Mataram,Provinsi Nusa Tenggara Barat,620021,,,,,,,,,,,,,,,,,,,,,,,,,,,,,,,,,,,,-8.58389278031459,116.11057126739846
2010,12,PT Bank Perekonomian Rakyat Syariah Madinah,Kab. Lamongan,Provinsi Jawa Timur,620139,,,,,,,,,,,,,,,,,,,,,,,,,,,,,,,,,,,,-7.123303358568694,112.40966669736945
2010,12,PT. BPRS Jabal Nur Tebuireng,Kota Surabaya,Provinsi Jawa Timur,620114,,,,,,,,,,,,,,,,,,,,,,,,,,,,,,,,,,,,-7.253401930640896,112.73115332691698
2010,12,PT Bank Perekonomian Rakyat Syariah Unawi Barokah,Kab. Sidoarjo,Provinsi Jawa Timur,620155,,,,,,,,,,,,,,,,,,,,,,,,,,,,,,,,,,,,,
2010,12,PT Bank Perekonomian Rakyat Syariah Khairan Inti Amanah,Kab. Parimo/Banggai,Provinsi Sulawesi Tengah,620188,,,,,,,,,,,,,,,,,,,,,,,,,,,,,,,,,,,,,
2010,12,PT Bank Perekonomian Rakyat Syariah Alhijrah Amanah,Kota Depok,Provinsi Jawa Barat,620062,,,,,,,,,,,,,,,,,,,,,,,,,,,,,,,,,,,,-6.4012211998367325,106.81183657113324
2010,12,PT BPRS Sungai PuaSyariah,Kab. Agam,Provinsi Sumatera Barat,620186,,,,,,,,,,,,,,,,,,,,,,,,,,,,,,,,,,,,,
2010,12,PT Bank Perekonomian Rakyat Syariah Lampung Timur (Perseroda),Kab. Lampung Timur,Provinsi Lampung,620140,,,,,,,,,,,,,,,,,,,,,,,,,,,,,,,,,,,,,
2010,12,PT Bank Perekonomian Rakyat Syariah Barokah Dana Sejahtera,Kota Yogyakarta,Provinsi D.I. Yogyakarta,620115,,,,,,,,,,,,,,,,,,,,,,,,,,,,,,,,,,,,-7.808951498748443,110.36881342877136
2010,12,PT Bank Perekonomian Rakyat Syariah Tanggamus (Perseroda),Kab. Tanggamus,Provinsi Lampung,620082,,,,,,,,,,,,,,,,,,,,,,,,,,,,,,,,,,,,-5.4369356106235,104.72189977284216
2010,12,PT Bank Perekonomian Rakyat Syariah Dana Hidayatullah,Kota Yogyakarta,Provinsi D.I. Yogyakarta,620107,,,,,,,,,,,,,,,,,,,,,,,,,,,,,,,,,,,,-7.805830145091572,110.3718318454461
2010,12,PT Bank Perekonomian Rakyat Syariah Alsalaam Amal Salman,Kota Depok,Provinsi Jawa Barat,620101,,,,,,,,,,,,,,,,,,,,,,,,,,,,,,,,,,,,-6.416217509745828,106.80751636393872
2010,12,PT BANK PEREKONOMIAN RAKYAT SYARIAH MASYARAKAT LINTAU BUO,Kab. Agam,Provinsi Sumatera Barat,620196,,,,,,,,,,,,,,,,,,,,,,,,,,,,,,,,,,,,,
2010,12,PT Bank Perekonomian Rakyat Syariah Khatulistiwa,Kab. Pasaman,Provinsi Sumatera Barat,620201,,,,,,,,,,,,,,,,,,,,,,,,,,,,,,,,,,,,,
2010,12,PT Bank Perekonomian Rakyat Syariah Sleman (Perseroda),Kab. Sleman,Provinsi D.I. Yogyakarta,620193,,,,,,,,,,,,,,,,,,,,,,,,,,,,,,,,,,,,,
2010,12,PT Bank Perekonomian Rakyat Syariah Cahaya Hidup,Kab. Sleman,Provinsi D.I. Yogyakarta,620163,,,,,,,,,,,,,,,,,,,,,,,,,,,,,,,,,,,,,
2010,12,PT BPRS Taeh Baruah,Kab. Limapuluh Koto,Provinsi Sumatera Barat,620190,,,,,,,,,,,,,,,,,,,,,,,,,,,,,,,,,,,,,
2010,12,PT Bank Perekonomian Rakyat Syariah Riyal Irsyadi,Kota Bekasi,Provinsi Jawa Barat,620005,,,,,,,,,,,,,,,,,,,,,,,,,,,,,,,,,,,,-6.225147459974553,106.99631349110932
2010,12,PT Bank Perekonomian Rakyat Syariah Formes Sleman,Kab. Sleman,Provinsi D.I. Yogyakarta,620136,,,,,,,,,,,,,,,,,,,,,,,,,,,,,,,,,,,,,
2010,12,PT Bank Perekonomian Rakyat Syariah Lampung Barat (Perseroda),Kab. Lampung Barat,Provinsi Lampung,620175,,,,,,,,,,,,,,,,,,,,,,,,,,,,,,,,,,,,,
2010,12,PT BPRS Guguk Mas Makmur,Kab. Limapuluh Koto,Provinsi Sumatera Barat,620194,,,,,,,,,,,,,,,,,,,,,,,,,,,,,,,,,,,,,
2010,12,PT Bank Perekonomian Rakyat Syariah Harta Insan Karimah Bekasi,Kota Bekasi,Provinsi Jawa Barat,620015,,,,,,,,,,,,,,,,,,,,,,,,,,,,,,,,,,,,-6.237084227639964,106.9866402479551
2010,12,PT Bank Perekonomian Rakyat Syariah Harta Insan Karimah Mitra Cahaya Indonesia,Kab. Sleman,Provinsi D.I. Yogyakarta,620133,,,,,,,,,,,,,,,,,,,,,,,,,,,,,,,,,,,,,
2010,12,PT BPRS Haji Miskin,Kab. Tanah Datar,Provinsi Sumatera Barat,620099,,,,,,,,,,,,,,,,,,,,,,,,,,,,,,,,,,,,0.7957568848810034,100.72783265816751
2010,12,PT Bank Perekonomian Rakyat Syariah Baiturrahman,Kab. Aceh Besar,Provinsi NAD,620024,,,,,,,,,,,,,,,,,,,,,,,,,,,,,,,,,,,,,
2010,12,PT BPRS Berkah Amal Salman,Kota Bandung,Provinsi Jawa Barat,620001,,,,,,,,,,,,,,,,,,,,,,,,,,,,,,,,,,,,-6.918139601318028,107.60647461822626
2010,12,PT BPRS Berkah Amal Salman,Kota Bandung,Provinsi Jawa Barat,620001,,,,,,,,,,,,,,,,,,,,,,,,,,,,,,,,,,,,-6.600064385549815,106.7999819599572
2010,12,PT BPRS Magetan (Perseroda),Kab. Magetan,Provinsi Jawa Timur,620165,,,,,,,,,,,,,,,,,,,,,,,,,,,,,,,,,,,,,
2010,12,PT Bank Perekonomian Rakyat Syariah Mitra Harmoni Yogyakarta,Kota Yogyakarta,Provinsi D.I. Yogyakarta,620149,,,,,,,,,,,,,,,,,,,,,,,,,,,,,,,,,,,,-7.803051873506947,110.36402782968446
2010,12,PT Bank Perekonomian Rakyat Syariah Gaido Indonesia,Kab. Cianjur,Provinsi Jawa Barat,620043,,,,,,,,,,,,,,,,,,,,,,,,,,,,,,,,,,,,-6.563150818639635,106.73146469181188
2010,12,PT Bank Perekonomian Rakyat Syariah Situbondo,Kab. Situbondo,Provinsi Jawa Timur,620081,,,,,,,,,,,,,,,,,,,,,,,,,,,,,,,,,,,,-7.702911353591342,113.9806037668517
2010,12,PT. BPRS Gotong Royong,Kab. Subang,Provinsi Jawa Barat,620172,,,,,,,,,,,,,,,,,,,,,,,,,,,,,,,,,,,,-6.553534544317955,107.7543397767086
2010,12,PT. BPRS Gotong Royong,Kab. Subang,Provinsi Jawa Barat,620172,,,,,,,,,,,,,,,,,,,,,,,,,,,,,,,,,,,,-6.916774443100237,106.9293590384548
2010,12,PT Bank Perekonomian Rakyat Syariah Fadhilah Kota Bengkulu (Perseroda),Kota Bengkulu,Provinsi Bengkulu,620184,,,,,,,,,,,,,,,,,,,,,,,,,,,,,,,,,,,,-3.798786993847248,102.26066774117557
2010,12,PT Bank Perekonomian Rakyat Syariah Bobato Lestari,Kota Tidore Kepulauan,Provinsi Maluku Utara,620179,,,,,,,,,,,,,,,,,,,,,,,,,,,,,,,,,,,,0.6690346107462076,127.44399032218512
2010,12,PT BPRS Bumi Rinjani Probolinggo,Kab. Probolinggo,Provinsi Jawa Timur,620105,,,,,,,,,,,,,,,,,,,,,,,,,,,,,,,,,,,,,
2010,12,PT. BPRS Mitra Harmoni Kota Semarang,Kota Semarang,Provinsi Jawa Tengah,620151,,,,,,,,,,,,,,,,,,,,,,,,,,,,,,,,,,,,-6.989034701457653,110.42390375172975
2010,12,PT Bank Perekonomian Rakyat Syariah Daya Artha Mentari,Kab. Pasuruan,Provinsi Jawa Timur,620056,,,,,,,,,,,,,,,,,,,,,,,,,,,,,,,,,,,,-7.654596803987085,112.9133678475593
2010,12,PT. BPRS Jabal Tsur,Kab. Pasuruan,Provinsi Jawa Timur,620103,,,,,,,,,,,,,,,,,,,,,,,,,,,,,,,,,,,,-7.642622137527749,112.90214649056595
2010,12,PT Bank Perekonomian Rakyat Syariah Muamalat Harkat,Kab. Seluma,Provinsi Bengkulu,620052,,,,,,,,,,,,,,,,,,,,,,,,,,,,,,,,,,,,,
2010,12,PT Bank Perekonomian Rakyat Syariah Amanah Ummah,Kab. Bogor,Provinsi Jawa Barat,620004,,,,,,,,,,,,,,,,,,,,,,,,,,,,,,,,,,,,-6.547796294132246,107.00834446079764
2010,12,PT Bank Perekonomian Rakyat Syariah Hikmah Bahari,Kota Tegal,Provinsi Jawa Tengah,620174,,,,,,,,,,,,,,,,,,,,,,,,,,,,,,,,,,,,-6.861973262113324,109.13573876794256
2010,12,PT Bank Perekonomian Rakyat Syariah Harta Insan Karimah Fajar Nitro,Kota Makassar,Provinsi Sulawesi Selatan,620168,,,,,,,,,,,,,,,,,,,,,,,,,,,,,,,,,,,,-5.128522770098106,119.41038261376706
2010,12,PT Bank Perekonomian Rakyat Syariah Dana Amanah Surakarta,Kota Surakarta/Solo,Provinsi Jawa Tengah,620125,,,,,,,,,,,,,,,,,,,,,,,,,,,,,,,,,,,,-7.582281788876442,110.82735174142871
2010,12,PT. BPRS Ummu,Kab. Pasuruan,Provinsi Jawa Timur,620074,,,,,,,,,,,,,,,,,,,,,,,,,,,,,,,,,,,,-7.65021334152576,112.89863930816225
2010,12,PT Bank Perekonomian Rakyat Syariah Rahma Syariah,Kab. Kediri,Provinsi Jawa Timur,620150,,,,,,,,,,,,,,,,,,,,,,,,,,,,,,,,,,,,-7.821654764489613,112.02781200727956
2010,12,PT Bank Perekonomian Rakyat Syariah Tanmiya Artha,Kota Kediri,Provinsi Jawa Timur,620130,,,,,,,,,,,,,,,,,,,,,,,,,,,,,,,,,,,,-7.804361795474596,112.00698794188358
2010,12,PT Bank Perekonomian Rakyat Syariah Investama Mega Bakti,Kota Makassar,Provinsi Sulawesi Selatan,620077,,,,,,,,,,,,,,,,,,,,,,,,,,,,,,,,,,,,-5.131381407363007,119.4094893372462
2010,12,PT BANK PEREKONOMIAN RAKYAT SYARIAH NIAGA MADANI,Kota Makassar,Provinsi Sulawesi Selatan,620039,,,,,,,,,,,,,,,,,,,,,,,,,,,,,,,,,,,,-5.127789499318414,119.412410921333
2010,12,PT Bank Perekonomian Rakyat Syariah PNM Mentari,Kab. Garut,Provinsi Jawa Barat,620008,,,,,,,,,,,,,,,,,,,,,,,,,,,,,,,,,,,,-7.195611181584734,107.90948097277126
2010,12,PT Bank Perekonomian Rakyat Syariah Maslahat Dana Syariah Nusantara,Kota Bengkulu,Provinsi Bengkulu,620181,,,,,,,,,,,,,,,,,,,,,,,,,,,,,,,,,,,,-3.791547736340278,102.2560829253008
2010,12,PT Bank Perekonomian Rakyat Syariah Artha Pamenang,Kab. Kediri,Provinsi Jawa Timur,620147,,,,,,,,,,,,,,,,,,,,,,,,,,,,,,,,,,,,-7.81422235884534,112.0257736866079
2010,12,PT. BPRS Hareukat,Kab. Aceh Besar,Provinsi NAD,620003,,,,,,,,,,,,,,,,,,,,,,,,,,,,,,,,,,,,,
2010,12,PT Bank Perekonomian Rakyat Syariah Harum Hikmahnugraha,Kab. Garut,Provinsi Jawa Barat,620029,,,,,,,,,,,,,,,,,,,,,,,,,,,,,,,,,,,,-7.201021164642222,107.90284024114014
2010,12,PT BPRS Al Hidayah,Kab. Pasuruan,Provinsi Jawa Timur,620072,,,,,,,,,,,,,,,,,,,,,,,,,,,,,,,,,,,,-7.64945314625638,112.90608207619024
2010,12,PT Bank Perekonomian Rakyat Syariah Dana Mulia,Kota Surakarta/Solo,Provinsi Jawa Tengah,620122,,,,,,,,,,,,,,,,,,,,,,,,,,,,,,,,,,,,-7.5721076896369475,110.81636511954429
2010,12,PT. BPRS Muamalat Yotefa,Kab. Jayapura,Provinsi Papua,620067,,,,,,,,,,,,,,,,,,,,,,,,,,,,,,,,,,,,-2.550807165553799,140.48835142200244
2010,12,PT Bank Perekonomian Rakyat Syariah Fajar Sejahtera Bali,Kab. Badung,Provinsi Bali,620026,,,,,,,,,,,,,,,,,,,,,,,,,,,,,,,,,,,,-8.645170567141806,115.27693679878858
2010,12,PT Bank Perekonomian Rakyat Syariah Lantabur Tebuireng,Kab. Jombang,Provinsi Jawa Timur,620098,,,,,,,,,,,,,,,,,,,,,,,,,,,,,,,,,,,,-7.593963133811971,112.26493196168056
2010,12,PT BPRS Bogor Tegar Beriman,Kab. Bogor,Provinsi Jawa Barat,620177,,,,,,,,,,,,,,,,,,,,,,,,,,,,,,,,,,,,-6.552632627212006,107.00079770326322
2010,12,PT Bank Perekonomian Rakyat Syariah Mitra Mentari Sejahtera,Kab. Ponorogo,Provinsi Jawa Timur,620180,,,,,,,,,,,,,,,,,,,,,,,,,,,,,,,,,,,,,
2010,12,PT Bank Perekonomian Rakyat Syariah Arsa Sejahtera,Kota Batu,Provinsi Jawa Timur,620079,,,,,,,,,,,,,,,,,,,,,,,,,,,,,,,,,,,,-7.8807671610865775,112.532451265561
2010,12,PT Bank Perekonomian Rakyat Syariah Amanah Rabbaniah,Kab. Bandung,Provinsi Jawa Barat,620002,,,,,,,,,,,,,,,,,,,,,,,,,,,,,,,,,,,,-6.981512329239818,107.54983972422548
2010,12,PT Bank Perekonomian Rakyat Syariah Bhakti Sumekar Perseroda,Kab. Sumenep,Provinsi Jawa Timur,620085,,,,,,,,,,,,,,,,,,,,,,,,,,,,,,,,,,,,,
2010,12,PT BPRS Bina Finansia,Kota Semarang,Provinsi Jawa Tengah,620102,,,,,,,,,,,,,,,,,,,,,,,,,,,,,,,,,,,,-6.984027795058197,110.415867283899
2010,12,PT Bank Perekonomian Rakyat Syariah Almabrur Babadan,Kab. Ponorogo,Provinsi Jawa Timur,620073,,,,,,,,,,,,,,,,,,,,,,,,,,,,,,,,,,,,,
2010,12,PT. BANK PEREKONOMIAN RAKYAT SYARIAH DINAR ASHRI,Kota Mataram,Provinsi Nusa Tenggara Barat,620104,,,,,,,,,,,,,,,,,,,,,,,,,,,,,,,,,,,,-8.593657692387334,116.10734653727864
2010,12,PT BPRS Bumi Rinjani,Kota Batu,Provinsi Jawa Timur,620109,,,,,,,,,,,,,,,,,,,,,,,,,,,,,,,,,,,,-7.86392956395291,112.52576707537388
2010,12,PT Bank Perekonomian Rakyat Syariah Annisa Mukti,Kab. Sidoarjo,Provinsi Jawa Timur,620135,,,,,,,,,,,,,,,,,,,,,,,,,,,,,,,,,,,,,
2010,12,PT Bank Perekonomian Rakyat Syariah Almasoem,Kab. Bandung,Provinsi Jawa Barat,620027,,,,,,,,,,,,,,,,,,,,,,,,,,,,,,,,,,,,-6.97009496632967,107.54174350568084
2010,12,PT Bank Perekonomian Rakyat Syariah Karya Mugi Sentosa,Kota Surabaya,Provinsi Jawa Timur,620113,,,,,,,,,,,,,,,,,,,,,,,,,,,,,,,,,,,,-7.248497572190274,112.74359015261464
2010,12,PT. BPRS Asri Madani Nusantara,Kab. Jember,Provinsi Jawa Timur,620033,,,,,,,,,,,,,,,,,,,,,,,,,,,,,,,,,,,,-8.154319698220284,113.71768742028424
2010,12,PT Bank Perekonomian Rakyat Syariah Bahari Berkesan,Kota Ternate,Provinsi Maluku Utara,620164,,,,,,,,,,,,,,,,,,,,,,,,,,,,,,,,,,,,0.7773589145132459,127.38615026515367
2010,12,PT Bank Perekonomian Rakyat Syariah Tunas Artha Jaya Abadi,Kab. Kediri,Provinsi Jawa Timur,620200,,,,,,,,,,,,,,,,,,,,,,,,,,,,,,,,,,,,-7.816904745358005,112.01148890547412
2010,12,PT Bank Perekonomian Rakyat Syariah Kedung Arto,Kota Semarang,Provinsi Jawa Tengah,620191,,,,,,,,,,,,,,,,,,,,,,,,,,,,,,,,,,,,-6.984249050778415,110.4263886103255
2010,12,PT. BPRS Safir,Kota Bengkulu,Provinsi Bengkulu,620090,,,,,,,,,,,,,,,,,,,,,,,,,,,,,,,,,,,,-3.8005555705877825,102.2529282154658
2010,12,PT Bank Perekonomian Rakyat Syariah Botani Bina Rahmah,Kab. Bogor,Provinsi Jawa Barat,620061,,,,,,,,,,,,,,,,,,,,,,,,,,,,,,,,,,,,-6.546441998522415,106.99684935942706
2010,12,PT Bank Perekonomian Rakyat Syariah Sarana Prima Mandiri,Kab. Pamekasan,Provinsi Jawa Timur,620127,,,,,,,,,,,,,,,,,,,,,,,,,,,,,,,,,,,,,
2010,12,PT Bank Perekonomian Rakyat Syariah Ampek Angkek Candung,Kab. Agam,Provinsi Sumatera Barat,620071,,,,,,,,,,,,,,,,,,,,,,,,,,,,,,,,,,,,,
2010,12,PT Bank Perekonomian Rakyat Syariah Sampang Perseroda,Kab. Sampang,Provinsi Jawa Timur,620166,,,,,,,,,,,,,,,,,,,,,,,,,,,,,,,,,,,,-7.177646641310815,113.22928610732424
2010,12,PT Bank Perekonomian Rakyat Syariah Unisia Insan Indonesia,Kota Yogyakarta,Provinsi D.I. Yogyakarta,620178,,,,,,,,,,,,,,,,,,,,,,,,,,,,,,,,,,,,-7.811119305839534,110.36108720090904
2010,12,PT Bank Perekonomian Rakyat Syariah Gala Mitra Abadi,Kab. Grobogan,Provinsi Jawa Tengah,620063,,,,,,,,,,,,,,,,,,,,,,,,,,,,,,,,,,,,-7.088219305964116,110.9101564089674
2010,12,PT Bank Perekonomian Rakyat Syariah Metro Madani,Kota Metro,Provinsi Lampung,620091,,,,,,,,,,,,,,,,,,,,,,,,,,,,,,,,,,,,-5.109743260376518,105.31422432780674
2010,12,PT Bank Perekonomian Rakyat Syariah Al Washliyah,Kota Medan,Provinsi Sumatera Utara,620036,,,,,,,,,,,,,,,,,,,,,,,,,,,,,,,,,,,,3.5953913881617754,98.67901076224275
2010,12,PT Bank Perekonomian Rakyat Syariah Arthaaceh Sejahtera,Kota Banda Aceh,Provinsi NAD,620192,,,,,,,,,,,,,,,,,,,,,,,,,,,,,,,,,,,,5.548455343437354,95.3146280603469
2010,12,PT Bank Perekonomian Rakyat Syariah Bangun Arta,Kab. Cilacap,Provinsi Jawa Tengah,620195,,,,,,,,,,,,,,,,,,,,,,,,,,,,,,,,,,,,-7.720557123602994,109.02471707185968
2010,12,PT BPRS Artha Surya Barokah,Kota Semarang,Provinsi Jawa Tengah,620084,,,,,,,,,,,,,,,,,,,,,,,,,,,,,,,,,,,,-6.992447596736079,110.42988872705932
2010,12,PT Bank Perekonomian Rakyat Syariah Dana Moneter,Kota Makassar,Provinsi Sulawesi Selatan,620030,,,,,,,,,,,,,,,,,,,,,,,,,,,,,,,,,,,,-5.132293953516857,119.41407701618245
2010,12,PT Bank Perekonomian Rakyat Syariah Ingin Jaya,Kab. Aceh Besar,Provinsi NAD,620203,,,,,,,,,,,,,,,,,,,,,,,,,,,,,,,,,,,,,
2010,12,PT Bank Perekonomian Rakyat Syariah Baiturridha Pusaka,Kota Bandung,Provinsi Jawa Barat,620011,,,,,,,,,,,,,,,,,,,,,,,,,,,,,,,,,,,,-6.926057921061269,107.60382508821964
2010,12,PT Bank Perekonomian Rakyat Syariah Baiturridha Pusaka,Kota Bandung,Provinsi Jawa Barat,620011,,,,,,,,,,,,,,,,,,,,,,,,,,,,,,,,,,,,-6.5950591985824625,106.79485467015364
2010,12,PT Bank Perekonomian Rakyat Syariah Daarul Hayat,Kota Cimahi,Provinsi Jawa Barat,620035,,,,,,,,,,,,,,,,,,,,,,,,,,,,,,,,,,,,-6.867341948596262,107.55153148405364
2010,12,PT Bank Perekonomian Rakyat Syariah Indo Timur,Kota Makassar,Provinsi Sulawesi Selatan,620010,,,,,,,,,,,,,,,,,,,,,,,,,,,,,,,,,,,,-5.143550328284089,119.4138433249748
2010,12,PT Bank Perekonomian Rakyat Syariah Sukowati Sragen (Perseroda),Kab. Sragen,Provinsi Jawa Tengah,620124,,,,,,,,,,,,,,,,,,,,,,,,,,,,,,,,,,,,,
2010,12,PT Bank Perekonomian Rakyat Syariah Mitra Harmoni Kota Bandung,Kota Bandung,Provinsi Jawa Barat,620161,,,,,,,,,,,,,,,,,,,,,,,,,,,,,,,,,,,,-6.930306124913997,107.60122007641682
2010,12,PT Bank Perekonomian Rakyat Syariah Mitra Harmoni Kota Bandung,Kota Bandung,Provinsi Jawa Barat,620161,,,,,,,,,,,,,,,,,,,,,,,,,,,,,,,,,,,,-6.605274910968337,106.787676963878
2010,12,PT Bank Perekonomian Rakyat Syariah Tengku Chiek Dipante,Kab. Pidie,Provinsi NAD,620025,,,,,,,,,,,,,,,,,,,,,,,,,,,,,,,,,,,,3.7476617007670936,96.82987163456816
2010,12,PT Bank Perekonomian Rakyat Syariah Dharma Kuwera,Kab. Klaten,Provinsi Jawa Tengah,620159,,,,,,,,,,,,,,,,,,,,,,,,,,,,,,,,,,,,,
2010,12,PT Bank Perekonomian Rakyat Syariah Surya Sejati,Kab. Takalar,Provinsi Sulawesi Selatan,620031,,,,,,,,,,,,,,,,,,,,,,,,,,,,,,,,,,,,-5.431354763307175,119.44652127180228
2010,12,PT Bank Pembiayaan Rakyat Syariah Gayo Perseroda,Kab. Aceh Tengah,Provinsi NAD,620120,,,,,,,,,,,,,,,,,,,,,,,,,,,,,,,,,,,,,
2010,12,PT BPRS Mitra Amanah,Kota Palangkaraya,Provinsi Kalimantan Tengah,620170,,,,,,,,,,,,,,,,,,,,,,,,,,,,,,,,,,,,-2.20055455187618,113.91600497570754
2010,12,PT BPRS Kota Juang Perseroda,Kab. Aceh Jeumpa/Bireuen,Provinsi NAD,620144,,,,,,,,,,,,,,,,,,,,,,,,,,,,,,,,,,,,,
2010,12,PT Bank Perekonomian Rakyat Syariah Almabrur Klaten,Kab. Klaten,Provinsi Jawa Tengah,620142,,,,,,,,,,,,,,,,,,,,,,,,,,,,,,,,,,,,,
2010,12,PT Bank Perekonomian Rakyat Syariah Insan Madani,Kab. Sukoharjo,Provinsi Jawa Tengah,620154,,,,,,,,,,,,,,,,,,,,,,,,,,,,,,,,,,,,-7.980423788495279,112.63614303338588
2010,12,PT. BPRS Artha Mas Abadi,Kab. Pati,Provinsi Jawa Tengah,620100,,,,,,,,,,,,,,,,,,,,,,,,,,,,,,,,,,,,-6.770220705556133,111.02002545693522
2010,12,PT Bank Perekonomian Rakyat Syariah Bandar Lampung (Perseroda),Kota Bandar Lampung,Provinsi Lampung,620051,,,,,,,,,,,,,,,,,,,,,,,,,,,,,,,,,,,,-5.451430777916592,105.26097314570632
2010,12,PT. BPRS Al-Yaqin,Kab. Simalungun,Provinsi Sumatera Utara,620092,,,,,,,,,,,,,,,,,,,,,,,,,,,,,,,,,,,,,
2010,12,PT Bank Perekonomian Rakyat Syariah Aman Syariah,Kab. Lampung Timur,Provinsi Lampung,620173,,,,,,,,,,,,,,,,,,,,,,,,,,,,,,,,,,,,,
2010,12,PT Bank Perekonomian Rakyat Syariah Bumi Artha Sampang,Kab. Cilacap,Provinsi Jawa Tengah,620112,,,,,,,,,,,,,,,,,,,,,,,,,,,,,,,,,,,,-7.709897309774618,109.02363619954758
2010,12,PT Bank Perekonomian Rakyat Syariah Suriyah,Kab. Cilacap,Provinsi Jawa Tengah,620086,,,,,,,,,,,,,,,,,,,,,,,,,,,,,,,,,,,,-7.720360645096571,109.02261136336097
2010,12,PT Bank Perekonomian Rakyat Syariah Rahmah Hijrah Agung,Kota Lhokseumawe,Provinsi NAD,620049,,,,,,,,,,,,,,,,,,,,,,,,,,,,,,,,,,,,5.1766961991986555,97.14916447763574
2010,12,PT Bank Perekonomian Rakyat Syariah Manfaatsyariah,Kab. Kutai Kartanegara,Provinsi Kalimantan Timur,620014,,,,,,,,,,,,,,,,,,,,,,,,,,,,,,,,,,,,-0.4108304755501372,116.98709494185226
2010,12,PT Bank Perekonomian Rakyat Syariah Adeco,Kota Langsa,Provinsi NAD,620141,,,,,,,,,,,,,,,,,,,,,,,,,,,,,,,,,,,,4.464710385925349,97.9655777382901
2010,12,PT Bank Perekonomian Rakyat Syariah Gunung Slamet,Kab. Banyumas,Provinsi Jawa Tengah,620146,,,,,,,,,,,,,,,,,,,,,,,,,,,,,,,,,,,,-7.437522556194236,109.32557212705542
2010,12,PT Bank Perekonomian Rakyat Syariah Alwadiah,Kota Tasikmalaya,Provinsi Jawa Barat,620037,,,,,,,,,,,,,,,,,,,,,,,,,,,,,,,,,,,,-7.31950171379176,108.2182123272616
2010,12,PT Bank Perekonomian Rakyat Syariah Serambi Mekah,Kota Langsa,Provinsi NAD,620152,,,,,,,,,,,,,,,,,,,,,,,,,,,,,,,,,,,,4.466232402810879,97.97539511921892
2010,12,PT Bank Perekonomian Rakyat Syariah Barkah Gemadana,Kab. Banjar,Provinsi Kalimantan Selatan,620013,,,,,,,,,,,,,,,,,,,,,,,,,,,,,,,,,,,,-0.6588763736841944,101.48260796449918
2010,12,PT Bank Perekonomian Rakyat Syariah Arta Leksana,Kab. Banyumas,Provinsi Jawa Tengah,620110,,,,,,,,,,,,,,,,,,,,,,,,,,,,,,,,,,,,-7.440480384054677,109.32329819176095
2010,12,PT Bank Perekonomian Rakyat Syariah Almadinah Tasikmalaya Perseroda,Kota Tasikmalaya,Provinsi Jawa Barat,620156,,,,,,,,,,,,,,,,,,,,,,,,,,,,,,,,,,,,-7.3283420052585,108.22977779026246
2010,12,PT Bank Perekonomian Rakyat Syariah Puduarta Insani,Kab. Deli Serdang,Provinsi Sumatera Utara,620058,,,,,,,,,,,,,,,,,,,,,,,,,,,,,,,,,,,,,
2010,12,PT. BPRS Gotong Royong,Kota Sukabumi,Provinsi Jawa Barat,620172,,,,,,,,,,,,,,,,,,,,,,,,,,,,,,,,,,,,-6.553534544317955,107.7543397767086
2010,12,PT. BPRS Gotong Royong,Kota Sukabumi,Provinsi Jawa Barat,620172,,,,,,,,,,,,,,,,,,,,,,,,,,,,,,,,,,,,-6.916774443100237,106.9293590384548
2010,12,PT Bank Perekonomian Rakyat Syariah Harta Insan Karimah Jawa Tengah,Kab. Banyumas,Provinsi Jawa Tengah,620089,,,,,,,,,,,,,,,,,,,,,,,,,,,,,,,,,,,,-7.445092454041309,109.33485862481956
2010,12,PT Bank Perekonomian Rakyat Syariah Amanah Insan Cita,Kab. Deli Serdang,Provinsi Sumatera Utara,620145,,,,,,,,,,,,,,,,,,,,,,,,,,,,,,,,,,,,,
2010,12,PT Bank Perekonomian Rakyat Syariah Bina Amanah Satria,Kab. Banyumas,Provinsi Jawa Tengah,620087,,,,,,,,,,,,,,,,,,,,,,,,,,,,,,,,,,,,-7.448909227338186,109.32815980963753
2010,12,PT BPRS SHADIQ AMANAH,Kota Cimahi,Provinsi Jawa Barat,620019,,,,,,,,,,,,,,,,,,,,,,,,,,,,,,,,,,,,-6.863473787610629,107.53563110990164
2010,12,PT Bank Perekonomian Rakyat Syariah Amanah Bangsa,Kab. Simalungun,Provinsi Sumatera Utara,620032,,,,,,,,,,,,,,,,,,,,,,,,,,,,,,,,,,,,,
2010,12,PT BPRS Saka Dana Mulia,Kab. Kudus,Provinsi Jawa Tengah,620167,,,,,,,,,,,,,,,,,,,,,,,,,,,,,,,,,,,,-6.752673980908147,111.02119203015354
2010,12,PT Bank Perekonomian Rakyat Syariah Mitra Agro Usaha,Kota Bandar Lampung,Provinsi Lampung,620169,,,,,,,,,,,,,,,,,,,,,,,,,,,,,,,,,,,,-5.443193541153916,105.2697528392836
2010,12,PT Bank Perekonomian Rakyat Syariah Rahmania Dana Sejahtera,Kab. Aceh Jeumpa/Bireuen,Provinsi NAD,620148,,,,,,,,,,,,,,,,,,,,,,,,,,,,,,,,,,,,,
2010,12,PT Bank Perekonomian Rakyat Syariah Gowata,Kab. Gowa,Provinsi Sulawesi Selatan,620065,,,,,,,,,,,,,,,,,,,,,,,,,,,,,,,,,,,,-5.225938686460566,120.0079553182381
2010,12,PT Bank Perekonomian Rakyat Syariah Sindanglaya Kotanopan,Kab. Mandailing Natal,Provinsi Sumatera Utara,620111,,,,,,,,,,,,,,,,,,,,,,,,,,,,,,,,,,,,,
2010,12,PT Bank Perekonomian Rakyat Syariah Carana Kiat Andalas,Kab. Agam,Provinsi Sumatera Barat,620064,,,,,,,,,,,,,,,,,,,,,,,,,,,,,,,,,,,,,
2010,12,PT Bank Perekonomian Rakyat Syariah Harta Insan Karimah Cibitung,Kota Bekasi,Provinsi Jawa Barat,620020,,,,,,,,,,,,,,,,,,,,,,,,,,,,,,,,,,,,-6.225695831277773,106.98845203769474
2010,12,PT Bank Perekonomian Rakyat Syariah Vitka Central,Kota Batam,Provinsi Kep. Riau,620134,,,,,,,,,,,,,,,,,,,,,,,,,,,,,,,,,,,,1.0997027965875927,104.0345602824064
2010,12,PT BANK PEREKONOMIAN RAKYAT SYARIAH AL MAKMUR,Kota Payakumbuh,Provinsi Sumatera Barat,620132,,,,,,,,,,,,,,,,,,,,,,,,,,,,,,,,,,,,-0.2305304689386322,100.63568358146692
2010,12,PT BPRS Hidayah,Wil. Kota Jakarta Barat,Provinsi DKI Jakarta,620119,,,,,,,,,,,,,,,,,,,,,,,,,,,,,,,,,,,,,
2010,12,PT Bank Perekonomian Rakyat Syariah Berkah Dana Fadhlillah (Perseroda),Kab. Kampar,Provinsi Riau,620060,,,,,,,,,,,,,,,,,,,,,,,,,,,,,,,,,,,,0.8689938830957369,101.2803342082979
2010,12,PT Bank Perekonomian Rakyat Syariah Muamalah Cilegon,Kota Cilegon,Provinsi Banten,620034,,,,,,,,,,,,,,,,,,,,,,,,,,,,,,,,,,,,-6.013534007648159,106.0585828108812
2010,12,PT BANK PEREKONOMIAN RAKYAT SYARIAH SIAK JAYA,Kab. Siak,Provinsi Riau,620189,,,,,,,,,,,,,,,,,,,,,,,,,,,,,,,,,,,,0.6271089398798741,101.56683647826335
2010,12,PT Bank Perekonomian Rakyat Syariah Syarikat Madani,Kota Batam,Provinsi Kep. Riau,620121,,,,,,,,,,,,,,,,,,,,,,,,,,,,,,,,,,,,1.1025924305431083,104.04282617621487
2010,12,PT. BPRS Cilegon Mandiri,Kota Cilegon,Provinsi Banten,620080,,,,,,,,,,,,,,,,,,,,,,,,,,,,,,,,,,,,-6.0121840147933305,106.06249216016823
2010,12,PT BPRS Harta Insan Karimah,Kota Tangerang,Provinsi Banten,620012,,,,,,,,,,,,,,,,,,,,,,,,,,,,,,,,,,,,-6.168514895786671,106.6333010221693
2010,12,PT Bank Perekonomian Rakyat Syariah Hasanah,Kota Pekanbaru,Provinsi Riau,620041,,,,,,,,,,,,,,,,,,,,,,,,,,,,,,,,,,,,0.5249696427966165,101.44758104638636
2010,12,PT Bank Perekonomian Rakyat Syariah Bangka Belitung,Kota Pangkal Pinang,Provinsi Kep. Bangka Belitung,620076,,,,,,,,,,,,,,,,,,,,,,,,,,,,,,,,,,,,-2.120239693370022,106.11713996558484
2010,12,PT Bank Perekonomian Rakyat Syariah Musyarakah Ummat Indonesia,Kota Tangerang,Provinsi Banten,620007,,,,,,,,,,,,,,,,,,,,,,,,,,,,,,,,,,,,-6.17429154031784,106.64290706543798
2010,12,PT Bank Perekonomian Rakyat Syariah Hijra Alami,Wil. Kota Jakarta Selatan,Provinsi DKI Jakarta,620138,,,,,,,,,,,,,,,,,,,,,,,,,,,,,,,,,,,,,
2010,12,PT Bank Perekonomian Rakyat Syariah Balerong Bunta,Kab. Tanah Datar,Provinsi Sumatera Barat,620197,,,,,,,,,,,,,,,,,,,,,,,,,,,,,,,,,,,,0.8031965185093075,100.73793330633296
2010,12,PT Bank Perekonomian Rakyat Syariah Rajasa Lampung Tengah (Perseroda),Kab. Lampung Tengah,Provinsi Lampung,620129,,,,,,,,,,,,,,,,,,,,,,,,,,,,,,,,,,,,,
2010,12,PT Bank Perekonomian Rakyat Syariah Danagung Syariah,Kab. Sleman,Provinsi D.I. Yogyakarta,620128,,,,,,,,,,,,,,,,,,,,,,,,,,,,,,,,,,,,,
2010,12,PT Bank Perekonomian Rakyat Syariah Gebu Prima,Kota Medan,Provinsi Sumatera Utara,620055,,,,,,,,,,,,,,,,,,,,,,,,,,,,,,,,,,,,3.580883089096215,98.66623055730342
2010,12,PT Bank Perekonomian Rakyat Syariah Artha Amanah Ummat,Kab. Semarang,Provinsi Jawa Tengah,620116,,,,,,,,,,,,,,,,,,,,,,,,,,,,,,,,,,,,-7.138606830428244,110.40957996108703
2010,12,PT. BPRS Ikhsanul Amal,Kab. Kebumen,Provinsi Jawa Tengah,620047,,,,,,,,,,,,,,,,,,,,,,,,,,,,,,,,,,,,-7.7499614325424,109.74028135566994
2010,12,PT Bank Perekonomian Rakyat Syariah Albarokah,Kota Depok,Provinsi Jawa Barat,620053,,,,,,,,,,,,,,,,,,,,,,,,,,,,,,,,,,,,-6.414286608555458,106.82408456386716
2010,12,PT Bank Perekonomian Rakyat Syariah Patriot Bekasi Perseroda,Kota Bekasi,Provinsi Jawa Barat,620108,,,,,,,,,,,,,,,,,,,,,,,,,,,,,,,,,,,,-6.2278728540382104,107.00170463692426
2010,12,PT Bank Perekonomian Rakyat Syariah Margirizki Bahagia,Kab. Bantul,Provinsi D.I. Yogyakarta,620017,,,,,,,,,,,,,,,,,,,,,,,,,,,,,,,,,,,,-6.173931205857998,106.82055050685378
2010,12,PT Bank Perekonomian Rakyat Syariah Rizky Barokah,Kota Tangerang Selatan,Provinsi Banten,620199,,,,,,,,,,,,,,,,,,,,,,,,,,,,,,,,,,,,-6.320385744555436,106.69864713138224
2010,12,PT Bank Perekonomian Rakyat Syariah Meru Nusantara Mandiri,Kab. Magelang,Provinsi Jawa Tengah,620143,,,,,,,,,,,,,,,,,,,,,,,,,,,,,,,,,,,,-7.483143805876312,110.21226325844997
2010,12,PT Bank Perekonomian Rakyat Syariah Hikmah Wakilah,Kota Banda Aceh,Provinsi NAD,620046,,,,,,,,,,,,,,,,,,,,,,,,,,,,,,,,,,,,5.543176806651055,95.31537211187955
2010,12,PT BPRS Barakah Nawaitul Ikhlas,Kota Solok,Provinsi Sumatera Barat,620123,,,,,,,,,,,,,,,,,,,,,,,,,,,,,,,,,,,,-0.8090450252633046,100.6628003414127
2010,12,PT Bank Perekonomian Rakyat Syariah Al Falah,Kab. Banyuasin,Provinsi Sumatera Selatan,620040,,,,,,,,,,,,,,,,,,,,,,,,,,,,,,,,,,,,,
2010,12,PT Bank Perekonomian Rakyat Syariah Baiturridha Pusaka,Kota Bogor,Provinsi Jawa Barat,620011,,,,,,,,,,,,,,,,,,,,,,,,,,,,,,,,,,,,-6.926057921061269,107.60382508821964
2010,12,PT Bank Perekonomian Rakyat Syariah Baiturridha Pusaka,Kota Bogor,Provinsi Jawa Barat,620011,,,,,,,,,,,,,,,,,,,,,,,,,,,,,,,,,,,,-6.5950591985824625,106.79485467015364
2010,12,PT Bank Perekonomian Rakyat Syariah Taman Indah Darussalam,Kota Banda Aceh,Provinsi NAD,620158,,,,,,,,,,,,,,,,,,,,,,,,,,,,,,,,,,,,5.544809666796793,95.3231595660368
2010,12,PT Bank Perekonomian Rakyat Syariah Buana Mitra Perwira,Kab. Purbalingga,Provinsi Jawa Tengah,620083,,,,,,,,,,,,,,,,,,,,,,,,,,,,,,,,,,,,-7.38620934652322,109.3482136658594
2010,12,PT Bank Perekonomian Rakyat Syariah Mitra Harmoni Kota Bandung,Kota Bogor,Provinsi Jawa Barat,620161,,,,,,,,,,,,,,,,,,,,,,,,,,,,,,,,,,,,-6.930306124913997,107.60122007641682
2010,12,PT Bank Perekonomian Rakyat Syariah Mitra Harmoni Kota Bandung,Kota Bogor,Provinsi Jawa Barat,620161,,,,,,,,,,,,,,,,,,,,,,,,,,,,,,,,,,,,-6.605274910968337,106.787676963878
2010,12,PT BPRS Berkah Amal Salman,Kota Bogor,Provinsi Jawa Barat,620001,,,,,,,,,,,,,,,,,,,,,,,,,,,,,,,,,,,,-6.918139601318028,107.60647461822626
2010,12,PT BPRS Berkah Amal Salman,Kota Bogor,Provinsi Jawa Barat,620001,,,,,,,,,,,,,,,,,,,,,,,,,,,,,,,,,,,,-6.600064385549815,106.7999819599572
2010,12,PT. BPRS Asad Alif,Kab. Kendal,Provinsi Jawa Tengah,620070,,,,,,,,,,,,,,,,,,,,,,,,,,,,,,,,,,,,,
2010,12,PT Bank Perekonomian Rakyat Syariah Hasanah Mandiri,Kota Depok,Provinsi Jawa Barat,620006,,,,,,,,,,,,,,,,,,,,,,,,,,,,,,,,,,,,-6.40152714268215,106.8199776998472
2010,12,PT Bank Perekonomian Rakyat Syariah Mustaqim Aceh Perseroda,Kota Banda Aceh,Provinsi NAD,620187,,,,,,,,,,,,,,,,,,,,,,,,,,,,,,,,,,,,5.5514463466260295,95.31786202059116
2010,12,PT Bank Perekonomian Rakyat Syariah Mitra Amal Mulia,Kab. Sleman,Provinsi D.I. Yogyakarta,620117,,,,,,,,,,,,,,,,,,,,,,,,,,,,,,,,,,,,,
2010,12,PT Bank Perekonomian Rakyat Syariah Kotabumi (Perseroda),Kab. Lampung Selatan,Provinsi Lampung,620131,,,,,,,,,,,,,,,,,,,,,,,,,,,,,,,,,,,,,
2010,12,PT Bank Perekonomian Rakyat Syariah Tani Tulang Bawang Barat (Perseroda),Kab. Tulang Bawang Barat,Provinsi Lampung,620176,,,,,,,,,,,,,,,,,,,,,,,,,,,,,,,,,,,,,
2010,12,PT BPRS Gajahtongga KotoPiliang,Kota Sawahlunto,Provinsi Sumatera Barat,620162,,,,,,,,,,,,,,,,,,,,,,,,,,,,,,,,,,,,-0.6873833320816837,100.76958758372275
2010,12,PT BANK PEREKONOMIAN RAKYAT ARTHA MADANI,Kota Bekasi,Provinsi Jawa Barat,620088,,,,,,,,,,,,,,,,,,,,,,,,,,,,,,,,,,,,-6.235802486784483,106.99167237097036
2010,12,PT Bank Perekonomian Rakyat Syariah Madina Mandiri Sejahtera,Kab. Bantul,Provinsi D.I. Yogyakarta,620118,,,,,,,,,,,,,,,,,,,,,,,,,,,,,,,,,,,,-6.160825160234478,106.80699763980014
2010,12,PT Bank Perekonomian Rakyat Syariah Bangun Drajat Warga,Kab. Bantul,Provinsi D.I. Yogyakarta,620018,,,,,,,,,,,,,,,,,,,,,,,,,,,,,,,,,,,,-6.162883175978525,106.8097490702202
2010,12,PT Bank Perekonomian Rakyat Syariah Way Kanan (Perseroda),Kab. Lampung Selatan,Provinsi Lampung,620157,,,,,,,,,,,,,,,,,,,,,,,,,,,,,,,,,,,,,
2010,12,PT BPRS Mentari Pasaman Saiyo,Kab. Pasaman Barat,Provinsi Sumatera Barat,620059,,,,,,,,,,,,,,,,,,,,,,,,,,,,,,,,,,,,,
2010,12,PT Bank Pembiayaan Rakyat Syariah Jam Gadang Perseroda,Kota Bukittinggi,Provinsi Sumatera Barat,620185,,,,,,,,,,,,,,,,,,,,,,,,,,,,,,,,,,,,-0.2958866590933593,100.36052326690393
2011,12,PT Bank Perekonomian Rakyat Syariah Investama Mega Bakti,Kota Makassar,Provinsi Sulawesi Selatan,620077,,,,,,,,,,,,,,,,,,,,,,,,,,,,,,,,,,,,-5.131381407363007,119.4094893372462
2011,12,PT BPRS Berkah Amal Salman,Kota Bandung,Provinsi Jawa Barat,620001,,,,,,,,,,,,,,,,,,,,,,,,,,,,,,,,,,,,-6.918139601318028,107.60647461822626
2011,12,PT BPRS Berkah Amal Salman,Kota Bandung,Provinsi Jawa Barat,620001,,,,,,,,,,,,,,,,,,,,,,,,,,,,,,,,,,,,-6.600064385549815,106.7999819599572
2011,12,PT Bank Perekonomian Rakyat Syariah Dana Moneter,Kota Makassar,Provinsi Sulawesi Selatan,620030,20713254.0,12425213.0,0.0,0.0,0.0,0.0,0.0,0.0,,0.0,,3587023.0,1409315.0,8715000.0,491850.0,,24134.0,0.0,18927.0,35540.0,,,3599955.0,4093579.0,2237740.0,0.0,1315710.0,42.56,5.05,,9.01,,63.79,7744619.0,,-5.132293953516857,119.41407701618245
2011,12,PT. BPRS Gotong Royong,Kab. Subang,Provinsi Jawa Barat,620172,,,,,,,,,,,,,,,,,,,,,,,,,,,,,,,,,,,,-6.553534544317955,107.7543397767086
2011,12,PT. BPRS Gotong Royong,Kab. Subang,Provinsi Jawa Barat,620172,,,,,,,,,,,,,,,,,,,,,,,,,,,,,,,,,,,,-6.916774443100237,106.9293590384548
2011,12,PT Bank Perekonomian Rakyat Syariah Alsalaam Amal Salman,Kota Depok,Provinsi Jawa Barat,620101,,,,,,,,,,,,,,,,,,,,,,,,,,,,12.96,4.95,,1.97,,89.1,,,-6.416217509745828,106.80751636393872
2011,12,PT Bank Perekonomian Rakyat Syariah Lampung Barat (Perseroda),Kab. Lampung Barat,Provinsi Lampung,620175,,,,,,,,,,,,,,,,,,,,,,,,,,,,,,,,,,,,,
2011,12,PT BANK PEREKONOMIAN RAKYAT SYARIAH NIAGA MADANI,Kota Makassar,Provinsi Sulawesi Selatan,620039,55913102.0,44983747.0,0.0,0.0,56494.0,0.0,0.0,0.0,,0.0,,0.0,2540357.0,15609150.0,746838.0,,1695138.0,0.0,31338483.0,0.0,,,20350853.0,27174540.0,18524994.0,61875.0,1654212.0,7.75,5.82,,3.31,,20.89,5668819.0,,-5.127789499318414,119.412410921333
2011,12,PT Bank Perekonomian Rakyat Syariah PNM Mentari,Kab. Garut,Provinsi Jawa Barat,620008,23856944.0,12317972.0,0.0,5273974.0,1102300.0,0.0,362543.0,0.0,,0.0,,449046.0,3171711.0,6220521.0,552422.0,,14995.0,0.0,7356529.0,2916667.0,,,3585158.0,5273847.0,2117993.0,0.0,1520014.0,21.2,1.52,,7.52,,82.76,4141370.0,,-7.195611181584734,107.90948097277126
2011,12,PT Bank Perekonomian Rakyat Syariah Bandar Lampung (Perseroda),Kota Bandar Lampung,Provinsi Lampung,620051,,,,,,,,,,,,,,,,,,,,,,,,,,,,20.29,1.44,,2.46,,1.46,,,-5.451430777916592,105.26097314570632
2011,12,PT Bank Perekonomian Rakyat Syariah Riyal Irsyadi,Kota Bekasi,Provinsi Jawa Barat,620005,26342512.0,19763699.0,0.0,0.0,0.0,8849.0,15000.0,30000.0,,0.0,,3664583.0,10335.0,7226640.0,195437.0,,47193.0,0.0,12440580.0,0.0,,,3421748.0,5504223.0,2123102.0,0.0,1116779.0,18.44,1.39,,4.94,,85.94,5743050.0,,-6.225147459974553,106.99631349110932
2011,12,PT Bank Perekonomian Rakyat Syariah Tulen Amanah,Kab. Lombok Tengah,Provinsi Nusa Tenggara Barat,620009,5326406.0,3996133.0,0.0,0.0,0.0,0.0,0.0,0.0,,0.0,,0.0,1406804.0,1665800.0,51024.0,,67079.0,0.0,156674.0,0.0,,,863780.0,1100447.0,480898.0,0.0,400281.0,0.0,8.99,,0.0,,0.0,804029.0,,-8.70747522600701,116.25948057531416
2011,12,PT Bank Perekonomian Rakyat Syariah Harta Insan Karimah Fajar Nitro,Kota Makassar,Provinsi Sulawesi Selatan,620168,,,,,,,,,,,,,,,,,,,,,,,,,,,,,,,,,,,,-5.128522770098106,119.41038261376706
2011,12,PT Bank Perekonomian Rakyat Syariah Rajasa Lampung Tengah (Perseroda),Kab. Lampung Tengah,Provinsi Lampung,620129,,,,,,,,,,,,,,,,,,,,,,,,,,,,,,,,,,,,,
2011,12,PT Bank Perekonomian Rakyat Syariah Way Kanan (Perseroda),Kab. Lampung Selatan,Provinsi Lampung,620157,6804724.0,4500599.0,0.0,116658.0,0.0,0.0,0.0,0.0,,0.0,,1933924.0,882511.0,102800.0,124174.0,,59296.0,0.0,1748535.0,0.0,,,639461.0,694601.0,1076848.0,0.0,-462342.0,0.0,2.74,,0.0,,0.0,2132577.0,,,
2011,12,PT Bank Perekonomian Rakyat Syariah Harta Insan Karimah Bekasi,Kota Bekasi,Provinsi Jawa Barat,620015,82151757.0,47001400.0,0.0,156032.0,0.0,0.0,1219016.0,18984359.0,,0.0,,4528154.0,195021.0,33317500.0,750808.0,,154807.0,0.0,33276769.0,0.0,,,6923359.0,14023298.0,4634952.0,45000.0,1821671.0,0.16,2.2,,0.02,,0.9,11532632.0,,-6.237084227639964,106.9866402479551
2011,12,PT Bank Perekonomian Rakyat Syariah Almasoem,Kab. Bandung,Provinsi Jawa Barat,620027,,,,,,,,,,,,,,,,,,,,,,,9414332.0,13760254.0,5799200.0,0.0,3298604.0,28.8,4.68,,6.05,,89.7,,,-6.97009496632967,107.54174350568084
2011,12,PT Bank Perekonomian Rakyat Syariah Al Ihsan,Kab. Bandung,Provinsi Jawa Barat,620044,,,,,,,,,,,,,,,,,,,,,,,847063.0,913344.0,780631.0,0.0,69143.0,17.78,14.33,,13.3,,78.57,,,-6.971851712893827,107.5425031409888
2011,12,PT Bank Perekonomian Rakyat Syariah Nurul Ikhwan,Kab. Polewali Mandar,Provinsi Sulawesi Barat,620045,779212.0,864790.0,0.0,5081.0,28388.0,0.0,0.0,0.0,,0.0,,1969.0,238212.0,0.0,307379.0,,1645.0,0.0,11896.0,0.0,,,284051.0,302428.0,193142.0,0.0,74858.0,22.58,41.46,,9.61,,108.3,120351.0,,-3.4069455429190376,119.31879018370128
2011,12,PT Bank Perekonomian Rakyat Syariah Kotabumi (Perseroda),Kab. Lampung Selatan,Provinsi Lampung,620131,,,,,,,,,,,,,,,,,,,,,,,,,,,,45.78,0.0,,3.4,,65.11,,,,
2011,12,PT Bank Perekonomian Rakyat Syariah Harum Hikmahnugraha,Kab. Garut,Provinsi Jawa Barat,620029,,,,,,,,,,,,,,,,,,,,,,,,,,,,,,,,,,,,-7.201021164642222,107.90284024114014
2011,12,PT Bank Perekonomian Rakyat Syariah Indo Timur,Kota Makassar,Provinsi Sulawesi Selatan,620010,,,,,,,,,,,,,,,,,,,,,,,,,,,,38.5,30.67,,1.83,,5.51,,,-5.143550328284089,119.4138433249748
2011,12,PT Bank Perekonomian Rakyat Syariah Sleman (Perseroda),Kab. Sleman,Provinsi D.I. Yogyakarta,620193,,,,,,,,,,,,,,,,,,,,,,,,,,,,,,,,,,,,,
2011,12,PT Bank Perekonomian Rakyat Syariah Madinah,Kab. Lamongan,Provinsi Jawa Timur,620139,4577966.0,3169509.0,0.0,0.0,11453.0,0.0,315789.0,0.0,,0.0,,527051.0,1360271.0,1840500.0,36375.0,,5550.0,0.0,8578.0,0.0,,,853247.0,941986.0,731661.0,0.0,130605.0,20.45,3.81,,-4.07,,93.8,949775.0,,-7.123303358568694,112.40966669736945
2011,12,PT Bank Perekonomian Rakyat Syariah Karya Mugi Sentosa,Kota Surabaya,Provinsi Jawa Timur,620113,,,,,,,,,,,,,,,,,,,,,,,,,,,,32.69,3.69,,1.7,,54.66,,,-7.248497572190274,112.74359015261464
2011,12,PT Bank Perekonomian Rakyat Syariah Harta Insan Karimah Cibitung,Kota Bekasi,Provinsi Jawa Barat,620020,5320389.0,2301134.0,0.0,5289.0,3542.0,0.0,0.0,50000.0,,0.0,,757176.0,360595.0,919500.0,82065.0,,7254.0,0.0,36627.0,0.0,,,679578.0,788161.0,787144.0,0.0,-96892.0,117.86,9.58,,-1.87,,115.84,2343122.0,,-6.225695831277773,106.98845203769474
2011,12,PT Bank Perekonomian Rakyat Syariah Barokah Dana Sejahtera,Kota Yogyakarta,Provinsi D.I. Yogyakarta,620115,25267089.0,7684090.0,0.0,2893588.0,0.0,389183.0,5614119.0,1363615.0,,0.0,,5748944.0,2356132.0,8876602.0,149338.0,,110229.0,0.0,6015186.0,0.0,,,2032449.0,3310780.0,1472598.0,0.0,510161.0,11.81,6.62,,2.68,,105.67,6418576.0,,-7.808951498748443,110.36881342877136
2011,12,PT Bank Perekonomian Rakyat Syariah Sindanglaya Kotanopan,Kab. Mandailing Natal,Provinsi Sumatera Utara,620111,,,,,,,,,,,,,,,,,,,,,,,,,,,,,,,,,,,,,
2011,12,PT Bank Perekonomian Rakyat Syariah Gunung Slamet,Kab. Banyumas,Provinsi Jawa Tengah,620146,13206645.0,9451348.0,0.0,795600.0,379000.0,0.0,17000.0,560000.0,,0.0,,1296096.0,19876.0,8502000.0,62366.0,,20270.0,0.0,1612102.0,0.0,,,1014094.0,1754491.0,829485.0,0.0,203422.0,1.0,0.0,,1.0,,0.0,1768556.0,,-7.437522556194236,109.32557212705542
2011,12,PT Bank Perekonomian Rakyat Syariah Gala Mitra Abadi,Kab. Grobogan,Provinsi Jawa Tengah,620063,8808027.0,4422470.0,0.0,0.0,418885.0,0.0,96364.0,2061500.0,,0.0,,816574.0,0.0,5660294.0,206124.0,,35542.0,0.0,1462425.0,0.0,,,843395.0,1784316.0,895245.0,0.0,113412.0,0.0,31.29,,0.0,,0.0,1509926.0,,-7.088219305964116,110.9101564089674
2011,12,PT Bank Perekonomian Rakyat Syariah Amanah Bangsa,Kab. Simalungun,Provinsi Sumatera Utara,620032,7734641.0,2545542.0,0.0,0.0,39690.0,0.0,3613185.0,30000.0,,0.0,,3314048.0,0.0,2584000.0,38905.0,,8603.0,0.0,1205780.0,0.0,,,1332928.0,1746644.0,1218539.0,0.0,91799.0,15.29,0.23,,1.37,,109.0,1423594.0,,,
2011,12,PT Bank Perekonomian Rakyat Syariah Arta Leksana,Kab. Banyumas,Provinsi Jawa Tengah,620110,15373984.0,8930732.0,0.0,0.0,40338.0,28333.0,1059222.0,265735.0,,0.0,,2405863.0,296259.0,4674500.0,146928.0,,24787.0,0.0,5863036.0,0.0,,,2469875.0,3608058.0,2175829.0,0.0,300611.0,,,,,,,4462680.0,,-7.440480384054677,109.32329819176095
2011,12,PT Bank Perekonomian Rakyat Syariah Adeco,Kota Langsa,Provinsi NAD,620141,7280069.0,3951561.0,0.0,0.0,0.0,0.0,183000.0,0.0,,0.0,,1350091.0,982391.0,410000.0,72576.0,,919.0,0.0,2221135.0,175000.0,,,717707.0,1058701.0,760307.0,0.0,-49234.0,39.68,8.95,,-24.22,,60.91,2427375.0,,4.464710385925349,97.9655777382901
2011,12,PT BPRS Mojo Artho Kota Mojokerto Perseroda,Kota Mojokerto,Provinsi Jawa Timur,620160,,,,,,,,,,,,,,,,,,,,,,,,,,,,,,,,,,,,-7.460555185064369,112.43110318032298
2011,12,PT Bank Perekonomian Rakyat Syariah Serambi Mekah,Kota Langsa,Provinsi NAD,620152,,,,,,,,,,,,,,,,,,,,,,,,,,,,42.0,10.85,,-18.0,,118.0,,,4.466232402810879,97.97539511921892
2011,12,PT. BPRS Jabal Nur Tebuireng,Kota Surabaya,Provinsi Jawa Timur,620114,9067480.0,5256751.0,0.0,0.0,4892.0,0.0,0.0,1165000.0,,0.0,,469090.0,44426.0,1429500.0,72526.0,,0.0,0.0,5763539.0,0.0,,,1295565.0,1871740.0,809485.0,8221.0,316925.0,0.34,4.02,,3.5,,77.3,2396398.0,,-7.253401930640896,112.73115332691698
2011,12,PT Bank Perekonomian Rakyat Syariah Harta Insan Karimah Jawa Tengah,Kab. Banyumas,Provinsi Jawa Tengah,620089,8185514.0,3579992.0,118401.0,123103.0,47197.0,40395.0,0.0,1324647.0,,0.0,,1248165.0,56154.0,2093950.0,60959.0,,12357.0,0.0,3702505.0,76617.0,,,1141395.0,1806713.0,1005008.0,0.0,115934.0,18.78,6.66,,11.35,,70.5,2465915.0,,-7.445092454041309,109.33485862481956
2011,12,PT Bank Perekonomian Rakyat Syariah Amanah Sejahtera,Kab. Gresik,Provinsi Jawa Timur,620050,44629960.0,29489477.0,0.0,27710.0,464483.0,0.0,533112.0,2797633.0,,0.0,,7666048.0,21151155.0,9243674.0,675095.0,,47571.0,0.0,795251.0,1125000.0,,,6856350.0,8811219.0,4990596.0,0.0,1659319.0,0.0,3.14,,0.0,,0.0,8118512.0,,-7.171206060982263,112.65347308804564
2011,12,PT Bank Perekonomian Rakyat Syariah Bina Amanah Satria,Kab. Banyumas,Provinsi Jawa Tengah,620087,15197518.0,6582929.0,0.0,185929.0,289518.0,140566.0,931333.0,2860164.0,,0.0,,3436065.0,1565185.0,3272833.0,166916.0,,21900.0,0.0,4836048.0,0.0,,,2414823.0,3033904.0,1915683.0,0.0,474199.0,18.89,7.93,,3.39,,75.33,3786024.0,,-7.448909227338186,109.32815980963753
2011,12,PT Bank Perekonomian Rakyat Syariah Puduarta Insani,Kab. Deli Serdang,Provinsi Sumatera Utara,620058,39501472.0,24327447.0,0.0,111497.0,58800.0,0.0,15000.0,0.0,,0.0,,11846697.0,0.0,13938000.0,465925.0,,83256.0,0.0,686769.0,9169484.0,,,3201003.0,5483341.0,2474323.0,0.0,653145.0,0.0,1.4,,0.0,,0.0,14538360.0,,,
2011,12,PT Bank Perekonomian Rakyat Syariah Mandiri Mitra Sukses,Kab. Gresik,Provinsi Jawa Timur,620126,,,,,,,,,,,,,,,,,,,,,,,,,,,,25.61,4.08,,0.2,,89.21,,,-7.1749772829692935,112.65847748596217
2011,12,PT Bank Perekonomian Rakyat Syariah Amanah Insan Cita,Kab. Deli Serdang,Provinsi Sumatera Utara,620145,4683347.0,3245340.0,0.0,0.0,0.0,0.0,100000.0,0.0,,0.0,,601751.0,0.0,1912500.0,27534.0,,10764.0,0.0,1053030.0,0.0,,,614147.0,832876.0,481166.0,0.0,132981.0,33.28,2.06,,5.2,,86.0,1114440.0,,,
2011,12,PT BPRS Saka Dana Mulia,Kab. Kudus,Provinsi Jawa Tengah,620167,,,,,,,,,,,,,,,,,,,,,,,,,,,,,,,,,,,,-6.752673980908147,111.02119203015354
2011,12,PT Bank Perekonomian Rakyat Syariah Baktimakmur Indah,Kab. Sidoarjo,Provinsi Jawa Timur,620022,,,,,,,,,,,,,,,,,,,,,,,,,,,,110.28,2.17,,5.58,,89.83,,,,
2011,12,PT BPRS Bumi Rinjani,Kota Batu,Provinsi Jawa Timur,620109,8960962.0,5524406.0,0.0,0.0,0.0,0.0,0.0,2441720.0,,0.0,,0.0,1213503.0,5682500.0,208231.0,,42467.0,0.0,492102.0,0.0,,,1404868.0,2315834.0,1081622.0,7068.0,329673.0,19.49,5.73,,4.6,,115.52,782367.0,,-7.86392956395291,112.52576707537388
2011,12,PT. BPRS Artha Mas Abadi,Kab. Pati,Provinsi Jawa Tengah,620100,9933465.0,3320795.0,0.0,0.0,87780.0,0.0,206930.0,3754755.0,,0.0,,2623225.0,48243.0,4253000.0,248983.0,,8428.0,0.0,1637101.0,0.0,,,1868597.0,2421993.0,1378297.0,11769.0,400157.0,18.63,8.55,,5.29,,106.0,2577435.0,,-6.770220705556133,111.02002545693522
2011,12,PT. BPRS Cilegon Mandiri,Kota Cilegon,Provinsi Banten,620080,59236656.0,9114805.0,20939753.0,474478.0,20581.0,106419.0,10000.0,8111489.0,,0.0,,2100722.0,3604557.0,20939500.0,698095.0,,268471.0,0.0,1564024.0,0.0,,,4985395.0,6235143.0,3721693.0,34668.0,1835390.0,72.5,14.87,,1.03,,145.54,9060400.0,,-6.0121840147933305,106.06249216016823
2011,12,PT Bank Perekonomian Rakyat Syariah Amanah Rabbaniah,Kab. Bandung,Provinsi Jawa Barat,620002,,,,,,,,,,,,,,,,,,,,,,,2501238.0,3691815.0,2138117.0,12000.0,326258.0,16.18,5.79,,2.37,,83.5,,,-6.981512329239818,107.54983972422548
2011,12,PT Bank Perekonomian Rakyat Syariah Botani Bina Rahmah,Kab. Bogor,Provinsi Jawa Barat,620061,8430371.0,6756748.0,0.0,0.0,25305.0,107500.0,433250.0,0.0,,0.0,,1789164.0,0.0,3984500.0,118854.0,,104233.0,0.0,700310.0,146625.0,,,994711.0,1378005.0,808850.0,0.0,176767.0,0.0,6.51,,0.0,,0.0,784681.0,,-6.546441998522415,106.99684935942706
2011,12,PT. BANK PEREKONOMIAN RAKYAT SYARIAH PNM PATUH BERAMAL AMALI,Kota Mataram,Provinsi Nusa Tenggara Barat,620021,17108580.0,9180029.0,0.0,0.0,433981.0,0.0,1055000.0,0.0,,0.0,,48728.0,3986667.0,3041501.0,493971.0,,161299.0,0.0,2808734.0,3411381.0,,,1915486.0,3072101.0,1040523.0,21730.0,741016.0,27.53,3.7,,6.01,,74.0,5917181.0,,-8.58389278031459,116.11057126739846
2011,12,PT. BANK PEREKONOMIAN RAKYAT SYARIAH DINAR ASHRI,Kota Mataram,Provinsi Nusa Tenggara Barat,620104,81236857.0,46253970.0,0.0,0.0,1950286.0,0.0,54428.0,350000.0,,0.0,,0.0,37611370.0,6607449.0,387950.0,,1183100.0,0.0,21176361.0,0.0,,,7730278.0,10832421.0,4137198.0,90000.0,2633728.0,30.0,1.36,,6.1,,1.36,30586676.0,,-8.593657692387334,116.10734653727864
2011,12,PT Bank Perekonomian Rakyat Syariah Mitra Agro Usaha,Kota Bandar Lampung,Provinsi Lampung,620169,,,,,,,,,,,,,,,,,,,,,,,,,,,,,,,,,,,,-5.443193541153916,105.2697528392836
2011,12,PT Bank Perekonomian Rakyat Syariah Saruma Sejahtera Halmahera Selatan,Kab. Halmahera Selatan,Provinsi Maluku Utara,620182,,,,,,,,,,,,,,,,,,,,,,,,,,,,,,,,,,,,,
2011,12,PT Bank Perekonomian Rakyat Syariah Syarikat Madani,Kota Batam,Provinsi Kep. Riau,620121,41101503.0,25724925.0,0.0,2420627.0,4291382.0,4689.0,0.0,1385000.0,,0.0,,0.0,2984390.0,12655511.0,247884.0,,1293418.0,0.0,16963494.0,0.0,,,6296558.0,8225034.0,4457171.0,0.0,1650088.0,19.41,0.61,,4.01,,88.02,6235527.0,,1.1025924305431083,104.04282617621487
2011,12,PT Bank Perekonomian Rakyat Syariah Harta Insan Karimah Insan Cita,Kab. Bogor,Provinsi Jawa Barat,620069,7803576.0,3863984.0,0.0,96846.0,108706.0,3333.0,0.0,17775.0,,0.0,,1966610.0,754101.0,1521692.0,206970.0,,240640.0,0.0,1567303.0,0.0,,,1132654.0,1693644.0,998155.0,0.0,58684.0,32.18,27.87,,-3.91,,91.5,3643420.0,,-6.539331604489986,107.00639936483655
2011,12,PT Bank Perekonomian Rakyat Syariah Amanah Ummah,Kab. Bogor,Provinsi Jawa Barat,620004,88196927.0,59747931.0,1742109.0,40032.0,3602093.0,684003.0,0.0,50000.0,,0.0,,53147950.0,1542416.0,23495536.0,649126.0,,64864.0,0.0,1545264.0,0.0,,,10900429.0,13378583.0,8271064.0,200000.0,2116639.0,14.23,0.65,,3.79,,76.55,21156046.0,,-6.547796294132246,107.00834446079764
2011,12,PT Bank Perekonomian Rakyat Syariah Vitka Central,Kota Batam,Provinsi Kep. Riau,620134,,,,,,,,,,,,,,,,,,,,,,,,,,,,,,,,,,,,1.0997027965875927,104.0345602824064
2011,12,PT Bank Perekonomian Rakyat Syariah Bahari Berkesan,Kota Ternate,Provinsi Maluku Utara,620164,,,,,,,,,,,,,,,,,,,,,,,,,,,,,,,,,,,,0.7773589145132459,127.38615026515367
2011,12,PT Bank Perekonomian Rakyat Syariah Muamalah Cilegon,Kota Cilegon,Provinsi Banten,620034,16340256.0,13641584.0,0.0,1767.0,1000.0,0.0,256758.0,80145.0,,0.0,,6960026.0,0.0,2794000.0,350193.0,,37801.0,0.0,3953730.0,958178.0,,,1401600.0,2531344.0,1524693.0,3807.0,-165473.0,13.49,10.48,,0.85,,143.3,1792897.0,,-6.013534007648159,106.0585828108812
2011,12,PT Bank Perekonomian Rakyat Syariah Patriot Bekasi Perseroda,Kota Bekasi,Provinsi Jawa Barat,620108,34276285.0,12287398.0,0.0,3844253.0,548420.0,0.0,0.0,1208713.0,,0.0,,3273445.0,959525.0,10166000.0,379031.0,,14043.0,0.0,635932.0,5926791.0,,,3569058.0,4740223.0,2529945.0,0.0,929419.0,39.42,52.14,,31.59,,124.24,12171908.0,,-6.2278728540382104,107.00170463692426
2011,12,PT. BPRS Muamalat Yotefa,Kab. Jayapura,Provinsi Papua,620067,,,,,,,,,,,,,,,,,,,,,,,,,,,,,,,,,,,,-2.550807165553799,140.48835142200244
2011,12,PT BPRS Bogor Tegar Beriman,Kab. Bogor,Provinsi Jawa Barat,620177,,,,,,,,,,,,,,,,,,,,,,,,,,,,,,,,,,,,-6.552632627212006,107.00079770326322
2011,12,PT Bank Perekonomian Rakyat Syariah Bobato Lestari,Kota Tidore Kepulauan,Provinsi Maluku Utara,620179,,,,,,,,,,,,,,,,,,,,,,,,,,,,,,,,,,,,0.6690346107462076,127.44399032218512
2011,12,PT Bank Perekonomian Rakyat Syariah Hasanah,Kota Pekanbaru,Provinsi Riau,620041,6530823.0,4045636.0,0.0,50000.0,2500.0,0.0,0.0,183610.0,,0.0,,137410.0,1470755.0,869045.0,68233.0,,230675.0,0.0,2220424.0,0.0,,,974449.0,1198175.0,782799.0,0.0,261939.0,0.0,5.34,,0.0,,0.0,1782040.0,,0.5249696427966165,101.44758104638636
2011,12,PT. BPRS Rif'atul Ummah,Kab. Bogor,Provinsi Jawa Barat,620068,,,,,,,,,,,,,,,,,,,,,,,,,,,,9.83,37.69,,-3.1,,106.11,,,-6.544725297552011,107.0028264990046
2011,12,PT Bank Perekonomian Rakyat Syariah Gaido Indonesia,Kab. Cianjur,Provinsi Jawa Barat,620043,,,,,,,,,,,,,,,,,,,,,,,,,,,,,,,,,,,,-6.563150818639635,106.73146469181188
2011,12,PT Bank Perekonomian Rakyat Syariah Amanah Insani,Kab. Bekasi,Provinsi Jawa Barat,620066,,,,,,,,,,,,,,,,,,,,,,,,,,,,31.61,19.12,,2.21,,81.0,,,-6.204349585324721,107.17320288461552
2011,12,PT BANK PEREKONOMIAN RAKYAT ARTHA MADANI,Kota Bekasi,Provinsi Jawa Barat,620088,30593930.0,12933395.0,0.0,0.0,283443.0,0.0,0.0,10126000.0,,0.0,,8688709.0,246605.0,16615200.0,156661.0,,84826.0,0.0,0.0,0.0,,,3782942.0,5181024.0,2430526.0,31926.0,1277469.0,23.1,4.38,,5.1,,91.35,5983911.0,,-6.235802486784483,106.99167237097036
2011,12,PT Bank Perekonomian Rakyat Syariah Bangka Belitung,Kota Pangkal Pinang,Provinsi Kep. Bangka Belitung,620076,232739453.0,138769916.0,0.0,1251160.0,305299.0,5870908.0,0.0,22201998.0,,0.0,,3830467.0,90193226.0,94926180.0,3030513.0,,592411.0,0.0,12313161.0,0.0,,,27349495.0,42630874.0,18755785.0,0.0,8598498.0,17.68,10.45,,3.6,,89.12,55811196.0,,-2.120239693370022,106.11713996558484
2011,12,PT Bank Perekonomian Rakyat Syariah Fajar Sejahtera Bali,Kab. Badung,Provinsi Bali,620026,,,,,,,,,,,,,,,,,,,,,,,,,,,,20.0,8.29,,2.42,,13.41,,,-8.645170567141806,115.27693679878858
2011,12,PT Bank Perekonomian Rakyat Syariah Carana Kiat Andalas,Kab. Agam,Provinsi Sumatera Barat,620064,19993186.0,13176455.0,0.0,0.0,3135.0,0.0,0.0,0.0,,0.0,,8793099.0,0.0,7576355.0,254049.0,,139631.0,0.0,921344.0,981970.0,,,3157250.0,3874217.0,3148949.0,0.0,-87514.0,0.2,3.22,,-0.92,,66.72,5741149.0,,,
2011,12,PT Bank Perekonomian Rakyat Syariah Aman Syariah,Kab. Lampung Timur,Provinsi Lampung,620173,,,,,,,,,,,,,,,,,,,,,,,,,,,,,,,,,,,,,
2011,12,PT Bank Perekonomian Rakyat Syariah Harta Insan Karimah Parahyangan,Kab. Bandung,Provinsi Jawa Barat,620054,,,,,,,,,,,,,,,,,,,,,,,,,,,,,,,,,,,,-6.965455511896712,107.55659356508802
2011,12,PT Bank Perekonomian Rakyat Syariah Tanggamus (Perseroda),Kab. Tanggamus,Provinsi Lampung,620082,14727550.0,10667272.0,0.0,0.0,0.0,0.0,0.0,125000.0,,0.0,,314208.0,5541902.0,457654.0,119824.0,,45935.0,0.0,781898.0,0.0,,,2110071.0,2616970.0,1694914.0,0.0,353375.0,106.0,2.26,,2.76,,77.93,3350142.0,,-5.4369356106235,104.72189977284216
2011,12,PT Bank Perekonomian Rakyat Syariah Mitra Harmoni Kota Bandung,Kota Bandung,Provinsi Jawa Barat,620161,3461116.0,1404054.0,0.0,0.0,0.0,0.0,0.0,0.0,,0.0,,706406.0,2674.0,1277000.0,13720.0,,27600.0,0.0,13031.0,0.0,,,74572.0,74572.0,640290.0,0.0,-565595.0,100.0,0.0,,-16.34,,41.05,1094184.0,,-6.930306124913997,107.60122007641682
2011,12,PT Bank Perekonomian Rakyat Syariah Mitra Harmoni Kota Bandung,Kota Bandung,Provinsi Jawa Barat,620161,3461116.0,1404054.0,0.0,0.0,0.0,0.0,0.0,0.0,,0.0,,706406.0,2674.0,1277000.0,13720.0,,27600.0,0.0,13031.0,0.0,,,74572.0,74572.0,640290.0,0.0,-565595.0,100.0,0.0,,-16.34,,41.05,1094184.0,,-6.605274910968337,106.787676963878
2011,12,PT Bank Perekonomian Rakyat Syariah Surya Sejati,Kab. Takalar,Provinsi Sulawesi Selatan,620031,2425148.0,1614849.0,0.0,0.0,0.0,0.0,215000.0,0.0,,0.0,,2818.0,533252.0,203200.0,110376.0,,476.0,0.0,655909.0,700000.0,,,533507.0,706379.0,447194.0,0.0,64134.0,17.25,24.91,,3.61,,175.57,504689.0,,-5.431354763307175,119.44652127180228
2011,12,PT Bank Perekonomian Rakyat Syariah Alhijrah Amanah,Kota Depok,Provinsi Jawa Barat,620062,3687145.0,2405980.0,0.0,0.0,112412.0,334.0,97549.0,35000.0,,0.0,,674348.0,46.0,513686.0,85306.0,,17768.0,0.0,830763.0,0.0,,,514796.0,649327.0,437153.0,0.0,20269.0,31.36,47.22,,0.55,,131.51,497522.0,,-6.4012211998367325,106.81183657113324
2011,12,PT BPRS SHADIQ AMANAH,Kota Cimahi,Provinsi Jawa Barat,620019,69521356.0,33122480.0,0.0,5296788.0,430436.0,0.0,277500.0,350000.0,,0.0,,4105301.0,0.0,59164662.0,274109.0,,74790.0,0.0,2430031.0,0.0,,,4922113.0,6823633.0,4572983.0,0.0,310118.0,11.46,0.49,,1.05,,58.54,24142276.0,,-6.863473787610629,107.53563110990164
2011,12,PT Bank Perekonomian Rakyat Syariah Almadinah Tasikmalaya Perseroda,Kota Tasikmalaya,Provinsi Jawa Barat,620156,,,,,,,,,,,,,,,,,,,,,,,,,,,,33.58,0.08,,1.37,,259.05,,,-7.3283420052585,108.22977779026246
2011,12,PT Bank Perekonomian Rakyat Syariah Tani Tulang Bawang Barat (Perseroda),Kab. Tulang Bawang Barat,Provinsi Lampung,620176,,,,,,,,,,,,,,,,,,,,,,,,,,,,,,,,,,,,,
2011,12,PT Bank Perekonomian Rakyat Syariah Daarul Hayat,Kota Cimahi,Provinsi Jawa Barat,620035,8254175.0,3642344.0,0.0,0.0,754559.0,13165.0,0.0,661000.0,,0.0,,6454.0,461703.0,4740500.0,83454.0,,0.0,0.0,2170086.0,0.0,,,1035168.0,2031287.0,1001095.0,0.0,62457.0,20.0,3.52,,1.55,,69.38,1114577.0,,-6.867341948596262,107.55153148405364
2011,12,PT Bank Perekonomian Rakyat Syariah Metro Madani,Kota Metro,Provinsi Lampung,620091,48339886.0,26045186.0,0.0,27717.0,1678406.0,0.0,1464077.0,0.0,,0.0,,15793414.0,1359648.0,15114250.0,364211.0,,153447.0,0.0,7530779.0,3096167.0,,,6379809.0,9285543.0,3907035.0,0.0,2122581.0,16.62,2.4,,5.67,,63.79,17400191.0,,-5.109743260376518,105.31422432780674
2011,12,PT Bank Perekonomian Rakyat Syariah Alwadiah,Kota Tasikmalaya,Provinsi Jawa Barat,620037,,,,,,,,,,,,,,,,,,,,,,,,,,,,95.0,4.55,,0.77,,4.15,,,-7.31950171379176,108.2182123272616
2011,12,PT Bank Perekonomian Rakyat Syariah Barkah Gemadana,Kab. Banjar,Provinsi Kalimantan Selatan,620013,21878284.0,11320745.0,0.0,0.0,7993.0,0.0,332500.0,882000.0,,0.0,,102355.0,11674998.0,5390100.0,220874.0,,214347.0,0.0,343357.0,0.0,,,2154613.0,3487264.0,1506433.0,16192.0,552556.0,30.31,9.62,,3.09,,59.52,7858193.0,,-0.6588763736841944,101.48260796449918
2011,12,PT. BPRS Gotong Royong,Kota Sukabumi,Provinsi Jawa Barat,620172,,,,,,,,,,,,,,,,,,,,,,,,,,,,,,,,,,,,-6.553534544317955,107.7543397767086
2011,12,PT. BPRS Gotong Royong,Kota Sukabumi,Provinsi Jawa Barat,620172,,,,,,,,,,,,,,,,,,,,,,,,,,,,,,,,,,,,-6.916774443100237,106.9293590384548
2011,12,PT Bank Perekonomian Rakyat Syariah Mitra Harmoni Kota Bandung,Kota Bogor,Provinsi Jawa Barat,620161,3461116.0,1404054.0,0.0,0.0,0.0,0.0,0.0,0.0,,0.0,,706406.0,2674.0,1277000.0,13720.0,,27600.0,0.0,13031.0,0.0,,,74572.0,74572.0,640290.0,0.0,-565595.0,100.0,0.0,,-16.34,,41.05,1094184.0,,-6.930306124913997,107.60122007641682
2011,12,PT Bank Perekonomian Rakyat Syariah Mitra Harmoni Kota Bandung,Kota Bogor,Provinsi Jawa Barat,620161,3461116.0,1404054.0,0.0,0.0,0.0,0.0,0.0,0.0,,0.0,,706406.0,2674.0,1277000.0,13720.0,,27600.0,0.0,13031.0,0.0,,,74572.0,74572.0,640290.0,0.0,-565595.0,100.0,0.0,,-16.34,,41.05,1094184.0,,-6.605274910968337,106.787676963878
2011,12,PT Bank Perekonomian Rakyat Syariah Manfaatsyariah,Kab. Kutai Kartanegara,Provinsi Kalimantan Timur,620014,,,,,,,,,,,,,,,,,,,,,,,,,,,,,,,,,,,,-0.4108304755501372,116.98709494185226
2011,12,PT Bank Perekonomian Rakyat Syariah Baiturridha Pusaka,Kota Bandung,Provinsi Jawa Barat,620011,,,,,,,,,,,,,,,,,,,,,,,,,,,,17.28,0.77,,4.35,,82.91,,,-6.926057921061269,107.60382508821964
2011,12,PT Bank Perekonomian Rakyat Syariah Baiturridha Pusaka,Kota Bandung,Provinsi Jawa Barat,620011,,,,,,,,,,,,,,,,,,,,,,,,,,,,17.28,0.77,,4.35,,82.91,,,-6.5950591985824625,106.79485467015364
2011,12,PT BPRS Mitra Amanah,Kota Palangkaraya,Provinsi Kalimantan Tengah,620170,,,,,,,,,,,,,,,,,,,,,,,,,,,,,,,,,,,,-2.20055455187618,113.91600497570754
2011,12,PT Bank Perekonomian Rakyat Syariah Hasanah Mandiri,Kota Depok,Provinsi Jawa Barat,620006,9710591.0,6680936.0,0.0,0.0,0.0,0.0,147000.0,0.0,,0.0,,0.0,3072.0,5257500.0,34087.0,,9443.0,0.0,3013496.0,64787.0,,,714844.0,1743213.0,670190.0,0.0,62293.0,17.93,16.21,,0.64,,82.38,965938.0,,-6.40152714268215,106.8199776998472
2011,12,PT Bank Perekonomian Rakyat Syariah Baiturridha Pusaka,Kota Bogor,Provinsi Jawa Barat,620011,,,,,,,,,,,,,,,,,,,,,,,,,,,,17.28,0.77,,4.35,,82.91,,,-6.926057921061269,107.60382508821964
2011,12,PT Bank Perekonomian Rakyat Syariah Baiturridha Pusaka,Kota Bogor,Provinsi Jawa Barat,620011,,,,,,,,,,,,,,,,,,,,,,,,,,,,17.28,0.77,,4.35,,82.91,,,-6.5950591985824625,106.79485467015364
2011,12,PT Bank Perekonomian Rakyat Syariah Lampung Timur (Perseroda),Kab. Lampung Timur,Provinsi Lampung,620140,14912011.0,2602172.0,0.0,8054812.0,1800.0,0.0,0.0,780603.0,,0.0,,1318211.0,2168.0,545350.0,133103.0,,32341.0,0.0,8865487.0,0.0,,,1218829.0,2244040.0,960494.0,0.0,254851.0,54.53,5.06,,3.1,,4.36,3336168.0,,,
2011,12,PT Bank Perekonomian Rakyat Syariah Al Falah,Kab. Banyuasin,Provinsi Sumatera Selatan,620040,,,,,,,,,,,,,,,,,,,,,,,,,,,,,,,,,,,,,
2011,12,PT Bank Perekonomian Rakyat Syariah Khairan Inti Amanah,Kab. Parimo/Banggai,Provinsi Sulawesi Tengah,620188,,,,,,,,,,,,,,,,,,,,,,,,,,,,,,,,,,,,,
2011,12,PT Bank Perekonomian Rakyat Syariah Albarokah,Kota Depok,Provinsi Jawa Barat,620053,4496687.0,2678051.0,0.0,0.0,104215.0,0.0,419000.0,0.0,,0.0,,3191.0,453793.0,2336957.0,16496.0,,27421.0,0.0,72968.0,0.0,,,785917.0,962282.0,662735.0,0.0,118935.0,0.0,3.98,,0.0,,0.0,567072.0,,-6.414286608555458,106.82408456386716
2011,12,PT BPRS Berkah Amal Salman,Kota Bogor,Provinsi Jawa Barat,620001,,,,,,,,,,,,,,,,,,,,,,,,,,,,,,,,,,,,-6.918139601318028,107.60647461822626
2011,12,PT BPRS Berkah Amal Salman,Kota Bogor,Provinsi Jawa Barat,620001,,,,,,,,,,,,,,,,,,,,,,,,,,,,,,,,,,,,-6.600064385549815,106.7999819599572
2011,12,PT Bank Perekonomian Rakyat Syariah Gowata,Kab. Gowa,Provinsi Sulawesi Selatan,620065,,,,,,,,,,,,,,,,,,,,,,,,,,,,181.0,16.27,,33.46,,0.0,,,-5.225938686460566,120.0079553182381
2011,12,PT Bank Perekonomian Rakyat Syariah Lantabur Tebuireng,Kab. Jombang,Provinsi Jawa Timur,620098,,,,,,,,,,,,,,,,,,,,,,,,,,,,11.0,4.45,,2.75,,86.0,,,-7.593963133811971,112.26493196168056
2011,12,PT Bank Perekonomian Rakyat Syariah Rahmania Dana Sejahtera,Kab. Aceh Jeumpa/Bireuen,Provinsi NAD,620148,1918173.0,1043699.0,0.0,0.0,0.0,0.0,0.0,0.0,,0.0,,179497.0,26930.0,787500.0,25327.0,,15682.0,0.0,519833.0,0.0,,,215844.0,274476.0,553577.0,0.0,-336005.0,31.0,13.66,,17.52,,75.49,594932.0,,,
2011,12,PT Bank Perekonomian Rakyat Syariah Unisia Insan Indonesia,Kota Yogyakarta,Provinsi D.I. Yogyakarta,620178,,,,,,,,,,,,,,,,,,,,,,,,,,,,,,,,,,,,-7.811119305839534,110.36108720090904
2011,12,PT Bank Pembiayaan Rakyat Syariah Jam Gadang Perseroda,Kota Bukittinggi,Provinsi Sumatera Barat,620185,,,,,,,,,,,,,,,,,,,,,,,,,,,,,,,,,,,,-0.2958866590933593,100.36052326690393
2011,12,PT Bank Perekonomian Rakyat Syariah Hijra Alami,Wil. Kota Jakarta Selatan,Provinsi DKI Jakarta,620138,7127754.0,4376923.0,0.0,564854.0,0.0,0.0,0.0,925000.0,,0.0,,480749.0,19410.0,3040622.0,30789.0,,15754.0,0.0,2043330.0,0.0,,,1139776.0,1614935.0,949512.0,0.0,192293.0,25.76,9.72,,32.36,,89.99,663637.0,,,
2011,12,PT Bank Perekonomian Rakyat Syariah Tunas Artha Jaya Abadi,Kab. Kediri,Provinsi Jawa Timur,620200,,,,,,,,,,,,,,,,,,,,,,,,,,,,,,,,,,,,-7.816904745358005,112.01148890547412
2011,12,PT BPRS Hidayah,Wil. Kota Jakarta Barat,Provinsi DKI Jakarta,620119,24766719.0,12259496.0,0.0,0.0,0.0,0.0,6246853.0,0.0,,0.0,,1444027.0,175665.0,1162873.0,258625.0,,8194.0,0.0,19133303.0,166667.0,,,2220517.0,4649064.0,1892005.0,0.0,328512.0,14.41,9.33,,1.33,,77.25,4328633.0,,,
2011,12,PT BPRS Barakah Nawaitul Ikhlas,Kota Solok,Provinsi Sumatera Barat,620123,4142880.0,2968808.0,0.0,255588.0,10750.0,0.0,0.0,0.0,,0.0,,4547.0,2618432.0,859700.0,24420.0,,12995.0,0.0,34618.0,0.0,,,694073.0,933565.0,642271.0,0.0,48884.0,20.16,3.55,,0.98,,0.0,476652.0,,-0.8090450252633046,100.6628003414127
2011,12,PT BPRS Bhakti Haji,Kab. Malang,Provinsi Jawa Timur,620048,2843002.0,1604295.0,0.0,244492.0,5029.0,0.0,0.0,35600.0,,0.0,,20320.0,1794095.0,341000.0,18221.0,,3707.0,0.0,23957.0,21445.0,,,465592.0,559518.0,384822.0,1865.0,63646.0,32.0,8.2,,2.2,,71.0,774160.0,,-7.991553338452736,112.64203778122696
2011,12,PT BPRS Bumi Rinjani Probolinggo,Kab. Probolinggo,Provinsi Jawa Timur,620105,10481359.0,4086107.0,0.0,0.0,0.0,0.0,0.0,3729413.0,,0.0,,267092.0,719628.0,2798000.0,78523.0,,12598.0,0.0,5380077.0,0.0,,,2366369.0,3760101.0,2405336.0,3246.0,103879.0,15.57,10.46,,0.99,,53.11,1280895.0,,,
2011,12,PT Bank Perekonomian Rakyat Syariah Madina Mandiri Sejahtera,Kab. Bantul,Provinsi D.I. Yogyakarta,620118,17243814.0,11499076.0,0.0,277228.0,77419.0,4872.0,533340.0,43625.0,,0.0,,341238.0,2941985.0,9513000.0,102248.0,,41016.0,0.0,3214028.0,0.0,,,1747908.0,3100675.0,1259283.0,6211.0,425118.0,8.0,3.73,,2.9,,80.95,4481146.0,,-6.160825160234478,106.80699763980014
2011,12,PT Bank Perekonomian Rakyat Syariah Balerong Bunta,Kab. Tanah Datar,Provinsi Sumatera Barat,620197,,,,,,,,,,,,,,,,,,,,,,,,,,,,,,,,,,,,0.8031965185093075,100.73793330633296
2011,12,PT Bank Perekonomian Rakyat Syariah Artha Pamenang,Kab. Kediri,Provinsi Jawa Timur,620147,,,,,,,,,,,,,,,,,,,,,,,,,,,,16.96,0.79,,4.64,,78.02,,,-7.81422235884534,112.0257736866079
2011,12,PT Bank Perekonomian Rakyat Syariah Mitra Amal Mulia,Kab. Sleman,Provinsi D.I. Yogyakarta,620117,18247145.0,12598007.0,0.0,209440.0,410617.0,332215.0,227777.0,235858.0,,0.0,,613815.0,1277068.0,11041469.0,214242.0,,21217.0,0.0,2371221.0,0.0,,,1710835.0,3046416.0,1298775.0,11362.0,321404.0,21.1,3.41,,1.76,,101.76,3291455.0,,,
2011,12,PT BPRS Haji Miskin,Kab. Tanah Datar,Provinsi Sumatera Barat,620099,20182008.0,12677180.0,0.0,609642.0,0.0,234991.0,994861.0,0.0,,0.0,,0.0,4097032.0,3843400.0,109905.0,,32558.0,0.0,5541166.0,3722222.0,,,2221659.0,3276380.0,1697386.0,0.0,467496.0,0.0,1.56,,0.0,,0.0,4964931.0,,0.7957568848810034,100.72783265816751
2011,12,PT Bank Perekonomian Rakyat Syariah Kabupaten Ngawi Perseroda,Kab. Ngawi,Provinsi Jawa Timur,620183,,,,,,,,,,,,,,,,,,,,,,,,,,,,,,,,,,,,-7.420451120596442,111.441830004461
2011,12,PT. BPRS Asri Madani Nusantara,Kab. Jember,Provinsi Jawa Timur,620033,,,,,,,,,,,,,,,,,,,,,,,,,,,,,,,,,,,,-8.154319698220284,113.71768742028424
2011,12,PT Bank Perekonomian Rakyat Syariah Al Hijrah Thayibah,Kab. Malang,Provinsi Jawa Timur,620198,,,,,,,,,,,,,,,,,,,,,,,,,,,,,,,,,,,,-7.974001944706607,112.6341027425821
2011,12,PT Bank Perekonomian Rakyat Syariah Danagung Syariah,Kab. Sleman,Provinsi D.I. Yogyakarta,620128,11105478.0,5684275.0,0.0,666612.0,197102.0,123333.0,654961.0,82034.0,,0.0,,731996.0,260081.0,6894000.0,125861.0,,11277.0,0.0,2061518.0,0.0,,,1282335.0,2178101.0,1245144.0,0.0,100325.0,13.61,3.63,,1.12,,67.97,2954163.0,,,
2011,12,PT Bank Perekonomian Rakyat Syariah Harta Insan Karimah Mitra Cahaya Indonesia,Kab. Sleman,Provinsi D.I. Yogyakarta,620133,,,,,,,,,,,,,,,,,,,,,,,,,,,,9.68,1.87,,5.14,,83.71,,,,
2011,12,PT BPRS Guguk Mas Makmur,Kab. Limapuluh Koto,Provinsi Sumatera Barat,620194,,,,,,,,,,,,,,,,,,,,,,,,,,,,,,,,,,,,,
2011,12,PT Bank Perekonomian Rakyat Syariah Daya Artha Mentari,Kab. Pasuruan,Provinsi Jawa Timur,620056,13141244.0,8217290.0,0.0,1185757.0,16854.0,0.0,471108.0,59500.0,,0.0,,1604076.0,3934903.0,1207400.0,285515.0,,3061.0,0.0,4639975.0,125000.0,,,1818653.0,2497021.0,1432846.0,9943.0,344249.0,13.57,7.06,,3.26,,90.53,1512426.0,,-7.654596803987085,112.9133678475593
2011,12,PT BPRS Al Hidayah,Kab. Pasuruan,Provinsi Jawa Timur,620072,,,,,,,,,,,,,,,,,,,,,,,,,,,,,,,,,,,,-7.64945314625638,112.90608207619024
2011,12,PT BANK PEREKONOMIAN RAKYAT SYARIAH AL MAKMUR,Kota Payakumbuh,Provinsi Sumatera Barat,620132,,,,,,,,,,,,,,,,,,,,,,,,,,,,9.68,0.4,,2.47,,72.75,,,-0.2305304689386322,100.63568358146692
2011,12,PT Bank Perekonomian Rakyat Syariah Bangun Drajat Warga,Kab. Bantul,Provinsi D.I. Yogyakarta,620018,24650616.0,8592825.0,0.0,103098.0,37229.0,121917.0,7576571.0,2105643.0,,0.0,,5327444.0,8932402.0,5344365.0,406734.0,,16920.0,0.0,1769659.0,0.0,,,2909761.0,3844506.0,1807748.0,24078.0,896681.0,18.0,11.52,,4.68,,96.69,5579446.0,,-6.162883175978525,106.8097490702202
2011,12,PT BPRS Mentari Pasaman Saiyo,Kab. Pasaman Barat,Provinsi Sumatera Barat,620059,,,,,,,,,,,,,,,,,,,,,,,,,,,,13.6,14.03,,3.1,,90.14,,,,
2011,12,PT Bank Perekonomian Rakyat Syariah Margirizki Bahagia,Kab. Bantul,Provinsi D.I. Yogyakarta,620017,,,,,,,,,,,,,,,,,,,,,,,,,,,,16.54,3.37,,2.76,,78.68,,,-6.173931205857998,106.82055050685378
2011,12,PT Bank Perekonomian Rakyat Syariah Mitra Harmoni Yogyakarta,Kota Yogyakarta,Provinsi D.I. Yogyakarta,620149,8006030.0,5321626.0,0.0,17033.0,0.0,0.0,0.0,0.0,,0.0,,1078624.0,3162.0,4875300.0,36352.0,,28504.0,0.0,1580593.0,0.0,,,635146.0,1052031.0,1341133.0,0.0,-709475.0,8.0,0.0,,-11.44,,77.67,1986995.0,,-7.803051873506947,110.36402782968446
2011,12,PT BPRS Taeh Baruah,Kab. Limapuluh Koto,Provinsi Sumatera Barat,620190,,,,,,,,,,,,,,,,,,,,,,,,,,,,,,,,,,,,,
2011,12,PT Bank Perekonomian Rakyat Syariah Rizky Barokah,Kota Tangerang Selatan,Provinsi Banten,620199,,,,,,,,,,,,,,,,,,,,,,,,,,,,,,,,,,,,-6.320385744555436,106.69864713138224
2011,12,PT BPRS Harta Insan Karimah,Kota Tangerang,Provinsi Banten,620012,231561493.0,135168776.0,0.0,95484.0,292814.0,0.0,1607000.0,74827935.0,,0.0,,87306.0,22502239.0,160456489.0,2280870.0,,862832.0,0.0,19560634.0,0.0,,,25073743.0,44790866.0,15252898.0,242991.0,7234420.0,13.34,3.24,,4.6,,114.13,14363820.0,,-6.168514895786671,106.6333010221693
2011,12,PT Bank Perekonomian Rakyat Syariah Formes Sleman,Kab. Sleman,Provinsi D.I. Yogyakarta,620136,,,,,,,,,,,,,,,,,,,,,,,,,,,,11.03,3.37,,1.59,,100.64,,,,
2011,12,PT Bank Perekonomian Rakyat Syariah Bumi Rinjani Kepanjen,Kab. Malang,Provinsi Jawa Timur,620106,16335593.0,11877753.0,0.0,331072.0,0.0,0.0,0.0,2402698.0,,0.0,,0.0,3081229.0,6203600.0,444899.0,,40687.0,0.0,4748552.0,0.0,,,3473643.0,5207299.0,2214287.0,31533.0,1056801.0,13.71,4.41,,8.33,,96.74,1390539.0,,-7.986689742538544,112.63775505887186
2011,12,PT Bank Perekonomian Rakyat Syariah Sarana Prima Mandiri,Kab. Pamekasan,Provinsi Jawa Timur,620127,17070040.0,8711064.0,0.0,0.0,751277.0,988139.0,0.0,2502000.0,,0.0,,3514036.0,142411.0,9552785.0,175227.0,,84225.0,0.0,2073335.0,108427.0,,,2128476.0,2758002.0,2120138.0,0.0,63299.0,12.62,4.62,,0.19,,77.26,3180538.0,,,
2011,12,PT Bank Perekonomian Rakyat Syariah Cahaya Hidup,Kab. Sleman,Provinsi D.I. Yogyakarta,620163,,,,,,,,,,,,,,,,,,,,,,,,,,,,,,,,,,,,,
2011,12,PT Bank Perekonomian Rakyat Syariah Khatulistiwa,Kab. Pasaman,Provinsi Sumatera Barat,620201,,,,,,,,,,,,,,,,,,,,,,,,,,,,,,,,,,,,,
2011,12,PT Bank Perekonomian Rakyat Syariah Bhakti Sumekar Perseroda,Kab. Sumenep,Provinsi Jawa Timur,620085,,,,,,,,,,,,,,,,,,,,,,,,,,,,50.8,5.72,,76.03,,94.97,,,,
2011,12,PT. BPRS Jabal Tsur,Kab. Pasuruan,Provinsi Jawa Timur,620103,,,,,,,,,,,,,,,,,,,,,,,,,,,,,,,,,,,,-7.642622137527749,112.90214649056595
2011,12,PT BANK PEREKONOMIAN RAKYAT SYARIAH MASYARAKAT LINTAU BUO,Kab. Agam,Provinsi Sumatera Barat,620196,,,,,,,,,,,,,,,,,,,,,,,,,,,,,,,,,,,,,
2011,12,PT Bank Perekonomian Rakyat Syariah Almabrur Babadan,Kab. Ponorogo,Provinsi Jawa Timur,620073,11904647.0,8735951.0,0.0,0.0,0.0,0.0,0.0,0.0,,0.0,,879.0,5508422.0,2972720.0,130434.0,,4043.0,0.0,119999.0,0.0,,,1634211.0,2241415.0,1054001.0,15564.0,529168.0,35.33,3.06,,5.23,,75.86,2158538.0,,,
2011,12,PT Bank Perekonomian Rakyat Syariah Mitra Mentari Sejahtera,Kab. Ponorogo,Provinsi Jawa Timur,620180,,,,,,,,,,,,,,,,,,,,,,,,,,,,,,,,,,,,,
2011,12,PT BPRS Sungai PuaSyariah,Kab. Agam,Provinsi Sumatera Barat,620186,,,,,,,,,,,,,,,,,,,,,,,,,,,,,,,,,,,,,
2011,12,PT. BPRS Ummu,Kab. Pasuruan,Provinsi Jawa Timur,620074,6946675.0,5126486.0,0.0,0.0,0.0,4792.0,101578.0,0.0,,0.0,,2928587.0,0.0,39000.0,110074.0,,2317.0,0.0,1774612.0,1319444.0,,,1313887.0,1534182.0,1505001.0,0.0,-18694.0,16.0,11.67,,0.0,,77.26,875161.0,,-7.65021334152576,112.89863930816225
2011,12,PT BANK PEREKONOMIAN RAKYAT SYARIAH SIAK JAYA,Kab. Siak,Provinsi Riau,620189,,,,,,,,,,,,,,,,,,,,,,,,,,,,,,,,,,,,0.6271089398798741,101.56683647826335
2011,12,PT Bank Perekonomian Rakyat Syariah Musyarakah Ummat Indonesia,Kota Tangerang,Provinsi Banten,620007,2843903.0,1553855.0,0.0,0.0,119919.0,0.0,0.0,0.0,,0.0,,122349.0,445878.0,77600.0,136575.0,,5215.0,0.0,667526.0,0.0,,,431079.0,483054.0,389896.0,0.0,50741.0,86.0,53.2,,1.71,,72.52,1183751.0,,-6.17429154031784,106.64290706543798
2011,12,PT Bank Perekonomian Rakyat Syariah Berkah Dana Fadhlillah (Perseroda),Kab. Kampar,Provinsi Riau,620060,15118837.0,11619299.0,0.0,0.0,43132.0,0.0,157066.0,0.0,,0.0,,400856.0,10280887.0,1060550.0,249054.0,,39509.0,0.0,647417.0,0.0,,,2354430.0,3076881.0,1976893.0,0.0,322674.0,20.0,9.63,,2.5,,80.0,3026283.0,,0.8689938830957369,101.2803342082979
2011,12,PT BPRS Magetan (Perseroda),Kab. Magetan,Provinsi Jawa Timur,620165,,,,,,,,,,,,,,,,,,,,,,,,,,,,,,,,,,,,,
2011,12,PT BPRS Gajahtongga KotoPiliang,Kota Sawahlunto,Provinsi Sumatera Barat,620162,,,,,,,,,,,,,,,,,,,,,,,,,,,,,,,,,,,,-0.6873833320816837,100.76958758372275
2011,12,PT Bank Perekonomian Rakyat Syariah Sampang Perseroda,Kab. Sampang,Provinsi Jawa Timur,620166,,,,,,,,,,,,,,,,,,,,,,,,,,,,,,,,,,,,-7.177646641310815,113.22928610732424
2011,12,PT BPRS Bina Finansia,Kota Semarang,Provinsi Jawa Tengah,620102,,,,,,,,,,,,,,,,,,,,,,,,,,,,,,,,,,,,-6.984027795058197,110.415867283899
2011,12,PT Bank Perekonomian Rakyat Syariah Rahma Syariah,Kab. Kediri,Provinsi Jawa Timur,620150,5385372.0,3459471.0,0.0,0.0,0.0,0.0,785150.0,50000.0,,0.0,,826198.0,0.0,2669874.0,25172.0,,142913.0,0.0,3806.0,0.0,,,695410.0,984000.0,732177.0,0.0,-37859.0,42.03,22.52,,-0.71,,81.98,678494.0,,-7.821654764489613,112.02781200727956
2011,12,PT Bank Perekonomian Rakyat Syariah Unawi Barokah,Kab. Sidoarjo,Provinsi Jawa Timur,620155,1974256.0,1207197.0,0.0,0.0,0.0,0.0,0.0,0.0,,0.0,,6524.0,660201.0,125911.0,8741.0,,5927.0,0.0,403695.0,0.0,,,127373.0,158110.0,355305.0,0.0,-228002.0,55.25,0.61,,-11.55,,152.3,458363.0,,,
2011,12,PT Bank Perekonomian Rakyat Syariah Maslahat Dana Syariah Nusantara,Kota Bengkulu,Provinsi Bengkulu,620181,,,,,,,,,,,,,,,,,,,,,,,,,,,,,,,,,,,,-3.791547736340278,102.2560829253008
2011,12,PT Bank Perekonomian Rakyat Syariah Sukowati Sragen (Perseroda),Kab. Sragen,Provinsi Jawa Tengah,620124,39051433.0,21445942.0,0.0,3725495.0,1115400.0,0.0,2082500.0,465125.0,,0.0,,6631037.0,1503248.0,7795350.0,194294.0,,711255.0,0.0,15721059.0,1666666.0,,,4386147.0,7416127.0,3114477.0,0.0,1081900.0,19.04,4.13,,3.59,,91.76,9040007.0,,,
2011,12,PT. BPRS Mitra Harmoni Kota Semarang,Kota Semarang,Provinsi Jawa Tengah,620151,6235628.0,3855684.0,0.0,27036.0,0.0,0.0,0.0,0.0,,0.0,,1523176.0,1199.0,2028500.0,28551.0,,11533.0,0.0,1829170.0,0.0,,,651715.0,854979.0,1298624.0,0.0,-659356.0,20.72,0.0,,-18.57,,62.66,1849878.0,,-6.989034701457653,110.42390375172975
2011,12,PT Bank Perekonomian Rakyat Syariah Dharma Kuwera,Kab. Klaten,Provinsi Jawa Tengah,620159,6002735.0,2772663.0,0.0,24951.0,0.0,26400.0,1672111.0,0.0,,0.0,,1983311.0,97091.0,150500.0,27850.0,,25092.0,0.0,3222091.0,0.0,,,372479.0,475138.0,686162.0,0.0,-335350.0,0.0,0.0,,0.0,,0.0,1199463.0,,,
2011,12,PT Bank Perekonomian Rakyat Syariah Kedung Arto,Kota Semarang,Provinsi Jawa Tengah,620191,,,,,,,,,,,,,,,,,,,,,,,,,,,,,,,,,,,,-6.984249050778415,110.4263886103255
2011,12,PT Bank Perekonomian Rakyat Syariah Tengku Chiek Dipante,Kab. Pidie,Provinsi NAD,620025,7864364.0,5142065.0,0.0,0.0,0.0,0.0,489382.0,0.0,,0.0,,15123.0,1269053.0,2811500.0,170218.0,,21393.0,0.0,2578600.0,100000.0,,,826830.0,1465210.0,875886.0,0.0,-87524.0,15.94,12.3,,-49.97,,98.0,1587041.0,,3.7476617007670936,96.82987163456816
2011,12,PT Bank Perekonomian Rakyat Syariah Almabrur Klaten,Kab. Klaten,Provinsi Jawa Tengah,620142,9660157.0,5528429.0,0.0,847409.0,0.0,103726.0,389444.0,220000.0,,0.0,,2268.0,2367221.0,4308800.0,65568.0,,12963.0,0.0,2077407.0,0.0,,,748530.0,1448087.0,682720.0,0.0,64530.0,13.0,5.14,,0.7,,73.8,2301210.0,,,
2011,12,PT Bank Pembiayaan Rakyat Syariah Gayo Perseroda,Kab. Aceh Tengah,Provinsi NAD,620120,,,,,,,,,,,,,,,,,,,,,,,,,,,,,,,,,,,,,
2011,12,PT BPRS Kota Juang Perseroda,Kab. Aceh Jeumpa/Bireuen,Provinsi NAD,620144,,,,,,,,,,,,,,,,,,,,,,,,,,,,40.48,4.11,,-11.3,,184.11,,,,
2011,12,PT Bank Perekonomian Rakyat Syariah Dana Hidayatullah,Kota Yogyakarta,Provinsi D.I. Yogyakarta,620107,20131722.0,12099960.0,0.0,354681.0,394130.0,161792.0,905181.0,118324.0,,0.0,,1215106.0,4094935.0,10631669.0,96817.0,,26510.0,0.0,1554966.0,0.0,,,1740118.0,3075337.0,1412295.0,0.0,303309.0,15.35,5.28,,13.8,,82.35,4794309.0,,-7.805830145091572,110.3718318454461
2011,12,PT Bank Perekonomian Rakyat Syariah Rahmah Hijrah Agung,Kota Lhokseumawe,Provinsi NAD,620049,,,,,,,,,,,,,,,,,,,,,,,,,,,,,,,,,,,,5.1766961991986555,97.14916447763574
2011,12,PT Bank Perekonomian Rakyat Syariah Hikmah Khazanah,Kota Surakarta/Solo,Provinsi Jawa Tengah,620171,,,,,,,,,,,,,,,,,,,,,,,,,,,,,,,,,,,,-7.578734267499703,110.8209373266183
2011,12,PT. BPRS Asad Alif,Kab. Kendal,Provinsi Jawa Tengah,620070,7586150.0,4385368.0,0.0,0.0,0.0,0.0,0.0,749270.0,,0.0,,228316.0,3321818.0,1070300.0,39604.0,,0.0,0.0,1666855.0,0.0,,,1038947.0,1363891.0,880357.0,4913.0,97642.0,210.0,7.51,,120.0,,90.0,1966771.0,,,
2011,12,PT. BPRS Al-Yaqin,Kab. Simalungun,Provinsi Sumatera Utara,620092,4739513.0,2955106.0,0.0,0.0,0.0,0.0,0.0,102209.0,,0.0,,401151.0,772707.0,579500.0,27375.0,,4174.0,0.0,1132012.0,873100.0,,,831079.0,1070747.0,547230.0,0.0,250039.0,37.45,3.0,,5.99,,107.08,1517245.0,,,
2011,12,PT Bank Perekonomian Rakyat Syariah Arsa Sejahtera,Kota Batu,Provinsi Jawa Timur,620079,12026835.0,6835970.0,0.0,0.0,0.0,0.0,484000.0,2680500.0,,0.0,,0.0,1033275.0,5832200.0,94180.0,,15053.0,0.0,3621631.0,0.0,,,1254960.0,2408512.0,938839.0,7437.0,324676.0,14.49,2.71,,3.07,,19.75,1145670.0,,-7.8807671610865775,112.532451265561
2011,12,PT Bank Perekonomian Rakyat Syariah Al Washliyah,Kota Medan,Provinsi Sumatera Utara,620036,13694555.0,5544132.0,0.0,879526.0,20000.0,0.0,56830.0,0.0,,0.0,,138750.0,3015419.0,4766450.0,112415.0,,276888.0,0.0,2919056.0,0.0,,,1462151.0,2091937.0,1099951.0,0.0,316944.0,74.33,7.24,,5.5,,82.05,6696352.0,,3.5953913881617754,98.67901076224275
2011,12,PT Bank Perekonomian Rakyat Syariah Annisa Mukti,Kab. Sidoarjo,Provinsi Jawa Timur,620135,5163457.0,4029157.0,0.0,0.0,0.0,0.0,0.0,75000.0,,0.0,,0.0,475580.0,2017500.0,32251.0,,9227.0,0.0,2100943.0,0.0,,,831263.0,1077918.0,698232.0,0.0,138144.0,13.13,0.29,,3.84,,80.39,867671.0,,,
2011,12,PT Bank Perekonomian Rakyat Syariah Situbondo,Kab. Situbondo,Provinsi Jawa Timur,620081,8156325.0,4894958.0,0.0,92000.0,24657.0,0.0,0.0,60000.0,,0.0,,188282.0,1747523.0,89000.0,127919.0,,6516.0,0.0,131187.0,0.0,,,1489510.0,1517149.0,1134879.0,0.0,324577.0,422.15,5.63,,4.56,,66.34,2469110.0,,-7.702911353591342,113.9806037668517
2011,12,PT Bank Perekonomian Rakyat Syariah Artha Amanah Ummat,Kab. Semarang,Provinsi Jawa Tengah,620116,,,,,,,,,,,,,,,,,,,,,,,,,,,,91.35,6.49,,27.9,,2.71,,,-7.138606830428244,110.40957996108703
2011,12,PT Bank Perekonomian Rakyat Syariah Ampek Angkek Candung,Kab. Agam,Provinsi Sumatera Barat,620071,39979526.0,33327398.0,0.0,0.0,76046.0,333.0,0.0,0.0,,0.0,,12084426.0,52654.0,10626781.0,398076.0,,254290.0,0.0,2670552.0,10831500.0,,,4701849.0,6648847.0,3436601.0,31095.0,1019184.0,10.65,1.8,,3.43,,90.05,4930098.0,,,
2011,12,PT Bank Perekonomian Rakyat Syariah Gebu Prima,Kota Medan,Provinsi Sumatera Utara,620055,17392766.0,12094691.0,0.0,69442.0,0.0,0.0,0.0,0.0,,0.0,,26994.0,7262575.0,6917500.0,434517.0,,30700.0,0.0,60602.0,0.0,,,1720432.0,2747883.0,1618231.0,0.0,102201.0,27.0,20.24,,-2.2,,70.54,4497958.0,,3.580883089096215,98.66623055730342
2011,12,PT Bank Perekonomian Rakyat Syariah Insan Madani,Kab. Sukoharjo,Provinsi Jawa Tengah,620154,,,,,,,,,,,,,,,,,,,,,,,,,,,,,,,,,,,,-7.980423788495279,112.63614303338588
2011,12,PT Bank Perekonomian Rakyat Syariah Ingin Jaya,Kab. Aceh Besar,Provinsi NAD,620203,,,,,,,,,,,,,,,,,,,,,,,,,,,,,,,,,,,,,
2011,12,PT Bank Perekonomian Rakyat Syariah Hikmah Bahari,Kota Tegal,Provinsi Jawa Tengah,620174,,,,,,,,,,,,,,,,,,,,,,,,,,,,,,,,,,,,-6.861973262113324,109.13573876794256
2011,12,PT Bank Perekonomian Rakyat Syariah Tanmiya Artha,Kota Kediri,Provinsi Jawa Timur,620130,3065809.0,1696866.0,0.0,156129.0,1818.0,7749.0,76030.0,0.0,,0.0,,268211.0,900212.0,893500.0,41313.0,,2653.0,0.0,64319.0,0.0,,,584243.0,726144.0,536519.0,0.0,44313.0,41.0,8.25,,-0.64,,65.24,1007730.0,,-7.804361795474596,112.00698794188358
2011,12,PT Bank Perekonomian Rakyat Syariah Meru Nusantara Mandiri,Kab. Magelang,Provinsi Jawa Tengah,620143,4635513.0,2811858.0,0.0,241560.0,0.0,4792.0,130000.0,0.0,,0.0,,145671.0,1421869.0,2676950.0,26658.0,,5460.0,0.0,21240.0,0.0,,,475714.0,738680.0,655425.0,0.0,-178077.0,12.46,0.61,,-46.1,,75.13,1184797.0,,-7.483143805876312,110.21226325844997
2011,12,PT Bank Perekonomian Rakyat Syariah Baiturrahman,Kab. Aceh Besar,Provinsi NAD,620024,,,,,,,,,,,,,,,,,,,,,,,,,,,,27.0,21.34,,0.91,,59.63,,,,
2011,12,PT Bank Perekonomian Rakyat Syariah Dana Mulia,Kota Surakarta/Solo,Provinsi Jawa Tengah,620122,5610896.0,3030476.0,458536.0,309390.0,9333.0,105653.0,50000.0,100000.0,,19661.0,,647.0,1486582.0,2978107.0,75742.0,,7191.0,0.0,274031.0,321176.0,,,677073.0,1173605.0,709143.0,0.0,-76808.0,14.88,15.62,,-1.37,,86.67,1367664.0,,-7.5721076896369475,110.81636511954429
2011,12,PT Bank Perekonomian Rakyat Syariah Hikmah Wakilah,Kota Banda Aceh,Provinsi NAD,620046,17436278.0,8339331.0,0.0,0.0,0.0,0.0,2309000.0,0.0,,0.0,,90763.0,3994969.0,6245500.0,136765.0,,0.0,0.0,4637722.0,416667.0,,,2297407.0,3399354.0,1980384.0,0.0,355224.0,9.44,9.44,,2.04,,64.94,6114932.0,,5.543176806651055,95.31537211187955
2011,12,PT Bank Perekonomian Rakyat Syariah Buana Mitra Perwira,Kab. Purbalingga,Provinsi Jawa Tengah,620083,,,,,,,,,,,,,,,,,,,,,,,,,,,,12.93,3.18,,2.68,,84.83,,,-7.38620934652322,109.3482136658594
2011,12,PT Bank Perekonomian Rakyat Syariah Taman Indah Darussalam,Kota Banda Aceh,Provinsi NAD,620158,1337911.0,438496.0,0.0,14999.0,0.0,0.0,25000.0,0.0,,0.0,,542872.0,0.0,0.0,5171.0,,576.0,0.0,1138.0,0.0,,,74006.0,74006.0,280912.0,0.0,-206675.0,0.0,0.0,,0.0,,0.0,580633.0,,5.544809666796793,95.3231595660368
2011,12,PT Bank Perekonomian Rakyat Syariah Mitra Harmoni Kota Malang,Kota Malang,Provinsi Jawa Timur,620153,3478334.0,1972508.0,0.0,198073.0,0.0,0.0,0.0,0.0,,0.0,,370534.0,5191.0,1215000.0,13581.0,,26640.0,0.0,874687.0,0.0,,,314560.0,388219.0,1026616.0,0.0,-712596.0,41.0,0.0,,-20.49,,83.79,596370.0,,-7.984781410422721,112.62624122586716
2011,12,PT Bank Perekonomian Rakyat Syariah Bangun Arta,Kab. Cilacap,Provinsi Jawa Tengah,620195,,,,,,,,,,,,,,,,,,,,,,,,,,,,,,,,,,,,-7.720557123602994,109.02471707185968
2011,12,PT Bank Perekonomian Rakyat Syariah Dana Amanah Surakarta,Kota Surakarta/Solo,Provinsi Jawa Tengah,620125,4267134.0,1153259.0,3500.0,936364.0,151000.0,6000.0,430000.0,157237.0,,0.0,,0.0,1053572.0,1928500.0,25928.0,,4621.0,0.0,328178.0,0.0,,,356953.0,565168.0,544308.0,0.0,-187865.0,30.0,8.28,,-4.4,,95.15,1066424.0,,-7.582281788876442,110.82735174142871
2011,12,PT Bank Perekonomian Rakyat Syariah Bumi Artha Sampang,Kab. Cilacap,Provinsi Jawa Tengah,620112,13986041.0,9214332.0,0.0,0.0,0.0,0.0,166000.0,475889.0,,0.0,,4437425.0,1240168.0,5089990.0,146629.0,,116536.0,0.0,353579.0,0.0,,,2224531.0,2786270.0,1700362.0,0.0,461816.0,0.0,5.3,,0.0,,0.0,3554957.0,,-7.709897309774618,109.02363619954758
2011,12,PT Bank Perekonomian Rakyat Syariah Mustaqim Aceh Perseroda,Kota Banda Aceh,Provinsi NAD,620187,,,,,,,,,,,,,,,,,,,,,,,,,,,,,,,,,,,,5.5514463466260295,95.31786202059116
2011,12,PT Bank Perekonomian Rakyat Syariah Arthaaceh Sejahtera,Kota Banda Aceh,Provinsi NAD,620192,,,,,,,,,,,,,,,,,,,,,,,,,,,,,,,,,,,,5.548455343437354,95.3146280603469
2011,12,PT Bank Perekonomian Rakyat Syariah Fadhilah Kota Bengkulu (Perseroda),Kota Bengkulu,Provinsi Bengkulu,620184,,,,,,,,,,,,,,,,,,,,,,,,,,,,,,,,,,,,-3.798786993847248,102.26066774117557
2011,12,PT BPRS Bumi Rinjani Malang,Kota Malang,Provinsi Jawa Timur,620078,7929674.0,3898662.0,0.0,0.0,0.0,0.0,177000.0,2145500.0,,0.0,,0.0,410362.0,4120000.0,199074.0,,8945.0,0.0,2219012.0,0.0,,,810367.0,1554958.0,856108.0,1576.0,-28645.0,21.62,8.4,,-3.22,,137.32,1265456.0,,-7.974100981138048,112.64136686861058
2011,12,PT. BPRS Hareukat,Kab. Aceh Besar,Provinsi NAD,620003,9920257.0,5640016.0,0.0,0.0,11420.0,0.0,1537400.0,0.0,,0.0,,106227.0,3279883.0,1403600.0,181878.0,,4486.0,0.0,3823170.0,150000.0,,,1551523.0,2165806.0,1390970.0,0.0,136740.0,17.0,9.3,,1.56,,73.66,2413621.0,,,
2011,12,PT. BPRS Safir,Kota Bengkulu,Provinsi Bengkulu,620090,,,,,,,,,,,,,,,,,,,,,,,,,,,,,,,,,,,,-3.8005555705877825,102.2529282154658
2011,12,PT. BPRS Ikhsanul Amal,Kab. Kebumen,Provinsi Jawa Tengah,620047,9996409.0,7382095.0,0.0,0.0,0.0,0.0,163611.0,511692.0,,0.0,,0.0,4406039.0,3040000.0,199073.0,,5513.0,0.0,548849.0,761968.0,,,2153102.0,2616446.0,1853670.0,6456.0,255132.0,15.4,8.63,,2.94,,86.5,1873752.0,,-7.7499614325424,109.74028135566994
2011,12,PT BPRS Artha Surya Barokah,Kota Semarang,Provinsi Jawa Tengah,620084,,,,,,,,,,,,,,,,,,,,,,,,,,,,,,,,,,,,-6.992447596736079,110.42988872705932
2011,12,PT Bank Perekonomian Rakyat Syariah Muamalat Harkat,Kab. Seluma,Provinsi Bengkulu,620052,,,,,,,,,,,,,,,,,,,,,,,,,,,,,,,,,,,,,
2011,12,PT Bank Perekonomian Rakyat Syariah Suriyah,Kab. Cilacap,Provinsi Jawa Tengah,620086,40292800.0,26231964.0,121252.0,1097146.0,43983.0,207042.0,1511111.0,2349964.0,,0.0,,9272950.0,595286.0,14963060.0,635256.0,,508692.0,0.0,11137664.0,0.0,,,4207537.0,6873449.0,3017600.0,0.0,974598.0,14.37,2.57,,5.79,,110.2,8609816.0,,-7.720360645096571,109.02261136336097
2011,12,PT Bank Perekonomian Rakyat Syariah Central Syariah Utama,Kota Surakarta/Solo,Provinsi Jawa Tengah,620137,7338197.0,3413761.0,0.0,91381.0,0.0,0.0,1303759.0,135544.0,,0.0,,442037.0,692527.0,2125770.0,44268.0,,37802.0,0.0,2786869.0,0.0,,,694014.0,1227528.0,760082.0,0.0,-69991.0,19.79,7.97,,-1.14,,136.78,877734.0,,-7.583455291786536,110.81861293442316
2012,12,PT Bank Perekonomian Rakyat Syariah Lampung Barat (Perseroda),Kab. Lampung Barat,Provinsi Lampung,620175,,,,,,,,,,,,,,,,,,,,,,,,,,,,,,,,,,,,,
2012,12,PT Bank Perekonomian Rakyat Syariah Buana Mitra Perwira,Kab. Purbalingga,Provinsi Jawa Tengah,620083,,,,,,,,,,,,,,,,,,,,,,,,,,,,12.5,3.8,,2.91,,74.37,,,-7.38620934652322,109.3482136658594
2012,12,PT Bank Perekonomian Rakyat Syariah Harta Insan Karimah Mitra Cahaya Indonesia,Kab. Sleman,Provinsi D.I. Yogyakarta,620133,9071296.0,3143880.0,0.0,190539.0,0.0,0.0,6597.0,2407000.0,,0.0,,674198.0,1014390.0,6262400.0,42880.0,,116727.0,0.0,461970.0,0.0,,,1037570.0,1697158.0,809489.0,0.0,238082.0,6.62,3.74,,3.29,,71.33,2289189.0,,,
2012,12,PT BPRS Haji Miskin,Kab. Tanah Datar,Provinsi Sumatera Barat,620099,26648051.0,19398975.0,0.0,659417.0,0.0,562592.0,1127710.0,0.0,,0.0,,0.0,5713709.0,4658000.0,247269.0,,87607.0,0.0,10467926.0,2290850.0,,,2967880.0,4808857.0,2312260.0,16765.0,572103.0,17.35,2.76,,0.22,,83.41,4267017.0,,0.7957568848810034,100.72783265816751
2012,12,PT Bank Perekonomian Rakyat Syariah Riyal Irsyadi,Kota Bekasi,Provinsi Jawa Barat,620005,33057033.0,26995156.0,0.0,0.0,0.0,3118.0,22500.0,0.0,,0.0,,4781284.0,11988.0,10288240.0,457151.0,,60088.0,0.0,14070308.0,0.0,,,4236953.0,7322641.0,2731327.0,0.0,1254385.0,19.18,2.43,,4.51,,85.53,5429354.0,,-6.225147459974553,106.99631349110932
2012,12,PT BPRS Guguk Mas Makmur,Kab. Limapuluh Koto,Provinsi Sumatera Barat,620194,,,,,,,,,,,,,,,,,,,,,,,,,,,,,,,,,,,,,
2012,12,PT Bank Perekonomian Rakyat Syariah Bandar Lampung (Perseroda),Kota Bandar Lampung,Provinsi Lampung,620051,,,,,,,,,,,,,,,,,,,,,,,,,,,,19.23,2.71,,2.49,,89.35,,,-5.451430777916592,105.26097314570632
2012,12,PT Bank Perekonomian Rakyat Syariah Alsalaam Amal Salman,Kota Depok,Provinsi Jawa Barat,620101,216688485.0,193308967.0,0.0,1023168.0,799293.0,0.0,986128.0,0.0,,0.0,,10615399.0,28078273.0,151247134.0,6681271.0,,891394.0,0.0,6683128.0,0.0,,,29896795.0,48019717.0,24875105.0,0.0,3634782.0,10.75,5.41,,2.36,,93.17,14733661.0,,-6.416217509745828,106.80751636393872
2012,12,PT BPRS Taeh Baruah,Kab. Limapuluh Koto,Provinsi Sumatera Barat,620190,,,,,,,,,,,,,,,,,,,,,,,,,,,,,,,,,,,,,
2012,12,PT Bank Perekonomian Rakyat Syariah Formes Sleman,Kab. Sleman,Provinsi D.I. Yogyakarta,620136,20971503.0,11326141.0,0.0,714900.0,22458.0,0.0,735665.0,62759.0,,0.0,,1447058.0,3747290.0,9851300.0,187479.0,,181746.0,0.0,4527801.0,0.0,,,1576897.0,3070710.0,1385253.0,0.0,166808.0,9.11,11.71,,1.02,,85.49,7737808.0,,,
2012,12,PT Bank Perekonomian Rakyat Syariah Albarokah,Kota Depok,Provinsi Jawa Barat,620053,8197623.0,4044647.0,0.0,0.0,237327.0,0.0,180000.0,0.0,,0.0,,3895.0,1180723.0,3877647.0,49244.0,,90624.0,0.0,26883.0,0.0,,,1291951.0,1912773.0,947505.0,0.0,323572.0,0.0,6.12,,0.0,,0.0,3168938.0,,-6.414286608555458,106.82408456386716
2012,12,PT Bank Perekonomian Rakyat Syariah Khatulistiwa,Kab. Pasaman,Provinsi Sumatera Barat,620201,,,,,,,,,,,,,,,,,,,,,,,,,,,,,,,,,,,,,
2012,12,PT Bank Perekonomian Rakyat Syariah Rajasa Lampung Tengah (Perseroda),Kab. Lampung Tengah,Provinsi Lampung,620129,10101130.0,3883486.0,0.0,0.0,42000.0,4622411.0,0.0,0.0,,0.0,,733090.0,176814.0,812000.0,254914.0,,57342.0,0.0,3613999.0,0.0,,,2342665.0,2497954.0,1926967.0,0.0,357208.0,79.0,18.34,,23.39,,169.0,1363933.0,,,
2012,12,PT Bank Perekonomian Rakyat Syariah Sleman (Perseroda),Kab. Sleman,Provinsi D.I. Yogyakarta,620193,,,,,,,,,,,,,,,,,,,,,,,,,,,,,,,,,,,,,
2012,12,PT BANK PEREKONOMIAN RAKYAT SYARIAH MASYARAKAT LINTAU BUO,Kab. Agam,Provinsi Sumatera Barat,620196,,,,,,,,,,,,,,,,,,,,,,,,,,,,,,,,,,,,,
2012,12,PT Bank Perekonomian Rakyat Syariah Alhijrah Amanah,Kota Depok,Provinsi Jawa Barat,620062,5020865.0,3069099.0,0.0,0.0,88340.0,0.0,96849.0,555807.0,,0.0,,839741.0,0.0,783630.0,98799.0,,73110.0,0.0,1496048.0,0.0,,,676835.0,890374.0,583338.0,0.0,30802.0,34.0,31.38,,0.61,,122.23,662903.0,,-6.4012211998367325,106.81183657113324
2012,12,PT BPRS Sungai PuaSyariah,Kab. Agam,Provinsi Sumatera Barat,620186,,,,,,,,,,,,,,,,,,,,,,,,,,,,,,,,,,,,,
2012,12,PT Bank Perekonomian Rakyat Syariah Tanggamus (Perseroda),Kab. Tanggamus,Provinsi Lampung,620082,22671858.0,15446591.0,0.0,0.0,0.0,0.0,0.0,41666.0,,0.0,,397727.0,8095691.0,341154.0,187981.0,,31521.0,0.0,5803781.0,0.0,,,2517174.0,3331308.0,2064657.0,0.0,381646.0,80.0,1.81,,2.15,,82.55,6486293.0,,-5.4369356106235,104.72189977284216
2012,12,PT Bank Perekonomian Rakyat Syariah Dana Hidayatullah,Kota Yogyakarta,Provinsi D.I. Yogyakarta,620107,30606339.0,13085470.0,0.0,506233.0,401281.0,28333.0,951558.0,43866.0,,0.0,,744474.0,8296087.0,17148769.0,248699.0,,11372.0,0.0,1455179.0,0.0,,,2205570.0,3951935.0,1633212.0,0.0,521208.0,13.85,7.9,,7.7,,87.57,13483798.0,,-7.805830145091572,110.3718318454461
2012,12,PT. BPRS Cilegon Mandiri,Kota Cilegon,Provinsi Banten,620080,65448597.0,18887006.0,17682310.0,867236.0,14000.0,97362.0,0.0,6090927.0,,0.0,,3242812.0,4163371.0,2155500.0,1621117.0,,100752.0,0.0,2582649.0,0.0,,,5282368.0,6116537.0,4978895.0,131746.0,5026642.0,112.0,10.81,,6.74,,456.39,13232123.0,,-6.0121840147933305,106.06249216016823
2012,12,PT Bank Perekonomian Rakyat Syariah Cahaya Hidup,Kab. Sleman,Provinsi D.I. Yogyakarta,620163,,,,,,,,,,,,,,,,,,,,,,,,,,,,35.84,17.42,,-17.76,,73.54,,,,
2012,12,PT. BPRS Rif'atul Ummah,Kab. Bogor,Provinsi Jawa Barat,620068,10598735.0,3514552.0,276009.0,0.0,890792.0,522363.0,0.0,11342.0,,0.0,,2199369.0,0.0,1617500.0,40860.0,,159698.0,0.0,4958634.0,36718.0,,,728932.0,1040074.0,706483.0,0.0,5515.0,0.0,30.29,,0.0,,0.0,3612177.0,,-6.544725297552011,107.0028264990046
2012,12,PT. BPRS Hareukat,Kab. Aceh Besar,Provinsi NAD,620003,10579411.0,6103160.0,0.0,0.0,7058.0,0.0,460350.0,0.0,,0.0,,99828.0,3448725.0,2063600.0,112618.0,,3644.0,0.0,3526457.0,120000.0,,,1432846.0,2032036.0,1275324.0,0.0,151954.0,20.0,9.95,,1.44,,63.62,3584566.0,,,
2012,12,PT BANK PEREKONOMIAN RAKYAT SYARIAH NIAGA MADANI,Kota Makassar,Provinsi Sulawesi Selatan,620039,59554555.0,42820797.0,0.0,0.0,7119.0,0.0,0.0,0.0,,0.0,,0.0,3214582.0,30152150.0,987171.0,,483758.0,0.0,21728524.0,0.0,,,11678617.0,17054146.0,10888576.0,20985.0,834951.0,0.0,15.09,,0.0,,0.0,12803695.0,,-5.127789499318414,119.412410921333
2012,12,PT Bank Perekonomian Rakyat Syariah Ampek Angkek Candung,Kab. Agam,Provinsi Sumatera Barat,620071,,,,,,,,,,,,,,,,,,,,,,,,,,,,11.18,2.37,,2.5,,90.45,,,,
2012,12,PT BPRS Berkah Amal Salman,Kota Bandung,Provinsi Jawa Barat,620001,,,,,,,,,,,,,,,,,,,,,,,,,,,,,,,,,,,,-6.918139601318028,107.60647461822626
2012,12,PT BPRS Berkah Amal Salman,Kota Bandung,Provinsi Jawa Barat,620001,,,,,,,,,,,,,,,,,,,,,,,,,,,,,,,,,,,,-6.600064385549815,106.7999819599572
2012,12,PT. BPRS Safir,Kota Bengkulu,Provinsi Bengkulu,620090,96431327.0,80596709.0,0.0,0.0,1439401.0,0.0,0.0,0.0,,0.0,,10303930.0,0.0,49858750.0,957691.0,,123223.0,0.0,27438855.0,0.0,,,10562573.0,20857203.0,6825104.0,91485.0,2819396.0,10.26,10.12,,4.28,,87.98,11046895.0,,-3.8005555705877825,102.2529282154658
2012,12,PT. BPRS Asri Madani Nusantara,Kab. Jember,Provinsi Jawa Timur,620033,,,,,,,,,,,,,,,,,,,,,,,,,,,,17.49,1.46,,3.13,,87.41,,,-8.154319698220284,113.71768742028424
2012,12,PT Bank Perekonomian Rakyat Syariah Kabupaten Ngawi Perseroda,Kab. Ngawi,Provinsi Jawa Timur,620183,,,,,,,,,,,,,,,,,,,,,,,,,,,,,,,,,,,,-7.420451120596442,111.441830004461
2012,12,PT BPRS Bina Finansia,Kota Semarang,Provinsi Jawa Tengah,620102,,,,,,,,,,,,,,,,,,,,,,,,,,,,17.23,12.91,,1.76,,84.25,,,-6.984027795058197,110.415867283899
2012,12,PT Bank Perekonomian Rakyat Syariah Fadhilah Kota Bengkulu (Perseroda),Kota Bengkulu,Provinsi Bengkulu,620184,,,,,,,,,,,,,,,,,,,,,,,,,,,,,,,,,,,,-3.798786993847248,102.26066774117557
2012,12,PT Bank Perekonomian Rakyat Syariah Dana Mulia,Kota Surakarta/Solo,Provinsi Jawa Tengah,620122,12454547.0,5690502.0,58534.0,1189480.0,0.0,37342.0,110000.0,2433975.0,,0.0,,182413.0,1791646.0,3126948.0,73926.0,,7304.0,0.0,4810464.0,1471140.0,,,1083243.0,1749226.0,934598.0,750.0,121470.0,13.03,6.34,,1.45,,91.68,2688079.0,,-7.5721076896369475,110.81636511954429
2012,12,PT. BPRS Gotong Royong,Kab. Subang,Provinsi Jawa Barat,620172,,,,,,,,,,,,,,,,,,,,,,,,,,,,,,,,,,,,-6.553534544317955,107.7543397767086
2012,12,PT. BPRS Gotong Royong,Kab. Subang,Provinsi Jawa Barat,620172,,,,,,,,,,,,,,,,,,,,,,,,,,,,,,,,,,,,-6.916774443100237,106.9293590384548
2012,12,PT Bank Perekonomian Rakyat Syariah Maslahat Dana Syariah Nusantara,Kota Bengkulu,Provinsi Bengkulu,620181,,,,,,,,,,,,,,,,,,,,,,,,,,,,,,,,,,,,-3.791547736340278,102.2560829253008
2012,12,PT Bank Perekonomian Rakyat Syariah Fajar Sejahtera Bali,Kab. Badung,Provinsi Bali,620026,10783278.0,10065494.0,0.0,0.0,0.0,0.0,0.0,0.0,,0.0,,6157555.0,0.0,4152500.0,1595316.0,,17528.0,0.0,0.0,10000.0,,,3314795.0,3933406.0,4171409.0,0.0,-859759.0,6.04,23.12,,-7.97,,4.78,2073634.0,,-8.645170567141806,115.27693679878858
2012,12,PT Bank Perekonomian Rakyat Syariah Dana Moneter,Kota Makassar,Provinsi Sulawesi Selatan,620030,20683834.0,18319744.0,0.0,0.0,31000.0,0.0,0.0,0.0,,0.0,,7984228.0,1625756.0,4332000.0,984240.0,,15950.0,0.0,34485.0,0.0,,,3727356.0,4239014.0,3693727.0,0.0,-38752.0,37.5,7.49,,0.21,,131.62,2536017.0,,-5.132293953516857,119.41407701618245
2012,12,PT. BPRS Mitra Harmoni Kota Semarang,Kota Semarang,Provinsi Jawa Tengah,620151,7108309.0,5553578.0,0.0,1769.0,0.0,0.0,0.0,0.0,,0.0,,723222.0,1121.0,2919700.0,38546.0,,12722.0,0.0,2861721.0,0.0,,,999017.0,1295028.0,1250904.0,0.0,-252227.0,11.83,1.53,,-3.55,,78.45,1236475.0,,-6.989034701457653,110.42390375172975
2012,12,PT BPRS Magetan (Perseroda),Kab. Magetan,Provinsi Jawa Timur,620165,,,,,,,,,,,,,,,,,,,,,,,,,,,,,,,,,,,,,
2012,12,PT Bank Perekonomian Rakyat Syariah Kedung Arto,Kota Semarang,Provinsi Jawa Tengah,620191,,,,,,,,,,,,,,,,,,,,,,,,,,,,,,,,,,,,-6.984249050778415,110.4263886103255
2012,12,PT Bank Perekonomian Rakyat Syariah Bhakti Sumekar Perseroda,Kab. Sumenep,Provinsi Jawa Timur,620085,,,,,,,,,,,,,,,,,,,,,,,,,,,,79.02,2.89,,6.22,,85.47,,,,
2012,12,PT Bank Perekonomian Rakyat Syariah Hikmah Bahari,Kota Tegal,Provinsi Jawa Tengah,620174,,,,,,,,,,,,,,,,,,,,,,,,,,,,,,,,,,,,-6.861973262113324,109.13573876794256
2012,12,PT Bank Perekonomian Rakyat Syariah Muamalat Harkat,Kab. Seluma,Provinsi Bengkulu,620052,26783362.0,21011752.0,0.0,0.0,0.0,666680.0,0.0,21666.0,,0.0,,42213.0,8650376.0,5610100.0,148634.0,,47824.0,0.0,9580139.0,0.0,,,4180760.0,6012073.0,3122026.0,26160.0,866963.0,12.32,7.67,,2.73,,16.66,3438779.0,,,
2012,12,PT Bank Perekonomian Rakyat Syariah PNM Mentari,Kab. Garut,Provinsi Jawa Barat,620008,32331933.0,17601806.0,0.0,5136710.0,1151264.0,0.0,846749.0,0.0,,0.0,,513394.0,3768086.0,11049850.0,457969.0,,24432.0,0.0,9260434.0,1969697.0,,,4617444.0,7029867.0,2674954.0,0.0,2018566.0,23.73,1.97,,7.23,,79.3,6916034.0,,-7.195611181584734,107.90948097277126
2012,12,PT Bank Perekonomian Rakyat Syariah Harum Hikmahnugraha,Kab. Garut,Provinsi Jawa Barat,620029,,,,,,,,,,,,,,,,,,,,,,,,,,,,,,,,,,,,-7.201021164642222,107.90284024114014
2012,12,PT Bank Perekonomian Rakyat Syariah Almabrur Babadan,Kab. Ponorogo,Provinsi Jawa Timur,620073,,,,,,,,,,,,,,,,,,,,,,,,,,,,47.43,2.7,,4.89,,81.68,,,,
2012,12,PT Bank Perekonomian Rakyat Syariah Tanmiya Artha,Kota Kediri,Provinsi Jawa Timur,620130,4001239.0,2023964.0,0.0,242508.0,0.0,0.0,154225.0,0.0,,0.0,,175588.0,1563799.0,1037500.0,24614.0,,27753.0,0.0,80509.0,0.0,,,668191.0,840280.0,461342.0,0.0,179176.0,41.0,4.74,,4.96,,94.0,1468574.0,,-7.804361795474596,112.00698794188358
2012,12,PT Bank Perekonomian Rakyat Syariah Barokah Dana Sejahtera,Kota Yogyakarta,Provinsi D.I. Yogyakarta,620115,,,,,,,,,,,,,,,,,,,,,,,,,,,,10.72,6.3,,1.67,,96.24,,,-7.808951498748443,110.36881342877136
2012,12,PT Bank Perekonomian Rakyat Syariah Sindanglaya Kotanopan,Kab. Mandailing Natal,Provinsi Sumatera Utara,620111,8342508.0,4542707.0,0.0,565548.0,0.0,0.0,0.0,733000.0,,0.0,,3229099.0,0.0,1109900.0,34395.0,,61400.0,0.0,1756892.0,0.0,,,1771015.0,1888042.0,880886.0,0.0,778617.0,44.0,0.0,,12.21,,90.61,2006578.0,,,
2012,12,PT Bank Perekonomian Rakyat Syariah Lampung Timur (Perseroda),Kab. Lampung Timur,Provinsi Lampung,620140,,,,,,,,,,,,,,,,,,,,,,,,,,,,79.0,4.34,,3.69,,83.15,,,,
2012,12,PT Bank Perekonomian Rakyat Syariah Vitka Central,Kota Batam,Provinsi Kep. Riau,620134,31314041.0,27151511.0,0.0,221509.0,12263.0,0.0,42044.0,0.0,,0.0,,473198.0,3288877.0,11328259.0,808303.0,,24349.0,0.0,14330871.0,0.0,,,2590202.0,5025678.0,2514239.0,0.0,43953.0,10.09,18.54,,0.15,,88.23,3898565.0,,1.0997027965875927,104.0345602824064
2012,12,PT Bank Perekonomian Rakyat Syariah Margirizki Bahagia,Kab. Bantul,Provinsi D.I. Yogyakarta,620017,34971173.0,17971448.0,0.0,783024.0,52277.0,0.0,830513.0,1369444.0,,0.0,,4647952.0,2148538.0,23236200.0,109587.0,,15218.0,0.0,1571402.0,0.0,,,2553534.0,4504634.0,1718928.0,0.0,747623.0,12.17,3.39,,2.85,,70.0,12617402.0,,-6.173931205857998,106.82055050685378
2012,12,PT Bank Perekonomian Rakyat Syariah Kotabumi (Perseroda),Kab. Lampung Selatan,Provinsi Lampung,620131,,,,,,,,,,,,,,,,,,,,,,,,,,,,27.46,0.78,,3.72,,73.95,,,,
2012,12,PT Bank Perekonomian Rakyat Syariah Bangun Drajat Warga,Kab. Bantul,Provinsi D.I. Yogyakarta,620018,31534085.0,10596513.0,0.0,459524.0,26429.0,93062.0,8384019.0,1612777.0,,0.0,,7510424.0,10707563.0,6802865.0,424436.0,,115201.0,0.0,1889414.0,0.0,,,3316286.0,4341808.0,2102478.0,30100.0,1018349.0,20.47,8.8,,4.21,,87.53,9402295.0,,-6.162883175978525,106.8097490702202
2012,12,PT Bank Pembiayaan Rakyat Syariah Jam Gadang Perseroda,Kota Bukittinggi,Provinsi Sumatera Barat,620185,,,,,,,,,,,,,,,,,,,,,,,,,,,,,,,,,,,,-0.2958866590933593,100.36052326690393
2012,12,PT Bank Perekonomian Rakyat Syariah Madina Mandiri Sejahtera,Kab. Bantul,Provinsi D.I. Yogyakarta,620118,,,,,,,,,,,,,,,,,,,,,,,,,,,,14.0,3.88,,2.44,,89.36,,,-6.160825160234478,106.80699763980014
2012,12,PT Bank Perekonomian Rakyat Syariah Harta Insan Karimah Cibitung,Kota Bekasi,Provinsi Jawa Barat,620020,,,,,,,,,,,,,,,,,,,,,,,,,,,,32.87,2.6,,7.21,,106.0,,,-6.225695831277773,106.98845203769474
2012,12,PT Bank Perekonomian Rakyat Syariah Harta Insan Karimah Bekasi,Kota Bekasi,Provinsi Jawa Barat,620015,103935761.0,58622715.0,0.0,141947.0,0.0,0.0,588967.0,24934001.0,,0.0,,5310621.0,213538.0,47796650.0,1881764.0,,0.0,0.0,38864209.0,0.0,,,8636865.0,18502187.0,5928885.0,51242.0,2032954.0,27.0,3.01,,2.6,,86.0,16493132.0,,-6.237084227639964,106.9866402479551
2012,12,PT BPRS Gajahtongga KotoPiliang,Kota Sawahlunto,Provinsi Sumatera Barat,620162,12844236.0,9980569.0,0.0,0.0,0.0,0.0,0.0,0.0,,0.0,,7994777.0,0.0,3021000.0,135675.0,,31480.0,0.0,170104.0,0.0,,,2386660.0,2717472.0,2096294.0,0.0,253417.0,14.04,3.23,,2.26,,90.6,2843934.0,,-0.6873833320816837,100.76958758372275
2012,12,PT Bank Perekonomian Rakyat Syariah Gebu Prima,Kota Medan,Provinsi Sumatera Utara,620055,,,,,,,,,,,,,,,,,,,,,,,,,,,,22.45,12.94,,-2.27,,61.78,,,3.580883089096215,98.66623055730342
2012,12,PT. BPRS Ummu,Kab. Pasuruan,Provinsi Jawa Timur,620074,8042542.0,5678030.0,0.0,0.0,0.0,0.0,421938.0,0.0,,0.0,,4292069.0,0.0,520200.0,317012.0,,3616.0,0.0,777987.0,1291667.0,,,1566336.0,1809122.0,1441087.0,0.0,274288.0,16.22,12.59,,-13.9,,77.37,1460854.0,,-7.65021334152576,112.89863930816225
2012,12,PT Bank Perekonomian Rakyat Syariah Artha Amanah Ummat,Kab. Semarang,Provinsi Jawa Tengah,620116,10791792.0,6108200.0,0.0,817166.0,0.0,0.0,58500.0,422777.0,,0.0,,73351.0,2822666.0,5629500.0,139299.0,,9396.0,0.0,1339779.0,0.0,,,1054766.0,1733518.0,708551.0,8212.0,280236.0,12.7,2.41,,3.54,,86.88,3339647.0,,-7.138606830428244,110.40957996108703
2012,12,PT Bank Perekonomian Rakyat Syariah Gala Mitra Abadi,Kab. Grobogan,Provinsi Jawa Tengah,620063,7473179.0,3770276.0,0.0,0.0,207400.0,0.0,94414.0,1444940.0,,0.0,,970913.0,0.0,5201110.0,421298.0,,35675.0,0.0,648030.0,0.0,,,544159.0,1531867.0,908234.0,0.0,-229835.0,0.0,57.31,,0.0,,0.0,1988903.0,,-7.088219305964116,110.9101564089674
2012,12,PT. BPRS Asad Alif,Kab. Kendal,Provinsi Jawa Tengah,620070,9615647.0,6313917.0,0.0,0.0,0.0,0.0,0.0,540987.0,,0.0,,50167.0,5321739.0,1778500.0,78987.0,,0.0,0.0,1049238.0,0.0,,,1202101.0,1668696.0,992202.0,11469.0,170272.0,14.0,10.26,,2.3,,98.0,2311587.0,,,
2012,12,PT Bank Perekonomian Rakyat Syariah Daarul Hayat,Kota Cimahi,Provinsi Jawa Barat,620035,8568516.0,4169100.0,0.0,156048.0,152454.0,0.0,0.0,763500.0,,0.0,,10463.0,609484.0,6191200.0,130343.0,,0.0,0.0,1081642.0,0.0,,,762181.0,1732772.0,1022828.0,0.0,-199706.0,15.0,3.49,,-5.42,,84.51,1451838.0,,-6.867341948596262,107.55153148405364
2012,12,PT BPRS SHADIQ AMANAH,Kota Cimahi,Provinsi Jawa Barat,620019,245068281.0,143411046.0,0.0,26015846.0,7583837.0,0.0,200000.0,0.0,,0.0,,14432684.0,0.0,213792162.0,2516561.0,,410417.0,0.0,772878.0,0.0,,,34357196.0,44434304.0,33954698.0,0.0,38568.0,11.0,4.55,,0.02,,72.65,53804300.0,,-6.863473787610629,107.53563110990164
2012,12,PT. BPRS Al-Yaqin,Kab. Simalungun,Provinsi Sumatera Utara,620092,,,,,,,,,,,,,,,,,,,,,,,,,,,,27.12,1.18,,4.33,,166.4,,,,
2012,12,PT Bank Perekonomian Rakyat Syariah Amanah Bangsa,Kab. Simalungun,Provinsi Sumatera Utara,620032,7793662.0,2796969.0,0.0,0.0,58302.0,0.0,3172556.0,28603.0,,0.0,,3315287.0,0.0,2953000.0,119998.0,,11419.0,0.0,615590.0,0.0,,,1414673.0,1824222.0,1200402.0,0.0,170541.0,88.9,5.87,,1.58,,116.0,1707498.0,,,
2012,12,PT Bank Perekonomian Rakyat Syariah Al Washliyah,Kota Medan,Provinsi Sumatera Utara,620036,14123127.0,4404615.0,0.0,848336.0,0.0,0.0,97138.0,0.0,,0.0,,133144.0,2897971.0,6438250.0,662267.0,,250571.0,0.0,2571403.0,0.0,,,1576436.0,2216399.0,2273219.0,0.0,-671727.0,59.0,8.14,,-4.76,,56.5,8664146.0,,3.5953913881617754,98.67901076224275
2012,12,PT Bank Perekonomian Rakyat Syariah Tani Tulang Bawang Barat (Perseroda),Kab. Tulang Bawang Barat,Provinsi Lampung,620176,,,,,,,,,,,,,,,,,,,,,,,,,,,,,,,,,,,,,
2012,12,PT BPRS Artha Surya Barokah,Kota Semarang,Provinsi Jawa Tengah,620084,,,,,,,,,,,,,,,,,,,,,,,,,,,,,,,,,,,,-6.992447596736079,110.42988872705932
2012,12,PT BPRS Mentari Pasaman Saiyo,Kab. Pasaman Barat,Provinsi Sumatera Barat,620059,6830345.0,5225822.0,0.0,0.0,28500.0,0.0,0.0,92611.0,,0.0,,0.0,4729021.0,915000.0,322860.0,,168456.0,0.0,582234.0,0.0,,,1250169.0,1622219.0,1689900.0,0.0,-376784.0,11.91,9.95,,-5.25,,93.81,1609224.0,,,
2012,12,PT Bank Perekonomian Rakyat Syariah Carana Kiat Andalas,Kab. Agam,Provinsi Sumatera Barat,620064,23052947.0,18155289.0,0.0,0.0,3135.0,0.0,0.0,0.0,,0.0,,8310008.0,0.0,7819455.0,435060.0,,238266.0,0.0,4784267.0,0.0,,,3266626.0,4411851.0,3398760.0,0.0,41225.0,12.16,10.6,,0.18,,79.66,3889692.0,,,
2012,12,PT BANK PEREKONOMIAN RAKYAT ARTHA MADANI,Kota Bekasi,Provinsi Jawa Barat,620088,41041366.0,27005584.0,0.0,0.0,73399.0,0.0,0.0,8270000.0,,0.0,,8316803.0,174500.0,18612800.0,198097.0,,178776.0,0.0,6818709.0,0.0,,,6110246.0,8344435.0,4217973.0,46238.0,1914934.0,18.0,1.72,,558.0,,108.73,3876327.0,,-6.235802486784483,106.99167237097036
2012,12,PT BPRS Hidayah,Wil. Kota Jakarta Barat,Provinsi DKI Jakarta,620119,24691946.0,11967448.0,0.0,0.0,0.0,0.0,5593846.0,0.0,,0.0,,1095250.0,227698.0,832699.0,903170.0,,19462.0,0.0,21110172.0,0.0,,,1221693.0,4638646.0,2478926.0,1100.0,-1270711.0,9.3,30.54,,-4.52,,71.42,6106473.0,,,
2012,12,PT Bank Perekonomian Rakyat Syariah Hasanah Mandiri,Kota Depok,Provinsi Jawa Barat,620006,10265939.0,8074755.0,0.0,0.0,0.0,0.0,81400.0,0.0,,0.0,,0.0,4088.0,4990000.0,32963.0,,6895.0,0.0,3753858.0,33536.0,,,819825.0,1824650.0,742263.0,0.0,77562.0,17.65,11.47,,0.76,,101.32,591030.0,,-6.40152714268215,106.8199776998472
2012,12,PT Bank Perekonomian Rakyat Syariah Mitra Harmoni Yogyakarta,Kota Yogyakarta,Provinsi D.I. Yogyakarta,620149,9424548.0,7961241.0,0.0,16101.0,0.0,0.0,27500.0,0.0,,0.0,,1249838.0,236468.0,5992500.0,43397.0,,33979.0,0.0,1106517.0,0.0,,,1198045.0,1814130.0,1331942.0,0.0,-134601.0,11.06,0.85,,-1.53,,91.11,1013763.0,,-7.803051873506947,110.36402782968446
2012,12,PT Bank Perekonomian Rakyat Syariah Unisia Insan Indonesia,Kota Yogyakarta,Provinsi D.I. Yogyakarta,620178,,,,,,,,,,,,,,,,,,,,,,,,,,,,,,,,,,,,-7.811119305839534,110.36108720090904
2012,12,PT Bank Perekonomian Rakyat Syariah Way Kanan (Perseroda),Kab. Lampung Selatan,Provinsi Lampung,620157,16405795.0,7903131.0,0.0,3136224.0,1263200.0,0.0,0.0,0.0,,0.0,,3950468.0,1490262.0,220500.0,191762.0,,116063.0,0.0,6918516.0,0.0,,,2599812.0,2886978.0,1253846.0,0.0,1220599.0,38.78,1.0,,11.85,,125.31,4108874.0,,,
2012,12,PT Bank Perekonomian Rakyat Syariah Danagung Syariah,Kab. Sleman,Provinsi D.I. Yogyakarta,620128,,,,,,,,,,,,,,,,,,,,,,,,,,,,13.0,4.58,,1.71,,65.58,,,,
2012,12,PT Bank Perekonomian Rakyat Syariah Mitra Amal Mulia,Kab. Sleman,Provinsi D.I. Yogyakarta,620117,22667322.0,13627229.0,0.0,887564.0,205075.0,433354.0,372217.0,220950.0,,0.0,,475830.0,1763799.0,14476321.0,277975.0,,30349.0,0.0,1734402.0,0.0,,,2087593.0,3665846.0,1543350.0,13156.0,421013.0,22.68,2.36,,1.86,,87.32,4515075.0,,,
2012,12,PT Bank Perekonomian Rakyat Syariah Balerong Bunta,Kab. Tanah Datar,Provinsi Sumatera Barat,620197,,,,,,,,,,,,,,,,,,,,,,,,,,,,,,,,,,,,0.8031965185093075,100.73793330633296
2012,12,PT Bank Perekonomian Rakyat Syariah Al Falah,Kab. Banyuasin,Provinsi Sumatera Selatan,620040,,,,,,,,,,,,,,,,,,,,,,,,,,,,,,,,,,,,,
2012,12,PT Bank Perekonomian Rakyat Syariah Hasanah,Kota Pekanbaru,Provinsi Riau,620041,6952188.0,4238937.0,0.0,50000.0,0.0,0.0,0.0,183610.0,,0.0,,124385.0,1788017.0,1695045.0,357005.0,,314466.0,0.0,1781798.0,0.0,,,952129.0,1193258.0,1100714.0,0.0,-130406.0,26.0,13.16,,-1.88,,67.49,2369964.0,,0.5249696427966165,101.44758104638636
2012,12,PT Bank Perekonomian Rakyat Syariah Musyarakah Ummat Indonesia,Kota Tangerang,Provinsi Banten,620007,4132516.0,2102397.0,0.0,0.0,129049.0,0.0,775000.0,0.0,,0.0,,116158.0,357276.0,1011600.0,1513.0,,32787.0,0.0,473942.0,0.0,,,590730.0,688258.0,456295.0,0.0,127918.0,70.14,37.62,,2.51,,85.0,959291.0,,-6.17429154031784,106.64290706543798
2012,12,PT Bank Perekonomian Rakyat Syariah Muamalah Cilegon,Kota Cilegon,Provinsi Banten,620034,14993522.0,9703875.0,0.0,64957.0,25300.0,0.0,141794.0,130145.0,,0.0,,7137264.0,0.0,2977450.0,394272.0,,43070.0,0.0,2264920.0,858053.0,,,1583469.0,2310229.0,1428724.0,0.0,76244.0,5.0,28.99,,0.51,,119.0,4421331.0,,-6.013534007648159,106.0585828108812
2012,12,PT BANK PEREKONOMIAN RAKYAT SYARIAH SIAK JAYA,Kab. Siak,Provinsi Riau,620189,,,,,,,,,,,,,,,,,,,,,,,,,,,,,,,,,,,,0.6271089398798741,101.56683647826335
2012,12,PT BPRS Harta Insan Karimah,Kota Tangerang,Provinsi Banten,620012,290876541.0,165867345.0,0.0,1235239.0,232571.0,0.0,1255000.0,99738936.0,,0.0,,130151.0,28024670.0,197022268.0,2540955.0,,1129750.0,0.0,27119258.0,0.0,,,28734245.0,52370785.0,17038971.0,289228.0,8595793.0,14.1,3.58,,4.4,,111.2,19359146.0,,-6.168514895786671,106.6333010221693
2012,12,PT Bank Perekonomian Rakyat Syariah Bangka Belitung,Kota Pangkal Pinang,Provinsi Kep. Bangka Belitung,620076,302627030.0,183247122.0,0.0,2183095.0,1235284.0,3446106.0,0.0,25017361.0,,0.0,,5705696.0,106304839.0,142535230.0,4018440.0,,997092.0,0.0,5551448.0,0.0,,,34900050.0,55132699.0,23389728.0,0.0,11552843.0,19.13,12.15,,4.35,,73.9,76057473.0,,-2.120239693370022,106.11713996558484
2012,12,PT Bank Perekonomian Rakyat Syariah Rizky Barokah,Kota Tangerang Selatan,Provinsi Banten,620199,,,,,,,,,,,,,,,,,,,,,,,,,,,,,,,,,,,,-6.320385744555436,106.69864713138224
2012,12,PT Bank Perekonomian Rakyat Syariah Berkah Dana Fadhlillah (Perseroda),Kab. Kampar,Provinsi Riau,620060,15992096.0,9613854.0,0.0,15750.0,334404.0,0.0,157067.0,0.0,,0.0,,810273.0,11406148.0,821100.0,854943.0,,16378.0,0.0,224374.0,0.0,,,2130026.0,2762491.0,2936840.0,0.0,-803156.0,20.0,31.35,,-5.2,,61.15,5964342.0,,0.8689938830957369,101.2803342082979
2012,12,PT BANK PEREKONOMIAN RAKYAT SYARIAH AL MAKMUR,Kota Payakumbuh,Provinsi Sumatera Barat,620132,40967461.0,25862360.0,0.0,0.0,0.0,0.0,0.0,2411175.0,,0.0,,10750517.0,1109461.0,20117357.0,257258.0,,160718.0,0.0,6143509.0,0.0,,,4622185.0,7203573.0,3903602.0,0.0,639240.0,9.67,0.45,,2.71,,74.62,11102088.0,,-0.2305304689386322,100.63568358146692
2012,12,PT Bank Perekonomian Rakyat Syariah Patriot Bekasi Perseroda,Kota Bekasi,Provinsi Jawa Barat,620108,28610813.0,13973279.0,0.0,4890530.0,346419.0,0.0,0.0,303900.0,,0.0,,3614091.0,1076065.0,10408900.0,5914792.0,,7024.0,0.0,3650645.0,0.0,,,2923112.0,3810420.0,7513617.0,0.0,-4651795.0,52.31,53.88,,-19.79,,0.0,10418934.0,,-6.2278728540382104,107.00170463692426
2012,12,PT BPRS Barakah Nawaitul Ikhlas,Kota Solok,Provinsi Sumatera Barat,620123,5757376.0,4082401.0,0.0,192925.0,4750.0,0.0,0.0,0.0,,0.0,,3469.0,2411778.0,952700.0,29231.0,,12865.0,0.0,35953.0,1691742.0,,,661974.0,978476.0,621660.0,0.0,36281.0,16.34,3.21,,0.7,,84.26,1140935.0,,-0.8090450252633046,100.6628003414127
2012,12,PT Bank Perekonomian Rakyat Syariah Aman Syariah,Kab. Lampung Timur,Provinsi Lampung,620173,,,,,,,,,,,,,,,,,,,,,,,,,,,,,,,,,,,,,
2012,12,PT Bank Perekonomian Rakyat Syariah Syarikat Madani,Kota Batam,Provinsi Kep. Riau,620121,57322580.0,43042814.0,0.0,3375448.0,3576170.0,0.0,0.0,85000.0,,0.0,,0.0,4921837.0,20369297.0,282517.0,,1038496.0,0.0,22391419.0,0.0,,,7790325.0,10721952.0,5657520.0,0.0,1734789.0,17.61,1.45,,3.62,,198.01,5013977.0,,1.1025924305431083,104.04282617621487
2012,12,PT Bank Perekonomian Rakyat Syariah Hijra Alami,Wil. Kota Jakarta Selatan,Provinsi DKI Jakarta,620138,10901661.0,6189152.0,0.0,722893.0,0.0,0.0,0.0,1746500.0,,0.0,,641934.0,89441.0,5959344.0,49891.0,,26378.0,0.0,2154908.0,0.0,,,1618264.0,2396552.0,1118475.0,0.0,501767.0,20.83,7.26,,5.43,,114.0,1971944.0,,,
2012,12,PT Bank Perekonomian Rakyat Syariah Indo Timur,Kota Makassar,Provinsi Sulawesi Selatan,620010,12376795.0,463687.0,0.0,0.0,0.0,0.0,33060.0,0.0,,0.0,,8238042.0,1464178.0,1225000.0,34301.0,,7122.0,0.0,0.0,0.0,,,667877.0,753521.0,360674.0,0.0,295703.0,44.59,4.17,,1.82,,4.55,11836460.0,,-5.143550328284089,119.4138433249748
2012,12,PT. BPRS Gotong Royong,Kota Sukabumi,Provinsi Jawa Barat,620172,,,,,,,,,,,,,,,,,,,,,,,,,,,,,,,,,,,,-6.553534544317955,107.7543397767086
2012,12,PT. BPRS Gotong Royong,Kota Sukabumi,Provinsi Jawa Barat,620172,,,,,,,,,,,,,,,,,,,,,,,,,,,,,,,,,,,,-6.916774443100237,106.9293590384548
2012,12,PT Bank Perekonomian Rakyat Syariah Insan Madani,Kab. Sukoharjo,Provinsi Jawa Tengah,620154,,,,,,,,,,,,,,,,,,,,,,,,,,,,20.93,7.72,,1.38,,77.75,,,-7.980423788495279,112.63614303338588
2012,12,PT BPRS Saka Dana Mulia,Kab. Kudus,Provinsi Jawa Tengah,620167,,,,,,,,,,,,,,,,,,,,,,,,,,,,,,,,,,,,-6.752673980908147,111.02119203015354
2012,12,PT Bank Perekonomian Rakyat Syariah Amanah Insan Cita,Kab. Deli Serdang,Provinsi Sumatera Utara,620145,6194304.0,4469830.0,0.0,0.0,0.0,115777.0,181000.0,0.0,,0.0,,773670.0,0.0,3491600.0,67523.0,,25102.0,0.0,176139.0,0.0,,,770651.0,1092974.0,753890.0,0.0,16761.0,39.04,0.81,,0.93,,79.75,1193977.0,,,
2012,12,PT Bank Perekonomian Rakyat Syariah Mitra Agro Usaha,Kota Bandar Lampung,Provinsi Lampung,620169,,,,,,,,,,,,,,,,,,,,,,,,,,,,,,,,,,,,-5.443193541153916,105.2697528392836
2012,12,PT Bank Perekonomian Rakyat Syariah Bina Amanah Satria,Kab. Banyumas,Provinsi Jawa Tengah,620087,,,,,,,,,,,,,,,,,,,,,,,,,,,,14.17,4.15,,3.12,,80.1,,,-7.448909227338186,109.32815980963753
2012,12,PT Bank Perekonomian Rakyat Syariah Puduarta Insani,Kab. Deli Serdang,Provinsi Sumatera Utara,620058,38100898.0,27422661.0,0.0,143194.0,50000.0,0.0,33000.0,0.0,,0.0,,6766488.0,0.0,11750785.0,265514.0,,90290.0,0.0,15908411.0,0.0,,,3474416.0,5829025.0,2728129.0,0.0,637533.0,18.19,0.55,,1.92,,84.0,9915191.0,,,
2012,12,PT Bank Perekonomian Rakyat Syariah Almadinah Tasikmalaya Perseroda,Kota Tasikmalaya,Provinsi Jawa Barat,620156,,,,,,,,,,,,,,,,,,,,,,,,,,,,37.51,0.11,,0.97,,89.72,,,-7.3283420052585,108.22977779026246
2012,12,PT BPRS Al Hidayah,Kab. Pasuruan,Provinsi Jawa Timur,620072,14051386.0,5497261.0,0.0,0.0,0.0,0.0,5998500.0,389700.0,,0.0,,0.0,3678310.0,2206000.0,179669.0,,39048.0,0.0,7130356.0,61200.0,,,2644446.0,3683850.0,2388032.0,0.0,278328.0,7.1,3.44,,3.21,,3.23,1443010.0,,-7.64945314625638,112.90608207619024
2012,12,PT Bank Perekonomian Rakyat Syariah Amanah Insani,Kab. Bekasi,Provinsi Jawa Barat,620066,,,,,,,,,,,,,,,,,,,,,,,,,,,,23.79,7.41,,2.4,,81.49,,,-6.204349585324721,107.17320288461552
2012,12,PT Bank Perekonomian Rakyat Syariah Alwadiah,Kota Tasikmalaya,Provinsi Jawa Barat,620037,16882167.0,12945743.0,0.0,0.0,0.0,0.0,23862.0,1402911.0,,0.0,,4905.0,3134285.0,9071669.0,267688.0,,247687.0,0.0,1158783.0,0.0,,,2739601.0,3458762.0,1480794.0,0.0,1257907.0,29.93,4.67,,7.45,,107.52,2310597.0,,-7.31950171379176,108.2182123272616
2012,12,PT. BPRS Artha Mas Abadi,Kab. Pati,Provinsi Jawa Tengah,620100,11449978.0,5030251.0,0.0,0.0,21000.0,0.0,111130.0,4376142.0,,0.0,,2922784.0,168941.0,4106200.0,264450.0,,7799.0,0.0,2714661.0,0.0,,,2304134.0,2828387.0,1762696.0,12831.0,436250.0,17.08,8.01,,5.28,,159.28,1794381.0,,-6.770220705556133,111.02002545693522
2012,12,PT Bank Perekonomian Rakyat Syariah Serambi Mekah,Kota Langsa,Provinsi NAD,620152,3064798.0,909947.0,0.0,2781.0,0.0,0.0,111500.0,0.0,,0.0,,1553760.0,0.0,62000.0,19295.0,,3858.0,0.0,1299275.0,0.0,,,284602.0,321216.0,632208.0,0.0,-286017.0,8.46,3.22,,-12.0,,51.92,1397988.0,,4.466232402810879,97.97539511921892
2012,12,PT Bank Perekonomian Rakyat Syariah Metro Madani,Kota Metro,Provinsi Lampung,620091,58236108.0,31917134.0,0.0,65654.0,2087323.0,0.0,2559876.0,94444.0,,0.0,,14318960.0,1266562.0,17545535.0,364312.0,,88978.0,0.0,17921623.0,1330167.0,,,7121823.0,11102329.0,4604560.0,0.0,2070083.0,14.33,1.47,,4.82,,65.55,19337390.0,,-5.109743260376518,105.31422432780674
2012,12,PT Bank Perekonomian Rakyat Syariah Arta Leksana,Kab. Banyumas,Provinsi Jawa Tengah,620110,,,,,,,,,,,,,,,,,,,,,,,,,,,,,,,,,,,,-7.440480384054677,109.32329819176095
2012,12,PT Bank Perekonomian Rakyat Syariah Adeco,Kota Langsa,Provinsi NAD,620141,7529948.0,3829052.0,0.0,0.0,0.0,0.0,261000.0,0.0,,0.0,,353689.0,844869.0,774500.0,95076.0,,4109.0,0.0,2276604.0,83333.0,,,905629.0,1282310.0,798572.0,0.0,102311.0,53.0,10.35,,1.36,,79.64,1982612.0,,4.464710385925349,97.9655777382901
2012,12,PT. BPRS Jabal Tsur,Kab. Pasuruan,Provinsi Jawa Timur,620103,,,,,,,,,,,,,,,,,,,,,,,,,,,,11.49,4.5,,42.07,,29.37,,,-7.642622137527749,112.90214649056595
2012,12,PT Bank Perekonomian Rakyat Syariah Bobato Lestari,Kota Tidore Kepulauan,Provinsi Maluku Utara,620179,,,,,,,,,,,,,,,,,,,,,,,,,,,,,,,,,,,,0.6690346107462076,127.44399032218512
2012,12,PT Bank Perekonomian Rakyat Syariah Rahmah Hijrah Agung,Kota Lhokseumawe,Provinsi NAD,620049,,,,,,,,,,,,,,,,,,,,,,,,,,,,0.0,8.44,,0.0,,0.0,,,5.1766961991986555,97.14916447763574
2012,12,PT Bank Perekonomian Rakyat Syariah Daya Artha Mentari,Kab. Pasuruan,Provinsi Jawa Timur,620056,16527664.0,9614788.0,0.0,1516289.0,9869.0,0.0,419911.0,92675.0,,0.0,,1386876.0,5459933.0,1275300.0,332169.0,,3949.0,0.0,6383793.0,0.0,,,2475902.0,3455108.0,1912934.0,14527.0,504731.0,13.82,8.91,,3.92,,84.02,3319890.0,,-7.654596803987085,112.9133678475593
2012,12,PT Bank Perekonomian Rakyat Syariah Gunung Slamet,Kab. Banyumas,Provinsi Jawa Tengah,620146,19986866.0,14945294.0,0.0,1090401.0,61600.0,0.0,521500.0,860000.0,,0.0,,2453726.0,16100.0,13920400.0,95061.0,,25163.0,0.0,1460899.0,0.0,,,1470401.0,3034326.0,1085247.0,0.0,354400.0,16.43,0.14,,2.29,,0.0,2361335.0,,-7.437522556194236,109.32557212705542
2012,12,PT Bank Perekonomian Rakyat Syariah Mitra Harmoni Kota Bandung,Kota Bogor,Provinsi Jawa Barat,620161,4683617.0,2777674.0,0.0,0.0,0.0,0.0,0.0,0.0,,0.0,,587418.0,2504.0,2784000.0,19689.0,,26904.0,0.0,551617.0,0.0,,,440200.0,617702.0,1143431.0,0.0,-703231.0,24.0,1.74,,-15.01,,60.05,1199443.0,,-6.930306124913997,107.60122007641682
2012,12,PT Bank Perekonomian Rakyat Syariah Mitra Harmoni Kota Bandung,Kota Bogor,Provinsi Jawa Barat,620161,4683617.0,2777674.0,0.0,0.0,0.0,0.0,0.0,0.0,,0.0,,587418.0,2504.0,2784000.0,19689.0,,26904.0,0.0,551617.0,0.0,,,440200.0,617702.0,1143431.0,0.0,-703231.0,24.0,1.74,,-15.01,,60.05,1199443.0,,-6.605274910968337,106.787676963878
2012,12,PT Bank Perekonomian Rakyat Syariah Harta Insan Karimah Jawa Tengah,Kab. Banyumas,Provinsi Jawa Tengah,620089,11616466.0,3528012.0,30053.0,253768.0,145209.0,44364.0,0.0,2409623.0,,0.0,,2187069.0,63347.0,3087000.0,59341.0,,15896.0,0.0,5037916.0,38717.0,,,1294125.0,2019912.0,1138099.0,0.0,141023.0,18.9,4.08,,14.58,,53.85,4626856.0,,-7.445092454041309,109.33485862481956
2012,12,PT Bank Perekonomian Rakyat Syariah Baiturridha Pusaka,Kota Bogor,Provinsi Jawa Barat,620011,38181391.0,286287.0,0.0,29905713.0,0.0,0.0,212625.0,0.0,,0.0,,6178719.0,897515.0,7802267.0,299557.0,,574737.0,0.0,17268171.0,0.0,,,5338568.0,7974137.0,3094424.0,0.0,2140359.0,16.83,1.07,,5.61,,96.02,7614077.0,,-6.926057921061269,107.60382508821964
2012,12,PT Bank Perekonomian Rakyat Syariah Baiturridha Pusaka,Kota Bogor,Provinsi Jawa Barat,620011,38181391.0,286287.0,0.0,29905713.0,0.0,0.0,212625.0,0.0,,0.0,,6178719.0,897515.0,7802267.0,299557.0,,574737.0,0.0,17268171.0,0.0,,,5338568.0,7974137.0,3094424.0,0.0,2140359.0,16.83,1.07,,5.61,,96.02,7614077.0,,-6.5950591985824625,106.79485467015364
2012,12,PT Bank Perekonomian Rakyat Syariah Barkah Gemadana,Kab. Banjar,Provinsi Kalimantan Selatan,620013,31862228.0,17168524.0,0.0,28667.0,9000.0,0.0,100000.0,988400.0,,0.0,,101789.0,14203684.0,11621300.0,245782.0,,286233.0,0.0,845269.0,0.0,,,2229976.0,3868989.0,1788917.0,33945.0,1158388.0,22.95,5.37,,5.07,,60.65,11498408.0,,-0.6588763736841944,101.48260796449918
2012,12,PT Bank Perekonomian Rakyat Syariah Bangun Arta,Kab. Cilacap,Provinsi Jawa Tengah,620195,,,,,,,,,,,,,,,,,,,,,,,,,,,,,,,,,,,,-7.720557123602994,109.02471707185968
2012,12,PT BPRS Bhakti Haji,Kab. Malang,Provinsi Jawa Timur,620048,3606189.0,1547857.0,0.0,167002.0,580.0,0.0,0.0,448500.0,,0.0,,22038.0,2554878.0,353000.0,16608.0,,6908.0,0.0,4154.0,0.0,,,558056.0,651103.0,433150.0,2960.0,101004.0,28.0,5.22,,2.8,,62.9,1296841.0,,-7.991553338452736,112.64203778122696
2012,12,PT Bank Perekonomian Rakyat Syariah Dharma Kuwera,Kab. Klaten,Provinsi Jawa Tengah,620159,,,,,,,,,,,,,,,,,,,,,,,,,,,,0.0,1.7,,0.0,,0.0,,,,
2012,12,PT Bank Perekonomian Rakyat Syariah Artha Pamenang,Kab. Kediri,Provinsi Jawa Timur,620147,,,,,,,,,,,,,,,,,,,,,,,,,,,,19.01,2.26,,7.25,,82.96,,,-7.81422235884534,112.0257736866079
2012,12,PT Bank Perekonomian Rakyat Syariah Tengku Chiek Dipante,Kab. Pidie,Provinsi NAD,620025,6792553.0,4651659.0,0.0,0.0,0.0,0.0,306952.0,0.0,,0.0,,15123.0,1611707.0,2548500.0,206770.0,,17569.0,0.0,1804859.0,50000.0,,,629275.0,1172840.0,946623.0,0.0,-323900.0,13.0,16.79,,-12.0,,106.14,1460720.0,,3.7476617007670936,96.82987163456816
2012,12,PT Bank Perekonomian Rakyat Syariah Taman Indah Darussalam,Kota Banda Aceh,Provinsi NAD,620158,,,,,,,,,,,,,,,,,,,,,,,,,,,,52.17,9.25,,-13.17,,101.23,,,5.544809666796793,95.3231595660368
2012,12,PT Bank Perekonomian Rakyat Syariah Al Hijrah Thayibah,Kab. Malang,Provinsi Jawa Timur,620198,,,,,,,,,,,,,,,,,,,,,,,,,,,,,,,,,,,,-7.974001944706607,112.6341027425821
2012,12,PT Bank Perekonomian Rakyat Syariah Hikmah Wakilah,Kota Banda Aceh,Provinsi NAD,620046,19076575.0,9841014.0,0.0,0.0,0.0,0.0,1803000.0,0.0,,0.0,,24873.0,5427577.0,8248500.0,170463.0,,0.0,0.0,2397680.0,200000.0,,,2662310.0,3490962.0,2162962.0,0.0,496511.0,24.0,7.34,,2.6,,80.78,6860904.0,,5.543176806651055,95.31537211187955
2012,12,PT Bank Perekonomian Rakyat Syariah Manfaatsyariah,Kab. Kutai Kartanegara,Provinsi Kalimantan Timur,620014,9277484.0,6040210.0,0.0,0.0,0.0,0.0,463027.0,0.0,,0.0,,6873580.0,0.0,332000.0,858757.0,,13512.0,0.0,38211.0,1289528.0,,,1489687.0,1928634.0,1853836.0,0.0,-385874.0,13.0,31.54,,-4.0,,111.0,2766822.0,,-0.4108304755501372,116.98709494185226
2012,12,PT Bank Perekonomian Rakyat Syariah Almabrur Klaten,Kab. Klaten,Provinsi Jawa Tengah,620142,13591692.0,7613661.0,0.0,1316567.0,0.0,57550.0,351389.0,963500.0,,0.0,,428.0,3866801.0,7000494.0,93629.0,,58021.0,0.0,1425192.0,0.0,,,1307177.0,2278847.0,916136.0,0.0,349258.0,12.0,6.09,,3.48,,76.52,3111185.0,,,
2012,12,PT. BPRS Ikhsanul Amal,Kab. Kebumen,Provinsi Jawa Tengah,620047,9966906.0,5350011.0,0.0,0.0,0.0,0.0,70833.0,682904.0,,0.0,,0.0,5147286.0,2018800.0,210650.0,,3461.0,0.0,918685.0,577911.0,,,1955757.0,2434810.0,1825578.0,4232.0,156019.0,19.16,13.25,,1.93,,68.06,3551068.0,,-7.7499614325424,109.74028135566994
2012,12,PT Bank Perekonomian Rakyat Syariah Bumi Rinjani Kepanjen,Kab. Malang,Provinsi Jawa Timur,620106,23589990.0,16333706.0,0.0,426631.0,0.0,0.0,0.0,1976500.0,,0.0,,0.0,4415686.0,10244450.0,264618.0,,74663.0,0.0,5709666.0,0.0,,,3944423.0,6034276.0,2578268.0,34715.0,1134001.0,14.89,2.93,,7.2,,84.25,3636031.0,,-7.986689742538544,112.63775505887186
2012,12,PT Bank Perekonomian Rakyat Syariah Rahma Syariah,Kab. Kediri,Provinsi Jawa Timur,620150,5212137.0,2686509.0,0.0,0.0,0.0,0.0,1310165.0,0.0,,0.0,,1698684.0,0.0,1991542.0,42084.0,,76939.0,0.0,40492.0,0.0,,,920935.0,1138028.0,1255946.0,0.0,-338100.0,39.62,9.96,,-6.68,,78.45,872855.0,,-7.821654764489613,112.02781200727956
2012,12,PT Bank Perekonomian Rakyat Syariah Gowata,Kab. Gowa,Provinsi Sulawesi Selatan,620065,,,,,,,,,,,,,,,,,,,,,,,,,,,,0.0,14.17,,0.0,,0.0,,,-5.225938686460566,120.0079553182381
2012,12,PT Bank Perekonomian Rakyat Syariah Meru Nusantara Mandiri,Kab. Magelang,Provinsi Jawa Tengah,620143,,,,,,,,,,,,,,,,,,,,,,,,,,,,,,,,,,,,-7.483143805876312,110.21226325844997
2012,12,PT Bank Perekonomian Rakyat Syariah Rahmania Dana Sejahtera,Kab. Aceh Jeumpa/Bireuen,Provinsi NAD,620148,3864899.0,2593268.0,0.0,0.0,0.0,0.0,0.0,0.0,,0.0,,158839.0,108227.0,1528500.0,4833.0,,32496.0,0.0,1231387.0,0.0,,,402914.0,519353.0,486819.0,0.0,-83282.0,29.0,4.89,,-2.15,,68.14,960961.0,,,
2012,12,PT Bank Perekonomian Rakyat Syariah Khairan Inti Amanah,Kab. Parimo/Banggai,Provinsi Sulawesi Tengah,620188,,,,,,,,,,,,,,,,,,,,,,,,,,,,,,,,,,,,,
2012,12,PT BPRS Kota Juang Perseroda,Kab. Aceh Jeumpa/Bireuen,Provinsi NAD,620144,2735172.0,2099083.0,0.0,0.0,0.0,0.0,0.0,0.0,,0.0,,0.0,1148618.0,162162.0,48664.0,,2318.0,0.0,866331.0,0.0,,,566964.0,792184.0,565839.0,0.0,-1587.0,30.64,8.47,,-0.05,,76.82,562748.0,,,
2012,12,PT Bank Perekonomian Rakyat Syariah Botani Bina Rahmah,Kab. Bogor,Provinsi Jawa Barat,620061,10539873.0,6571692.0,0.0,0.0,63977.0,75833.0,1265546.0,0.0,,0.0,,2069516.0,0.0,4537500.0,152819.0,,110413.0,0.0,1328726.0,82625.0,,,1422140.0,2100924.0,1146769.0,0.0,256255.0,24.79,4.8,,2.53,,112.13,2042436.0,,-6.546441998522415,106.99684935942706
2012,12,PT Bank Perekonomian Rakyat Syariah Mitra Harmoni Kota Bandung,Kota Bandung,Provinsi Jawa Barat,620161,4683617.0,2777674.0,0.0,0.0,0.0,0.0,0.0,0.0,,0.0,,587418.0,2504.0,2784000.0,19689.0,,26904.0,0.0,551617.0,0.0,,,440200.0,617702.0,1143431.0,0.0,-703231.0,24.0,1.74,,-15.01,,60.05,1199443.0,,-6.930306124913997,107.60122007641682
2012,12,PT Bank Perekonomian Rakyat Syariah Mitra Harmoni Kota Bandung,Kota Bandung,Provinsi Jawa Barat,620161,4683617.0,2777674.0,0.0,0.0,0.0,0.0,0.0,0.0,,0.0,,587418.0,2504.0,2784000.0,19689.0,,26904.0,0.0,551617.0,0.0,,,440200.0,617702.0,1143431.0,0.0,-703231.0,24.0,1.74,,-15.01,,60.05,1199443.0,,-6.605274910968337,106.787676963878
2012,12,PT Bank Pembiayaan Rakyat Syariah Gayo Perseroda,Kab. Aceh Tengah,Provinsi NAD,620120,11344264.0,9184633.0,0.0,0.0,0.0,0.0,0.0,0.0,,0.0,,1079.0,3929220.0,1173000.0,99890.0,,23457.0,0.0,81869.0,0.0,,,1620720.0,2058151.0,1502028.0,3020.0,103039.0,0.0,10.02,,0.0,,0.0,989124.0,,,
2012,12,PT BPRS Berkah Amal Salman,Kota Bogor,Provinsi Jawa Barat,620001,,,,,,,,,,,,,,,,,,,,,,,,,,,,,,,,,,,,-6.918139601318028,107.60647461822626
2012,12,PT BPRS Berkah Amal Salman,Kota Bogor,Provinsi Jawa Barat,620001,,,,,,,,,,,,,,,,,,,,,,,,,,,,,,,,,,,,-6.600064385549815,106.7999819599572
2012,12,PT Bank Perekonomian Rakyat Syariah Suriyah,Kab. Cilacap,Provinsi Jawa Tengah,620086,,,,,,,,,,,,,,,,,,,,,,,,,,,,13.28,2.86,,2.81,,112.8,,,-7.720360645096571,109.02261136336097
2012,12,PT Bank Perekonomian Rakyat Syariah Arthaaceh Sejahtera,Kota Banda Aceh,Provinsi NAD,620192,,,,,,,,,,,,,,,,,,,,,,,,,,,,,,,,,,,,5.548455343437354,95.3146280603469
2012,12,PT BPRS Mitra Amanah,Kota Palangkaraya,Provinsi Kalimantan Tengah,620170,,,,,,,,,,,,,,,,,,,,,,,,,,,,,,,,,,,,-2.20055455187618,113.91600497570754
2012,12,PT BPRS Bumi Rinjani Probolinggo,Kab. Probolinggo,Provinsi Jawa Timur,620105,,,,,,,,,,,,,,,,,,,,,,,,,,,,14.71,12.11,,0.41,,2.63,,,,
2012,12,PT Bank Perekonomian Rakyat Syariah Mandiri Mitra Sukses,Kab. Gresik,Provinsi Jawa Timur,620126,,,,,,,,,,,,,,,,,,,,,,,,,,,,21.45,2.46,,0.4,,84.68,,,-7.1749772829692935,112.65847748596217
2012,12,PT Bank Perekonomian Rakyat Syariah Sampang Perseroda,Kab. Sampang,Provinsi Jawa Timur,620166,,,,,,,,,,,,,,,,,,,,,,,,,,,,,,,,,,,,-7.177646641310815,113.22928610732424
2012,12,PT BPRS Bumi Rinjani,Kota Batu,Provinsi Jawa Timur,620109,9208917.0,5818936.0,0.0,0.0,0.0,0.0,0.0,2231240.0,,0.0,,0.0,1413875.0,5298200.0,142263.0,,17303.0,0.0,964075.0,0.0,,,1282280.0,2132118.0,897393.0,8850.0,305074.0,18.95,8.43,,4.09,,71.26,889754.0,,-7.86392956395291,112.52576707537388
2012,12,PT Bank Perekonomian Rakyat Syariah Tulen Amanah,Kab. Lombok Tengah,Provinsi Nusa Tenggara Barat,620009,8028524.0,6202010.0,0.0,0.0,0.0,0.0,0.0,0.0,,0.0,,0.0,2487364.0,1984500.0,63024.0,,70109.0,0.0,842775.0,0.0,,,1304529.0,1739000.0,593807.0,0.0,716491.0,35.0,6.2,,8.92,,119.91,1308604.0,,-8.70747522600701,116.25948057531416
2012,12,PT Bank Perekonomian Rakyat Syariah Baktimakmur Indah,Kab. Sidoarjo,Provinsi Jawa Timur,620022,,,,,,,,,,,,,,,,,,,,,,,,,,,,96.81,2.38,,3.98,,88.55,,,,
2012,12,PT. BANK PEREKONOMIAN RAKYAT SYARIAH PNM PATUH BERAMAL AMALI,Kota Mataram,Provinsi Nusa Tenggara Barat,620021,,,,,,,,,,,,,,,,,,,,,,,,,,,,30.96,2.9,,7.28,,74.31,,,-8.58389278031459,116.11057126739846
2012,12,PT Bank Perekonomian Rakyat Syariah Annisa Mukti,Kab. Sidoarjo,Provinsi Jawa Timur,620135,,,,,,,,,,,,,,,,,,,,,,,,,,,,0.0,0.07,,0.0,,0.0,,,,
2012,12,PT Bank Perekonomian Rakyat Syariah Arsa Sejahtera,Kota Batu,Provinsi Jawa Timur,620079,17698766.0,11369312.0,0.0,0.0,0.0,0.0,0.0,1855000.0,,0.0,,0.0,578137.0,7972400.0,107962.0,,20228.0,0.0,7474417.0,0.0,,,1567281.0,3122597.0,1038071.0,13257.0,453584.0,10.61,3.11,,34.88,,187.69,3129895.0,,-7.8807671610865775,112.532451265561
2012,12,PT Bank Perekonomian Rakyat Syariah Amanah Rabbaniah,Kab. Bandung,Provinsi Jawa Barat,620002,,,,,,,,,,,,,,,,,,,,,,,,,,,,13.17,9.94,,3.24,,82.58,,,-6.981512329239818,107.54983972422548
2012,12,PT Bank Perekonomian Rakyat Syariah Karya Mugi Sentosa,Kota Surabaya,Provinsi Jawa Timur,620113,22858151.0,7439998.0,0.0,122927.0,2913610.0,0.0,490911.0,661112.0,,0.0,,8682489.0,790456.0,4530450.0,169003.0,,68747.0,0.0,1371382.0,2500000.0,,,2011902.0,2347937.0,1494226.0,0.0,538195.0,31.43,4.49,,2.94,,83.04,8837354.0,,-7.248497572190274,112.74359015261464
2012,12,PT Bank Perekonomian Rakyat Syariah Madinah,Kab. Lamongan,Provinsi Jawa Timur,620139,4848858.0,3366204.0,0.0,0.0,0.0,0.0,0.0,662000.0,,0.0,,327161.0,1842983.0,1528000.0,66321.0,,30972.0,0.0,9117.0,0.0,,,1004738.0,1160783.0,721657.0,2836.0,274609.0,23.09,3.9,,6.6,,108.92,726279.0,,-7.123303358568694,112.40966669736945
2012,12,PT Bank Perekonomian Rakyat Syariah Situbondo,Kab. Situbondo,Provinsi Jawa Timur,620081,,,,,,,,,,,,,,,,,,,,,,,,,,,,514.13,5.62,,5.99,,72.42,,,-7.702911353591342,113.9806037668517
2012,12,PT Bank Perekonomian Rakyat Syariah Lantabur Tebuireng,Kab. Jombang,Provinsi Jawa Timur,620098,,,,,,,,,,,,,,,,,,,,,,,,,,,,11.0,4.13,,2.91,,85.82,,,-7.593963133811971,112.26493196168056
2012,12,PT Bank Perekonomian Rakyat Syariah Nurul Ikhwan,Kab. Polewali Mandar,Provinsi Sulawesi Barat,620045,924501.0,919699.0,0.0,0.0,24613.0,0.0,0.0,0.0,,0.0,,4356.0,317255.0,0.0,310852.0,,5583.0,0.0,266379.0,0.0,,,253603.0,271092.0,189677.0,0.0,55438.0,43.61,34.7,,4.24,,153.14,245799.0,,-3.4069455429190376,119.31879018370128
2012,12,PT Bank Perekonomian Rakyat Syariah Tunas Artha Jaya Abadi,Kab. Kediri,Provinsi Jawa Timur,620200,,,,,,,,,,,,,,,,,,,,,,,,,,,,,,,,,,,,-7.816904745358005,112.01148890547412
2012,12,PT Bank Perekonomian Rakyat Syariah Sarana Prima Mandiri,Kab. Pamekasan,Provinsi Jawa Timur,620127,18411505.0,10579121.0,0.0,0.0,694006.0,471003.0,0.0,897238.0,,0.0,,6108650.0,185632.0,8559550.0,149096.0,,470998.0,0.0,1544535.0,39947.0,,,1830918.0,2865265.0,1998055.0,0.0,-92628.0,12.55,4.93,,0.0,,70.77,5032637.0,,,
2012,12,PT Bank Perekonomian Rakyat Syariah Investama Mega Bakti,Kota Makassar,Provinsi Sulawesi Selatan,620077,,,,,,,,,,,,,,,,,,,,,,,,,,,,21.08,4.8,,3.48,,100.85,,,-5.131381407363007,119.4094893372462
2012,12,PT Bank Perekonomian Rakyat Syariah Sukowati Sragen (Perseroda),Kab. Sragen,Provinsi Jawa Tengah,620124,57905793.0,29258503.0,0.0,8253917.0,599000.0,0.0,4569445.0,0.0,,0.0,,6493815.0,3130661.0,20039500.0,280794.0,,1761417.0,0.0,16289943.0,3583333.0,,,6498887.0,11829877.0,4237465.0,0.0,1999826.0,14.53,4.32,,4.78,,96.33,13876459.0,,,
2012,12,PT Bank Perekonomian Rakyat Syariah Saruma Sejahtera Halmahera Selatan,Kab. Halmahera Selatan,Provinsi Maluku Utara,620182,,,,,,,,,,,,,,,,,,,,,,,,,,,,,,,,,,,,,
2012,12,PT. BANK PEREKONOMIAN RAKYAT SYARIAH DINAR ASHRI,Kota Mataram,Provinsi Nusa Tenggara Barat,620104,107954405.0,53294070.0,0.0,0.0,1987682.0,0.0,0.0,175000.0,,0.0,,0.0,58749704.0,9100621.0,497489.0,,740945.0,0.0,21526708.0,0.0,,,9847349.0,14683833.0,4990826.0,120000.0,3490981.0,29.0,2.79,,6.0,,63.3,48642449.0,,-8.593657692387334,116.10734653727864
2012,12,PT Bank Perekonomian Rakyat Syariah Gaido Indonesia,Kab. Cianjur,Provinsi Jawa Barat,620043,10375277.0,7051812.0,0.0,0.0,0.0,0.0,0.0,0.0,,0.0,,697165.0,0.0,1240500.0,71469.0,,38293.0,0.0,2168401.0,5060522.0,,,,,,,,,,,,,,3115906.0,,-6.563150818639635,106.73146469181188
2012,12,PT Bank Perekonomian Rakyat Syariah Mitra Mentari Sejahtera,Kab. Ponorogo,Provinsi Jawa Timur,620180,,,,,,,,,,,,,,,,,,,,,,,,,,,,,,,,,,,,,
2012,12,PT Bank Perekonomian Rakyat Syariah Ingin Jaya,Kab. Aceh Besar,Provinsi NAD,620203,,,,,,,,,,,,,,,,,,,,,,,,,,,,,,,,,,,,,
2012,12,PT Bank Perekonomian Rakyat Syariah Amanah Sejahtera,Kab. Gresik,Provinsi Jawa Timur,620050,54865829.0,29819924.0,0.0,0.0,338367.0,0.0,522083.0,4490667.0,,0.0,,10147133.0,23854432.0,13728400.0,1009967.0,,41476.0,0.0,761807.0,683000.0,,,7911360.0,10176427.0,6079973.0,0.0,1641199.0,12.19,13.33,,2.88,,123.1,13203810.0,,-7.171206060982263,112.65347308804564
2012,12,PT Bank Perekonomian Rakyat Syariah Mitra Harmoni Kota Malang,Kota Malang,Provinsi Jawa Timur,620153,4841702.0,3125566.0,0.0,385292.0,0.0,0.0,0.0,0.0,,0.0,,560529.0,62288.0,2428000.0,21574.0,,22855.0,0.0,1218131.0,0.0,,,681494.0,902966.0,1118533.0,0.0,-436383.0,19.0,0.07,,-9.01,,96.93,844207.0,,-7.984781410422721,112.62624122586716
2012,12,PT Bank Perekonomian Rakyat Syariah Amanah Ummah,Kab. Bogor,Provinsi Jawa Barat,620004,111681979.0,70953102.0,2659511.0,75616.0,4379393.0,1187279.0,40000.0,0.0,,0.0,,66016547.0,1912897.0,30827636.0,1171958.0,,78398.0,0.0,2683324.0,0.0,,,13677026.0,16617394.0,10515469.0,243750.0,2373859.0,14.17,1.09,,2.69,,72.63,31956007.0,,-6.547796294132246,107.00834446079764
2012,12,PT Bank Perekonomian Rakyat Syariah Mustaqim Aceh Perseroda,Kota Banda Aceh,Provinsi NAD,620187,,,,,,,,,,,,,,,,,,,,,,,,,,,,,,,,,,,,5.5514463466260295,95.31786202059116
2012,12,PT Bank Perekonomian Rakyat Syariah Surya Sejati,Kab. Takalar,Provinsi Sulawesi Selatan,620031,,,,,,,,,,,,,,,,,,,,,,,,,,,,54.88,21.35,,3.78,,77.36,,,-5.431354763307175,119.44652127180228
2012,12,PT Bank Perekonomian Rakyat Syariah Bumi Artha Sampang,Kab. Cilacap,Provinsi Jawa Tengah,620112,18739943.0,12523119.0,0.0,0.0,0.0,0.0,310000.0,688361.0,,0.0,,7045264.0,2354272.0,5527200.0,251071.0,,79914.0,0.0,949431.0,0.0,,,2801925.0,3409020.0,2326557.0,0.0,418401.0,23.24,7.8,,2.49,,90.59,4993041.0,,-7.709897309774618,109.02363619954758
2012,12,PT Bank Perekonomian Rakyat Syariah Bahari Berkesan,Kota Ternate,Provinsi Maluku Utara,620164,,,,,,,,,,,,,,,,,,,,,,,,,,,,0.0,0.0,,0.0,,0.0,,,0.7773589145132459,127.38615026515367
2012,12,PT Bank Perekonomian Rakyat Syariah Unawi Barokah,Kab. Sidoarjo,Provinsi Jawa Timur,620155,2374156.0,1423638.0,0.0,0.0,0.0,0.0,0.0,0.0,,0.0,,85144.0,770288.0,268075.0,11329.0,,7344.0,0.0,504122.0,0.0,,,370039.0,458017.0,402804.0,0.0,-32815.0,45.93,0.87,,-1.38,,126.71,720621.0,,,
2012,12,PT Bank Perekonomian Rakyat Syariah Baiturrahman,Kab. Aceh Besar,Provinsi NAD,620024,16658795.0,6842783.0,0.0,0.0,0.0,0.0,42000.0,0.0,,0.0,,0.0,8671338.0,1613000.0,277202.0,,0.0,0.0,5517351.0,200000.0,,,1253476.0,1764868.0,2617101.0,0.0,-1365515.0,9.52,15.39,,-8.08,,60.66,9620817.0,,,
2012,12,PT Bank Perekonomian Rakyat Syariah Harta Insan Karimah Parahyangan,Kab. Bandung,Provinsi Jawa Barat,620054,250114851.0,220843734.0,0.0,100628.0,319794.0,0.0,565000.0,250000.0,,0.0,,11768339.0,2422.0,41210500.0,3078456.0,,1541189.0,0.0,170062598.0,0.0,,,38494483.0,65414679.0,30148655.0,201000.0,6029306.0,13.1,2.27,,3.4,,101.3,21976395.0,,-6.965455511896712,107.55659356508802
2012,12,PT Bank Perekonomian Rakyat Syariah Harta Insan Karimah Fajar Nitro,Kota Makassar,Provinsi Sulawesi Selatan,620168,,,,,,,,,,,,,,,,,,,,,,,,,,,,,,,,,,,,-5.128522770098106,119.41038261376706
2012,12,PT Bank Perekonomian Rakyat Syariah Baiturridha Pusaka,Kota Bandung,Provinsi Jawa Barat,620011,38181391.0,286287.0,0.0,29905713.0,0.0,0.0,212625.0,0.0,,0.0,,6178719.0,897515.0,7802267.0,299557.0,,574737.0,0.0,17268171.0,0.0,,,5338568.0,7974137.0,3094424.0,0.0,2140359.0,16.83,1.07,,5.61,,96.02,7614077.0,,-6.926057921061269,107.60382508821964
2012,12,PT Bank Perekonomian Rakyat Syariah Baiturridha Pusaka,Kota Bandung,Provinsi Jawa Barat,620011,38181391.0,286287.0,0.0,29905713.0,0.0,0.0,212625.0,0.0,,0.0,,6178719.0,897515.0,7802267.0,299557.0,,574737.0,0.0,17268171.0,0.0,,,5338568.0,7974137.0,3094424.0,0.0,2140359.0,16.83,1.07,,5.61,,96.02,7614077.0,,-6.5950591985824625,106.79485467015364
2012,12,PT Bank Perekonomian Rakyat Syariah Central Syariah Utama,Kota Surakarta/Solo,Provinsi Jawa Tengah,620137,,,,,,,,,,,,,,,,,,,,,,,,,,,,23.14,16.11,,-36.51,,76.7,,,-7.583455291786536,110.81861293442316
2012,12,PT BPRS Bumi Rinjani Malang,Kota Malang,Provinsi Jawa Timur,620078,8488766.0,4390147.0,0.0,0.0,0.0,0.0,91000.0,2235800.0,,0.0,,0.0,245742.0,4235000.0,138053.0,,14454.0,0.0,2313033.0,0.0,,,1582121.0,2526679.0,1353297.0,7780.0,259182.0,23.31,6.59,,1.39,,149.9,1403269.0,,-7.974100981138048,112.64136686861058
2012,12,PT. BPRS Muamalat Yotefa,Kab. Jayapura,Provinsi Papua,620067,,,,,,,,,,,,,,,,,,,,,,,,,,,,,,,,,,,,-2.550807165553799,140.48835142200244
2012,12,PT Bank Perekonomian Rakyat Syariah Hikmah Khazanah,Kota Surakarta/Solo,Provinsi Jawa Tengah,620171,,,,,,,,,,,,,,,,,,,,,,,,,,,,,,,,,,,,-7.578734267499703,110.8209373266183
2012,12,PT. BPRS Jabal Nur Tebuireng,Kota Surabaya,Provinsi Jawa Timur,620114,14938741.0,7816061.0,0.0,0.0,39820.0,0.0,0.0,3121500.0,,0.0,,1430753.0,96821.0,2572400.0,161372.0,,47903.0,0.0,8824800.0,0.0,,,1913494.0,3174525.0,1346177.0,14174.0,483679.0,19.68,2.2,,4.64,,198.9,2933623.0,,-7.253401930640896,112.73115332691698
2012,12,PT Bank Perekonomian Rakyat Syariah Harta Insan Karimah Insan Cita,Kab. Bogor,Provinsi Jawa Barat,620069,8140275.0,3552617.0,0.0,231491.0,189138.0,15000.0,0.0,2790.0,,0.0,,2074246.0,922186.0,2197834.0,248824.0,,88612.0,0.0,649685.0,0.0,,,984038.0,1355052.0,1037020.0,0.0,-68820.0,44.93,21.77,,-5.3,,60.15,4316753.0,,-6.539331604489986,107.00639936483655
2012,12,PT Bank Perekonomian Rakyat Syariah Almasoem,Kab. Bandung,Provinsi Jawa Barat,620027,71115589.0,41181598.0,0.0,0.0,10620678.0,0.0,0.0,2616605.0,,0.0,,14441514.0,10456813.0,30897275.0,943959.0,,531048.0,0.0,3738697.0,500000.0,,,10387592.0,14854723.0,8490699.0,0.0,1515299.0,22.36,9.53,,2.76,,78.11,16096922.0,,-6.97009496632967,107.54174350568084
2012,12,PT BPRS Mojo Artho Kota Mojokerto Perseroda,Kota Mojokerto,Provinsi Jawa Timur,620160,,,,,,,,,,,,,,,,,,,,,,,,,,,,85.0,2.23,,2.5,,92.0,,,-7.460555185064369,112.43110318032298
2012,12,PT Bank Perekonomian Rakyat Syariah Al Ihsan,Kab. Bandung,Provinsi Jawa Barat,620044,4376580.0,854152.0,0.0,1118503.0,232025.0,0.0,0.0,443121.0,,0.0,,3104044.0,0.0,787600.0,94475.0,,19263.0,0.0,22687.0,45790.0,,,860325.0,924026.0,780069.0,0.0,87581.0,14.0,10.13,,2.31,,68.0,1708533.0,,-6.971851712893827,107.5425031409888
2012,12,PT BPRS Bogor Tegar Beriman,Kab. Bogor,Provinsi Jawa Barat,620177,,,,,,,,,,,,,,,,,,,,,,,,,,,,,,,,,,,,-6.552632627212006,107.00079770326322
2012,12,PT Bank Perekonomian Rakyat Syariah Dana Amanah Surakarta,Kota Surakarta/Solo,Provinsi Jawa Tengah,620125,6442273.0,2016077.0,0.0,1403051.0,29750.0,40512.0,437500.0,714565.0,,0.0,,1366586.0,0.0,2586000.0,44082.0,,5736.0,0.0,320118.0,1258833.0,,,628670.0,1026826.0,669872.0,0.0,-47263.0,19.0,7.79,,-0.73,,117.43,1517933.0,,-7.582281788876442,110.82735174142871
2013,12,PT Bank Perekonomian Rakyat Syariah Barkah Gemadana,Kab. Banjar,Provinsi Kalimantan Selatan,620013,34790587.0,18932940.0,0.0,44542.0,5200.0,0.0,100000.0,825000.0,,0.0,,201419.0,14926216.0,10397300.0,157413.0,,288962.0,0.0,280576.0,0.0,,,2391144.0,3982964.0,1820669.0,22877.0,809060.0,39.14,5.03,,2.86,,58.85,12810978.0,,-0.6588763736841944,101.48260796449918
2013,12,PT Bank Perekonomian Rakyat Syariah Ingin Jaya,Kab. Aceh Besar,Provinsi NAD,620203,,,,,,,,,,,,,,,,,,,,,,,,,,,,,,,,,,,,,
2013,12,PT Bank Perekonomian Rakyat Syariah Dharma Kuwera,Kab. Klaten,Provinsi Jawa Tengah,620159,13645827.0,5140372.0,0.0,119492.0,31579.0,0.0,6036731.0,0.0,,0.0,,4343934.0,285092.0,1100300.0,102924.0,,105574.0,0.0,6523051.0,0.0,,,1441277.0,2028676.0,1372296.0,0.0,28998.0,0.0,10.0,,0.0,,0.0,2124024.0,,,
2013,12,PT BPRS Sungai PuaSyariah,Kab. Agam,Provinsi Sumatera Barat,620186,,,,,,,,,,,,,,,,,,,,,,,,,,,,,,,,,,,,,
2013,12,PT Bank Perekonomian Rakyat Syariah Gowata,Kab. Gowa,Provinsi Sulawesi Selatan,620065,2556398.0,809870.0,0.0,668135.0,0.0,0.0,0.0,0.0,,0.0,,0.0,188810.0,430000.0,12360.0,,2968.0,0.0,766004.0,0.0,,,621558.0,648394.0,471584.0,0.0,156085.0,47.45,17.37,,6.02,,238.85,176602.0,,-5.225938686460566,120.0079553182381
2013,12,PT Bank Perekonomian Rakyat Syariah Alhijrah Amanah,Kota Depok,Provinsi Jawa Barat,620062,6139222.0,3887339.0,0.0,100000.0,86396.0,0.0,96349.0,302773.0,,0.0,,1215443.0,0.0,1270421.0,120731.0,,89013.0,0.0,1484475.0,0.0,,,903478.0,1272317.0,776581.0,0.0,51535.0,35.0,29.13,,5.0,,112.63,1189887.0,,-6.4012211998367325,106.81183657113324
2013,12,PT Bank Perekonomian Rakyat Syariah Ampek Angkek Candung,Kab. Agam,Provinsi Sumatera Barat,620071,50889664.0,42913154.0,0.0,0.0,31922.0,0.0,0.0,0.0,,0.0,,14621193.0,101343.0,11958209.0,809541.0,,534544.0,0.0,18717560.0,166667.0,,,6224918.0,9280670.0,5076917.0,26235.0,785531.0,12.02,3.75,,1.89,,92.07,5867040.0,,,
2013,12,PT BANK PEREKONOMIAN RAKYAT SYARIAH MASYARAKAT LINTAU BUO,Kab. Agam,Provinsi Sumatera Barat,620196,,,,,,,,,,,,,,,,,,,,,,,,,,,,,,,,,,,,,
2013,12,PT Bank Perekonomian Rakyat Syariah Baiturrahman,Kab. Aceh Besar,Provinsi NAD,620024,19336595.0,6705322.0,0.0,0.0,0.0,0.0,0.0,0.0,,0.0,,0.0,10772828.0,1583000.0,253471.0,,0.0,0.0,5441457.0,0.0,,,1657952.0,2104110.0,1528998.0,0.0,164204.0,18.87,20.29,,0.85,,4.13,12596348.0,,,
2013,12,PT Bank Perekonomian Rakyat Syariah Sukowati Sragen (Perseroda),Kab. Sragen,Provinsi Jawa Tengah,620124,74815284.0,45822011.0,0.0,12307533.0,43700.0,0.0,495833.0,0.0,,0.0,,7974429.0,4518366.0,35389650.0,501846.0,,1088481.0,0.0,12946583.0,4416666.0,,,8734641.0,13836305.0,5825250.0,0.0,2315721.0,13.82,6.02,,4.35,,103.74,13904418.0,,,
2013,12,PT Bank Perekonomian Rakyat Syariah Mustaqim Aceh Perseroda,Kota Banda Aceh,Provinsi NAD,620187,,,,,,,,,,,,,,,,,,,,,,,,,,,,,,,,,,,,5.5514463466260295,95.31786202059116
2013,12,PT Bank Perekonomian Rakyat Syariah Sleman (Perseroda),Kab. Sleman,Provinsi D.I. Yogyakarta,620193,,,,,,,,,,,,,,,,,,,,,,,,,,,,,,,,,,,,,
2013,12,PT Bank Perekonomian Rakyat Syariah Indo Timur,Kota Makassar,Provinsi Sulawesi Selatan,620010,,,,,,,,,,,,,,,,,,,,,,,,,,,,,,,,,,,,-5.143550328284089,119.4138433249748
2013,12,PT Bank Perekonomian Rakyat Syariah Surya Sejati,Kab. Takalar,Provinsi Sulawesi Selatan,620031,2591643.0,1677019.0,0.0,0.0,0.0,0.0,149000.0,0.0,,0.0,,6443.0,662438.0,396700.0,94501.0,,1195.0,0.0,52810.0,400000.0,,,633513.0,788939.0,477062.0,0.0,149871.0,58.5,17.11,,7.04,,171.36,730291.0,,-5.431354763307175,119.44652127180228
2013,12,PT Bank Perekonomian Rakyat Syariah Arta Leksana,Kab. Banyumas,Provinsi Jawa Tengah,620110,,,,,,,,,,,,,,,,,,,,,,,2839205.0,4245127.0,2359303.0,0.0,442068.0,18.68,6.61,,1.73,,75.69,,,-7.440480384054677,109.32329819176095
2013,12,PT Bank Perekonomian Rakyat Syariah Albarokah,Kota Depok,Provinsi Jawa Barat,620053,9883596.0,5941310.0,0.0,0.0,257753.0,0.0,300000.0,0.0,,0.0,,10015.0,1530894.0,4884660.0,95000.0,,165708.0,0.0,0.0,0.0,,,1600210.0,2362666.0,1043621.0,0.0,512327.0,44.9,7.56,,5.62,,46.5,2915823.0,,-6.414286608555458,106.82408456386716
2013,12,PT. BPRS Gotong Royong,Kota Sukabumi,Provinsi Jawa Barat,620172,,,,,,,,,,,,,,,,,,,,,,,,,,,,,,,,,,,,-6.553534544317955,107.7543397767086
2013,12,PT. BPRS Gotong Royong,Kota Sukabumi,Provinsi Jawa Barat,620172,,,,,,,,,,,,,,,,,,,,,,,,,,,,,,,,,,,,-6.916774443100237,106.9293590384548
2013,12,PT BPRS Berkah Amal Salman,Kota Bogor,Provinsi Jawa Barat,620001,,,,,,,,,,,,,,,,,,,,,,,,,,,,,,,,,,,,-6.918139601318028,107.60647461822626
2013,12,PT BPRS Berkah Amal Salman,Kota Bogor,Provinsi Jawa Barat,620001,,,,,,,,,,,,,,,,,,,,,,,,,,,,,,,,,,,,-6.600064385549815,106.7999819599572
2013,12,PT Bank Perekonomian Rakyat Syariah Daarul Hayat,Kota Cimahi,Provinsi Jawa Barat,620035,4205869.0,2235189.0,0.0,211185.0,86077.0,0.0,0.0,120000.0,,0.0,,12585.0,591060.0,2730113.0,447352.0,,0.0,0.0,697017.0,0.0,,,246525.0,884749.0,1599292.0,0.0,-1025633.0,8.0,39.89,,-24.38,,79.56,863891.0,,-6.867341948596262,107.55153148405364
2013,12,PT Bank Perekonomian Rakyat Syariah Tengku Chiek Dipante,Kab. Pidie,Provinsi NAD,620025,5148193.0,3281063.0,0.0,0.0,0.0,0.0,243385.0,0.0,,0.0,,9613.0,1346308.0,2081000.0,425046.0,,11444.0,0.0,1040493.0,0.0,,,485158.0,867533.0,1126203.0,0.0,-585460.0,18.0,57.22,,-11.37,,96.46,1469269.0,,3.7476617007670936,96.82987163456816
2013,12,PT Bank Perekonomian Rakyat Syariah Cahaya Hidup,Kab. Sleman,Provinsi D.I. Yogyakarta,620163,4525613.0,2129297.0,0.0,370000.0,0.0,0.0,1355000.0,18738.0,,0.0,,17080.0,153254.0,1876696.0,41267.0,,19707.0,0.0,1201755.0,0.0,,,370160.0,514376.0,669743.0,0.0,-311325.0,36.31,5.72,,-8.5,,-9.15,431072.0,,,
2013,12,PT Bank Perekonomian Rakyat Syariah Almabrur Klaten,Kab. Klaten,Provinsi Jawa Tengah,620142,16428097.0,10459270.0,0.0,1119710.0,0.0,24862.0,101667.0,1045333.0,,0.0,,442.0,5048030.0,8829600.0,173025.0,,40003.0,0.0,868001.0,0.0,,,1800345.0,2954991.0,1323471.0,11632.0,401265.0,13.0,16.97,,3.0,,78.33,3499229.0,,,
2013,12,PT Bank Perekonomian Rakyat Syariah Bangka Belitung,Kota Pangkal Pinang,Provinsi Kep. Bangka Belitung,620076,383642570.0,212699291.0,0.0,2212648.0,1349608.0,2918745.0,0.0,33425010.0,,0.0,,5068473.0,132024549.0,186578890.0,4819972.0,,1108129.0,0.0,7099224.0,0.0,,,43365801.0,67755448.0,29251726.0,0.0,14110462.0,19.64,10.23,,4.04,,79.29,112494788.0,,-2.120239693370022,106.11713996558484
2013,12,PT Bank Perekonomian Rakyat Syariah Mitra Harmoni Kota Bandung,Kota Bogor,Provinsi Jawa Barat,620161,6255227.0,4497615.0,0.0,0.0,0.0,0.0,0.0,0.0,,0.0,,795157.0,66021.0,3093000.0,29674.0,,38616.0,0.0,1468840.0,0.0,,,865065.0,1160523.0,1295459.0,0.0,-437581.0,16.0,3.49,,-7.0,,72.79,1337509.0,,-6.930306124913997,107.60122007641682
2013,12,PT Bank Perekonomian Rakyat Syariah Mitra Harmoni Kota Bandung,Kota Bogor,Provinsi Jawa Barat,620161,6255227.0,4497615.0,0.0,0.0,0.0,0.0,0.0,0.0,,0.0,,795157.0,66021.0,3093000.0,29674.0,,38616.0,0.0,1468840.0,0.0,,,865065.0,1160523.0,1295459.0,0.0,-437581.0,16.0,3.49,,-7.0,,72.79,1337509.0,,-6.605274910968337,106.787676963878
2013,12,PT BPRS Saka Dana Mulia,Kab. Kudus,Provinsi Jawa Tengah,620167,4126754.0,1069165.0,0.0,0.0,0.0,0.0,0.0,145500.0,,0.0,,1899739.0,0.0,327500.0,27985.0,,2391.0,0.0,100429.0,0.0,,,299946.0,305914.0,494493.0,0.0,-203305.0,99.26,3.5,,-7.74,,52.19,2643693.0,,-6.752673980908147,111.02119203015354
2013,12,PT BPRS Barakah Nawaitul Ikhlas,Kota Solok,Provinsi Sumatera Barat,620123,6105083.0,4107190.0,0.0,179662.0,4750.0,0.0,0.0,0.0,,0.0,,16964.0,2995942.0,1270185.0,71342.0,,16177.0,0.0,1104218.0,0.0,,,714951.0,1132215.0,661232.0,0.0,52729.0,17.63,3.07,,0.92,,79.94,1628524.0,,-0.8090450252633046,100.6628003414127
2013,12,PT. BPRS Muamalat Yotefa,Kab. Jayapura,Provinsi Papua,620067,,,,,,,,,,,,,,,,,,,,,,,,,,,,,,,,,,,,-2.550807165553799,140.48835142200244
2013,12,PT Bank Perekonomian Rakyat Syariah Puduarta Insani,Kab. Deli Serdang,Provinsi Sumatera Utara,620058,42717308.0,29817412.0,0.0,61666.0,1720.0,0.0,700000.0,0.0,,0.0,,9797589.0,0.0,16332640.0,327283.0,,85939.0,0.0,12910334.0,0.0,,,3190616.0,6053545.0,2551103.0,0.0,519096.0,12.31,0.72,,1.62,,0.86,11698050.0,,,
2013,12,PT. BPRS Rif'atul Ummah,Kab. Bogor,Provinsi Jawa Barat,620068,9201527.0,4145198.0,270991.0,0.0,735834.0,946323.0,0.0,10892.0,,0.0,,1812631.0,0.0,1369500.0,22852.0,,64950.0,0.0,3953655.0,18888.0,,,1399596.0,1612820.0,1164296.0,0.0,218946.0,25.38,14.53,,1.02,,1.77,1605862.0,,-6.544725297552011,107.0028264990046
2013,12,PT Bank Perekonomian Rakyat Syariah Fajar Sejahtera Bali,Kab. Badung,Provinsi Bali,620026,2886861.0,6235771.0,0.0,0.0,0.0,0.0,0.0,0.0,,0.0,,1262.0,2617101.0,1513500.0,3723558.0,,7870.0,0.0,0.0,10000.0,,,3431599.0,3825189.0,5145798.0,0.0,-2458567.0,-47.6,72.12,,-85.16,,-30.57,147176.0,,-8.645170567141806,115.27693679878858
2013,12,PT Bank Perekonomian Rakyat Syariah Bhakti Sumekar Perseroda,Kab. Sumenep,Provinsi Jawa Timur,620085,317486372.0,200295923.0,0.0,0.0,35639161.0,0.0,2193278.0,2008500.0,,0.0,,43746871.0,248580.0,61900817.0,2516463.0,,610262.0,0.0,126829009.0,0.0,,,30980189.0,46132969.0,16965395.0,0.0,11877680.0,61.24,1.75,,5.63,,79.55,69562125.0,,,
2013,12,PT Bank Perekonomian Rakyat Syariah Bandar Lampung (Perseroda),Kota Bandar Lampung,Provinsi Lampung,620051,28893417.0,7182033.0,0.0,14994422.0,12333.0,0.0,0.0,0.0,,0.0,,2175683.0,403260.0,9229700.0,374703.0,,72330.0,0.0,14090459.0,0.0,,,3320390.0,5699444.0,2295601.0,0.0,787149.0,11.97,1.68,,3.58,,88.96,6753020.0,,-5.451430777916592,105.26097314570632
2013,12,PT BANK PEREKONOMIAN RAKYAT SYARIAH AL MAKMUR,Kota Payakumbuh,Provinsi Sumatera Barat,620132,45487645.0,26714356.0,0.0,0.0,0.0,0.0,0.0,4268350.0,,0.0,,11989192.0,1155311.0,25366252.0,315803.0,,437577.0,0.0,3577128.0,0.0,,,4975679.0,7591826.0,4233028.0,0.0,611083.0,9.67,0.76,,3.07,,69.69,12919416.0,,-0.2305304689386322,100.63568358146692
2013,12,PT Bank Perekonomian Rakyat Syariah Kabupaten Ngawi Perseroda,Kab. Ngawi,Provinsi Jawa Timur,620183,,,,,,,,,,,,,,,,,,,,,,,,,,,,,,,,,,,,-7.420451120596442,111.441830004461
2013,12,PT Bank Perekonomian Rakyat Syariah Patriot Bekasi Perseroda,Kota Bekasi,Provinsi Jawa Barat,620108,29780287.0,15730496.0,0.0,3433777.0,300990.0,0.0,0.0,1823350.0,,0.0,,3755150.0,786528.0,6170300.0,3397815.0,,15027.0,0.0,5553437.0,0.0,,,4201161.0,4786883.0,2999682.0,0.0,1218567.0,74.0,19.23,,4.27,,89.48,7188554.0,,-6.2278728540382104,107.00170463692426
2013,12,PT. BPRS Asri Madani Nusantara,Kab. Jember,Provinsi Jawa Timur,620033,11984057.0,9612291.0,0.0,376332.0,63150.0,55695.0,0.0,0.0,,0.0,,0.0,4818032.0,1626100.0,82707.0,,119723.0,0.0,3533891.0,375000.0,,,1382250.0,2193523.0,995280.0,9904.0,346370.0,14.53,0.86,,3.46,,89.69,1639992.0,,-8.154319698220284,113.71768742028424
2013,12,PT Bank Perekonomian Rakyat Syariah Aman Syariah,Kab. Lampung Timur,Provinsi Lampung,620173,,,,,,,,,,,,,,,,,,,,,,,,,,,,,,,,,,,,,
2013,12,PT Bank Perekonomian Rakyat Syariah Sarana Prima Mandiri,Kab. Pamekasan,Provinsi Jawa Timur,620127,21503221.0,13245210.0,0.0,0.0,2258549.0,480669.0,0.0,156238.0,,0.0,,4296783.0,148918.0,10324673.0,127568.0,,60265.0,0.0,4172680.0,19480.0,,,2320365.0,3320762.0,1860004.0,0.0,531487.0,15.82,6.58,,2.47,,77.15,4437386.0,,,
2013,12,PT BPRS Guguk Mas Makmur,Kab. Limapuluh Koto,Provinsi Sumatera Barat,620194,,,,,,,,,,,,,,,,,,,,,,,,,,,,,,,,,,,,,
2013,12,PT Bank Perekonomian Rakyat Syariah Al Ihsan,Kab. Bandung,Provinsi Jawa Barat,620044,4301396.0,1275538.0,0.0,1400354.0,235900.0,0.0,0.0,149570.0,,0.0,,2935691.0,0.0,762500.0,110517.0,,12805.0,0.0,24079.0,37450.0,,,1003143.0,1082955.0,861388.0,0.0,142240.0,18.0,10.43,,3.31,,74.26,1197212.0,,-6.971851712893827,107.5425031409888
2013,12,PT Bank Perekonomian Rakyat Syariah Way Kanan (Perseroda),Kab. Lampung Selatan,Provinsi Lampung,620157,25181696.0,9098662.0,0.0,5316997.0,4336288.0,0.0,0.0,350000.0,,0.0,,4683858.0,1880426.0,505500.0,190687.0,,122239.0,0.0,12366250.0,0.0,,,4163515.0,5072394.0,1969571.0,0.0,1882427.0,26.69,0.96,,10.44,,106.38,5539860.0,,,
2013,12,PT. BPRS Ikhsanul Amal,Kab. Kebumen,Provinsi Jawa Tengah,620047,8719269.0,4515911.0,0.0,0.0,0.0,0.0,161111.0,1271146.0,,0.0,,0.0,3706424.0,1633000.0,192130.0,,3828.0,0.0,1756999.0,366303.0,,,1147360.0,1542357.0,1357776.0,522.0,-46425.0,20.0,14.94,,-0.49,,99.24,2269242.0,,-7.7499614325424,109.74028135566994
2013,12,PT Bank Pembiayaan Rakyat Syariah Gayo Perseroda,Kab. Aceh Tengah,Provinsi NAD,620120,13010636.0,9935063.0,0.0,0.0,0.0,0.0,0.0,0.0,,0.0,,4409.0,3969760.0,1589000.0,106437.0,,13013.0,0.0,99819.0,0.0,,,1806197.0,2322345.0,1486205.0,7945.0,271125.0,75.47,13.93,,2.65,,93.65,2185383.0,,,
2013,12,PT Bank Perekonomian Rakyat Syariah Dana Hidayatullah,Kota Yogyakarta,Provinsi D.I. Yogyakarta,620107,23327211.0,13647573.0,0.0,243843.0,322166.0,10000.0,1545815.0,315000.0,,0.0,,782144.0,5213229.0,13141400.0,642162.0,,15824.0,0.0,1425367.0,0.0,,,2098680.0,3789540.0,1835397.0,0.0,206320.0,15.27,10.13,,1.69,,90.18,6651736.0,,-7.805830145091572,110.3718318454461
2013,12,PT Bank Perekonomian Rakyat Syariah Tanggamus (Perseroda),Kab. Tanggamus,Provinsi Lampung,620082,25244816.0,17234066.0,0.0,0.0,0.0,0.0,0.0,0.0,,0.0,,348770.0,9901188.0,842654.0,279045.0,,55905.0,0.0,5105649.0,0.0,,,3022392.0,4219507.0,2152003.0,0.0,739584.0,63.0,4.4,,3.81,,74.38,7357909.0,,-5.4369356106235,104.72189977284216
2013,12,PT Bank Perekonomian Rakyat Syariah Baiturridha Pusaka,Kota Bandung,Provinsi Jawa Barat,620011,56187487.0,1482368.0,0.0,37593360.0,60000.0,0.0,312625.0,62500.0,,0.0,,6277551.0,1280270.0,7480734.0,445411.0,,378158.0,0.0,32185919.0,0.0,,,8752245.0,12539636.0,4426353.0,0.0,3354263.0,19.05,0.68,,5.97,,91.32,13019915.0,,-6.926057921061269,107.60382508821964
2013,12,PT Bank Perekonomian Rakyat Syariah Baiturridha Pusaka,Kota Bandung,Provinsi Jawa Barat,620011,56187487.0,1482368.0,0.0,37593360.0,60000.0,0.0,312625.0,62500.0,,0.0,,6277551.0,1280270.0,7480734.0,445411.0,,378158.0,0.0,32185919.0,0.0,,,8752245.0,12539636.0,4426353.0,0.0,3354263.0,19.05,0.68,,5.97,,91.32,13019915.0,,-6.5950591985824625,106.79485467015364
2013,12,PT Bank Perekonomian Rakyat Syariah Mitra Harmoni Yogyakarta,Kota Yogyakarta,Provinsi D.I. Yogyakarta,620149,12041602.0,10155213.0,0.0,14885.0,0.0,0.0,37500.0,0.0,,0.0,,1177860.0,1349214.0,6779750.0,59892.0,,51620.0,0.0,1748113.0,0.0,,,1656957.0,2470557.0,1508679.0,0.0,129799.0,9.0,3.03,,1.36,,90.16,1543701.0,,-7.803051873506947,110.36402782968446
2013,12,PT Bank Perekonomian Rakyat Syariah Gebu Prima,Kota Medan,Provinsi Sumatera Utara,620055,17531880.0,13802860.0,0.0,393340.0,0.0,0.0,0.0,0.0,,0.0,,557776.0,7849177.0,5949500.0,348163.0,,12398.0,0.0,66982.0,0.0,,,1758577.0,2512718.0,1920999.0,0.0,5779.0,19.82,5.94,,-1.01,,81.36,1496219.0,,3.580883089096215,98.66623055730342
2013,12,PT Bank Perekonomian Rakyat Syariah Lampung Timur (Perseroda),Kab. Lampung Timur,Provinsi Lampung,620140,14261512.0,1227025.0,0.0,9152816.0,4800.0,0.0,0.0,577619.0,,0.0,,1854133.0,15152.0,395000.0,237370.0,,24828.0,0.0,5453983.0,0.0,,,1645240.0,2752295.0,1260523.0,0.0,336550.0,55.0,6.36,,2.65,,78.21,3370072.0,,,
2013,12,PT Bank Perekonomian Rakyat Syariah Muamalat Harkat,Kab. Seluma,Provinsi Bengkulu,620052,27886546.0,23654656.0,0.0,0.0,7500.0,46346.0,0.0,0.0,,0.0,,204616.0,10450331.0,6034750.0,125173.0,,63593.0,0.0,7441608.0,0.0,,,5360766.0,7475641.0,3845093.0,37407.0,1211204.0,14.21,17.01,,8.25,,18.63,2207286.0,,,
2013,12,PT. BPRS Safir,Kota Bengkulu,Provinsi Bengkulu,620090,,,,,,,,,,,,,,,,,,,,,,,,,,,,,,,,,,,,-3.8005555705877825,102.2529282154658
2013,12,PT Bank Perekonomian Rakyat Syariah Metro Madani,Kota Metro,Provinsi Lampung,620091,69836580.0,39727810.0,0.0,188712.0,2527536.0,0.0,4645139.0,1261111.0,,0.0,,18193765.0,1254966.0,17891600.0,446313.0,,73147.0,0.0,25422953.0,502500.0,,,8156111.0,12669831.0,5645265.0,0.0,2146449.0,12.56,1.65,,4.14,,73.35,18938864.0,,-5.109743260376518,105.31422432780674
2013,12,PT Bank Perekonomian Rakyat Syariah Kedung Arto,Kota Semarang,Provinsi Jawa Tengah,620191,,,,,,,,,,,,,,,,,,,,,,,,,,,,,,,,,,,,-6.984249050778415,110.4263886103255
2013,12,PT Bank Perekonomian Rakyat Syariah Fadhilah Kota Bengkulu (Perseroda),Kota Bengkulu,Provinsi Bengkulu,620184,,,,,,,,,,,,,,,,,,,,,,,,,,,,,,,,,,,,-3.798786993847248,102.26066774117557
2013,12,PT BPRS Bina Finansia,Kota Semarang,Provinsi Jawa Tengah,620102,16053160.0,12373903.0,0.0,605177.0,14444.0,1794.0,5870.0,0.0,,0.0,,0.0,5494236.0,7368711.0,457728.0,,103580.0,0.0,1399205.0,0.0,,,1765015.0,2790748.0,1607944.0,0.0,138608.0,12.51,9.15,,0.37,,85.92,1538730.0,,-6.984027795058197,110.415867283899
2013,12,PT. BPRS Mitra Harmoni Kota Semarang,Kota Semarang,Provinsi Jawa Tengah,620151,7736876.0,6279481.0,0.0,9200.0,0.0,0.0,0.0,0.0,,0.0,,621784.0,121649.0,2698700.0,60598.0,,54677.0,0.0,3132776.0,0.0,,,1337274.0,1727954.0,1318486.0,0.0,17467.0,17.92,1.61,,0.23,,126.92,1356867.0,,-6.989034701457653,110.42390375172975
2013,12,PT. BPRS Gotong Royong,Kab. Subang,Provinsi Jawa Barat,620172,,,,,,,,,,,,,,,,,,,,,,,,,,,,,,,,,,,,-6.553534544317955,107.7543397767086
2013,12,PT. BPRS Gotong Royong,Kab. Subang,Provinsi Jawa Barat,620172,,,,,,,,,,,,,,,,,,,,,,,,,,,,,,,,,,,,-6.916774443100237,106.9293590384548
2013,12,PT Bank Perekonomian Rakyat Syariah Formes Sleman,Kab. Sleman,Provinsi D.I. Yogyakarta,620136,24406173.0,13638504.0,0.0,1049622.0,13289.0,0.0,521465.0,600024.0,,0.0,,1773021.0,5562085.0,9758700.0,181252.0,,126258.0,0.0,5419515.0,0.0,,,1789643.0,3889652.0,1678767.0,0.0,120156.0,10.16,3.68,,0.57,,92.57,6229257.0,,,
2013,12,PT Bank Perekonomian Rakyat Syariah Harum Hikmahnugraha,Kab. Garut,Provinsi Jawa Barat,620029,,,,,,,,,,,,,,,,,,,,,,,,,,,,,,,,,,,,-7.201021164642222,107.90284024114014
2013,12,PT BPRS Taeh Baruah,Kab. Limapuluh Koto,Provinsi Sumatera Barat,620190,,,,,,,,,,,,,,,,,,,,,,,,,,,,,,,,,,,,,
2013,12,PT Bank Perekonomian Rakyat Syariah Dana Moneter,Kota Makassar,Provinsi Sulawesi Selatan,620030,31503967.0,28643236.0,0.0,0.0,31000.0,0.0,0.0,0.0,,0.0,,17103933.0,1788777.0,2677500.0,1092962.0,,80535.0,0.0,39460.0,0.0,,,5235628.0,5656061.0,4517628.0,0.0,588425.0,33.55,6.8,,2.54,,120.13,3256814.0,,-5.132293953516857,119.41407701618245
2013,12,PT Bank Perekonomian Rakyat Syariah Harta Insan Karimah Mitra Cahaya Indonesia,Kab. Sleman,Provinsi D.I. Yogyakarta,620133,8689814.0,2847143.0,0.0,304610.0,0.0,0.0,690592.0,1519315.0,,0.0,,385933.0,895748.0,6380250.0,70421.0,,82080.0,0.0,51777.0,0.0,,,1113833.0,1898280.0,1077058.0,0.0,40897.0,15.08,6.77,,0.44,,69.98,2338206.0,,,
2013,12,PT Bank Perekonomian Rakyat Syariah Khatulistiwa,Kab. Pasaman,Provinsi Sumatera Barat,620201,,,,,,,,,,,,,,,,,,,,,,,,,,,,,,,,,,,,,
2013,12,PT Bank Perekonomian Rakyat Syariah PNM Mentari,Kab. Garut,Provinsi Jawa Barat,620008,36571104.0,22451176.0,0.0,3974524.0,1278994.0,0.0,3000966.0,0.0,,0.0,,662993.0,5266715.0,12236600.0,484984.0,,39387.0,0.0,9806320.0,939394.0,,,5630937.0,8096321.0,3391793.0,0.0,1873655.0,26.81,1.98,,6.6,,86.81,5047849.0,,-7.195611181584734,107.90948097277126
2013,12,PT Bank Perekonomian Rakyat Syariah Lampung Barat (Perseroda),Kab. Lampung Barat,Provinsi Lampung,620175,,,,,,,,,,,,,,,,,,,,,,,,,,,,,,,,,,,,,
2013,12,PT Bank Perekonomian Rakyat Syariah Alsalaam Amal Salman,Kota Depok,Provinsi Jawa Barat,620101,214719895.0,185451242.0,0.0,1242794.0,305344.0,0.0,763475.0,0.0,,0.0,,11270883.0,28224685.0,149635509.0,6423241.0,,654182.0,0.0,4915917.0,0.0,,,29408233.0,45063352.0,26300207.0,0.0,2232100.0,11.52,6.16,,1.39,,89.73,21627686.0,,-6.416217509745828,106.80751636393872
2013,12,PT BPRS Berkah Amal Salman,Kota Bandung,Provinsi Jawa Barat,620001,,,,,,,,,,,,,,,,,,,,,,,,,,,,,,,,,,,,-6.918139601318028,107.60647461822626
2013,12,PT BPRS Berkah Amal Salman,Kota Bandung,Provinsi Jawa Barat,620001,,,,,,,,,,,,,,,,,,,,,,,,,,,,,,,,,,,,-6.600064385549815,106.7999819599572
2013,12,PT Bank Perekonomian Rakyat Syariah Artha Amanah Ummat,Kab. Semarang,Provinsi Jawa Tengah,620116,12428390.0,7871983.0,0.0,706179.0,28000.0,0.0,130556.0,428157.0,,0.0,,141251.0,2813077.0,5607000.0,156115.0,,9059.0,0.0,2705885.0,0.0,,,1246595.0,2067062.0,826251.0,10582.0,361124.0,12.47,3.83,,3.72,,107.05,3128914.0,,-7.138606830428244,110.40957996108703
2013,12,PT Bank Perekonomian Rakyat Syariah Tunas Artha Jaya Abadi,Kab. Kediri,Provinsi Jawa Timur,620200,,,,,,,,,,,,,,,,,,,,,,,,,,,,,,,,,,,,-7.816904745358005,112.01148890547412
2013,12,PT Bank Perekonomian Rakyat Syariah Maslahat Dana Syariah Nusantara,Kota Bengkulu,Provinsi Bengkulu,620181,,,,,,,,,,,,,,,,,,,,,,,,,,,,,,,,,,,,-3.791547736340278,102.2560829253008
2013,12,PT Bank Perekonomian Rakyat Syariah Rahmah Hijrah Agung,Kota Lhokseumawe,Provinsi NAD,620049,10406885.0,7327706.0,0.0,0.0,0.0,0.0,50000.0,15000.0,,0.0,,1020856.0,5402206.0,2438100.0,541202.0,,57752.0,0.0,467982.0,0.0,,,1970177.0,2421544.0,3182580.0,0.0,-1082111.0,16.73,23.61,,-10.03,,73.85,2332517.0,,5.1766961991986555,97.14916447763574
2013,12,PT BPRS Artha Surya Barokah,Kota Semarang,Provinsi Jawa Tengah,620084,36912687.0,20573675.0,0.0,1096673.0,623191.0,0.0,1202667.0,2858007.0,,0.0,,15196377.0,104094.0,14742386.0,268442.0,,142465.0,0.0,2464256.0,0.0,,,4227980.0,5338314.0,2365974.0,42654.0,1663495.0,13.0,2.76,,5.82,,78.73,7732771.0,,-6.992447596736079,110.42988872705932
2013,12,PT BPRS Al Hidayah,Kab. Pasuruan,Provinsi Jawa Timur,620072,20180866.0,9830503.0,0.0,0.0,0.0,0.0,6354000.0,83700.0,,0.0,,0.0,3733236.0,3997000.0,364635.0,,9743.0,0.0,10952105.0,49074.0,,,3001650.0,4447787.0,2490852.0,0.0,503236.0,8.54,4.8,,4.4,,4.06,3394918.0,,-7.64945314625638,112.90608207619024
2013,12,PT Bank Perekonomian Rakyat Syariah Unisia Insan Indonesia,Kota Yogyakarta,Provinsi D.I. Yogyakarta,620178,,,,,,,,,,,,,,,,,,,,,,,,,,,,,,,,,,,,-7.811119305839534,110.36108720090904
2013,12,PT Bank Perekonomian Rakyat Syariah Arthaaceh Sejahtera,Kota Banda Aceh,Provinsi NAD,620192,,,,,,,,,,,,,,,,,,,,,,,,,,,,,,,,,,,,5.548455343437354,95.3146280603469
2013,12,PT Bank Perekonomian Rakyat Syariah Bangun Arta,Kab. Cilacap,Provinsi Jawa Tengah,620195,,,,,,,,,,,,,,,,,,,,,,,,,,,,,,,,,,,,-7.720557123602994,109.02471707185968
2013,12,PT Bank Perekonomian Rakyat Syariah Baiturridha Pusaka,Kota Bogor,Provinsi Jawa Barat,620011,56187487.0,1482368.0,0.0,37593360.0,60000.0,0.0,312625.0,62500.0,,0.0,,6277551.0,1280270.0,7480734.0,445411.0,,378158.0,0.0,32185919.0,0.0,,,8752245.0,12539636.0,4426353.0,0.0,3354263.0,19.05,0.68,,5.97,,91.32,13019915.0,,-6.926057921061269,107.60382508821964
2013,12,PT Bank Perekonomian Rakyat Syariah Baiturridha Pusaka,Kota Bogor,Provinsi Jawa Barat,620011,56187487.0,1482368.0,0.0,37593360.0,60000.0,0.0,312625.0,62500.0,,0.0,,6277551.0,1280270.0,7480734.0,445411.0,,378158.0,0.0,32185919.0,0.0,,,8752245.0,12539636.0,4426353.0,0.0,3354263.0,19.05,0.68,,5.97,,91.32,13019915.0,,-6.5950591985824625,106.79485467015364
2013,12,PT BPRS Mitra Amanah,Kota Palangkaraya,Provinsi Kalimantan Tengah,620170,,,,,,,,,,,,,,,,,,,,,,,,,,,,,,,,,,,,-2.20055455187618,113.91600497570754
2013,12,PT Bank Perekonomian Rakyat Syariah Hikmah Wakilah,Kota Banda Aceh,Provinsi NAD,620046,21939820.0,12873875.0,0.0,0.0,0.0,0.0,1494840.0,0.0,,0.0,,42008.0,6045983.0,10071750.0,213111.0,,0.0,0.0,1079163.0,0.0,,,3163662.0,4041099.0,2571844.0,0.0,651838.0,36.0,5.87,,2.97,,68.27,6832062.0,,5.543176806651055,95.31537211187955
2013,12,PT. BPRS Hareukat,Kab. Aceh Besar,Provinsi NAD,620003,11262583.0,5999040.0,0.0,0.0,0.0,0.0,1562458.0,0.0,,0.0,,119355.0,3759332.0,1449100.0,182325.0,,3106.0,0.0,4797547.0,0.0,,,1385535.0,2044939.0,1454464.0,0.0,-61830.0,14.0,16.8,,-0.55,,74.79,3329059.0,,,
2013,12,PT Bank Perekonomian Rakyat Syariah Taman Indah Darussalam,Kota Banda Aceh,Provinsi NAD,620158,1100447.0,778170.0,0.0,4444.0,0.0,0.0,30000.0,0.0,,0.0,,593470.0,0.0,0.0,68318.0,,284.0,0.0,39393.0,0.0,,,355814.0,366068.0,479459.0,0.0,-123906.0,56.27,12.47,,-8.82,,136.93,208036.0,,5.544809666796793,95.3231595660368
2013,12,PT Bank Perekonomian Rakyat Syariah Manfaatsyariah,Kab. Kutai Kartanegara,Provinsi Kalimantan Timur,620014,8171486.0,4720630.0,0.0,0.0,0.0,0.0,176716.0,0.0,,0.0,,6438447.0,0.0,493000.0,766092.0,,9077.0,0.0,97244.0,598404.0,,,1631904.0,1781206.0,1808689.0,0.0,-195330.0,12.0,41.0,,-12.0,,141.0,3278583.0,,-0.4108304755501372,116.98709494185226
2013,12,PT Bank Perekonomian Rakyat Syariah Barokah Dana Sejahtera,Kota Yogyakarta,Provinsi D.I. Yogyakarta,620115,41942483.0,17079963.0,0.0,2037603.0,869619.0,2247.0,2066008.0,9696569.0,,0.0,,5838477.0,5192186.0,21904140.0,344643.0,,318121.0,0.0,5587197.0,0.0,,,3453588.0,5755619.0,2620751.0,0.0,764879.0,10.16,3.77,,2.45,,96.4,9004547.0,,-7.808951498748443,110.36881342877136
2013,12,PT Bank Perekonomian Rakyat Syariah Rahmania Dana Sejahtera,Kab. Aceh Jeumpa/Bireuen,Provinsi NAD,620148,4748575.0,3397632.0,0.0,0.0,0.0,0.0,0.0,0.0,,0.0,,274406.0,75492.0,3331500.0,40123.0,,5198.0,0.0,300365.0,0.0,,,623444.0,882553.0,662942.0,0.0,-43835.0,23.0,6.76,,-0.16,,0.76,1099118.0,,,
2013,12,PT Bank Perekonomian Rakyat Syariah Buana Mitra Perwira,Kab. Purbalingga,Provinsi Jawa Tengah,620083,58166761.0,19294391.0,0.0,3106906.0,0.0,0.0,125000.0,15566644.0,,0.0,,20029970.0,4505479.0,21152170.0,304824.0,,220344.0,0.0,6623641.0,0.0,,,6554058.0,9051231.0,5122185.0,0.0,1400999.0,13.09,2.36,,3.0,,79.36,18144384.0,,-7.38620934652322,109.3482136658594
2013,12,PT Bank Perekonomian Rakyat Syariah Gunung Slamet,Kab. Banyumas,Provinsi Jawa Tengah,620146,27026914.0,20625718.0,0.0,1243788.0,100000.0,0.0,360000.0,1020000.0,,0.0,,2975467.0,46131.0,18458300.0,131099.0,,102480.0,0.0,3058267.0,0.0,,,1979987.0,4144168.0,1473696.0,0.0,462757.0,13.0,0.0,,2.21,,92.16,3362030.0,,-7.437522556194236,109.32557212705542
2013,12,PT Bank Perekonomian Rakyat Syariah Carana Kiat Andalas,Kab. Agam,Provinsi Sumatera Barat,620064,19904315.0,14363768.0,0.0,0.0,8135.0,0.0,0.0,0.0,,0.0,,8269024.0,0.0,5068855.0,245635.0,,363820.0,0.0,5018657.0,0.0,,,2517256.0,3498781.0,3185536.0,0.0,-952809.0,9.06,25.14,,-5.16,,99.06,4150193.0,,,
2013,12,PT Bank Perekonomian Rakyat Syariah Khairan Inti Amanah,Kab. Parimo/Banggai,Provinsi Sulawesi Tengah,620188,,,,,,,,,,,,,,,,,,,,,,,,,,,,,,,,,,,,,
2013,12,PT Bank Perekonomian Rakyat Syariah Mitra Harmoni Kota Bandung,Kota Bandung,Provinsi Jawa Barat,620161,6255227.0,4497615.0,0.0,0.0,0.0,0.0,0.0,0.0,,0.0,,795157.0,66021.0,3093000.0,29674.0,,38616.0,0.0,1468840.0,0.0,,,865065.0,1160523.0,1295459.0,0.0,-437581.0,16.0,3.49,,-7.0,,72.79,1337509.0,,-6.930306124913997,107.60122007641682
2013,12,PT Bank Perekonomian Rakyat Syariah Mitra Harmoni Kota Bandung,Kota Bandung,Provinsi Jawa Barat,620161,6255227.0,4497615.0,0.0,0.0,0.0,0.0,0.0,0.0,,0.0,,795157.0,66021.0,3093000.0,29674.0,,38616.0,0.0,1468840.0,0.0,,,865065.0,1160523.0,1295459.0,0.0,-437581.0,16.0,3.49,,-7.0,,72.79,1337509.0,,-6.605274910968337,106.787676963878
2013,12,PT BPRS Kota Juang Perseroda,Kab. Aceh Jeumpa/Bireuen,Provinsi NAD,620144,4187602.0,3054712.0,0.0,0.0,0.0,0.0,0.0,0.0,,0.0,,2341.0,1370696.0,358200.0,44467.0,,1906.0,0.0,800647.0,0.0,,,685399.0,878620.0,589087.0,0.0,98069.0,60.57,3.97,,2.97,,73.73,1098249.0,,,
2013,12,PT Bank Perekonomian Rakyat Syariah Meru Nusantara Mandiri,Kab. Magelang,Provinsi Jawa Tengah,620143,8166740.0,4099474.0,0.0,353291.0,40000.0,0.0,525332.0,75000.0,,0.0,,563791.0,1990257.0,4410850.0,187739.0,,9661.0,0.0,260822.0,0.0,,,1362094.0,1955992.0,1214396.0,0.0,147928.0,16.85,9.91,,21.74,,70.57,2792795.0,,-7.483143805876312,110.21226325844997
2013,12,PT Bank Perekonomian Rakyat Syariah Hasanah Mandiri,Kota Depok,Provinsi Jawa Barat,620006,10687010.0,8570925.0,0.0,0.0,0.0,0.0,160000.0,0.0,,0.0,,0.0,55437.0,5328000.0,33796.0,,7679.0,0.0,2687241.0,447758.0,,,1101868.0,2082399.0,940973.0,0.0,160895.0,25.33,7.93,,0.63,,102.68,380843.0,,-6.40152714268215,106.8199776998472
2013,12,PT Bank Perekonomian Rakyat Syariah Hikmah Bahari,Kota Tegal,Provinsi Jawa Tengah,620174,,,,,,,,,,,,,,,,,,,,,,,,,,,,,,,,,,,,-6.861973262113324,109.13573876794256
2013,12,PT Bank Perekonomian Rakyat Syariah Sindanglaya Kotanopan,Kab. Mandailing Natal,Provinsi Sumatera Utara,620111,7592241.0,4179123.0,0.0,633950.0,0.0,0.0,0.0,458500.0,,0.0,,2201823.0,0.0,1564200.0,42065.0,,64832.0,0.0,1539582.0,0.0,,,1793996.0,1977047.0,1025619.0,0.0,723435.0,52.85,0.61,,10.29,,88.3,1858526.0,,,
2013,12,PT Bank Perekonomian Rakyat Syariah Bumi Artha Sampang,Kab. Cilacap,Provinsi Jawa Tengah,620112,21422748.0,13177216.0,0.0,0.0,2400.0,0.0,563000.0,1279444.0,,0.0,,5449510.0,2857767.0,7569600.0,275143.0,,172899.0,0.0,2401769.0,0.0,,,3405079.0,4176838.0,2822693.0,0.0,525530.0,20.0,5.51,,3.14,,144.06,6197735.0,,-7.709897309774618,109.02363619954758
2013,12,PT Bank Perekonomian Rakyat Syariah Insan Madani,Kab. Sukoharjo,Provinsi Jawa Tengah,620154,39037032.0,9616253.0,0.0,0.0,0.0,0.0,12320280.0,8031779.0,,0.0,,0.0,1502394.0,27538302.0,225673.0,,233695.0,0.0,1937523.0,0.0,,,2850426.0,5484815.0,1638277.0,0.0,1212165.0,,,,,,,6533771.0,,-7.980423788495279,112.63614303338588
2013,12,PT BANK PEREKONOMIAN RAKYAT ARTHA MADANI,Kota Bekasi,Provinsi Jawa Barat,620088,72533817.0,52558378.0,0.0,0.0,72541.0,0.0,0.0,6779500.0,,0.0,,15273481.0,194013.0,19471072.0,556202.0,,443059.0,0.0,26357642.0,0.0,,,11810159.0,16205617.0,6331856.0,135762.0,5514723.0,29.0,2.07,,9.44,,104.21,10336892.0,,-6.235802486784483,106.99167237097036
2013,12,PT Bank Perekonomian Rakyat Syariah Harta Insan Karimah Insan Cita,Kab. Bogor,Provinsi Jawa Barat,620069,15456606.0,8033484.0,0.0,674081.0,150444.0,5001.0,800000.0,613.0,,0.0,,2952756.0,1721037.0,6319204.0,282415.0,,135276.0,0.0,60622.0,0.0,,,1450722.0,1791125.0,1430622.0,0.0,0.0,44.75,8.53,,-2.33,,64.02,5970514.0,,-6.539331604489986,107.00639936483655
2013,12,PT Bank Perekonomian Rakyat Syariah Harta Insan Karimah Bekasi,Kota Bekasi,Provinsi Jawa Barat,620015,136308606.0,82923128.0,0.0,413818.0,280000.0,0.0,381391.0,28858002.0,,0.0,,10306942.0,312574.0,69032490.0,2930689.0,,0.0,0.0,42413678.0,0.0,,,11542085.0,23459238.0,8318459.0,72000.0,2649004.0,12.0,5.17,,194.0,,705.0,21290782.0,,-6.237084227639964,106.9866402479551
2013,12,PT Bank Perekonomian Rakyat Syariah Tanmiya Artha,Kota Kediri,Provinsi Jawa Timur,620130,4810919.0,2396487.0,0.0,197908.0,0.0,0.0,396704.0,0.0,,0.0,,479709.0,1743902.0,1337500.0,38118.0,,26508.0,0.0,71046.0,0.0,,,718448.0,919379.0,559758.0,0.0,129072.0,35.0,7.82,,2.68,,83.35,1508040.0,,-7.804361795474596,112.00698794188358
2013,12,PT BANK PEREKONOMIAN RAKYAT SYARIAH NIAGA MADANI,Kota Makassar,Provinsi Sulawesi Selatan,620039,45493860.0,37547249.0,0.0,0.0,0.0,0.0,0.0,0.0,,0.0,,0.0,3152552.0,25413590.0,1107793.0,,1423327.0,0.0,12838087.0,0.0,,,10423922.0,14417962.0,11047757.0,0.0,-432207.0,10.36,19.84,,-1.02,,131.44,3930824.0,,-5.127789499318414,119.412410921333
2013,12,PT Bank Perekonomian Rakyat Syariah Rajasa Lampung Tengah (Perseroda),Kab. Lampung Tengah,Provinsi Lampung,620129,,,,,,,,,,,,,,,,,,,,,,,,,,,,,,,,,,,,,
2013,12,PT Bank Perekonomian Rakyat Syariah Danagung Syariah,Kab. Sleman,Provinsi D.I. Yogyakarta,620128,17589778.0,11055521.0,0.0,697469.0,46332.0,0.0,484964.0,1782783.0,,0.0,,1197417.0,399566.0,12995000.0,174122.0,,23601.0,0.0,1136431.0,0.0,,,2220197.0,3539018.0,1576468.0,0.0,591157.0,11.99,0.0,,3.9,,84.86,3371280.0,,,
2013,12,PT BPRS SHADIQ AMANAH,Kota Cimahi,Provinsi Jawa Barat,620019,366267941.0,234782616.0,0.0,53863516.0,1025185.0,0.0,0.0,0.0,,0.0,,20044525.0,0.0,329158596.0,9047901.0,,764220.0,0.0,2612852.0,0.0,,,75834058.0,97000239.0,83275504.0,0.0,-7972393.0,6.43,10.13,,-10.01,,79.57,61952446.0,,-6.863473787610629,107.53563110990164
2013,12,PT Bank Perekonomian Rakyat Syariah Dana Mulia,Kota Surakarta/Solo,Provinsi Jawa Tengah,620122,20310399.0,9419769.0,960000.0,1183784.0,5000.0,9626.0,0.0,3984187.0,,0.0,,1541386.0,1952672.0,10261510.0,198685.0,,17453.0,0.0,3616408.0,1403390.0,,,1662412.0,3132779.0,1423776.0,10767.0,352949.0,10.64,12.86,,2.07,,78.12,3788223.0,,-7.5721076896369475,110.81636511954429
2013,12,PT Bank Perekonomian Rakyat Syariah Harta Insan Karimah Parahyangan,Kab. Bandung,Provinsi Jawa Barat,620054,337807685.0,295903578.0,0.0,59130.0,660830.0,0.0,460000.0,1180000.0,,0.0,,19656939.0,175700.0,53536600.0,4149304.0,,1638358.0,0.0,223478776.0,792165.0,,,48762604.0,77984466.0,31828616.0,420000.0,12178490.0,21.28,2.1,,5.95,,102.12,31430968.0,,-6.965455511896712,107.55659356508802
2013,12,PT Bank Perekonomian Rakyat Syariah Mitra Harmoni Kota Malang,Kota Malang,Provinsi Jawa Timur,620153,5989050.0,4437499.0,0.0,621379.0,0.0,0.0,0.0,0.0,,0.0,,746234.0,161993.0,1891500.0,38671.0,,26554.0,0.0,2325226.0,0.0,,,1040260.0,1363187.0,1245520.0,0.0,-212355.0,22.0,2.42,,-3.42,,99.2,658333.0,,-7.984781410422721,112.62624122586716
2013,12,PT BPRS Mentari Pasaman Saiyo,Kab. Pasaman Barat,Provinsi Sumatera Barat,620059,,,,,,,,,,,,,,,,,,,,,,,,,,,,,,,,,,,,,
2013,12,PT Bank Perekonomian Rakyat Syariah Riyal Irsyadi,Kota Bekasi,Provinsi Jawa Barat,620005,41396887.0,32355748.0,0.0,0.0,0.0,0.0,15000.0,0.0,,0.0,,4972743.0,12417.0,18268700.0,701108.0,,139398.0,0.0,13776724.0,0.0,,,5328630.0,9021176.0,3496863.0,0.0,1496259.0,17.24,1.75,,4.43,,88.77,8600857.0,,-6.225147459974553,106.99631349110932
2013,12,PT Bank Perekonomian Rakyat Syariah Investama Mega Bakti,Kota Makassar,Provinsi Sulawesi Selatan,620077,33829048.0,15642099.0,0.0,0.0,318068.0,0.0,3068175.0,10203257.0,,0.0,,100824.0,2575661.0,140000.0,479921.0,,492459.0,0.0,31309.0,26877042.0,,,2445732.0,5563398.0,2070542.0,0.0,347939.0,13.21,11.02,,0.96,,98.44,3549482.0,,-5.131381407363007,119.4094893372462
2013,12,PT BPRS Bumi Rinjani Malang,Kota Malang,Provinsi Jawa Timur,620078,6830065.0,4195298.0,0.0,81360.0,0.0,0.0,0.0,383000.0,,0.0,,0.0,273234.0,3356000.0,70255.0,,10549.0,0.0,2066181.0,0.0,,,1138875.0,1877528.0,1836237.0,512.0,-725899.0,20.26,9.47,,-10.62,,128.39,1350667.0,,-7.974100981138048,112.64136686861058
2013,12,PT Bank Perekonomian Rakyat Syariah Kotabumi (Perseroda),Kab. Lampung Selatan,Provinsi Lampung,620131,54640463.0,17692972.0,0.0,27877571.0,2500.0,0.0,0.0,0.0,,0.0,,5908229.0,248274.0,7179950.0,269420.0,,498119.0,0.0,30509861.0,0.0,,,6883895.0,10994177.0,3964548.0,0.0,2279852.0,22.89,0.23,,5.97,,98.24,8569458.0,,,
2013,12,PT Bank Perekonomian Rakyat Syariah Dana Amanah Surakarta,Kota Surakarta/Solo,Provinsi Jawa Tengah,620125,8495845.0,3003604.0,83925.0,1678467.0,4268.0,139915.0,538375.0,312500.0,,0.0,,1385605.0,9722.0,3929500.0,105296.0,,10131.0,0.0,2342988.0,0.0,,,808595.0,1418839.0,889883.0,0.0,-87101.0,14.0,9.19,,-1.03,,9.19,2590592.0,,-7.582281788876442,110.82735174142871
2013,12,PT Bank Perekonomian Rakyat Syariah Suriyah,Kab. Cilacap,Provinsi Jawa Tengah,620086,68230535.0,37267414.0,14224.0,1632637.0,81375.0,689134.0,2845208.0,6465640.0,,0.0,,18105956.0,873430.0,32357127.0,941944.0,,668918.0,0.0,10050841.0,0.0,,,6375694.0,10443281.0,4826404.0,0.0,1245342.0,14.1,2.96,,2.59,,72.65,18731510.0,,-7.720360645096571,109.02261136336097
2013,12,PT Bank Perekonomian Rakyat Syariah Mitra Amal Mulia,Kab. Sleman,Provinsi D.I. Yogyakarta,620117,24747576.0,14398107.0,0.0,798474.0,396283.0,875374.0,297958.0,833149.0,,0.0,,940348.0,1370608.0,17008676.0,146833.0,,31286.0,0.0,1024223.0,0.0,,,2312408.0,3931636.0,1658058.0,15371.0,522625.0,21.65,4.85,,2.11,,88.51,4286027.0,,,
2013,12,PT Bank Perekonomian Rakyat Syariah Almasoem,Kab. Bandung,Provinsi Jawa Barat,620027,79316551.0,49614012.0,0.0,470000.0,11436525.0,0.0,0.0,5868677.0,,0.0,,24883467.0,1665121.0,36255454.0,1211133.0,,532175.0,0.0,4635869.0,0.0,,,12036466.0,15890702.0,9174523.0,0.0,2544343.0,20.27,5.58,,3.71,,87.56,10837755.0,,-6.97009496632967,107.54174350568084
2013,12,PT Bank Perekonomian Rakyat Syariah Hikmah Khazanah,Kota Surakarta/Solo,Provinsi Jawa Tengah,620171,,,,,,,,,,,,,,,,,,,,,,,,,,,,,,,,,,,,-7.578734267499703,110.8209373266183
2013,12,PT Bank Perekonomian Rakyat Syariah Central Syariah Utama,Kota Surakarta/Solo,Provinsi Jawa Tengah,620137,8866830.0,5360145.0,0.0,629965.0,0.0,0.0,117748.0,0.0,,0.0,,25.0,810265.0,4459628.0,38221.0,,136662.0,0.0,2280635.0,0.0,,,369164.0,1183380.0,899748.0,0.0,-532512.0,16.16,13.5,,-49.62,,81.04,1353748.0,,-7.583455291786536,110.81861293442316
2013,12,PT Bank Perekonomian Rakyat Syariah Harta Insan Karimah Jawa Tengah,Kab. Banyumas,Provinsi Jawa Tengah,620089,11367729.0,4250046.0,0.0,610105.0,116005.0,39045.0,0.0,2033654.0,,0.0,,1838547.0,58998.0,3727100.0,58716.0,,19592.0,0.0,4388761.0,0.0,,,1377317.0,2210760.0,1251146.0,0.0,150393.0,,,,,,,3631882.0,,-7.445092454041309,109.33485862481956
2013,12,PT Bank Perekonomian Rakyat Syariah Amanah Rabbaniah,Kab. Bandung,Provinsi Jawa Barat,620002,28452725.0,16350610.0,0.0,3544070.0,703859.0,0.0,0.0,760901.0,,0.0,,7308689.0,530494.0,15177250.0,428548.0,,141500.0,0.0,2209213.0,0.0,,,4271593.0,6188634.0,3268800.0,12000.0,900989.0,,,,,,,6473699.0,,-6.981512329239818,107.54983972422548
2013,12,PT Bank Perekonomian Rakyat Syariah Madinah,Kab. Lamongan,Provinsi Jawa Timur,620139,6301881.0,3559942.0,0.0,0.0,0.0,0.0,0.0,1054093.0,,0.0,,484774.0,2340726.0,1902244.0,71002.0,,22939.0,0.0,220626.0,0.0,,,1164613.0,1330996.0,833598.0,7288.0,309570.0,23.4,3.45,,3.39,,97.59,1532468.0,,-7.123303358568694,112.40966669736945
2013,12,PT Bank Perekonomian Rakyat Syariah Vitka Central,Kota Batam,Provinsi Kep. Riau,620134,39900784.0,36124244.0,0.0,775865.0,11561.0,0.0,30031.0,0.0,,0.0,,486965.0,4230593.0,17518879.0,1073751.0,,39041.0,0.0,15100688.0,0.0,,,0.0,0.0,0.0,0.0,0.0,11.32,16.34,,1.75,,93.19,3587961.0,,1.0997027965875927,104.0345602824064
2013,12,PT BPRS Magetan (Perseroda),Kab. Magetan,Provinsi Jawa Timur,620165,8579506.0,6467107.0,0.0,0.0,0.0,0.0,0.0,0.0,,0.0,,1493018.0,296456.0,1600000.0,37891.0,,6976.0,0.0,2676.0,1745000.0,,,749600.0,860586.0,778640.0,0.0,-26166.0,81.13,0.0,,-0.3,,75.46,1912410.0,,,
2013,12,PT BPRS Bumi Rinjani,Kota Batu,Provinsi Jawa Timur,620109,9721102.0,6734500.0,0.0,0.0,0.0,0.0,0.0,1772380.0,,0.0,,0.0,1655727.0,4913700.0,170952.0,,15578.0,0.0,1407329.0,0.0,,,1401658.0,2296358.0,1143774.0,5769.0,228305.0,20.93,6.97,,2.47,,104.03,792049.0,,-7.86392956395291,112.52576707537388
2013,12,PT Bank Perekonomian Rakyat Syariah Nurul Ikhwan,Kab. Polewali Mandar,Provinsi Sulawesi Barat,620045,1074247.0,1129756.0,0.0,0.0,16600.0,0.0,0.0,0.0,,0.0,,2394.0,402643.0,0.0,236871.0,,280.0,0.0,271727.0,0.0,,,324825.0,368444.0,208540.0,0.0,93275.0,43.83,29.9,,9.08,,283.03,129943.0,,-3.4069455429190376,119.31879018370128
2013,12,PT. BPRS Al-Yaqin,Kab. Simalungun,Provinsi Sumatera Utara,620092,7579704.0,5859332.0,0.0,0.0,0.0,0.0,0.0,45000.0,,0.0,,953597.0,697110.0,1825500.0,41403.0,,22507.0,0.0,2488704.0,573100.0,,,972519.0,1516453.0,762908.0,0.0,179577.0,16.66,5.4,,2.71,,168.55,1318893.0,,,
2013,12,PT Bank Perekonomian Rakyat Syariah Serambi Mekah,Kota Langsa,Provinsi NAD,620152,2150028.0,600017.0,0.0,0.0,0.0,0.0,0.0,0.0,,0.0,,247079.0,0.0,308000.0,21188.0,,4550.0,0.0,1196260.0,0.0,,,403752.0,457603.0,756043.0,0.0,-351766.0,32.34,60.28,,-12.0,,60.43,1473590.0,,4.466232402810879,97.97539511921892
2013,12,PT Bank Perekonomian Rakyat Syariah Bangun Drajat Warga,Kab. Bantul,Provinsi D.I. Yogyakarta,620018,43482789.0,17142724.0,0.0,492481.0,22229.0,207637.0,8645034.0,2623652.0,,0.0,,12259726.0,12933486.0,11009065.0,499012.0,,28918.0,0.0,2350634.0,0.0,,,3901414.0,5082861.0,2646430.0,32410.0,1157766.0,18.63,7.59,,2.67,,79.12,13267375.0,,-6.162883175978525,106.8097490702202
2013,12,PT Bank Perekonomian Rakyat Syariah Alwadiah,Kota Tasikmalaya,Provinsi Jawa Barat,620037,22556265.0,16010629.0,0.0,0.0,0.0,0.0,23862.0,1400000.0,,0.0,,169068.0,5914560.0,9525470.0,385810.0,,87090.0,0.0,2324521.0,0.0,,,3166062.0,4235981.0,1481866.0,0.0,1505444.0,48.23,4.3,,6.67,,111.7,5067326.0,,-7.31950171379176,108.2182123272616
2013,12,PT Bank Perekonomian Rakyat Syariah Amanah Sejahtera,Kab. Gresik,Provinsi Jawa Timur,620050,67958506.0,32893966.0,0.0,0.0,241351.0,0.0,121250.0,6840617.0,,0.0,,15395370.0,31601241.0,13892721.0,1095784.0,,28890.0,0.0,721561.0,607160.0,,,8478768.0,10442844.0,7015560.0,0.0,1302690.0,11.67,4.66,,1.59,,119.38,21112788.0,,-7.171206060982263,112.65347308804564
2013,12,PT Bank Perekonomian Rakyat Syariah Bina Amanah Satria,Kab. Banyumas,Provinsi Jawa Tengah,620087,29651376.0,9643339.0,0.0,439150.0,849152.0,68877.0,401367.0,9410233.0,,0.0,,5897883.0,2260160.0,8612558.0,314678.0,,168674.0,0.0,9742562.0,0.0,,,4097965.0,5299556.0,3494137.0,0.0,716061.0,13.32,3.02,,2.77,,78.58,8486496.0,,-7.448909227338186,109.32815980963753
2013,12,PT Bank Perekonomian Rakyat Syariah Mandiri Mitra Sukses,Kab. Gresik,Provinsi Jawa Timur,620126,28949296.0,10924536.0,0.0,0.0,0.0,0.0,0.0,12585500.0,,0.0,,480062.0,5949914.0,11551500.0,254398.0,,234263.0,0.0,7073059.0,0.0,,,3912348.0,5176404.0,3373596.0,0.0,590498.0,14.44,3.85,,0.2,,81.99,2573728.0,,-7.1749772829692935,112.65847748596217
2013,12,PT Bank Perekonomian Rakyat Syariah Tulen Amanah,Kab. Lombok Tengah,Provinsi Nusa Tenggara Barat,620009,13749735.0,11231779.0,0.0,0.0,0.0,0.0,0.0,0.0,,0.0,,0.0,3681078.0,5821600.0,177161.0,,19624.0,0.0,976622.0,0.0,,,2091118.0,2878448.0,943644.0,73500.0,1004297.0,28.0,6.31,,8.85,,118.0,2108295.0,,-8.70747522600701,116.25948057531416
2013,12,PT Bank Perekonomian Rakyat Syariah Al Washliyah,Kota Medan,Provinsi Sumatera Utara,620036,13696752.0,4753295.0,0.0,1059704.0,0.0,0.0,146775.0,0.0,,0.0,,255881.0,2457988.0,6870250.0,417695.0,,230108.0,0.0,2010335.0,0.0,,,1499219.0,2233448.0,1462869.0,0.0,31552.0,24.0,6.26,,0.26,,62.18,7100471.0,,3.5953913881617754,98.67901076224275
2013,12,PT Bank Perekonomian Rakyat Syariah Arsa Sejahtera,Kota Batu,Provinsi Jawa Timur,620079,20852725.0,16913880.0,0.0,0.0,0.0,0.0,0.0,290000.0,,0.0,,0.0,507353.0,8503772.0,151741.0,,19251.0,0.0,8865636.0,0.0,,,1979543.0,4319572.0,1256250.0,11165.0,756713.0,16.67,2.31,,3.89,,96.75,2184466.0,,-7.8807671610865775,112.532451265561
2013,12,PT Bank Perekonomian Rakyat Syariah Baktimakmur Indah,Kab. Sidoarjo,Provinsi Jawa Timur,620022,122977506.0,42992225.0,0.0,1405221.0,1873800.0,86667.0,0.0,58256777.0,,0.0,,8918016.0,38182404.0,26073223.0,848716.0,,325120.0,0.0,32012435.0,0.0,,,13520819.0,19573879.0,8629887.0,123552.0,3861001.0,100.38,2.39,,4.55,,88.33,16870737.0,,,
2013,12,PT Bank Pembiayaan Rakyat Syariah Jam Gadang Perseroda,Kota Bukittinggi,Provinsi Sumatera Barat,620185,,,,,,,,,,,,,,,,,,,,,,,,,,,,,,,,,,,,-0.2958866590933593,100.36052326690393
2013,12,PT Bank Perekonomian Rakyat Syariah Harta Insan Karimah Cibitung,Kota Bekasi,Provinsi Jawa Barat,620020,55876880.0,44258235.0,0.0,5288.0,4700.0,0.0,0.0,50000.0,,0.0,,8411282.0,365479.0,7226930.0,803437.0,,468613.0,0.0,31753003.0,0.0,,,7882087.0,10607898.0,4801220.0,75000.0,2865312.0,24.86,1.97,,8.3,,0.0,10792998.0,,-6.225695831277773,106.98845203769474
2013,12,PT Bank Perekonomian Rakyat Syariah Margirizki Bahagia,Kab. Bantul,Provinsi D.I. Yogyakarta,620017,40684081.0,20301614.0,0.0,753620.0,0.0,0.0,3051886.0,2461304.0,,0.0,,4958070.0,6524921.0,20994400.0,264136.0,,18469.0,0.0,4323906.0,0.0,,,3411709.0,6049327.0,2426765.0,0.0,851876.0,11.7,4.09,,2.9,,73.0,12495648.0,,-6.173931205857998,106.82055050685378
2013,12,PT. BPRS Asad Alif,Kab. Kendal,Provinsi Jawa Tengah,620070,13113783.0,10744950.0,0.0,0.0,0.0,0.0,0.0,881969.0,,0.0,,44197.0,5843178.0,4512400.0,91340.0,,0.0,0.0,1090670.0,0.0,,,1496919.0,2076248.0,1148779.0,12907.0,301719.0,12.0,9.75,,2.2,,91.0,1158628.0,,,
2013,12,PT. BANK PEREKONOMIAN RAKYAT SYARIAH PNM PATUH BERAMAL AMALI,Kota Mataram,Provinsi Nusa Tenggara Barat,620021,20166400.0,12225488.0,0.0,0.0,210592.0,0.0,1328000.0,0.0,,0.0,,49072.0,4778970.0,6634500.0,366284.0,,271173.0,0.0,2785319.0,1184000.0,,,2629260.0,3789469.0,1346519.0,30402.0,1104792.0,28.87,2.46,,7.34,,78.46,5689627.0,,-8.58389278031459,116.11057126739846
2013,12,PT Bank Perekonomian Rakyat Syariah Annisa Mukti,Kab. Sidoarjo,Provinsi Jawa Timur,620135,8258994.0,6432744.0,0.0,0.0,0.0,0.0,0.0,340000.0,,0.0,,0.0,763497.0,2802000.0,53517.0,,47151.0,0.0,2306036.0,0.0,,,1988128.0,2488141.0,1215439.0,15235.0,693084.0,31.65,0.81,,9.6,,84.22,1128493.0,,,
2013,12,PT Bank Perekonomian Rakyat Syariah Situbondo,Kab. Situbondo,Provinsi Jawa Timur,620081,8588462.0,5436936.0,0.0,197000.0,38807.0,0.0,0.0,0.0,,0.0,,541965.0,1449095.0,204500.0,194038.0,,4869.0,0.0,218679.0,0.0,,,1731961.0,1748998.0,1395664.0,0.0,310265.0,112.18,6.42,,4.26,,71.2,2603333.0,,-7.702911353591342,113.9806037668517
2013,12,PT BPRS Mojo Artho Kota Mojokerto Perseroda,Kota Mojokerto,Provinsi Jawa Timur,620160,27108494.0,11096333.0,0.0,548788.0,314900.0,114025.0,3098000.0,0.0,,0.0,,377412.0,4124031.0,3781000.0,165631.0,,46978.0,0.0,11046733.0,0.0,,,3037842.0,4227652.0,1412633.0,20840.0,827268.0,54.0,2.0,,3.0,,86.0,10348146.0,,-7.460555185064369,112.43110318032298
2013,12,PT Bank Perekonomian Rakyat Syariah Balerong Bunta,Kab. Tanah Datar,Provinsi Sumatera Barat,620197,,,,,,,,,,,,,,,,,,,,,,,,,,,,,,,,,,,,0.8031965185093075,100.73793330633296
2013,12,PT Bank Perekonomian Rakyat Syariah Karya Mugi Sentosa,Kota Surabaya,Provinsi Jawa Timur,620113,28786709.0,13420273.0,0.0,276817.0,9041453.0,0.0,279798.0,442784.0,,0.0,,10464549.0,1309056.0,6031700.0,263225.0,,150300.0,0.0,883320.0,2500000.0,,,3629045.0,4317263.0,3018622.0,15884.0,598413.0,28.19,3.17,,2.43,,126.72,2481887.0,,-7.248497572190274,112.74359015261464
2013,12,PT Bank Perekonomian Rakyat Syariah Harta Insan Karimah Fajar Nitro,Kota Makassar,Provinsi Sulawesi Selatan,620168,2897358.0,1071239.0,0.0,0.0,0.0,0.0,0.0,0.0,,0.0,,24924.0,740343.0,127500.0,12288.0,,19017.0,0.0,1338.0,0.0,,,89461.0,118735.0,1099533.0,0.0,-1015764.0,152.59,0.0,,33.53,,119.99,1540878.0,,-5.128522770098106,119.41038261376706
2013,12,PT. BPRS Jabal Tsur,Kab. Pasuruan,Provinsi Jawa Timur,620103,24800591.0,7818935.0,0.0,3337598.0,429470.0,0.0,0.0,4409750.0,,0.0,,3748415.0,4173318.0,5175210.0,247060.0,,99061.0,0.0,8471279.0,69715.0,,,4284511.0,5444605.0,3409941.0,20929.0,763593.0,14.26,5.21,,3.08,,75.25,7294794.0,,-7.642622137527749,112.90214649056595
2013,12,PT Bank Perekonomian Rakyat Syariah Daya Artha Mentari,Kab. Pasuruan,Provinsi Jawa Timur,620056,19147449.0,10549220.0,0.0,1516228.0,6464.0,0.0,323550.0,8000.0,,0.0,,2331046.0,5360811.0,2381800.0,384287.0,,2530.0,0.0,5985221.0,0.0,,,2593287.0,3612727.0,2098425.0,13663.0,512402.0,21.0,17.84,,3.07,,78.89,4511126.0,,-7.654596803987085,112.9133678475593
2013,12,PT Bank Perekonomian Rakyat Syariah Bobato Lestari,Kota Tidore Kepulauan,Provinsi Maluku Utara,620179,,,,,,,,,,,,,,,,,,,,,,,,,,,,,,,,,,,,0.6690346107462076,127.44399032218512
2013,12,PT Bank Perekonomian Rakyat Syariah Amanah Insani,Kab. Bekasi,Provinsi Jawa Barat,620066,52305114.0,23504570.0,0.0,0.0,1064682.0,0.0,13207430.0,0.0,,0.0,,22074750.0,0.0,22211952.0,384271.0,,388282.0,0.0,1846.0,0.0,,,5597730.0,7584664.0,4910399.0,121200.0,877804.0,17.0,8.56,,2.0,,72.76,13859875.0,,-6.204349585324721,107.17320288461552
2013,12,PT Bank Perekonomian Rakyat Syariah Hasanah,Kota Pekanbaru,Provinsi Riau,620041,8943707.0,5181684.0,0.0,43600.0,0.0,0.0,0.0,283610.0,,0.0,,157854.0,2022276.0,3771545.0,286580.0,,36056.0,0.0,1594428.0,0.0,,,1077516.0,1380893.0,1103845.0,0.0,113072.0,28.92,11.14,,1.26,,62.92,3159365.0,,0.5249696427966165,101.44758104638636
2013,12,PT. BPRS Ummu,Kab. Pasuruan,Provinsi Jawa Timur,620074,10416495.0,7627462.0,0.0,0.0,0.0,0.0,149480.0,0.0,,0.0,,0.0,5247004.0,1071200.0,149239.0,,4388.0,0.0,323750.0,1097222.0,,,1718754.0,2108780.0,1377127.0,0.0,258927.0,30.57,11.29,,2.15,,75.86,2017883.0,,-7.65021334152576,112.89863930816225
2013,12,PT Bank Perekonomian Rakyat Syariah Bahari Berkesan,Kota Ternate,Provinsi Maluku Utara,620164,11793076.0,7745412.0,0.0,0.0,0.0,0.0,659800.0,0.0,,0.0,,619814.0,3805169.0,1713150.0,49622.0,,55429.0,0.0,4268.0,0.0,,,1049539.0,1266246.0,691941.0,0.0,401202.0,43.92,3.97,,0.67,,1.37,3313961.0,,0.7773589145132459,127.38615026515367
2013,12,PT. BPRS Cilegon Mandiri,Kota Cilegon,Provinsi Banten,620080,72731266.0,26891402.0,14268213.0,2209958.0,48500.0,88305.0,0.0,8036502.0,,0.0,,3517646.0,4097867.0,5483178.0,1267320.0,,521698.0,0.0,1261218.0,0.0,,,9362381.0,10002625.0,5727244.0,109732.0,3662130.0,105.26,12.8,,5.12,,25.46,12269967.0,,-6.0121840147933305,106.06249216016823
2013,12,PT Bank Perekonomian Rakyat Syariah Muamalah Cilegon,Kota Cilegon,Provinsi Banten,620034,15973136.0,9438058.0,0.0,319524.0,25004.0,0.0,154894.0,164595.0,,0.0,,7095537.0,0.0,3068300.0,329157.0,,12976.0,0.0,1022515.0,707990.0,,,1664389.0,2205305.0,1438355.0,16383.0,657422.0,32.0,26.28,,4.0,,91.0,5323275.0,,-6.013534007648159,106.0585828108812
2013,12,PT Bank Perekonomian Rakyat Syariah Syarikat Madani,Kota Batam,Provinsi Kep. Riau,620121,86365018.0,70703450.0,0.0,3363549.0,3015676.0,0.0,0.0,0.0,,0.0,,0.0,6048860.0,26925375.0,407383.0,,1394475.0,0.0,42762157.0,0.0,,,11143791.0,16164253.0,9034242.0,0.0,1674549.0,13.16,1.72,,2.25,,233.77,6791400.0,,1.1025924305431083,104.04282617621487
2013,12,PT Bank Perekonomian Rakyat Syariah Rizky Barokah,Kota Tangerang Selatan,Provinsi Banten,620199,,,,,,,,,,,,,,,,,,,,,,,,,,,,,,,,,,,,-6.320385744555436,106.69864713138224
2013,12,PT Bank Perekonomian Rakyat Syariah Rahma Syariah,Kab. Kediri,Provinsi Jawa Timur,620150,4883758.0,2975116.0,0.0,0.0,0.0,0.0,1007600.0,0.0,,0.0,,1072486.0,0.0,2236765.0,52268.0,,5308.0,0.0,51141.0,0.0,,,1008367.0,1193240.0,885585.0,0.0,113577.0,40.87,9.23,,2.09,,83.59,740916.0,,-7.821654764489613,112.02781200727956
2013,12,PT Bank Perekonomian Rakyat Syariah Mitra Agro Usaha,Kota Bandar Lampung,Provinsi Lampung,620169,3597554.0,1025163.0,0.0,0.0,0.0,0.0,0.0,0.0,,0.0,,583371.0,0.0,118000.0,16055.0,,1904.0,0.0,5921.0,0.0,,,706013.0,714754.0,692133.0,0.0,12320.0,183.48,0.0,,0.34,,28.61,2328265.0,,-5.443193541153916,105.2697528392836
2013,12,PT BPRS Bogor Tegar Beriman,Kab. Bogor,Provinsi Jawa Barat,620177,,,,,,,,,,,,,,,,,,,,,,,,,,,,,,,,,,,,-6.552632627212006,107.00079770326322
2013,12,PT Bank Perekonomian Rakyat Syariah Hijra Alami,Wil. Kota Jakarta Selatan,Provinsi DKI Jakarta,620138,13477553.0,7144276.0,0.0,1155222.0,0.0,0.0,0.0,961362.0,,0.0,,900653.0,212995.0,7618122.0,74995.0,,30093.0,0.0,2204289.0,0.0,,,1852273.0,2861011.0,1305067.0,0.0,481745.0,24.23,10.8,,3.65,,70.62,2986392.0,,,
2013,12,PT Bank Perekonomian Rakyat Syariah Lantabur Tebuireng,Kab. Jombang,Provinsi Jawa Timur,620098,50364796.0,40741539.0,0.0,858196.0,74400.0,0.0,300000.0,944000.0,,0.0,,1351130.0,25953729.0,17196870.0,323924.0,,52668.0,0.0,695878.0,0.0,,,5547394.0,8183072.0,3526278.0,45361.0,1695834.0,11.89,6.46,,4.08,,95.95,5528419.0,,-7.593963133811971,112.26493196168056
2013,12,PT Bank Perekonomian Rakyat Syariah Almabrur Babadan,Kab. Ponorogo,Provinsi Jawa Timur,620073,20806274.0,17460054.0,0.0,0.0,2000.0,0.0,0.0,0.0,,0.0,,8015.0,8081308.0,4615500.0,247436.0,,5269.0,0.0,3666648.0,0.0,,,2666586.0,3769383.0,1491062.0,30533.0,1061626.0,8.0,2.77,,5.87,,87.16,2317046.0,,,
2013,12,PT BPRS Hidayah,Wil. Kota Jakarta Barat,Provinsi DKI Jakarta,620119,15230395.0,8202978.0,0.0,0.0,0.0,0.0,3839652.0,0.0,,0.0,,133888.0,151699.0,800508.0,138088.0,,6391.0,0.0,12536840.0,0.0,,,2004582.0,3871529.0,2038939.0,500.0,261403.0,15.37,35.02,,1.4,,79.48,2337587.0,,,
2013,12,PT Bank Perekonomian Rakyat Syariah Mitra Mentari Sejahtera,Kab. Ponorogo,Provinsi Jawa Timur,620180,,,,,,,,,,,,,,,,,,,,,,,,,,,,,,,,,,,,,
2013,12,PT Bank Perekonomian Rakyat Syariah Sampang Perseroda,Kab. Sampang,Provinsi Jawa Timur,620166,45031258.0,34331335.0,0.0,0.0,100000.0,0.0,2197163.0,0.0,,0.0,,4585865.0,0.0,7047741.0,587690.0,,190036.0,0.0,11256205.0,7916666.0,,,4433724.0,6170427.0,3248296.0,0.0,1004745.0,46.51,4.3,,1.26,,82.59,7425222.0,,-7.177646641310815,113.22928610732424
2013,12,PT. BPRS Jabal Nur Tebuireng,Kota Surabaya,Provinsi Jawa Timur,620114,28509862.0,18989566.0,0.0,1750.0,30930.0,0.0,0.0,4143250.0,,0.0,,2320027.0,87507.0,9722400.0,218658.0,,87203.0,0.0,13602722.0,0.0,,,2922461.0,5230305.0,2464922.0,0.0,457618.0,18.0,2.98,,2.28,,142.74,3192415.0,,-7.253401930640896,112.73115332691698
2013,12,PT Bank Perekonomian Rakyat Syariah Musyarakah Ummat Indonesia,Kota Tangerang,Provinsi Banten,620007,3399093.0,931281.0,0.0,0.0,55632.0,0.0,250000.0,0.0,,0.0,,90902.0,410352.0,1009900.0,2182.0,,11747.0,0.0,238200.0,0.0,,,622836.0,723914.0,1131816.0,0.0,-502761.0,85.02,61.08,,-15.66,,40.76,1814879.0,,-6.17429154031784,106.64290706543798
2013,12,PT Bank Perekonomian Rakyat Syariah Al Falah,Kab. Banyuasin,Provinsi Sumatera Selatan,620040,11626563.0,7237728.0,0.0,682552.0,2549.0,0.0,0.0,0.0,,0.0,,156628.0,2930367.0,2531700.0,66254.0,,6185.0,0.0,3512697.0,0.0,,,1971971.0,2636483.0,1366994.0,0.0,528613.0,28.96,2.93,,5.85,,78.91,3231764.0,,,
2013,12,PT Bank Perekonomian Rakyat Syariah Tani Tulang Bawang Barat (Perseroda),Kab. Tulang Bawang Barat,Provinsi Lampung,620176,,,,,,,,,,,,,,,,,,,,,,,,,,,,,,,,,,,,,
2013,12,PT Bank Perekonomian Rakyat Syariah Amanah Bangsa,Kab. Simalungun,Provinsi Sumatera Utara,620032,7056503.0,3543407.0,0.0,0.0,20350.0,0.0,1396228.0,14453.0,,0.0,,2474845.0,0.0,3544500.0,442745.0,,65699.0,0.0,157959.0,0.0,,,1463083.0,1810171.0,1178088.0,0.0,243348.0,0.25,10.79,,0.04,,0.82,2353179.0,,,
2013,12,PT Bank Perekonomian Rakyat Syariah Bumi Rinjani Kepanjen,Kab. Malang,Provinsi Jawa Timur,620106,30296363.0,22940066.0,0.0,252679.0,0.0,0.0,0.0,2334600.0,,0.0,,0.0,4997123.0,8978290.0,415517.0,,94852.0,0.0,12330591.0,0.0,,,5348841.0,7580605.0,3588692.0,42690.0,1349981.0,13.79,2.48,,6.43,,89.05,2890418.0,,-7.986689742538544,112.63775505887186
2013,12,PT Bank Perekonomian Rakyat Syariah Adeco,Kota Langsa,Provinsi NAD,620141,9107565.0,5602849.0,0.0,0.0,0.0,0.0,137000.0,0.0,,0.0,,347912.0,807358.0,1445000.0,101075.0,,1443.0,0.0,3371349.0,0.0,,,1075111.0,1582345.0,1129073.0,0.0,-58341.0,48.0,6.77,,-0.64,,97.63,2448019.0,,4.464710385925349,97.9655777382901
2013,12,PT Bank Perekonomian Rakyat Syariah Gaido Indonesia,Kab. Cianjur,Provinsi Jawa Barat,620043,15348013.0,12059744.0,0.0,0.0,0.0,0.0,0.0,38500.0,,0.0,,1088472.0,0.0,2785000.0,156587.0,,116228.0,0.0,9543877.0,0.0,,,,,,,,,,,,,,3076331.0,,-6.563150818639635,106.73146469181188
2013,12,PT BPRS Haji Miskin,Kab. Tanah Datar,Provinsi Sumatera Barat,620099,27474980.0,19027575.0,0.0,765274.0,10000.0,492076.0,1140200.0,0.0,,0.0,,65862.0,5259054.0,4806500.0,370226.0,,123443.0,0.0,12379940.0,826798.0,,,3444626.0,5643333.0,2740901.0,18024.0,605357.0,16.94,3.8,,2.21,,81.82,5674913.0,,0.7957568848810034,100.72783265816751
2013,12,PT Bank Perekonomian Rakyat Syariah Unawi Barokah,Kab. Sidoarjo,Provinsi Jawa Timur,620155,3232357.0,1521763.0,0.0,0.0,0.0,0.0,0.0,0.0,,0.0,,103977.0,934643.0,1013611.0,16169.0,,10935.0,0.0,510663.0,0.0,,,475544.0,578357.0,556150.0,0.0,-80656.0,38.35,0.53,,-2.5,,74.15,1530357.0,,,
2013,12,PT. BANK PEREKONOMIAN RAKYAT SYARIAH DINAR ASHRI,Kota Mataram,Provinsi Nusa Tenggara Barat,620104,125048308.0,53168429.0,0.0,200000.0,2126182.0,0.0,0.0,0.0,,0.0,,0.0,70793555.0,16351052.0,596836.0,,2551107.0,0.0,14842124.0,0.0,,,10218041.0,15470848.0,5652704.0,125000.0,3241756.0,30.0,4.24,,4.49,,43.19,64677879.0,,-8.593657692387334,116.10734653727864
2013,12,PT BPRS Gajahtongga KotoPiliang,Kota Sawahlunto,Provinsi Sumatera Barat,620162,13763296.0,11209130.0,0.0,0.0,0.0,0.0,0.0,0.0,,0.0,,7590544.0,0.0,3752000.0,225301.0,,24207.0,0.0,410414.0,0.0,,,2534974.0,2826813.0,2061099.0,0.0,433480.0,20.01,6.72,,3.49,,84.25,2651283.0,,-0.6873833320816837,100.76958758372275
2013,12,PT Bank Perekonomian Rakyat Syariah Botani Bina Rahmah,Kab. Bogor,Provinsi Jawa Barat,620061,14604075.0,6699107.0,0.0,0.0,795868.0,28333.0,1572055.0,0.0,,0.0,,3100149.0,0.0,5115500.0,205176.0,,167986.0,0.0,1815599.0,18625.0,,,1645351.0,2496568.0,1300389.0,0.0,314005.0,32.07,17.56,,1.03,,74.98,4416490.0,,-6.546441998522415,106.99684935942706
2013,12,PT BPRS Bhakti Haji,Kab. Malang,Provinsi Jawa Timur,620048,3349931.0,1737734.0,0.0,163276.0,0.0,0.0,0.0,148500.0,,0.0,,17471.0,2247507.0,458000.0,15954.0,,79.0,0.0,2409.0,0.0,,,518790.0,605028.0,438875.0,1678.0,55174.0,27.0,4.71,,1.6,,63.7,1148023.0,,-7.991553338452736,112.64203778122696
2013,12,PT BPRS Harta Insan Karimah,Kota Tangerang,Provinsi Banten,620012,365798388.0,193079481.0,0.0,1786402.0,288618.0,0.0,665000.0,122006348.0,,0.0,,134227.0,36409704.0,250070820.0,2566016.0,,1250977.0,0.0,28704782.0,0.0,,,32784191.0,59922379.0,18962240.0,342093.0,10006222.0,15.2,3.62,,4.3,,104.0,35759127.0,,-6.168514895786671,106.6333010221693
2013,12,PT Bank Perekonomian Rakyat Syariah Gala Mitra Abadi,Kab. Grobogan,Provinsi Jawa Tengah,620063,5382975.0,3675548.0,0.0,0.0,329887.0,0.0,92864.0,1073383.0,,0.0,,1336713.0,2346.0,3038110.0,1617103.0,,36362.0,0.0,196540.0,0.0,,,592277.0,1362279.0,2134414.0,0.0,-1379547.0,24.38,50.14,,-28.91,,96.82,1621602.0,,-7.088219305964116,110.9101564089674
2013,12,PT Bank Perekonomian Rakyat Syariah Madina Mandiri Sejahtera,Kab. Bantul,Provinsi D.I. Yogyakarta,620118,25577656.0,3803690.0,0.0,234963.0,0.0,8998.0,2104187.0,747500.0,,0.0,,2568167.0,1552249.0,17357800.0,507882.0,,16452.0,0.0,2907201.0,0.0,,,13275060.0,15838349.0,17237124.0,0.0,-3995381.0,7.0,28.52,,-17.05,,32.12,6374736.0,,-6.160825160234478,106.80699763980014
2013,12,PT Bank Perekonomian Rakyat Syariah Artha Pamenang,Kab. Kediri,Provinsi Jawa Timur,620147,28149286.0,18732030.0,0.0,1750691.0,15850.0,0.0,0.0,0.0,,0.0,,180396.0,1129246.0,21771212.0,259101.0,,949719.0,0.0,208933.0,0.0,,,4239856.0,5895869.0,2581892.0,44099.0,1601064.0,15.33,2.34,,72.27,,78.37,6757280.0,,-7.81422235884534,112.0257736866079
2013,12,PT Bank Perekonomian Rakyat Syariah Berkah Dana Fadhlillah (Perseroda),Kab. Kampar,Provinsi Riau,620060,17575651.0,10602247.0,0.0,113055.0,460886.0,0.0,157066.0,0.0,,0.0,,1064809.0,13244566.0,1887400.0,2283897.0,,16965.0,0.0,144657.0,0.0,,,2032656.0,2605913.0,3538809.0,0.0,-1496569.0,12.0,29.08,,-8.51,,57.5,7981311.0,,0.8689938830957369,101.2803342082979
2013,12,PT BANK PEREKONOMIAN RAKYAT SYARIAH SIAK JAYA,Kab. Siak,Provinsi Riau,620189,,,,,,,,,,,,,,,,,,,,,,,,,,,,,,,,,,,,0.6271089398798741,101.56683647826335
2013,12,PT Bank Perekonomian Rakyat Syariah Al Hijrah Thayibah,Kab. Malang,Provinsi Jawa Timur,620198,,,,,,,,,,,,,,,,,,,,,,,,,,,,,,,,,,,,-7.974001944706607,112.6341027425821
2013,12,PT. BPRS Artha Mas Abadi,Kab. Pati,Provinsi Jawa Tengah,620100,16232808.0,8184405.0,0.0,18166.0,28500.0,0.0,77250.0,5287210.0,,0.0,,4200640.0,256632.0,3662700.0,422340.0,,7108.0,0.0,6256636.0,0.0,,,3062099.0,3839386.0,2297569.0,18191.0,618499.0,14.41,7.4,,5.08,,112.39,2637526.0,,-6.770220705556133,111.02002545693522
2013,12,PT Bank Perekonomian Rakyat Syariah Amanah Ummah,Kab. Bogor,Provinsi Jawa Barat,620004,128954212.0,90524306.0,2016737.0,191098.0,2803448.0,795771.0,40000.0,500000.0,,0.0,,76982736.0,1843135.0,35548086.0,1759548.0,,74933.0,0.0,3354298.0,0.0,,,15922961.0,19507250.0,11868719.0,280420.0,3062739.0,12.69,0.7,,3.53,,76.93,31862603.0,,-6.547796294132246,107.00834446079764
2013,12,PT Bank Perekonomian Rakyat Syariah Almadinah Tasikmalaya Perseroda,Kota Tasikmalaya,Provinsi Jawa Barat,620156,16445203.0,13909813.0,0.0,0.0,0.0,0.0,0.0,394000.0,,0.0,,853644.0,1602757.0,1223100.0,99530.0,,52205.0,0.0,8297506.0,13306.0,,,1983419.0,3203595.0,1353755.0,0.0,500633.0,40.0,1.65,,3.0,,389.0,1469836.0,,-7.3283420052585,108.22977779026246
2013,12,PT Bank Perekonomian Rakyat Syariah Saruma Sejahtera Halmahera Selatan,Kab. Halmahera Selatan,Provinsi Maluku Utara,620182,,,,,,,,,,,,,,,,,,,,,,,,,,,,,,,,,,,,,
2013,12,PT BPRS Bumi Rinjani Probolinggo,Kab. Probolinggo,Provinsi Jawa Timur,620105,13853985.0,6991180.0,0.0,0.0,0.0,0.0,0.0,3613350.0,,26200.0,,166205.0,1143361.0,2927000.0,394535.0,,12411.0,0.0,8097666.0,0.0,,,2376345.0,3385480.0,2353101.0,1142.0,7257.0,14.97,8.51,,0.0,,2.0,2446908.0,,,
2013,12,PT Bank Perekonomian Rakyat Syariah Amanah Insan Cita,Kab. Deli Serdang,Provinsi Sumatera Utara,620145,8265723.0,6375624.0,0.0,0.0,0.0,24988.0,302000.0,0.0,,0.0,,1338239.0,0.0,4389450.0,39312.0,,9082.0,0.0,525694.0,0.0,,,1119473.0,1601262.0,818828.0,0.0,275465.0,27.44,0.0,,4.49,,84.51,1339480.0,,,
2014,12,PT Bank Perekonomian Rakyat Syariah Harta Insan Karimah Mitra Cahaya Indonesia,Kab. Sleman,Provinsi D.I. Yogyakarta,620133,8864247.0,2392623.0,0.0,199219.0,0.0,0.0,1634689.0,719890.0,,0.0,,444322.0,666469.0,6899550.0,222856.0,,9762.0,0.0,82600.0,0.0,,,909136.0,1774535.0,1646062.0,0.0,-748461.0,14.08,20.91,,-7.05,,61.75,2875599.0,,,
2014,12,PT Bank Perekonomian Rakyat Syariah Dana Hidayatullah,Kota Yogyakarta,Provinsi D.I. Yogyakarta,620107,,,,,,,,,,,,,,,,,,,,,,,,,,,,,,,,,,,,-7.805830145091572,110.3718318454461
2014,12,PT Bank Perekonomian Rakyat Syariah Mandiri Mitra Sukses,Kab. Gresik,Provinsi Jawa Timur,620126,34345376.0,12198832.0,0.0,0.0,0.0,0.0,0.0,15388500.0,,0.0,,890190.0,7489614.0,12830000.0,190951.0,,353471.0,0.0,9671870.0,0.0,,,4278399.0,6435536.0,4316960.0,0.0,25231.0,15.49,1.98,,0.01,,81.58,3861264.0,,-7.1749772829692935,112.65847748596217
2014,12,PT BANK PEREKONOMIAN RAKYAT ARTHA MADANI,Kota Bekasi,Provinsi Jawa Barat,620088,104359017.0,80038125.0,0.0,0.0,180181.0,0.0,0.0,7260000.0,,0.0,,17668492.0,172833.0,24599372.0,1463678.0,,1384321.0,0.0,48394169.0,0.0,,,16093973.0,24572023.0,9975005.0,117496.0,6001472.0,15.0,3.89,,5.75,,96.93,11696306.0,,-6.235802486784483,106.99167237097036
2014,12,PT Bank Perekonomian Rakyat Syariah Mitra Harmoni Kota Bandung,Kota Bandung,Provinsi Jawa Barat,620161,9174874.0,7826541.0,0.0,0.0,0.0,0.0,0.0,0.0,,0.0,,1526751.0,224849.0,2845000.0,62980.0,,79293.0,0.0,3362717.0,0.0,,,1423542.0,1807985.0,1561424.0,0.0,-157329.0,15.0,3.41,,-1.71,,86.38,1197285.0,,-6.930306124913997,107.60122007641682
2014,12,PT Bank Perekonomian Rakyat Syariah Mitra Harmoni Kota Bandung,Kota Bandung,Provinsi Jawa Barat,620161,9174874.0,7826541.0,0.0,0.0,0.0,0.0,0.0,0.0,,0.0,,1526751.0,224849.0,2845000.0,62980.0,,79293.0,0.0,3362717.0,0.0,,,1423542.0,1807985.0,1561424.0,0.0,-157329.0,15.0,3.41,,-1.71,,86.38,1197285.0,,-6.605274910968337,106.787676963878
2014,12,PT Bank Perekonomian Rakyat Syariah Mitra Harmoni Yogyakarta,Kota Yogyakarta,Provinsi D.I. Yogyakarta,620149,16082021.0,12917396.0,0.0,7427.0,0.0,0.0,42500.0,0.0,,0.0,,1800385.0,1492961.0,9956000.0,98340.0,,41239.0,0.0,1208355.0,0.0,,,2011495.0,3076301.0,1826135.0,0.0,148036.0,12.59,3.34,,1.25,,90.03,2474498.0,,-7.803051873506947,110.36402782968446
2014,12,PT Bank Perekonomian Rakyat Syariah Bangun Arta,Kab. Cilacap,Provinsi Jawa Tengah,620195,,,,,,,,,,,,,,,,,,,,,,,,,,,,,,,,,,,,-7.720557123602994,109.02471707185968
2014,12,PT Bank Perekonomian Rakyat Syariah Dana Amanah Surakarta,Kota Surakarta/Solo,Provinsi Jawa Tengah,620125,8566881.0,3665850.0,91904.0,1424358.0,3768.0,172231.0,180842.0,248885.0,,0.0,,1612693.0,15704.0,3771500.0,145390.0,,10135.0,0.0,2326520.0,0.0,,,914651.0,1632538.0,893756.0,0.0,12430.0,15.0,11.93,,0.15,,100.97,2707838.0,,-7.582281788876442,110.82735174142871
2014,12,PT Bank Perekonomian Rakyat Syariah Dharma Kuwera,Kab. Klaten,Provinsi Jawa Tengah,620159,,,,,,,,,,,,,,,,,,,,,,,,,,,,,,,,,,,,,
2014,12,PT Bank Perekonomian Rakyat Syariah Hikmah Bahari,Kota Tegal,Provinsi Jawa Tengah,620174,,,,,,,,,,,,,,,,,,,,,,,,,,,,,,,,,,,,-6.861973262113324,109.13573876794256
2014,12,PT Bank Perekonomian Rakyat Syariah Formes Sleman,Kab. Sleman,Provinsi D.I. Yogyakarta,620136,24816572.0,14486388.0,0.0,1283896.0,8951.0,0.0,502445.0,682143.0,,0.0,,1638002.0,5436956.0,10481200.0,240047.0,,232406.0,0.0,4587695.0,0.0,,,2267133.0,4086538.0,1954480.0,0.0,270444.0,12.78,4.86,,1.32,,96.62,5631540.0,,,
2014,12,PT Bank Perekonomian Rakyat Syariah Kedung Arto,Kota Semarang,Provinsi Jawa Tengah,620191,,,,,,,,,,,,,,,,,,,,,,,,,,,,,,,,,,,,-6.984249050778415,110.4263886103255
2014,12,PT Bank Perekonomian Rakyat Syariah Alsalaam Amal Salman,Kota Depok,Provinsi Jawa Barat,620101,,,,,,,,,,,,,,,,,,,,,,,,,,,,,,,,,,,,-6.416217509745828,106.80751636393872
2014,12,PT Bank Perekonomian Rakyat Syariah Alhijrah Amanah,Kota Depok,Provinsi Jawa Barat,620062,7716021.0,5024877.0,0.0,113659.0,111404.0,0.0,96349.0,178000.0,,0.0,,1710666.0,0.0,1322348.0,149356.0,,107634.0,0.0,2241175.0,0.0,,,1095618.0,1520212.0,1026193.0,0.0,54328.0,35.0,25.3,,-5.56,,105.98,1689243.0,,-6.4012211998367325,106.81183657113324
2014,12,PT BPRS Bina Finansia,Kota Semarang,Provinsi Jawa Tengah,620102,19585182.0,14770081.0,0.0,584836.0,11111.0,0.0,5870.0,0.0,,0.0,,0.0,7552424.0,8735880.0,293681.0,,115289.0,0.0,846252.0,0.0,,,2053694.0,3312760.0,1740323.0,0.0,279587.0,14.23,9.42,,1.58,,79.27,2758029.0,,-6.984027795058197,110.415867283899
2014,12,PT Bank Perekonomian Rakyat Syariah Danagung Syariah,Kab. Sleman,Provinsi D.I. Yogyakarta,620128,22899934.0,11827131.0,0.0,1094997.0,60890.0,0.0,393996.0,3281743.0,,0.0,,1571054.0,277376.0,15014450.0,163804.0,,44235.0,0.0,2993160.0,0.0,,,2564266.0,3988483.0,1741464.0,0.0,803053.0,15.95,0.0,,4.3,,77.23,5551819.0,,,
2014,12,PT Bank Perekonomian Rakyat Syariah Dana Mulia,Kota Surakarta/Solo,Provinsi Jawa Tengah,620122,17302077.0,8155577.0,0.0,736037.0,18000.0,819.0,0.0,3131275.0,,0.0,,4842798.0,2716820.0,5914377.0,727333.0,,16412.0,0.0,2058629.0,493458.0,,,713010.0,2275296.0,1748064.0,1500.0,-1040417.0,10.93,52.69,,5.85,,79.08,4002753.0,,-7.5721076896369475,110.81636511954429
2014,12,PT Bank Perekonomian Rakyat Syariah PNM Mentari,Kab. Garut,Provinsi Jawa Barat,620008,,,,,,,,,,,,,,,,,,,,,,,,,,,,,,,,,,,,-7.195611181584734,107.90948097277126
2014,12,PT Bank Perekonomian Rakyat Syariah Harta Insan Karimah Parahyangan,Kab. Bandung,Provinsi Jawa Barat,620054,478302784.0,411220929.0,0.0,0.0,1109081.0,0.0,360000.0,3840000.0,,0.0,,28934756.0,243329.0,69853600.0,7021509.0,,7366697.0,0.0,320773810.0,925089.0,,,55555548.0,97645621.0,37787660.0,420000.0,12852504.0,12.17,2.05,,4.2,,102.07,48624989.0,,-6.965455511896712,107.55659356508802
2014,12,PT Bank Perekonomian Rakyat Syariah Baiturridha Pusaka,Kota Bogor,Provinsi Jawa Barat,620011,56830553.0,5401991.0,0.0,37314196.0,506500.0,0.0,512625.0,320833.0,,0.0,,5739720.0,2202565.0,8441784.0,459490.0,,447931.0,0.0,27748123.0,0.0,,,9805981.0,13381905.0,6012822.0,0.0,2905046.0,23.59,0.59,,6.86,,81.13,9521649.0,,-6.926057921061269,107.60382508821964
2014,12,PT Bank Perekonomian Rakyat Syariah Baiturridha Pusaka,Kota Bogor,Provinsi Jawa Barat,620011,56830553.0,5401991.0,0.0,37314196.0,506500.0,0.0,512625.0,320833.0,,0.0,,5739720.0,2202565.0,8441784.0,459490.0,,447931.0,0.0,27748123.0,0.0,,,9805981.0,13381905.0,6012822.0,0.0,2905046.0,23.59,0.59,,6.86,,81.13,9521649.0,,-6.5950591985824625,106.79485467015364
2014,12,PT. BPRS Mitra Harmoni Kota Semarang,Kota Semarang,Provinsi Jawa Tengah,620151,10341072.0,8471655.0,0.0,211384.0,0.0,0.0,0.0,0.0,,0.0,,604316.0,410698.0,3793200.0,60939.0,,96679.0,0.0,4254354.0,0.0,,,1554136.0,2079034.0,1449755.0,0.0,74534.0,13.09,2.82,,0.92,,127.64,1133771.0,,-6.989034701457653,110.42390375172975
2014,12,PT Bank Perekonomian Rakyat Syariah Bumi Artha Sampang,Kab. Cilacap,Provinsi Jawa Tengah,620112,21127169.0,15056651.0,0.0,0.0,0.0,0.0,1322500.0,633333.0,,0.0,,5531435.0,2915104.0,8353200.0,331708.0,,184105.0,0.0,967972.0,0.0,,,3335350.0,4332076.0,2670055.0,0.0,626018.0,19.0,7.74,,3.37,,101.27,3975470.0,,-7.709897309774618,109.02363619954758
2014,12,PT Bank Perekonomian Rakyat Syariah Meru Nusantara Mandiri,Kab. Magelang,Provinsi Jawa Tengah,620143,8740136.0,4368142.0,0.0,629182.0,31000.0,0.0,493350.0,80000.0,,0.0,,333546.0,2001002.0,5220520.0,98448.0,,9292.0,0.0,312430.0,0.0,,,1086197.0,1603765.0,1131933.0,0.0,-68013.0,15.68,16.25,,-0.67,,71.26,2830286.0,,-7.483143805876312,110.21226325844997
2014,12,PT BPRS Hidayah,Wil. Kota Jakarta Barat,Provinsi DKI Jakarta,620119,11366519.0,6593470.0,0.0,0.0,0.0,0.0,2777439.0,0.0,,0.0,,0.0,0.0,0.0,568481.0,,0.0,0.0,9267356.0,0.0,,,832088.0,1036016.0,2211919.0,0.0,-1253800.0,28.94,54.82,,-11.03,,70.63,2444072.0,,,
2014,12,PT BPRS Berkah Amal Salman,Kota Bandung,Provinsi Jawa Barat,620001,,,,,,,,,,,,,,,,,,,,,,,,,,,,,,,,,,,,-6.918139601318028,107.60647461822626
2014,12,PT BPRS Berkah Amal Salman,Kota Bandung,Provinsi Jawa Barat,620001,,,,,,,,,,,,,,,,,,,,,,,,,,,,,,,,,,,,-6.600064385549815,106.7999819599572
2014,12,PT Bank Perekonomian Rakyat Syariah Almasoem,Kab. Bandung,Provinsi Jawa Barat,620027,,,,,,,,,,,,,,,,,,,,,,,,,,,,,,,,,,,,-6.97009496632967,107.54174350568084
2014,12,PT Bank Perekonomian Rakyat Syariah Amanah Rabbaniah,Kab. Bandung,Provinsi Jawa Barat,620002,33002488.0,18309214.0,0.0,5496144.0,770312.0,0.0,0.0,808898.0,,0.0,,8894083.0,541709.0,18091700.0,777772.0,,248529.0,0.0,1875442.0,0.0,,,5105824.0,7045460.0,3967492.0,12000.0,1031287.0,,,,,,,7269123.0,,-6.981512329239818,107.54983972422548
2014,12,PT Bank Perekonomian Rakyat Syariah Albarokah,Kota Depok,Provinsi Jawa Barat,620053,11721230.0,8310493.0,0.0,0.0,197988.0,0.0,556896.0,0.0,,0.0,,9297.0,903199.0,6833195.0,142600.0,,474917.0,0.0,0.0,0.0,,,1740834.0,2662464.0,1258998.0,0.0,465544.0,34.0,10.62,,4.91,,71.88,2267553.0,,-6.414286608555458,106.82408456386716
2014,12,PT Bank Perekonomian Rakyat Syariah Bangun Drajat Warga,Kab. Bantul,Provinsi D.I. Yogyakarta,620018,53909789.0,21083861.0,0.0,329687.0,18629.0,175176.0,9452971.0,2355379.0,,0.0,,15350676.0,15028900.0,13250005.0,706780.0,,33483.0,0.0,3649103.0,0.0,,,4678120.0,6103885.0,3388443.0,29883.0,1118447.0,17.86,12.34,,4.46,,76.59,18892013.0,,-6.162883175978525,106.8097490702202
2014,12,PT Bank Perekonomian Rakyat Syariah Baktimakmur Indah,Kab. Sidoarjo,Provinsi Jawa Timur,620022,142773806.0,44988340.0,0.0,1251833.0,312648.0,46667.0,0.0,76276387.0,,0.0,,7161724.0,44996792.0,27916555.0,2050875.0,,186026.0,0.0,41557318.0,0.0,,,17518218.0,25201354.0,12020776.0,137932.0,4330570.0,40.02,10.28,,4.09,,89.72,18885816.0,,,
2014,12,PT. BPRS Ikhsanul Amal,Kab. Kebumen,Provinsi Jawa Tengah,620047,8831265.0,5334761.0,0.0,0.0,0.0,0.0,116667.0,1114559.0,,0.0,,0.0,4149517.0,2070500.0,523865.0,,3635.0,0.0,530245.0,123108.0,,,1078534.0,1430067.0,1447989.0,1500.0,-298455.0,29.0,9.31,,-3.31,,76.16,2064463.0,,-7.7499614325424,109.74028135566994
2014,12,PT BPRS Berkah Amal Salman,Kota Bogor,Provinsi Jawa Barat,620001,,,,,,,,,,,,,,,,,,,,,,,,,,,,,,,,,,,,-6.918139601318028,107.60647461822626
2014,12,PT BPRS Berkah Amal Salman,Kota Bogor,Provinsi Jawa Barat,620001,,,,,,,,,,,,,,,,,,,,,,,,,,,,,,,,,,,,-6.600064385549815,106.7999819599572
2014,12,PT Bank Perekonomian Rakyat Syariah Gaido Indonesia,Kab. Cianjur,Provinsi Jawa Barat,620043,,,,,,,,,,,,,,,,,,,,,,,,,,,,7.0,11.27,,3.5,,166.0,,,-6.563150818639635,106.73146469181188
2014,12,PT Bank Perekonomian Rakyat Syariah Annisa Mukti,Kab. Sidoarjo,Provinsi Jawa Timur,620135,8355503.0,6106343.0,0.0,0.0,0.0,0.0,0.0,564000.0,,0.0,,0.0,1211849.0,2261900.0,72420.0,,51294.0,0.0,2039070.0,0.0,,,1919313.0,2454936.0,1418924.0,8090.0,451080.0,40.88,1.07,,5.58,,192.02,1381621.0,,,
2014,12,PT Bank Perekonomian Rakyat Syariah Harta Insan Karimah Cibitung,Kota Bekasi,Provinsi Jawa Barat,620020,96464545.0,73886254.0,0.0,0.0,0.0,0.0,0.0,3170000.0,,0.0,,17872272.0,474027.0,26592184.0,1685793.0,,2405891.0,0.0,37292279.0,0.0,,,13282895.0,20555476.0,8029307.0,112500.0,4415792.0,,,,,,,19460838.0,,-6.225695831277773,106.98845203769474
2014,12,PT Bank Perekonomian Rakyat Syariah Barokah Dana Sejahtera,Kota Yogyakarta,Provinsi D.I. Yogyakarta,620115,56956440.0,20654660.0,0.0,1968469.0,521278.0,0.0,248405.0,14671690.0,,0.0,,8879394.0,6330664.0,26231250.0,486001.0,,404551.0,0.0,10047959.0,0.0,,,4299174.0,7861323.0,3300004.0,0.0,1171640.0,12.74,4.8,,2.52,,91.85,16373270.0,,-7.808951498748443,110.36881342877136
2014,12,PT Bank Perekonomian Rakyat Syariah Margirizki Bahagia,Kab. Bantul,Provinsi D.I. Yogyakarta,620017,42751494.0,24954003.0,0.0,192918.0,0.0,0.0,2441266.0,2459076.0,,0.0,,4456039.0,2731059.0,22518400.0,337886.0,,54031.0,0.0,4070161.0,4861110.0,,,3870913.0,6623925.0,2679703.0,0.0,1048254.0,11.03,4.45,,4.21,,90.0,11318207.0,,-6.173931205857998,106.82055050685378
2014,12,PT Bank Perekonomian Rakyat Syariah Almabrur Klaten,Kab. Klaten,Provinsi Jawa Tengah,620142,18564573.0,11661205.0,0.0,922417.0,0.0,20964.0,0.0,235278.0,,0.0,,455.0,5015671.0,10995850.0,173025.0,,32343.0,0.0,529931.0,0.0,,,1873241.0,3116498.0,1496636.0,9029.0,348302.0,16.0,6.75,,2.27,,69.88,5580383.0,,,
2014,12,PT Bank Perekonomian Rakyat Syariah Unawi Barokah,Kab. Sidoarjo,Provinsi Jawa Timur,620155,3412195.0,1366428.0,0.0,0.0,0.0,0.0,0.0,0.0,,0.0,,24579.0,779453.0,666111.0,16410.0,,13224.0,0.0,1328410.0,0.0,,,463153.0,605470.0,512393.0,0.0,-58110.0,36.73,2.27,,-2.25,,92.95,1937314.0,,,
2014,12,PT Bank Perekonomian Rakyat Syariah Buana Mitra Perwira,Kab. Purbalingga,Provinsi Jawa Tengah,620083,71035545.0,27760568.0,0.0,4072371.0,0.0,0.0,0.0,16057314.0,,0.0,,26053836.0,5528278.0,24615175.0,395683.0,,521512.0,0.0,4003317.0,3666664.0,,,7640024.0,10494991.0,5916915.0,0.0,1472405.0,15.0,2.72,,2.62,,80.39,20425289.0,,-7.38620934652322,109.3482136658594
2014,12,PT. BPRS Cilegon Mandiri,Kota Cilegon,Provinsi Banten,620080,87121822.0,39806917.0,10562497.0,5283528.0,135000.0,79248.0,0.0,9737805.0,,0.0,,7018982.0,5842323.0,8855928.0,2246288.0,,740431.0,0.0,924094.0,0.0,,,12156419.0,13178818.0,7623884.0,167787.0,5644210.0,90.78,9.15,,23.58,,301.72,10484905.0,,-6.0121840147933305,106.06249216016823
2014,12,PT Bank Perekonomian Rakyat Syariah Hijra Alami,Wil. Kota Jakarta Selatan,Provinsi DKI Jakarta,620138,16018888.0,7623718.0,0.0,1480566.0,500000.0,0.0,0.0,1774130.0,,0.0,,876590.0,255511.0,9055042.0,230529.0,,31696.0,0.0,2698171.0,0.0,,,2125592.0,3224694.0,1504908.0,0.0,583889.0,23.0,9.68,,3.85,,105.0,4226073.0,,,
2014,12,PT BPRS Bogor Tegar Beriman,Kab. Bogor,Provinsi Jawa Barat,620177,,,,,,,,,,,,,,,,,,,,,,,,,,,,,,,,,,,,-6.552632627212006,107.00079770326322
2014,12,PT Bank Perekonomian Rakyat Syariah Sampang Perseroda,Kab. Sampang,Provinsi Jawa Timur,620166,,,,,,,,,,,,,,,,,,,,,,,,,,,,,,,,,,,,-7.177646641310815,113.22928610732424
2014,12,PT Bank Perekonomian Rakyat Syariah Unisia Insan Indonesia,Kota Yogyakarta,Provinsi D.I. Yogyakarta,620178,,,,,,,,,,,,,,,,,,,,,,,,,,,,,,,,,,,,-7.811119305839534,110.36108720090904
2014,12,PT Bank Perekonomian Rakyat Syariah Lantabur Tebuireng,Kab. Jombang,Provinsi Jawa Timur,620098,63797445.0,44247193.0,0.0,1329612.0,24501.0,0.0,170000.0,569000.0,,0.0,,1341030.0,35320469.0,20496046.0,747534.0,,5655.0,0.0,705164.0,0.0,,,6648143.0,9655827.0,4365687.0,50138.0,2010394.0,11.0,8.21,,3.71,,81.07,16472479.0,,-7.593963133811971,112.26493196168056
2014,12,PT BPRS Artha Surya Barokah,Kota Semarang,Provinsi Jawa Tengah,620084,47045203.0,20397240.0,0.0,824918.0,429657.0,0.0,1345028.0,6456738.0,,0.0,,19182515.0,115941.0,15275950.0,430359.0,,395125.0,0.0,6209327.0,0.0,,,5601830.0,7058846.0,3345026.0,55756.0,1902665.0,14.68,4.58,,5.31,,85.19,11654500.0,,-6.992447596736079,110.42988872705932
2014,12,PT Bank Perekonomian Rakyat Syariah Harum Hikmahnugraha,Kab. Garut,Provinsi Jawa Barat,620029,,,,,,,,,,,,,,,,,,,,,,,,,,,,,,,,,,,,-7.201021164642222,107.90284024114014
2014,12,PT Bank Perekonomian Rakyat Syariah Al Ihsan,Kab. Bandung,Provinsi Jawa Barat,620044,5450242.0,1927024.0,0.0,1144729.0,187290.0,0.0,0.0,80321.0,,0.0,,3492494.0,0.0,1289500.0,181253.0,,14390.0,0.0,19465.0,31612.0,,,1063380.0,1159656.0,1003390.0,0.0,90272.0,18.0,11.27,,1.44,,62.7,2147059.0,,-6.971851712893827,107.5425031409888
2014,12,PT BPRS Bhakti Haji,Kab. Malang,Provinsi Jawa Timur,620048,3313329.0,1784490.0,0.0,328407.0,0.0,0.0,0.0,308000.0,,0.0,,13420.0,1761737.0,468000.0,34991.0,,3944.0,0.0,19661.0,0.0,,,600078.0,689048.0,596211.0,0.0,-15518.0,44.0,11.28,,0.0,,88.0,758534.0,,-7.991553338452736,112.64203778122696
2014,12,PT Bank Perekonomian Rakyat Syariah Bumi Rinjani Kepanjen,Kab. Malang,Provinsi Jawa Timur,620106,,,,,,,,,,,,,,,,,,,,,,,,,,,,,,,,,,,,-7.986689742538544,112.63775505887186
2014,12,PT Bank Perekonomian Rakyat Syariah Musyarakah Ummat Indonesia,Kota Tangerang,Provinsi Banten,620007,7283179.0,2785677.0,0.0,0.0,52949.0,0.0,149100.0,1739500.0,,0.0,,156272.0,485301.0,4896115.0,16784.0,,17397.0,0.0,29835.0,0.0,,,1009986.0,1204896.0,957948.0,0.0,60268.0,31.6,15.48,,0.83,,61.67,1777734.0,,-6.17429154031784,106.64290706543798
2014,12,PT Bank Perekonomian Rakyat Syariah Botani Bina Rahmah,Kab. Bogor,Provinsi Jawa Barat,620061,,,,,,,,,,,,,,,,,,,,,,,,,,,,,,,,,,,,-6.546441998522415,106.99684935942706
2014,12,PT Bank Perekonomian Rakyat Syariah Alwadiah,Kota Tasikmalaya,Provinsi Jawa Barat,620037,25870285.0,20053761.0,0.0,0.0,0.0,0.0,23862.0,1400000.0,,0.0,,385230.0,6291103.0,11570899.0,393482.0,,74104.0,0.0,1685270.0,0.0,,,3742413.0,4946727.0,1660659.0,0.0,2008846.0,86.57,4.36,,7.77,,117.7,4089070.0,,-7.31950171379176,108.2182123272616
2014,12,PT BPRS SHADIQ AMANAH,Kota Cimahi,Provinsi Jawa Barat,620019,149732152.0,113969009.0,0.0,13664514.0,294361.0,0.0,0.0,0.0,,0.0,,6951410.0,0.0,142790868.0,13941669.0,,685885.0,0.0,2699567.0,0.0,,,40849668.0,56931505.0,66924794.0,0.0,-26283325.0,0.0,47.41,,-34.82,,91.21,24189515.0,,-6.863473787610629,107.53563110990164
2014,12,PT. BPRS Asad Alif,Kab. Kendal,Provinsi Jawa Tengah,620070,12260677.0,8133265.0,0.0,0.0,0.0,0.0,0.0,838469.0,,0.0,,48697.0,5902815.0,3358800.0,216604.0,,0.0,0.0,1118068.0,0.0,,,1897313.0,2485147.0,1457904.0,26459.0,412507.0,15.7,23.31,,0.34,,59.0,3097094.0,,,
2014,12,PT Bank Perekonomian Rakyat Syariah Rizky Barokah,Kota Tangerang Selatan,Provinsi Banten,620199,,,,,,,,,,,,,,,,,,,,,,,,,,,,,,,,,,,,-6.320385744555436,106.69864713138224
2014,12,PT Bank Perekonomian Rakyat Syariah Harta Insan Karimah Jawa Tengah,Kab. Banyumas,Provinsi Jawa Tengah,620089,10579329.0,3503559.0,0.0,482448.0,118761.0,50770.0,0.0,3354556.0,,0.0,,2147962.0,43636.0,3858700.0,117271.0,,13129.0,0.0,3733697.0,0.0,,,1459607.0,2332965.0,1801427.0,0.0,-368171.0,,,,,,,2436962.0,,-7.445092454041309,109.33485862481956
2014,12,PT Bank Perekonomian Rakyat Syariah Al Hijrah Thayibah,Kab. Malang,Provinsi Jawa Timur,620198,,,,,,,,,,,,,,,,,,,,,,,,,,,,,,,,,,,,-7.974001944706607,112.6341027425821
2014,12,PT BPRS Saka Dana Mulia,Kab. Kudus,Provinsi Jawa Tengah,620167,6106648.0,2564993.0,0.0,0.0,0.0,0.0,0.0,608000.0,,0.0,,2214016.0,0.0,405500.0,95897.0,,4318.0,0.0,1766438.0,0.0,,,749459.0,783896.0,828548.0,0.0,-80319.0,52.96,4.99,,-5.1,,73.31,2757566.0,,-6.752673980908147,111.02119203015354
2014,12,PT Bank Perekonomian Rakyat Syariah Patriot Bekasi Perseroda,Kota Bekasi,Provinsi Jawa Barat,620108,35546667.0,22727874.0,0.0,3438657.0,29797.0,0.0,0.0,3913925.0,,0.0,,4362560.0,805080.0,6830800.0,1694727.0,,25211.0,0.0,6276353.0,0.0,,,5349852.0,5885818.0,3947668.0,0.0,1437740.0,73.94,9.89,,4.68,,216.42,4727767.0,,-6.2278728540382104,107.00170463692426
2014,12,PT Bank Perekonomian Rakyat Syariah Artha Amanah Ummat,Kab. Semarang,Provinsi Jawa Tengah,620116,14053877.0,9233923.0,0.0,1067805.0,22000.0,0.0,73053.0,496996.0,,0.0,,128352.0,2901987.0,6660900.0,176066.0,,13354.0,0.0,2881388.0,0.0,,,1464748.0,2386913.0,1008215.0,10946.0,403008.0,14.01,4.28,,3.38,,114.06,2954534.0,,-7.138606830428244,110.40957996108703
2014,12,PT Bank Perekonomian Rakyat Syariah Bhakti Sumekar Perseroda,Kab. Sumenep,Provinsi Jawa Timur,620085,412435639.0,259559488.0,0.0,0.0,25501010.0,0.0,2198450.0,5615000.0,,0.0,,62451508.0,320428.0,103958128.0,2665199.0,,707730.0,0.0,148263100.0,9722222.0,,,34095215.0,53706231.0,20252461.0,0.0,11769950.0,46.91,1.24,,4.67,,78.24,109446669.0,,,
2014,12,PT Bank Perekonomian Rakyat Syariah Mitra Harmoni Kota Bandung,Kota Bogor,Provinsi Jawa Barat,620161,9174874.0,7826541.0,0.0,0.0,0.0,0.0,0.0,0.0,,0.0,,1526751.0,224849.0,2845000.0,62980.0,,79293.0,0.0,3362717.0,0.0,,,1423542.0,1807985.0,1561424.0,0.0,-157329.0,15.0,3.41,,-1.71,,86.38,1197285.0,,-6.930306124913997,107.60122007641682
2014,12,PT Bank Perekonomian Rakyat Syariah Mitra Harmoni Kota Bandung,Kota Bogor,Provinsi Jawa Barat,620161,9174874.0,7826541.0,0.0,0.0,0.0,0.0,0.0,0.0,,0.0,,1526751.0,224849.0,2845000.0,62980.0,,79293.0,0.0,3362717.0,0.0,,,1423542.0,1807985.0,1561424.0,0.0,-157329.0,15.0,3.41,,-1.71,,86.38,1197285.0,,-6.605274910968337,106.787676963878
2014,12,PT. BPRS Rif'atul Ummah,Kab. Bogor,Provinsi Jawa Barat,620068,7449459.0,3674941.0,266266.0,0.0,760501.0,642585.0,0.0,10392.0,,0.0,,1368339.0,0.0,1350160.0,80852.0,,76621.0,0.0,2411156.0,0.0,,,1213253.0,1443045.0,876936.0,0.0,313829.0,0.0,18.28,,0.0,,0.0,848225.0,,-6.544725297552011,107.0028264990046
2014,12,PT Bank Perekonomian Rakyat Syariah Gunung Slamet,Kab. Banyumas,Provinsi Jawa Tengah,620146,35354100.0,23872000.0,0.0,2202139.0,325000.0,0.0,955000.0,2168745.0,,0.0,,3701913.0,108673.0,23532000.0,185225.0,,108906.0,0.0,2391066.0,2783364.0,,,2638176.0,5482807.0,2050632.0,0.0,550150.0,12.0,0.57,,1.97,,107.97,5693402.0,,-7.437522556194236,109.32557212705542
2014,12,PT. BPRS Artha Mas Abadi,Kab. Pati,Provinsi Jawa Tengah,620100,19022323.0,10092398.0,0.0,20750.0,34800.0,0.0,0.0,5947730.0,,0.0,,5112169.0,410752.0,5179400.0,333476.0,,28096.0,0.0,5944465.0,0.0,,,3759990.0,4667575.0,2779863.0,23899.0,932048.0,14.19,6.29,,5.58,,155.58,2519219.0,,-6.770220705556133,111.02002545693522
2014,12,PT Bank Perekonomian Rakyat Syariah Almadinah Tasikmalaya Perseroda,Kota Tasikmalaya,Provinsi Jawa Barat,620156,20341286.0,18332535.0,0.0,74588.0,0.0,0.0,0.0,395900.0,,0.0,,1202751.0,1627953.0,2226400.0,143310.0,,4451.0,0.0,10630360.0,28688.0,,,2456192.0,3955461.0,1742017.0,0.0,615495.0,34.0,4.9,,3.03,,93.88,918567.0,,-7.3283420052585,108.22977779026246
2014,12,PT Bank Perekonomian Rakyat Syariah Suriyah,Kab. Cilacap,Provinsi Jawa Tengah,620086,78012833.0,45615454.0,13105.0,1688053.0,799500.0,241637.0,1487292.0,7505322.0,,0.0,,19465188.0,1143319.0,37170045.0,1118452.0,,818007.0,0.0,8876026.0,2916666.0,,,7431022.0,12064080.0,5404574.0,0.0,1602094.0,13.38,4.01,,2.54,,82.91,20279396.0,,-7.720360645096571,109.02261136336097
2014,12,PT Bank Perekonomian Rakyat Syariah Gala Mitra Abadi,Kab. Grobogan,Provinsi Jawa Tengah,620063,5549011.0,3514785.0,0.0,0.0,73605.0,0.0,50000.0,515643.0,,0.0,,932839.0,13842.0,3047810.0,291123.0,,50892.0,0.0,324183.0,0.0,,,1171159.0,1620692.0,737100.0,0.0,413871.0,27.48,23.9,,11.42,,78.81,1585151.0,,-7.088219305964116,110.9101564089674
2014,12,PT. BPRS Gotong Royong,Kota Sukabumi,Provinsi Jawa Barat,620172,8768953.0,6388682.0,0.0,958434.0,136782.0,52500.0,0.0,0.0,,0.0,,874843.0,61145.0,2059101.0,52903.0,,109181.0,0.0,708167.0,1177500.0,,,973733.0,1057684.0,2195612.0,0.0,-1220984.0,54.13,0.0,,-12.0,,111.25,784706.0,,-6.553534544317955,107.7543397767086
2014,12,PT. BPRS Gotong Royong,Kota Sukabumi,Provinsi Jawa Barat,620172,8768953.0,6388682.0,0.0,958434.0,136782.0,52500.0,0.0,0.0,,0.0,,874843.0,61145.0,2059101.0,52903.0,,109181.0,0.0,708167.0,1177500.0,,,973733.0,1057684.0,2195612.0,0.0,-1220984.0,54.13,0.0,,-12.0,,111.25,784706.0,,-6.916774443100237,106.9293590384548
2014,12,PT Bank Perekonomian Rakyat Syariah Riyal Irsyadi,Kota Bekasi,Provinsi Jawa Barat,620005,45205438.0,34574284.0,0.0,0.0,0.0,0.0,154500.0,0.0,,0.0,,6194382.0,10785.0,20940900.0,1110873.0,,128459.0,0.0,13973683.0,0.0,,,5466066.0,9782337.0,4146389.0,0.0,1031085.0,15.06,13.79,,2.92,,85.66,9848548.0,,-6.225147459974553,106.99631349110932
2014,12,PT Bank Perekonomian Rakyat Syariah Amanah Ummah,Kab. Bogor,Provinsi Jawa Barat,620004,153699208.0,111536351.0,1947044.0,81327.0,3035144.0,914514.0,79660.0,440000.0,,0.0,,90088208.0,2104079.0,42319736.0,2041154.0,,98340.0,0.0,2844884.0,0.0,,,18449170.0,22810425.0,13031287.0,328330.0,3959745.0,15.33,0.87,,4.01,,78.82,35372206.0,,-6.547796294132246,107.00834446079764
2014,12,PT Bank Perekonomian Rakyat Syariah Amanah Insani,Kab. Bekasi,Provinsi Jawa Barat,620066,63118804.0,19486259.0,0.0,0.0,2215959.0,0.0,18594795.0,0.0,,0.0,,23006317.0,0.0,27826089.0,918645.0,,677122.0,0.0,6627.0,0.0,,,6564253.0,9013779.0,5532635.0,134537.0,1031639.0,26.78,10.31,,1.65,,64.0,20897090.0,,-6.204349585324721,107.17320288461552
2014,12,PT Bank Perekonomian Rakyat Syariah Sleman (Perseroda),Kab. Sleman,Provinsi D.I. Yogyakarta,620193,,,,,,,,,,,,,,,,,,,,,,,,,,,,,,,,,,,,,
2014,12,PT Bank Perekonomian Rakyat Syariah Insan Madani,Kab. Sukoharjo,Provinsi Jawa Tengah,620154,49732620.0,9351183.0,0.0,0.0,0.0,0.0,2193657.0,26391382.0,,0.0,,0.0,1247209.0,36411958.0,276189.0,,340301.0,0.0,3225393.0,0.0,,,2497549.0,6020382.0,1739699.0,0.0,682641.0,20.81,16.54,,1.59,,77.66,9490173.0,,-7.980423788495279,112.63614303338588
2014,12,PT Bank Perekonomian Rakyat Syariah Central Syariah Utama,Kota Surakarta/Solo,Provinsi Jawa Tengah,620137,6761672.0,4057944.0,0.0,74868.0,98542.0,0.0,4793.0,0.0,,0.0,,50025.0,980968.0,3213500.0,74535.0,,101921.0,0.0,1439736.0,0.0,,,838522.0,1603267.0,1034655.0,0.0,-204093.0,17.86,15.84,,-52.33,,80.17,1292132.0,,-7.583455291786536,110.81861293442316
2014,12,PT. BPRS Gotong Royong,Kab. Subang,Provinsi Jawa Barat,620172,8768953.0,6388682.0,0.0,958434.0,136782.0,52500.0,0.0,0.0,,0.0,,874843.0,61145.0,2059101.0,52903.0,,109181.0,0.0,708167.0,1177500.0,,,973733.0,1057684.0,2195612.0,0.0,-1220984.0,54.13,0.0,,-12.0,,111.25,784706.0,,-6.553534544317955,107.7543397767086
2014,12,PT. BPRS Gotong Royong,Kab. Subang,Provinsi Jawa Barat,620172,8768953.0,6388682.0,0.0,958434.0,136782.0,52500.0,0.0,0.0,,0.0,,874843.0,61145.0,2059101.0,52903.0,,109181.0,0.0,708167.0,1177500.0,,,973733.0,1057684.0,2195612.0,0.0,-1220984.0,54.13,0.0,,-12.0,,111.25,784706.0,,-6.916774443100237,106.9293590384548
2014,12,PT Bank Perekonomian Rakyat Syariah Mitra Amal Mulia,Kab. Sleman,Provinsi D.I. Yogyakarta,620117,24922896.0,15540489.0,0.0,952957.0,158530.0,623232.0,582782.0,257854.0,,0.0,,664429.0,1354280.0,16502996.0,184555.0,,37126.0,0.0,1434615.0,0.0,,,2325466.0,4010808.0,1771008.0,15357.0,575115.0,23.61,3.31,,2.47,,93.28,3881526.0,,,
2014,12,PT Bank Perekonomian Rakyat Syariah Sukowati Sragen (Perseroda),Kab. Sragen,Provinsi Jawa Tengah,620124,86974782.0,58786720.0,0.0,10668712.0,124500.0,0.0,1725000.0,350287.0,,0.0,,11633846.0,6040880.0,33102855.0,631930.0,,3994661.0,0.0,18758956.0,4499996.0,,,10085670.0,15665574.0,7031745.0,0.0,2432234.0,12.51,10.14,,3.86,,110.22,13958256.0,,,
2014,12,PT Bank Perekonomian Rakyat Syariah Cahaya Hidup,Kab. Sleman,Provinsi D.I. Yogyakarta,620163,4560932.0,2854046.0,0.0,149793.0,0.0,0.0,1058000.0,0.0,,0.0,,29020.0,163577.0,1831240.0,137915.0,,23024.0,0.0,1502893.0,0.0,,,382244.0,618043.0,629383.0,0.0,-245943.0,28.76,0.0,,-6.44,,11.23,440636.0,,,
2014,12,PT Bank Perekonomian Rakyat Syariah Hikmah Khazanah,Kota Surakarta/Solo,Provinsi Jawa Tengah,620171,16448896.0,13387555.0,0.0,63611.0,20604.0,0.0,0.0,0.0,,0.0,,2114107.0,313933.0,6793500.0,78836.0,,105885.0,0.0,1058200.0,0.0,,,1704342.0,2028544.0,1616868.0,61.0,63271.0,66.16,0.0,,0.84,,82.63,2358297.0,,-7.578734267499703,110.8209373266183
2014,12,PT Bank Perekonomian Rakyat Syariah Madina Mandiri Sejahtera,Kab. Bantul,Provinsi D.I. Yogyakarta,620118,32241060.0,20747092.0,0.0,420544.0,0.0,13473.0,4385134.0,2851063.0,,0.0,,3526342.0,1423340.0,23284500.0,503127.0,,337743.0,0.0,2093319.0,0.0,,,1733442.0,4156268.0,3103015.0,0.0,-960970.0,9.0,7.82,,-3.18,,100.65,3532099.0,,-6.160825160234478,106.80699763980014
2014,12,PT Bank Perekonomian Rakyat Syariah Baiturridha Pusaka,Kota Bandung,Provinsi Jawa Barat,620011,56830553.0,5401991.0,0.0,37314196.0,506500.0,0.0,512625.0,320833.0,,0.0,,5739720.0,2202565.0,8441784.0,459490.0,,447931.0,0.0,27748123.0,0.0,,,,,,,,23.59,0.59,,6.86,,81.13,9521649.0,,-6.926057921061269,107.60382508821964
2014,12,PT Bank Perekonomian Rakyat Syariah Baiturridha Pusaka,Kota Bandung,Provinsi Jawa Barat,620011,56830553.0,5401991.0,0.0,37314196.0,506500.0,0.0,512625.0,320833.0,,0.0,,5739720.0,2202565.0,8441784.0,459490.0,,447931.0,0.0,27748123.0,0.0,,,,,,,,23.59,0.59,,6.86,,81.13,9521649.0,,-6.5950591985824625,106.79485467015364
2014,12,PT Bank Perekonomian Rakyat Syariah Amanah Sejahtera,Kab. Gresik,Provinsi Jawa Timur,620050,66548731.0,33889013.0,0.0,47778.0,972793.0,0.0,371667.0,11247503.0,,0.0,,16343015.0,29897327.0,12201887.0,1431446.0,,63834.0,0.0,1410257.0,406320.0,,,9426258.0,11077521.0,8421600.0,0.0,999826.0,12.85,6.73,,15.4,,124.51,14596546.0,,-7.171206060982263,112.65347308804564
2014,12,PT Bank Perekonomian Rakyat Syariah Harta Insan Karimah Bekasi,Kota Bekasi,Provinsi Jawa Barat,620015,154139467.0,90848337.0,0.0,518766.0,43418.0,0.0,0.0,32584304.0,,0.0,,11677696.0,387556.0,90403894.0,2671337.0,,0.0,0.0,33880307.0,0.0,,,15794848.0,29707944.0,11946556.0,94500.0,2843786.0,16.0,4.94,,2.7,,89.9,26984848.0,,-6.237084227639964,106.9866402479551
2014,12,PT Bank Perekonomian Rakyat Syariah Harta Insan Karimah Insan Cita,Kab. Bogor,Provinsi Jawa Barat,620069,19481027.0,13720799.0,0.0,339095.0,106385.0,0.0,900000.0,0.0,,0.0,,2991553.0,1615274.0,8446709.0,160173.0,,1582062.0,0.0,229939.0,0.0,,,2702727.0,3438801.0,2264622.0,0.0,347779.0,36.91,13.62,,-2.3,,86.12,3531790.0,,-6.539331604489986,107.00639936483655
2014,12,PT Bank Perekonomian Rakyat Syariah Sarana Prima Mandiri,Kab. Pamekasan,Provinsi Jawa Timur,620127,21964997.0,12948579.0,0.0,0.0,3778164.0,519549.0,0.0,659238.0,,0.0,,5608379.0,211474.0,10311865.0,196835.0,,29835.0,0.0,2730868.0,8956.0,,,2969915.0,4441021.0,2172888.0,0.0,802922.0,12.8,14.46,,3.66,,85.99,3208631.0,,,
2014,12,PT Bank Perekonomian Rakyat Syariah Hasanah Mandiri,Kota Depok,Provinsi Jawa Barat,620006,9947957.0,7575818.0,0.0,0.0,0.0,0.0,165000.0,0.0,,0.0,,0.0,28678.0,5118642.0,33826.0,,8561.0,0.0,2014940.0,614780.0,,,1223020.0,2314485.0,1108296.0,0.0,114724.0,27.65,5.81,,-0.24,,101.77,256382.0,,-6.40152714268215,106.8199776998472
2014,12,PT BPRS Harta Insan Karimah,Kota Tangerang,Provinsi Banten,620012,440092510.0,213205283.0,0.0,331454.0,263267.0,0.0,665000.0,160107126.0,,0.0,,318760.0,52906276.0,294602367.0,2265541.0,,1163999.0,0.0,32805961.0,0.0,,,36440953.0,69170084.0,21829417.0,360170.0,10534958.0,15.2,3.11,,3.7,,101.5,52571075.0,,-6.168514895786671,106.6333010221693
2014,12,PT Bank Perekonomian Rakyat Syariah Daarul Hayat,Kota Cimahi,Provinsi Jawa Barat,620035,3807358.0,1513104.0,0.0,320076.0,110861.0,31500.0,0.0,125100.0,,0.0,,27859.0,449156.0,2753385.0,311269.0,,0.0,0.0,384651.0,0.0,,,116640.0,508678.0,778368.0,0.0,-463973.0,8.23,33.68,,-0.01,,65.03,1364040.0,,-6.867341948596262,107.55153148405364
2014,12,PT. BPRS Asri Madani Nusantara,Kab. Jember,Provinsi Jawa Timur,620033,14141306.0,11219400.0,0.0,412744.0,6000.0,247722.0,0.0,0.0,,0.0,,0.0,4883879.0,2785100.0,104209.0,,195072.0,0.0,4333668.0,230502.0,,,1509890.0,2346071.0,1081202.0,11422.0,422007.0,14.33,1.44,,3.74,,88.91,1506465.0,,-8.154319698220284,113.71768742028424
2014,12,PT Bank Perekonomian Rakyat Syariah Daya Artha Mentari,Kab. Pasuruan,Provinsi Jawa Timur,620056,13830114.0,8434743.0,0.0,971435.0,4725.0,0.0,255901.0,35000.0,,0.0,,1671526.0,6435409.0,1116200.0,1244360.0,,6455.0,0.0,3583411.0,0.0,,,2564292.0,3331457.0,4085735.0,0.0,-1305101.0,9.46,46.26,,-8.17,,78.17,3431560.0,,-7.654596803987085,112.9133678475593
2014,12,PT Bank Perekonomian Rakyat Syariah Bina Amanah Satria,Kab. Banyumas,Provinsi Jawa Tengah,620087,34918684.0,16144565.0,0.0,748306.0,1401400.0,11125.0,258166.0,7643628.0,,0.0,,7512622.0,2830258.0,8042958.0,295937.0,,18323.0,0.0,9006823.0,2838664.0,,,4089934.0,5167630.0,3626923.0,0.0,710036.0,17.0,6.24,,2.27,,132.93,6832305.0,,-7.448909227338186,109.32815980963753
2014,12,PT Bank Perekonomian Rakyat Syariah Arta Leksana,Kab. Banyumas,Provinsi Jawa Tengah,620110,,,,,,,,,,,,,,,,,,,,,,,3268194.0,4627912.0,2666895.0,0.0,625273.0,17.08,6.42,,3.18,,57.26,,,-7.440480384054677,109.32329819176095
2014,12,PT Bank Perekonomian Rakyat Syariah Muamalah Cilegon,Kota Cilegon,Provinsi Banten,620034,15226206.0,8861336.0,0.0,428720.0,20448.0,0.0,217444.0,96945.0,,0.0,,6927123.0,0.0,2754800.0,389157.0,,27923.0,0.0,1021594.0,269095.0,,,1808649.0,2049409.0,1593556.0,3026.0,221311.0,34.0,37.1,,1.59,,97.67,4905737.0,,-6.013534007648159,106.0585828108812
2014,12,PT BPRS Al Hidayah,Kab. Pasuruan,Provinsi Jawa Timur,620072,22809335.0,9330845.0,0.0,0.0,0.0,0.0,9282000.0,83700.0,,0.0,,0.0,3109088.0,1519000.0,365751.0,,20984.0,0.0,16440362.0,24537.0,,,2675685.0,4670502.0,2370060.0,0.0,343176.0,11.59,4.55,,1.97,,88.87,3666262.0,,-7.64945314625638,112.90608207619024
2014,12,PT Bank Perekonomian Rakyat Syariah Amanah Insan Cita,Kab. Deli Serdang,Provinsi Sumatera Utara,620145,12134472.0,8784156.0,0.0,0.0,0.0,41623.0,756642.0,0.0,,0.0,,1424141.0,0.0,6989664.0,64086.0,,39651.0,0.0,1493456.0,0.0,,,1497581.0,2114463.0,1127738.0,0.0,325308.0,20.33,0.62,,3.16,,0.0,2256048.0,,,
2014,12,PT Bank Perekonomian Rakyat Syariah Kotabumi (Perseroda),Kab. Lampung Selatan,Provinsi Lampung,620131,72477697.0,25410341.0,0.0,29278209.0,1190500.0,0.0,515441.0,0.0,,0.0,,6559160.0,187650.0,12241500.0,609200.0,,530572.0,0.0,35787095.0,4642855.0,,,8007631.0,13573327.0,4978415.0,0.0,2345830.0,19.5,1.34,,4.7,,89.55,14463626.0,,,
2014,12,PT Bank Perekonomian Rakyat Syariah Lampung Timur (Perseroda),Kab. Lampung Timur,Provinsi Lampung,620140,14078531.0,1617451.0,0.0,9097140.0,1800.0,0.0,0.0,366534.0,,0.0,,1975001.0,2349.0,406500.0,335849.0,,33846.0,0.0,3594512.0,0.0,,,1761918.0,2459266.0,968902.0,0.0,783492.0,68.18,5.19,,5.92,,110.39,3149853.0,,,
2014,12,PT. BPRS Jabal Tsur,Kab. Pasuruan,Provinsi Jawa Timur,620103,30453043.0,6450431.0,0.0,13384379.0,407630.0,0.0,0.0,1185000.0,,0.0,,3958462.0,5596663.0,6417407.0,201804.0,,201242.0,0.0,10836788.0,21715.0,,,5515215.0,7141155.0,4991738.0,13062.0,445766.0,12.91,5.5,,1.46,,111.77,7205981.0,,-7.642622137527749,112.90214649056595
2014,12,PT Bank Perekonomian Rakyat Syariah Gebu Prima,Kota Medan,Provinsi Sumatera Utara,620055,,,,,,,,,,,,,,,,,,,,,,,,,,,,,,,,,,,,3.580883089096215,98.66623055730342
2014,12,PT Bank Perekonomian Rakyat Syariah Berkah Dana Fadhlillah (Perseroda),Kab. Kampar,Provinsi Riau,620060,18082110.0,11845664.0,0.0,179084.0,250680.0,0.0,0.0,0.0,,0.0,,605780.0,14646555.0,1353942.0,719294.0,,13436.0,0.0,123779.0,0.0,,,2410414.0,3054648.0,2298557.0,0.0,121361.0,11.0,15.88,,0.82,,61.09,6104122.0,,0.8689938830957369,101.2803342082979
2014,12,PT. BPRS Safir,Kota Bengkulu,Provinsi Bengkulu,620090,,,,,,,,,,,,,,,,,,,,,,,,,,,,,,,,,,,,-3.8005555705877825,102.2529282154658
2014,12,PT Bank Perekonomian Rakyat Syariah Hikmah Wakilah,Kota Banda Aceh,Provinsi NAD,620046,28745330.0,18506131.0,0.0,0.0,0.0,0.0,1669633.0,0.0,,0.0,,55093.0,9585564.0,12265350.0,267023.0,,0.0,0.0,672261.0,0.0,,,3559995.0,4979536.0,2737492.0,0.0,809662.0,39.0,4.7,,2.82,,72.91,7137648.0,,5.543176806651055,95.31537211187955
2014,12,PT BPRS Bumi Rinjani Malang,Kota Malang,Provinsi Jawa Timur,620078,6802655.0,4116815.0,0.0,27475.0,0.0,0.0,0.0,110000.0,,0.0,,0.0,305398.0,3512500.0,198113.0,,10416.0,0.0,2060220.0,0.0,,,892197.0,1563403.0,1080095.0,0.0,-209980.0,21.75,18.96,,-3.09,,111.43,2337594.0,,-7.974100981138048,112.64136686861058
2014,12,PT. BPRS Ummu,Kab. Pasuruan,Provinsi Jawa Timur,620074,9300449.0,7140975.0,0.0,0.0,0.0,0.0,144030.0,0.0,,0.0,,4095389.0,1068256.0,511000.0,642523.0,,2830.0,0.0,17673.0,444444.0,,,1678624.0,2088983.0,1800581.0,0.0,487926.0,38.99,28.68,,5.25,,81.27,1971626.0,,-7.65021334152576,112.89863930816225
2014,12,PT Bank Perekonomian Rakyat Syariah Way Kanan (Perseroda),Kab. Lampung Selatan,Provinsi Lampung,620157,31139604.0,7654422.0,0.0,8644143.0,4319041.0,0.0,0.0,400000.0,,0.0,,4462472.0,2183683.0,881500.0,323990.0,,91436.0,0.0,17181252.0,0.0,,,4293891.0,5717016.0,2461456.0,0.0,1533537.0,26.21,1.67,,6.09,,81.06,9620237.0,,,
2014,12,PT Bank Perekonomian Rakyat Syariah Muamalat Harkat,Kab. Seluma,Provinsi Bengkulu,620052,28839739.0,20350644.0,0.0,0.0,22416.0,0.0,0.0,0.0,,0.0,,105774.0,11363185.0,8917500.0,476230.0,,97724.0,0.0,4980316.0,0.0,,,4984299.0,7126999.0,4154196.0,21777.0,743134.0,15.12,29.61,,2.89,,14.68,6708240.0,,,
2014,12,PT Bank Perekonomian Rakyat Syariah Metro Madani,Kota Metro,Provinsi Lampung,620091,,,,,,,,,,,,,,,,,,,,,,,,,,,,,,,,,,,,-5.109743260376518,105.31422432780674
2014,12,PT Bank Perekonomian Rakyat Syariah Al Falah,Kab. Banyuasin,Provinsi Sumatera Selatan,620040,13999771.0,9353908.0,0.0,746906.0,1133.0,0.0,0.0,0.0,,0.0,,161512.0,3761984.0,3581700.0,90444.0,,35952.0,0.0,3672275.0,0.0,,,2395144.0,3287388.0,1588233.0,0.0,718481.0,0.0,2.11,,0.0,,0.0,3528621.0,,,
2014,12,PT Bank Perekonomian Rakyat Syariah Artha Pamenang,Kab. Kediri,Provinsi Jawa Timur,620147,28891646.0,16348223.0,0.0,1969297.0,17150.0,0.0,0.0,0.0,,0.0,,719888.0,1912385.0,21890648.0,370336.0,,65933.0,0.0,497281.0,0.0,,,4706253.0,6905463.0,2973665.0,46854.0,1598891.0,14.85,4.83,,6.68,,66.75,9219494.0,,-7.81422235884534,112.0257736866079
2014,12,PT BANK PEREKONOMIAN RAKYAT SYARIAH SIAK JAYA,Kab. Siak,Provinsi Riau,620189,,,,,,,,,,,,,,,,,,,,,,,,,,,,,,,,,,,,0.6271089398798741,101.56683647826335
2014,12,PT Bank Perekonomian Rakyat Syariah Arthaaceh Sejahtera,Kota Banda Aceh,Provinsi NAD,620192,,,,,,,,,,,,,,,,,,,,,,,,,,,,,,,,,,,,5.548455343437354,95.3146280603469
2014,12,PT Bank Perekonomian Rakyat Syariah Mitra Agro Usaha,Kota Bandar Lampung,Provinsi Lampung,620169,5593247.0,1892763.0,0.0,161423.0,0.0,0.0,0.0,0.0,,0.0,,923499.0,0.0,1635700.0,26215.0,,12024.0,0.0,46982.0,0.0,,,859131.0,916135.0,771047.0,0.0,86684.0,113.44,0.0,,2.03,,37.23,3356345.0,,-5.443193541153916,105.2697528392836
2014,12,PT Bank Perekonomian Rakyat Syariah Taman Indah Darussalam,Kota Banda Aceh,Provinsi NAD,620158,1643533.0,1099021.0,0.0,4304.0,0.0,0.0,10000.0,0.0,,0.0,,649439.0,0.0,600000.0,77143.0,,1245.0,0.0,15414.0,0.0,,,398489.0,440057.0,487654.0,0.0,-89865.0,35.82,10.26,,-5.76,,89.11,549165.0,,5.544809666796793,95.3231595660368
2014,12,PT Bank Perekonomian Rakyat Syariah Ingin Jaya,Kab. Aceh Besar,Provinsi NAD,620203,,,,,,,,,,,,,,,,,,,,,,,,,,,,,,,,,,,,,
2014,12,PT Bank Perekonomian Rakyat Syariah Syarikat Madani,Kota Batam,Provinsi Kep. Riau,620121,94826882.0,73243849.0,0.0,4611398.0,3377129.0,0.0,0.0,0.0,,0.0,,0.0,5539367.0,29567656.0,456509.0,,1465425.0,0.0,47021779.0,0.0,,,13241924.0,19196679.0,10681318.0,0.0,2009504.0,14.16,1.62,,2.24,,231.38,10729165.0,,1.1025924305431083,104.04282617621487
2014,12,PT BPRS Gajahtongga KotoPiliang,Kota Sawahlunto,Provinsi Sumatera Barat,620162,,,,,,,,,,,,,,,,,,,,,,,,,,,,,,,,,,,,-0.6873833320816837,100.76958758372275
2014,12,PT Bank Perekonomian Rakyat Syariah Fajar Sejahtera Bali,Kab. Badung,Provinsi Bali,620026,6477464.0,1751955.0,0.0,1648239.0,0.0,0.0,604735.0,0.0,,0.0,,1262.0,1906535.0,685500.0,256626.0,,34998.0,0.0,0.0,10000.0,,,2273433.0,2378517.0,1997542.0,0.0,102040.0,80.41,5.65,,1.58,,61.98,2375489.0,,-8.645170567141806,115.27693679878858
2014,12,PT. BPRS Al-Yaqin,Kab. Simalungun,Provinsi Sumatera Utara,620092,6120421.0,4169505.0,0.0,0.0,58000.0,0.0,0.0,40000.0,,0.0,,1021195.0,651202.0,1602500.0,520609.0,,18055.0,0.0,2139946.0,173100.0,,,923403.0,1480382.0,1510794.0,0.0,-600275.0,13.0,19.93,,-9.81,,112.07,2145423.0,,,
2014,12,PT BPRS Bumi Rinjani Probolinggo,Kab. Probolinggo,Provinsi Jawa Timur,620105,,,,,,,,,,,,,,,,,,,,,,,,,,,,,,,,,,,,,
2014,12,PT Bank Perekonomian Rakyat Syariah Mitra Harmoni Kota Malang,Kota Malang,Provinsi Jawa Timur,620153,9441837.0,6664850.0,0.0,702901.0,0.0,0.0,0.0,0.0,,0.0,,1473078.0,112350.0,3514000.0,82380.0,,30945.0,0.0,3489345.0,0.0,,,1440788.0,1964484.0,1456930.0,0.0,-15424.0,14.0,3.72,,-0.16,,86.18,1429701.0,,-7.984781410422721,112.62624122586716
2014,12,PT BPRS Kota Juang Perseroda,Kab. Aceh Jeumpa/Bireuen,Provinsi NAD,620144,5632831.0,3991520.0,0.0,0.0,0.0,0.0,0.0,0.0,,0.0,,102.0,2260685.0,622000.0,42634.0,,5234.0,0.0,881295.0,0.0,,,878429.0,1108790.0,671297.0,0.0,209703.0,48.0,4.66,,3.99,,72.62,1477162.0,,,
2014,12,PT Bank Perekonomian Rakyat Syariah Bahari Berkesan,Kota Ternate,Provinsi Maluku Utara,620164,15924751.0,10181735.0,0.0,0.0,243444.0,0.0,1662667.0,0.0,,0.0,,574032.0,4059357.0,1783050.0,76261.0,,27636.0,0.0,20652.0,916666.0,,,1478609.0,1631852.0,1292861.0,0.0,278210.0,42.47,2.93,,0.17,,188.39,3585279.0,,0.7773589145132459,127.38615026515367
2014,12,PT Bank Perekonomian Rakyat Syariah Mustaqim Aceh Perseroda,Kota Banda Aceh,Provinsi NAD,620187,,,,,,,,,,,,,,,,,,,,,,,,,,,,,,,,,,,,5.5514463466260295,95.31786202059116
2014,12,PT Bank Perekonomian Rakyat Syariah Hasanah,Kota Pekanbaru,Provinsi Riau,620041,8432136.0,5896940.0,0.0,39600.0,0.0,0.0,0.0,83610.0,,0.0,,174496.0,2819049.0,3251005.0,306241.0,,12687.0,0.0,620744.0,0.0,,,984135.0,1318133.0,1196033.0,0.0,-195192.0,24.24,15.52,,-2.36,,72.11,2347692.0,,0.5249696427966165,101.44758104638636
2014,12,PT Bank Perekonomian Rakyat Syariah Saruma Sejahtera Halmahera Selatan,Kab. Halmahera Selatan,Provinsi Maluku Utara,620182,,,,,,,,,,,,,,,,,,,,,,,,,,,,,,,,,,,,,
2014,12,PT Bank Perekonomian Rakyat Syariah Aman Syariah,Kab. Lampung Timur,Provinsi Lampung,620173,3777902.0,0.0,0.0,0.0,0.0,0.0,0.0,0.0,,0.0,,356400.0,0.0,0.0,0.0,,421502.0,0.0,0.0,0.0,,,268683.0,268683.0,268683.0,0.0,0.0,0.0,0.0,,0.0,,0.0,3383121.0,,,
2014,12,PT Bank Perekonomian Rakyat Syariah Rahmania Dana Sejahtera,Kab. Aceh Jeumpa/Bireuen,Provinsi NAD,620148,5541327.0,3796948.0,0.0,0.0,0.0,0.0,60000.0,0.0,,0.0,,401033.0,56602.0,3329500.0,39086.0,,13403.0,0.0,910937.0,0.0,,,729432.0,1074973.0,663416.0,0.0,68238.0,21.0,6.74,,1.23,,72.28,1366091.0,,,
2014,12,PT Bank Perekonomian Rakyat Syariah Tani Tulang Bawang Barat (Perseroda),Kab. Tulang Bawang Barat,Provinsi Lampung,620176,,,,,,,,,,,,,,,,,,,,,,,,,,,,,,,,,,,,,
2014,12,PT BPRS Haji Miskin,Kab. Tanah Datar,Provinsi Sumatera Barat,620099,29179221.0,21169690.0,0.0,552027.0,0.0,606957.0,1573729.0,0.0,,0.0,,81726.0,6673326.0,5131700.0,638814.0,,182146.0,0.0,12555453.0,57190.0,,,3287121.0,5537263.0,2500736.0,20060.0,671216.0,19.48,5.21,,2.76,,100.41,4981135.0,,0.7957568848810034,100.72783265816751
2014,12,PT Bank Perekonomian Rakyat Syariah Al Washliyah,Kota Medan,Provinsi Sumatera Utara,620036,12497620.0,5077776.0,0.0,558989.0,0.0,0.0,277803.0,0.0,,0.0,,204116.0,2241069.0,6073750.0,419303.0,,218558.0,0.0,1362953.0,0.0,,,1317833.0,2081868.0,1495349.0,0.0,-177516.0,33.0,6.66,,1.42,,69.43,6065365.0,,3.5953913881617754,98.67901076224275
2014,12,PT BPRS Taeh Baruah,Kab. Limapuluh Koto,Provinsi Sumatera Barat,620190,,,,,,,,,,,,,,,,,,,,,,,,,,,,,,,,,,,,,
2014,12,PT Bank Perekonomian Rakyat Syariah Tunas Artha Jaya Abadi,Kab. Kediri,Provinsi Jawa Timur,620200,,,,,,,,,,,,,,,,,,,,,,,,,,,,,,,,,,,,-7.816904745358005,112.01148890547412
2014,12,PT Bank Perekonomian Rakyat Syariah Investama Mega Bakti,Kota Makassar,Provinsi Sulawesi Selatan,620077,38292326.0,17842581.0,0.0,0.0,1454879.0,0.0,4193187.0,10705131.0,,0.0,,88250.0,1558474.0,214000.0,464003.0,,106105.0,0.0,31450.0,32464362.0,,,6650272.0,6757104.0,6045548.0,0.0,526429.0,12.21,10.16,,1.49,,99.62,2956260.0,,-5.131381407363007,119.4094893372462
2014,12,PT Bank Perekonomian Rakyat Syariah Rahma Syariah,Kab. Kediri,Provinsi Jawa Timur,620150,6564036.0,3188306.0,0.0,0.0,0.0,0.0,1361240.0,0.0,,0.0,,2057152.0,0.0,2856765.0,72143.0,,8203.0,0.0,48350.0,0.0,,,957131.0,1213791.0,906034.0,0.0,75508.0,36.53,10.96,,1.33,,70.37,1568731.0,,-7.821654764489613,112.02781200727956
2014,12,PT Bank Perekonomian Rakyat Syariah Harta Insan Karimah Fajar Nitro,Kota Makassar,Provinsi Sulawesi Selatan,620168,4459038.0,3717105.0,0.0,0.0,0.0,0.0,0.0,0.0,,0.0,,33869.0,1252079.0,1558000.0,56707.0,,77674.0,0.0,13214.0,0.0,,,657836.0,820683.0,1115158.0,0.0,-460034.0,39.55,5.74,,-11.84,,130.7,600170.0,,-5.128522770098106,119.41038261376706
2014,12,PT Bank Perekonomian Rakyat Syariah Khairan Inti Amanah,Kab. Parimo/Banggai,Provinsi Sulawesi Tengah,620188,,,,,,,,,,,,,,,,,,,,,,,,,,,,,,,,,,,,,
2014,12,PT BPRS Mojo Artho Kota Mojokerto Perseroda,Kota Mojokerto,Provinsi Jawa Timur,620160,44766834.0,21197845.0,0.0,505415.0,325500.0,532765.0,6393000.0,0.0,,0.0,,683550.0,5823921.0,9035900.0,254433.0,,109913.0,0.0,17359305.0,0.0,,,3611837.0,5789112.0,2523758.0,22546.0,1096980.0,46.0,1.71,,2.45,,88.0,12265579.0,,-7.460555185064369,112.43110318032298
2014,12,PT Bank Perekonomian Rakyat Syariah Tanggamus (Perseroda),Kab. Tanggamus,Provinsi Lampung,620082,25922908.0,19753869.0,0.0,0.0,0.0,0.0,0.0,0.0,,0.0,,320440.0,12427105.0,743654.0,1005659.0,,14663.0,0.0,3254051.0,0.0,,,3204630.0,4193171.0,2733747.0,0.0,392729.0,72.0,6.84,,1.73,,83.31,6189030.0,,-5.4369356106235,104.72189977284216
2014,12,PT BANK PEREKONOMIAN RAKYAT SYARIAH NIAGA MADANI,Kota Makassar,Provinsi Sulawesi Selatan,620039,,,,,,,,,,,,,,,,,,,,,,,,,,,,,,,,,,,,-5.127789499318414,119.412410921333
2014,12,PT BPRS Guguk Mas Makmur,Kab. Limapuluh Koto,Provinsi Sumatera Barat,620194,,,,,,,,,,,,,,,,,,,,,,,,,,,,,,,,,,,,,
2014,12,PT Bank Perekonomian Rakyat Syariah Manfaatsyariah,Kab. Kutai Kartanegara,Provinsi Kalimantan Timur,620014,6639473.0,1128832.0,0.0,0.0,0.0,0.0,3074.0,0.0,,0.0,,4793867.0,0.0,155000.0,5621.0,,11890.0,0.0,212071.0,0.0,,,1123702.0,1170225.0,3157588.0,0.0,-2064594.0,81.24,0.08,,-31.1,,22.81,4576183.0,,-0.4108304755501372,116.98709494185226
2014,12,PT Bank Perekonomian Rakyat Syariah Khatulistiwa,Kab. Pasaman,Provinsi Sumatera Barat,620201,,,,,,,,,,,,,,,,,,,,,,,,,,,,,,,,,,,,,
2014,12,PT Bank Perekonomian Rakyat Syariah Puduarta Insani,Kab. Deli Serdang,Provinsi Sumatera Utara,620058,,,,,,,,,,,,,,,,,,,,,,,,,,,,,,,,,,,,,
2014,12,PT Bank Perekonomian Rakyat Syariah Bobato Lestari,Kota Tidore Kepulauan,Provinsi Maluku Utara,620179,,,,,,,,,,,,,,,,,,,,,,,,,,,,,,,,,,,,0.6690346107462076,127.44399032218512
2014,12,PT Bank Perekonomian Rakyat Syariah Serambi Mekah,Kota Langsa,Provinsi NAD,620152,2442781.0,802116.0,0.0,34583.0,0.0,0.0,0.0,0.0,,0.0,,285094.0,0.0,557500.0,81965.0,,4327.0,0.0,379538.0,0.0,,,262867.0,303968.0,641912.0,0.0,-377816.0,85.2,37.02,,-12.0,,44.08,1580543.0,,4.466232402810879,97.97539511921892
2014,12,PT. BPRS Muamalat Yotefa,Kab. Jayapura,Provinsi Papua,620067,,,,,,,,,,,,,,,,,,,,,,,,,,,,,,,,,,,,-2.550807165553799,140.48835142200244
2014,12,PT BPRS Barakah Nawaitul Ikhlas,Kota Solok,Provinsi Sumatera Barat,620123,5937918.0,4426652.0,0.0,241571.0,3000.0,0.0,0.0,0.0,,0.0,,123521.0,2851505.0,2034000.0,72628.0,,14720.0,0.0,38231.0,0.0,,,883409.0,1271118.0,707235.0,0.0,174344.0,21.48,3.96,,2.96,,92.89,1151645.0,,-0.8090450252633046,100.6628003414127
2014,12,PT BANK PEREKONOMIAN RAKYAT SYARIAH AL MAKMUR,Kota Payakumbuh,Provinsi Sumatera Barat,620132,,,,,,,,,,,,,,,,,,,,,,,,,,,,,,,,,,,,-0.2305304689386322,100.63568358146692
2014,12,PT Bank Perekonomian Rakyat Syariah Maslahat Dana Syariah Nusantara,Kota Bengkulu,Provinsi Bengkulu,620181,,,,,,,,,,,,,,,,,,,,,,,,,,,,,,,,,,,,-3.791547736340278,102.2560829253008
2014,12,PT Bank Perekonomian Rakyat Syariah Bangka Belitung,Kota Pangkal Pinang,Provinsi Kep. Bangka Belitung,620076,425384723.0,244269538.0,0.0,4176503.0,1391024.0,0.0,0.0,38395740.0,,0.0,,5569635.0,131157514.0,222234840.0,4984290.0,,1963083.0,0.0,8805170.0,0.0,,,47860390.0,75693224.0,32912284.0,0.0,14952514.0,18.39,11.96,,3.69,,70.7,113550664.0,,-2.120239693370022,106.11713996558484
2014,12,PT Bank Perekonomian Rakyat Syariah Rahmah Hijrah Agung,Kota Lhokseumawe,Provinsi NAD,620049,11874495.0,7297314.0,0.0,0.0,0.0,0.0,52500.0,65000.0,,0.0,,1072854.0,6077459.0,3261100.0,361030.0,,39979.0,0.0,811081.0,0.0,,,1956317.0,2485057.0,2645862.0,0.0,-607967.0,8.7,17.16,,-5.49,,67.14,4125505.0,,5.1766961991986555,97.14916447763574
2014,12,PT Bank Perekonomian Rakyat Syariah Bandar Lampung (Perseroda),Kota Bandar Lampung,Provinsi Lampung,620051,40087176.0,8433258.0,0.0,24226733.0,0.0,0.0,0.0,0.0,,0.0,,2917093.0,493903.0,9454700.0,627237.0,,143187.0,0.0,20965111.0,0.0,,,4585590.0,7953767.0,3020118.0,0.0,1191197.0,16.75,1.98,,3.89,,98.77,7529685.0,,-5.451430777916592,105.26097314570632
2014,12,PT Bank Perekonomian Rakyat Syariah Sindanglaya Kotanopan,Kab. Mandailing Natal,Provinsi Sumatera Utara,620111,7093820.0,2863434.0,0.0,394203.0,0.0,0.0,0.0,314000.0,,0.0,,2235657.0,0.0,1359500.0,96032.0,,4377.0,0.0,1372707.0,0.0,,,1767942.0,1912719.0,1142022.0,0.0,532781.0,65.65,6.53,,8.8,,99.35,3096912.0,,,
2014,12,PT Bank Perekonomian Rakyat Syariah Tanmiya Artha,Kota Kediri,Provinsi Jawa Timur,620130,6667684.0,4698174.0,0.0,317473.0,3119.0,0.0,625180.0,0.0,,0.0,,410808.0,1740443.0,2763300.0,65128.0,,45414.0,0.0,536911.0,0.0,,,814406.0,1091742.0,658126.0,0.0,124702.0,20.0,7.41,,8.91,,81.32,862819.0,,-7.804361795474596,112.00698794188358
2014,12,PT BPRS Mitra Amanah,Kota Palangkaraya,Provinsi Kalimantan Tengah,620170,4701860.0,3514141.0,0.0,0.0,0.0,0.0,0.0,0.0,,0.0,,0.0,1283789.0,972452.0,21640.0,,0.0,0.0,15634.0,0.0,,,603706.0,688565.0,1136054.0,0.0,-570015.0,66.0,0.0,,-12.12,,155.75,801314.0,,-2.20055455187618,113.91600497570754
2014,12,PT BPRS Magetan (Perseroda),Kab. Magetan,Provinsi Jawa Timur,620165,11048703.0,8491323.0,0.0,0.0,0.0,0.0,0.0,0.0,,0.0,,1989395.0,185710.0,1531000.0,49644.0,,9934.0,0.0,4148.0,3851421.0,,,1037656.0,1344827.0,986500.0,0.0,41715.0,68.54,0.15,,0.38,,89.35,2279199.0,,,
2014,12,PT Bank Perekonomian Rakyat Syariah Adeco,Kota Langsa,Provinsi NAD,620141,11825536.0,7382729.0,0.0,0.0,0.0,0.0,108000.0,0.0,,0.0,,369630.0,835388.0,2940000.0,73627.0,,1303.0,0.0,3469899.0,0.0,,,1537127.0,2143207.0,953814.0,0.0,574813.0,43.0,4.99,,4.86,,91.15,2925290.0,,4.464710385925349,97.9655777382901
2014,12,PT Bank Perekonomian Rakyat Syariah Amanah Bangsa,Kab. Simalungun,Provinsi Sumatera Utara,620032,10903123.0,8666734.0,0.0,4500.0,9825.0,0.0,570218.0,0.0,,0.0,,3166432.0,0.0,3626500.0,508908.0,,52662.0,0.0,3166011.0,0.0,,,2052349.0,2443686.0,1878913.0,0.0,225130.0,9.71,5.56,,2.1,,121.5,1988624.0,,,
2014,12,PT. BPRS Jabal Nur Tebuireng,Kota Surabaya,Provinsi Jawa Timur,620114,45803966.0,26414280.0,0.0,210489.0,87633.0,0.0,0.0,6995200.0,,0.0,,5306403.0,81492.0,12721500.0,479950.0,,239605.0,0.0,23600823.0,235060.0,,,5243591.0,8589768.0,4548176.0,18088.0,617244.0,16.0,4.58,,1.3,,185.49,8679693.0,,-7.253401930640896,112.73115332691698
2014,12,PT Bank Perekonomian Rakyat Syariah Tengku Chiek Dipante,Kab. Pidie,Provinsi NAD,620025,5209898.0,3125135.0,0.0,0.0,0.0,0.0,172100.0,0.0,,0.0,,10457.0,1233607.0,2301000.0,559722.0,,33213.0,0.0,968196.0,0.0,,,380988.0,647684.0,898405.0,0.0,-495909.0,22.0,55.42,,-9.5,,93.28,2004189.0,,3.7476617007670936,96.82987163456816
2014,12,PT Bank Perekonomian Rakyat Syariah Mitra Mentari Sejahtera,Kab. Ponorogo,Provinsi Jawa Timur,620180,,,,,,,,,,,,,,,,,,,,,,,,,,,,,,,,,,,,,
2014,12,PT BPRS Sungai PuaSyariah,Kab. Agam,Provinsi Sumatera Barat,620186,,,,,,,,,,,,,,,,,,,,,,,,,,,,,,,,,,,,,
2014,12,PT Bank Perekonomian Rakyat Syariah Balerong Bunta,Kab. Tanah Datar,Provinsi Sumatera Barat,620197,,,,,,,,,,,,,,,,,,,,,,,,,,,,,,,,,,,,0.8031965185093075,100.73793330633296
2014,12,PT. BANK PEREKONOMIAN RAKYAT SYARIAH DINAR ASHRI,Kota Mataram,Provinsi Nusa Tenggara Barat,620104,138569539.0,67371841.0,0.0,0.0,2838405.0,0.0,2275000.0,173814.0,,0.0,,0.0,61613206.0,42992262.0,793248.0,,2295010.0,0.0,9337556.0,0.0,,,11208379.0,17963259.0,6031220.0,126000.0,3709522.0,30.0,3.83,,3.34,,64.5,61854951.0,,-8.593657692387334,116.10734653727864
2014,12,PT Bank Perekonomian Rakyat Syariah Barkah Gemadana,Kab. Banjar,Provinsi Kalimantan Selatan,620013,,,,,,,,,,,,,,,,,,,,,,,,,,,,,,,,,,,,-0.6588763736841944,101.48260796449918
2014,12,PT BPRS Mentari Pasaman Saiyo,Kab. Pasaman Barat,Provinsi Sumatera Barat,620059,9120428.0,5552178.0,0.0,0.0,64500.0,0.0,0.0,35000.0,,0.0,,0.0,5946689.0,1482900.0,224316.0,,118111.0,0.0,617041.0,0.0,,,1393183.0,1752856.0,1068273.0,32556.0,264485.0,0.0,13.45,,0.0,,0.0,3395684.0,,,
2014,12,PT. BPRS Hareukat,Kab. Aceh Besar,Provinsi NAD,620003,11772539.0,6848033.0,0.0,0.0,0.0,0.0,1814798.0,0.0,,0.0,,159373.0,4923593.0,1456200.0,121484.0,,6681.0,0.0,3724843.0,0.0,,,1337557.0,1968651.0,1312971.0,0.0,61647.0,17.0,12.45,,0.52,,79.43,2526258.0,,,
2014,12,PT Bank Perekonomian Rakyat Syariah Kabupaten Ngawi Perseroda,Kab. Ngawi,Provinsi Jawa Timur,620183,,,,,,,,,,,,,,,,,,,,,,,,,,,,,,,,,,,,-7.420451120596442,111.441830004461
2014,12,PT Bank Perekonomian Rakyat Syariah Baiturrahman,Kab. Aceh Besar,Provinsi NAD,620024,23971842.0,13260445.0,0.0,0.0,0.0,0.0,0.0,0.0,,0.0,,0.0,14030483.0,1285000.0,300110.0,,0.0,0.0,6663314.0,0.0,,,2228874.0,2645530.0,1834447.0,0.0,453735.0,14.0,16.68,,1.89,,71.8,10632215.0,,,
2014,12,PT Bank Perekonomian Rakyat Syariah Ampek Angkek Candung,Kab. Agam,Provinsi Sumatera Barat,620071,50003239.0,37187061.0,0.0,0.0,22068.0,0.0,0.0,0.0,,0.0,,15026729.0,129139.0,16748711.0,1005055.0,,388101.0,0.0,13014006.0,0.0,,,5761238.0,8749781.0,4947434.0,20087.0,601367.0,13.41,5.67,,1.49,,79.3,11361992.0,,,
2014,12,PT. BANK PEREKONOMIAN RAKYAT SYARIAH PNM PATUH BERAMAL AMALI,Kota Mataram,Provinsi Nusa Tenggara Barat,620021,23728500.0,12450638.0,0.0,0.0,206811.0,0.0,3755900.0,0.0,,0.0,,50018.0,3802915.0,7307500.0,450996.0,,275778.0,0.0,6324168.0,1184000.0,,,2964701.0,4226878.0,1671601.0,30999.0,1204589.0,26.27,2.55,,6.78,,83.76,6741606.0,,-8.58389278031459,116.11057126739846
2014,12,PT Bank Perekonomian Rakyat Syariah Indo Timur,Kota Makassar,Provinsi Sulawesi Selatan,620010,9905585.0,686935.0,0.0,0.0,0.0,0.0,0.0,0.0,,0.0,,6196153.0,1656565.0,440000.0,59637.0,,11796.0,0.0,46949.0,0.0,,,573744.0,633553.0,476299.0,0.0,67445.0,64.36,6.64,,0.31,,8.28,9257589.0,,-5.143550328284089,119.4138433249748
2014,12,PT Bank Perekonomian Rakyat Syariah Gowata,Kab. Gowa,Provinsi Sulawesi Selatan,620065,2537139.0,782102.0,0.0,621707.0,0.0,0.0,7000.0,0.0,,0.0,,0.0,181636.0,460000.0,68841.0,,3824.0,0.0,1058262.0,0.0,,,575059.0,581017.0,473480.0,0.0,94803.0,33.0,24.9,,3.0,,230.0,119167.0,,-5.225938686460566,120.0079553182381
2014,12,PT BANK PEREKONOMIAN RAKYAT SYARIAH MASYARAKAT LINTAU BUO,Kab. Agam,Provinsi Sumatera Barat,620196,,,,,,,,,,,,,,,,,,,,,,,,,,,,,,,,,,,,,
2014,12,PT Bank Perekonomian Rakyat Syariah Madinah,Kab. Lamongan,Provinsi Jawa Timur,620139,8246319.0,3991312.0,0.0,0.0,0.0,0.0,0.0,1885557.0,,0.0,,292579.0,3824925.0,2578744.0,77786.0,,23985.0,0.0,67543.0,0.0,,,1401260.0,1629733.0,1002037.0,9631.0,375627.0,19.81,3.42,,3.53,,87.76,2160748.0,,-7.123303358568694,112.40966669736945
2014,12,PT BPRS Bumi Rinjani,Kota Batu,Provinsi Jawa Timur,620109,9852152.0,6999985.0,0.0,0.0,0.0,0.0,0.0,1924979.0,,0.0,,0.0,2401619.0,5067400.0,189762.0,,18937.0,0.0,757234.0,0.0,,,1350324.0,2277949.0,1234879.0,2576.0,100424.0,19.54,6.94,,1.04,,98.94,574819.0,,-7.86392956395291,112.52576707537388
2014,12,PT Bank Pembiayaan Rakyat Syariah Gayo Perseroda,Kab. Aceh Tengah,Provinsi NAD,620120,16113966.0,10536917.0,0.0,0.0,0.0,0.0,0.0,0.0,,0.0,,759.0,5697966.0,2022000.0,119579.0,,20271.0,0.0,72537.0,0.0,,,1758486.0,2308967.0,1562187.0,4512.0,152923.0,69.3,11.88,,1.39,,92.72,4381339.0,,,
2014,12,PT Bank Perekonomian Rakyat Syariah Nurul Ikhwan,Kab. Polewali Mandar,Provinsi Sulawesi Barat,620045,997811.0,1079701.0,0.0,0.0,19575.0,0.0,0.0,0.0,,0.0,,1374.0,377156.0,0.0,296336.0,,9314.0,0.0,265623.0,0.0,,,266140.0,341106.0,216034.0,0.0,40141.0,34.08,45.91,,8.81,,156.59,38966.0,,-3.4069455429190376,119.31879018370128
2014,12,PT Bank Perekonomian Rakyat Syariah Surya Sejati,Kab. Takalar,Provinsi Sulawesi Selatan,620031,2702506.0,1879821.0,0.0,0.0,0.0,0.0,10000.0,0.0,,0.0,,5189.0,1050792.0,352000.0,44217.0,,739.0,0.0,179699.0,10066.0,,,670308.0,812865.0,499192.0,0.0,150438.0,55.0,14.26,,6.63,,134.22,679105.0,,-5.431354763307175,119.44652127180228
2014,12,PT Bank Perekonomian Rakyat Syariah Lampung Barat (Perseroda),Kab. Lampung Barat,Provinsi Lampung,620175,,,,,,,,,,,,,,,,,,,,,,,,,,,,,,,,,,,,,
2014,12,PT Bank Perekonomian Rakyat Syariah Arsa Sejahtera,Kota Batu,Provinsi Jawa Timur,620079,20981712.0,16041544.0,0.0,0.0,0.0,0.0,0.0,1455000.0,,0.0,,0.0,468703.0,10289360.0,191648.0,,39300.0,0.0,6851513.0,0.0,,,2302724.0,4307894.0,1818922.0,15210.0,461253.0,19.0,4.02,,2.2,,170.06,2167970.0,,-7.8807671610865775,112.532451265561
2014,12,PT Bank Perekonomian Rakyat Syariah Vitka Central,Kota Batam,Provinsi Kep. Riau,620134,50568908.0,40257222.0,0.0,499220.0,125343.0,0.0,0.0,0.0,,0.0,,710109.0,4977521.0,24172361.0,1308854.0,,60990.0,0.0,17484817.0,0.0,,,4348649.0,8656622.0,3746507.0,0.0,599091.0,12.92,14.57,,1.26,,87.8,10745986.0,,1.0997027965875927,104.0345602824064
2014,12,PT Bank Perekonomian Rakyat Syariah Rajasa Lampung Tengah (Perseroda),Kab. Lampung Tengah,Provinsi Lampung,620129,10731335.0,2043753.0,0.0,6793458.0,31500.0,0.0,0.0,23000.0,,0.0,,772766.0,53526.0,175000.0,464429.0,,34597.0,0.0,5101314.0,0.0,,,2986354.0,3093371.0,2967055.0,0.0,-13136.0,52.46,15.59,,-3.2,,148.86,1870248.0,,,
2014,12,PT Bank Perekonomian Rakyat Syariah Karya Mugi Sentosa,Kota Surabaya,Provinsi Jawa Timur,620113,,,,,,,,,,,,,,,,,,,,,,,,,,,,,,,,,,,,-7.248497572190274,112.74359015261464
2014,12,PT Bank Perekonomian Rakyat Syariah Tulen Amanah,Kab. Lombok Tengah,Provinsi Nusa Tenggara Barat,620009,19425644.0,14125796.0,0.0,0.0,0.0,0.0,0.0,0.0,,0.0,,0.0,3863038.0,9619400.0,264029.0,,21089.0,0.0,1107956.0,0.0,,,2827814.0,4154528.0,1230980.0,0.0,1524161.0,31.0,4.56,,8.0,,105.0,4900025.0,,-8.70747522600701,116.25948057531416
2014,12,PT Bank Perekonomian Rakyat Syariah Dana Moneter,Kota Makassar,Provinsi Sulawesi Selatan,620030,,,,,,,,,,,,,,,,,,,,,,,,,,,,,,,,,,,,-5.132293953516857,119.41407701618245
2014,12,PT Bank Perekonomian Rakyat Syariah Situbondo,Kab. Situbondo,Provinsi Jawa Timur,620081,10392332.0,5598942.0,0.0,0.0,25310.0,0.0,0.0,800000.0,,0.0,,600570.0,1859192.0,243400.0,94030.0,,6446.0,0.0,742594.0,0.0,,,1872796.0,1912240.0,1333803.0,0.0,506692.0,497.81,4.85,,5.81,,65.19,3489691.0,,-7.702911353591342,113.9806037668517
2014,12,PT Bank Perekonomian Rakyat Syariah Carana Kiat Andalas,Kab. Agam,Provinsi Sumatera Barat,620064,14540080.0,11432296.0,0.0,0.0,5844.0,0.0,0.0,0.0,,0.0,,7953799.0,0.0,4425355.0,252230.0,,351920.0,0.0,1426612.0,0.0,,,1900317.0,2559893.0,2830228.0,0.0,-937592.0,3.13,45.38,,-6.45,,89.58,2672362.0,,,
2014,12,PT Bank Perekonomian Rakyat Syariah Fadhilah Kota Bengkulu (Perseroda),Kota Bengkulu,Provinsi Bengkulu,620184,,,,,,,,,,,,,,,,,,,,,,,,,,,,,,,,,,,,-3.798786993847248,102.26066774117557
2014,12,PT Bank Perekonomian Rakyat Syariah Almabrur Babadan,Kab. Ponorogo,Provinsi Jawa Timur,620073,22749015.0,16757831.0,0.0,0.0,3200.0,0.0,0.0,0.0,,0.0,,2815.0,8322875.0,5029760.0,558916.0,,3669.0,0.0,3277677.0,0.0,,,3138628.0,4514291.0,2499115.0,14793.0,531800.0,58.69,5.18,,2.6,,75.0,5226348.0,,,
2014,12,PT Bank Pembiayaan Rakyat Syariah Jam Gadang Perseroda,Kota Bukittinggi,Provinsi Sumatera Barat,620185,,,,,,,,,,,,,,,,,,,,,,,,,,,,,,,,,,,,-0.2958866590933593,100.36052326690393
2015,12,PT. BPRS Rif'atul Ummah,Kab. Bogor,Provinsi Jawa Barat,620068,7511788.0,4141426.0,242161.0,0.0,766499.0,504327.0,0.0,8900.0,,0.0,,1534883.0,0.0,1820500.0,96352.0,,74192.0,0.0,1753835.0,0.0,,,1246295.0,1465424.0,1131391.0,0.0,85195.0,33.0,12.54,,113.0,,99.0,558844.0,,-6.544725297552011,107.0028264990046
2015,12,PT Bank Perekonomian Rakyat Syariah Sarana Prima Mandiri,Kab. Pamekasan,Provinsi Jawa Timur,620127,25349838.0,11439173.0,0.0,0.0,3858920.0,448483.0,0.0,617238.0,,0.0,,8220883.0,280228.0,11756701.0,184020.0,,42904.0,0.0,2319635.0,40301.0,,,3061186.0,4463882.0,2674709.0,0.0,329931.0,13.76,12.34,,1.3,,68.46,7902512.0,,,
2015,12,PT Bank Perekonomian Rakyat Syariah Tunas Artha Jaya Abadi,Kab. Kediri,Provinsi Jawa Timur,620200,,,,,,,,,,,,,,,,,,,,,,,,,,,,,,,,,,,,-7.816904745358005,112.01148890547412
2015,12,PT BANK PEREKONOMIAN RAKYAT SYARIAH AL MAKMUR,Kota Payakumbuh,Provinsi Sumatera Barat,620132,63517961.0,28500751.0,0.0,0.0,0.0,0.0,0.0,17699368.0,,0.0,,15101934.0,1312455.0,34664179.0,407060.0,,80033.0,0.0,6794841.0,888889.0,,,6222113.0,10126204.0,5380485.0,0.0,672528.0,11.0,1.73,,2.0,,79.45,14942309.0,,-0.2305304689386322,100.63568358146692
2015,12,PT Bank Perekonomian Rakyat Syariah Lantabur Tebuireng,Kab. Jombang,Provinsi Jawa Timur,620098,84052263.0,48303465.0,0.0,2086265.0,5117600.0,0.0,155000.0,295000.0,,0.0,,2556214.0,49048416.0,23740913.0,1074086.0,,92304.0,0.0,1005394.0,0.0,,,8747626.0,11938627.0,5379128.0,68626.0,2859022.0,9.0,6.93,,3.86,,74.26,26713055.0,,-7.593963133811971,112.26493196168056
2015,12,PT BPRS Barakah Nawaitul Ikhlas,Kota Solok,Provinsi Sumatera Barat,620123,6323709.0,4209684.0,0.0,270946.0,0.0,0.0,0.0,0.0,,0.0,,72027.0,3446403.0,1665400.0,54935.0,,13592.0,0.0,34271.0,0.0,,,1020629.0,1330456.0,782546.0,0.0,216075.0,25.33,2.98,,3.93,,72.22,1643559.0,,-0.8090450252633046,100.6628003414127
2015,12,PT Bank Perekonomian Rakyat Syariah Kabupaten Ngawi Perseroda,Kab. Ngawi,Provinsi Jawa Timur,620183,,,,,,,,,,,,,,,,,,,,,,,,,,,,,,,,,,,,-7.420451120596442,111.441830004461
2015,12,PT Bank Perekonomian Rakyat Syariah Bangka Belitung,Kota Pangkal Pinang,Provinsi Kep. Bangka Belitung,620076,477258877.0,252155639.0,0.0,4384220.0,1293346.0,0.0,0.0,58395951.0,,0.0,,6680421.0,141221367.0,258438791.0,5167541.0,,1030921.0,0.0,3391666.0,0.0,,,48115205.0,79885031.0,35367638.0,0.0,12750684.0,20.58,14.05,,3.05,,73.51,138687141.0,,-2.120239693370022,106.11713996558484
2015,12,PT. BPRS Muamalat Yotefa,Kab. Jayapura,Provinsi Papua,620067,,,,,,,,,,,,,,,,,,,,,,,,,,,,,,,,,,,,-2.550807165553799,140.48835142200244
2015,12,PT. BPRS Asri Madani Nusantara,Kab. Jember,Provinsi Jawa Timur,620033,20789919.0,13516719.0,0.0,725317.0,31651.0,398105.0,78000.0,500000.0,,0.0,,0.0,6556154.0,4411487.0,112972.0,,116015.0,0.0,4874139.0,1663038.0,,,2177799.0,3525371.0,1569607.0,14333.0,555468.0,20.5,1.78,,3.35,,78.16,4634406.0,,-8.154319698220284,113.71768742028424
2015,12,PT Bank Perekonomian Rakyat Syariah Mitra Mentari Sejahtera,Kab. Ponorogo,Provinsi Jawa Timur,620180,,,,,,,,,,,,,,,,,,,,,,,,,,,,,,,,,,,,,
2015,12,PT BPRS Magetan (Perseroda),Kab. Magetan,Provinsi Jawa Timur,620165,16593130.0,10336138.0,0.0,0.0,0.0,0.0,0.0,0.0,,0.0,,2528317.0,207365.0,4200600.0,85107.0,,17844.0,0.0,9932.0,3150124.0,,,1478063.0,1875378.0,1141025.0,0.0,302853.0,87.22,0.47,,1.83,,62.4,6036263.0,,,
2015,12,PT Bank Perekonomian Rakyat Syariah Saruma Sejahtera Halmahera Selatan,Kab. Halmahera Selatan,Provinsi Maluku Utara,620182,,,,,,,,,,,,,,,,,,,,,,,,,,,,,,,,,,,,,
2015,12,PT BANK PEREKONOMIAN RAKYAT ARTHA MADANI,Kota Bekasi,Provinsi Jawa Barat,620088,149277012.0,102544966.0,0.0,0.0,320409.0,0.0,0.0,7772500.0,,0.0,,22175372.0,677040.0,32574017.0,1370957.0,,1908546.0,0.0,78103252.0,0.0,,,18659825.0,29257439.0,12206989.0,175461.0,6277375.0,12.0,2.93,,5.61,,77.02,23377836.0,,-6.235802486784483,106.99167237097036
2015,12,PT Bank Perekonomian Rakyat Syariah Syarikat Madani,Kota Batam,Provinsi Kep. Riau,620121,106333043.0,82512229.0,0.0,8976283.0,3146957.0,0.0,0.0,0.0,,0.0,,0.0,6856432.0,36125682.0,615033.0,,1873001.0,0.0,49148135.0,0.0,,,15382645.0,21968624.0,12622373.0,0.0,2154191.0,12.8,3.19,,2.13,,220.17,8677101.0,,1.1025924305431083,104.04282617621487
2015,12,PT Bank Perekonomian Rakyat Syariah Fajar Sejahtera Bali,Kab. Badung,Provinsi Bali,620026,7394842.0,2312553.0,0.0,1927122.0,0.0,0.0,1795226.0,0.0,,0.0,,1262.0,2040490.0,1375500.0,421894.0,,43217.0,0.0,0.0,10000.0,,,2379935.0,2552168.0,2271760.0,2551.0,85205.0,73.47,6.61,,1.19,,82.36,1426647.0,,-8.645170567141806,115.27693679878858
2015,12,PT Bank Perekonomian Rakyat Syariah Sampang Perseroda,Kab. Sampang,Provinsi Jawa Timur,620166,77828592.0,50577099.0,0.0,103459.0,10000.0,2500.0,11958833.0,0.0,,0.0,,8709124.0,0.0,13343055.0,1731145.0,,238443.0,0.0,39093473.0,1250000.0,,,7152049.0,12089176.0,5027395.0,45083.0,1767286.0,24.62,7.01,,1.66,,101.23,12027952.0,,-7.177646641310815,113.22928610732424
2015,12,PT BPRS Bhakti Haji,Kab. Malang,Provinsi Jawa Timur,620048,,,,,,,,,,,,,,,,,,,,,,,,,,,,,,,,,,,,-7.991553338452736,112.64203778122696
2015,12,PT. BANK PEREKONOMIAN RAKYAT SYARIAH DINAR ASHRI,Kota Mataram,Provinsi Nusa Tenggara Barat,620104,158816561.0,94657122.0,0.0,200000.0,3486097.0,0.0,14000000.0,163600.0,,0.0,,0.0,53214352.0,59824082.0,895212.0,,2660420.0,0.0,18513377.0,0.0,,,13051741.0,20924877.0,6625020.0,159500.0,4738455.0,27.0,3.6,,3.67,,87.15,41923090.0,,-8.593657692387334,116.10734653727864
2015,12,PT BPRS Gajahtongga KotoPiliang,Kota Sawahlunto,Provinsi Sumatera Barat,620162,14562350.0,12228521.0,0.0,0.0,0.0,0.0,0.0,0.0,,0.0,,8421885.0,0.0,3558400.0,607970.0,,12770.0,0.0,695335.0,0.0,,,2395684.0,2770114.0,2293405.0,0.0,72474.0,14.0,13.34,,1.0,,86.0,2851571.0,,-0.6873833320816837,100.76958758372275
2015,12,PT Bank Perekonomian Rakyat Syariah Botani Bina Rahmah,Kab. Bogor,Provinsi Jawa Barat,620061,18681590.0,8540060.0,0.0,0.0,595766.0,0.0,3137237.0,125000.0,,0.0,,3354357.0,0.0,9221000.0,307747.0,,763686.0,0.0,632148.0,0.0,,,2331153.0,3439440.0,1792326.0,0.0,513551.0,43.25,5.62,,2.42,,74.82,5001959.0,,-6.546441998522415,106.99684935942706
2015,12,PT Bank Perekonomian Rakyat Syariah Harta Insan Karimah Insan Cita,Kab. Bogor,Provinsi Jawa Barat,620069,17570521.0,10769694.0,0.0,290109.0,41613.0,0.0,1565204.0,0.0,,0.0,,3672377.0,1616838.0,6883989.0,197681.0,,202422.0,0.0,695345.0,0.0,,,2489375.0,3192649.0,2229746.0,0.0,165694.0,31.6,30.45,,-2.77,,76.68,3820644.0,,-6.539331604489986,107.00639936483655
2015,12,PT Bank Perekonomian Rakyat Syariah Rahma Syariah,Kab. Kediri,Provinsi Jawa Timur,620150,6894883.0,3009274.0,0.0,0.0,0.0,0.0,1371603.0,0.0,,0.0,,2053282.0,0.0,3137900.0,58500.0,,10713.0,0.0,56401.0,0.0,,,961054.0,1217181.0,908636.0,0.0,43021.0,39.36,20.26,,0.69,,64.39,2177300.0,,-7.821654764489613,112.02781200727956
2015,12,PT BPRS Bumi Rinjani,Kota Batu,Provinsi Jawa Timur,620109,,,,,,,,,,,,,,,,,,,,,,,,,,,,,,,,,,,,-7.86392956395291,112.52576707537388
2015,12,PT BPRS Bogor Tegar Beriman,Kab. Bogor,Provinsi Jawa Barat,620177,,,,,,,,,,,,,,,,,,,,,,,,,,,,,,,,,,,,-6.552632627212006,107.00079770326322
2015,12,PT Bank Perekonomian Rakyat Syariah Gaido Indonesia,Kab. Cianjur,Provinsi Jawa Barat,620043,,,,,,,,,,,,,,,,,,,,,,,,,,,,,,,,,,,,-6.563150818639635,106.73146469181188
2015,12,PT Bank Perekonomian Rakyat Syariah Margirizki Bahagia,Kab. Bantul,Provinsi D.I. Yogyakarta,620017,45258459.0,24249399.0,0.0,13267.0,0.0,0.0,749146.0,7088559.0,,0.0,,4766179.0,2423551.0,25327900.0,374636.0,,33741.0,0.0,3760409.0,3194430.0,,,4224266.0,7041138.0,2887408.0,0.0,1239809.0,15.76,3.73,,3.93,,99.0,11137362.0,,-6.173931205857998,106.82055050685378
2015,12,PT Bank Perekonomian Rakyat Syariah Annisa Mukti,Kab. Sidoarjo,Provinsi Jawa Timur,620135,9527753.0,6175305.0,0.0,0.0,0.0,0.0,0.0,760000.0,,0.0,,0.0,1576376.0,3200000.0,72313.0,,44608.0,0.0,1366277.0,0.0,,,2264897.0,2683599.0,1667571.0,10072.0,549102.0,45.15,0.92,,6.42,,145.2,2165553.0,,,
2015,12,PT Bank Perekonomian Rakyat Syariah Harta Insan Karimah Cibitung,Kota Bekasi,Provinsi Jawa Barat,620020,135682700.0,114390837.0,0.0,299622.0,5000.0,0.0,0.0,2500000.0,,0.0,,23372989.0,981668.0,31680614.0,2528744.0,,1137262.0,0.0,60728236.0,0.0,,,18387798.0,28689001.0,10309424.0,120000.0,5877227.0,,,,,,,18553246.0,,-6.225695831277773,106.98845203769474
2015,12,PT Bank Perekonomian Rakyat Syariah Situbondo,Kab. Situbondo,Provinsi Jawa Timur,620081,9624249.0,6031077.0,0.0,73789.0,39321.0,0.0,0.0,0.0,,0.0,,373402.0,1558846.0,406000.0,192900.0,,10582.0,0.0,325093.0,0.0,,,1952919.0,1990187.0,1581597.0,0.0,381590.0,159.27,4.9,,4.49,,68.49,3355887.0,,-7.702911353591342,113.9806037668517
2015,12,PT BPRS Harta Insan Karimah,Kota Tangerang,Provinsi Banten,620012,473747207.0,225169958.0,0.0,800553.0,143437.0,0.0,950000.0,185392234.0,,0.0,,6277590.0,48315685.0,331133800.0,6125073.0,,968938.0,0.0,23995169.0,0.0,,,38496212.0,75169970.0,25358506.0,329414.0,9635357.0,15.1,4.94,,3.0,,102.7,51309498.0,,-6.168514895786671,106.6333010221693
2015,12,PT Bank Pembiayaan Rakyat Syariah Jam Gadang Perseroda,Kota Bukittinggi,Provinsi Sumatera Barat,620185,,,,,,,,,,,,,,,,,,,,,,,,,,,,,,,,,,,,-0.2958866590933593,100.36052326690393
2015,12,PT Bank Perekonomian Rakyat Syariah Musyarakah Ummat Indonesia,Kota Tangerang,Provinsi Banten,620007,5012950.0,2378648.0,0.0,0.0,40615.0,0.0,149100.0,476000.0,,0.0,,529505.0,551994.0,2258315.0,22369.0,,25610.0,0.0,81467.0,0.0,,,721429.0,1231016.0,1076062.0,0.0,-348689.0,41.96,44.16,,-10.08,,62.31,1270847.0,,-6.17429154031784,106.64290706543798
2015,12,PT Bank Perekonomian Rakyat Syariah Al Hijrah Thayibah,Kab. Malang,Provinsi Jawa Timur,620198,,,,,,,,,,,,,,,,,,,,,,,,,,,,,,,,,,,,-7.974001944706607,112.6341027425821
2015,12,PT Bank Perekonomian Rakyat Syariah Patriot Bekasi Perseroda,Kota Bekasi,Provinsi Jawa Barat,620108,67072479.0,27266584.0,0.0,2725666.0,97814.0,0.0,0.0,6431733.0,,0.0,,8109196.0,923270.0,28337295.0,1813809.0,,78796.0,0.0,10349184.0,0.0,,,6689019.0,8687008.0,4542824.0,0.0,2005536.0,53.17,7.49,,3.59,,77.99,29166807.0,,-6.2278728540382104,107.00170463692426
2015,12,PT Bank Perekonomian Rakyat Syariah Baktimakmur Indah,Kab. Sidoarjo,Provinsi Jawa Timur,620022,149482697.0,59053101.0,0.0,1272753.0,881000.0,0.0,0.0,59311277.0,,0.0,,9389781.0,52714935.0,28391595.0,1538275.0,,667535.0,0.0,31270839.0,0.0,,,16213183.0,24217107.0,9052093.0,194734.0,6099848.0,122.48,7.14,,5.56,,84.31,27814364.0,,,
2015,12,PT Bank Perekonomian Rakyat Syariah Arsa Sejahtera,Kota Batu,Provinsi Jawa Timur,620079,31146114.0,17803296.0,0.0,0.0,0.0,0.0,0.0,2273655.0,,0.0,,0.0,3415314.0,8887800.0,1736940.0,,45516.0,0.0,11218197.0,0.0,,,1540851.0,4892140.0,6429270.0,0.0,-4899616.0,32.9,39.91,,-15.73,,163.19,7117518.0,,-7.8807671610865775,112.532451265561
2015,12,PT Bank Perekonomian Rakyat Syariah Bangun Drajat Warga,Kab. Bantul,Provinsi D.I. Yogyakarta,620018,71673752.0,28283729.0,0.0,276437.0,7800.0,400087.0,14363497.0,3645535.0,,0.0,,24814962.0,17854826.0,18044082.0,1047295.0,,41768.0,0.0,2284482.0,0.0,,,6022606.0,7620577.0,4275175.0,41019.0,1539196.0,16.32,8.81,,2.58,,77.37,23058433.0,,-6.162883175978525,106.8097490702202
2015,12,PT Bank Perekonomian Rakyat Syariah Al Falah,Kab. Banyuasin,Provinsi Sumatera Selatan,620040,17581880.0,10182395.0,0.0,1079735.0,100.0,0.0,0.0,0.0,,0.0,,154689.0,4139927.0,3609700.0,135898.0,,29025.0,0.0,6505289.0,0.0,,,2905087.0,3710047.0,1848752.0,0.0,928955.0,34.46,4.9,,6.65,,66.52,5856590.0,,,
2015,12,PT Bank Perekonomian Rakyat Syariah Amanah Rabbaniah,Kab. Bandung,Provinsi Jawa Barat,620002,40053017.0,21082880.0,0.0,7123907.0,534488.0,0.0,0.0,804478.0,,0.0,,12344874.0,641636.0,20518500.0,1370601.0,,265112.0,0.0,2249662.0,0.0,,,6967790.0,9304976.0,5574451.0,12000.0,1143128.0,,,,,,,10703017.0,,-6.981512329239818,107.54983972422548
2015,12,PT Bank Perekonomian Rakyat Syariah Bhakti Sumekar Perseroda,Kab. Sumenep,Provinsi Jawa Timur,620085,523195347.0,322880165.0,0.0,0.0,38734301.0,0.0,4058963.0,6932145.0,,0.0,,95968740.0,475364.0,156309188.0,3577166.0,,1071294.0,0.0,140021279.0,15277774.0,,,41458306.0,66438767.0,25145779.0,0.0,12423041.0,47.24,1.36,,3.65,,73.67,117529688.0,,,
2015,12,PT Bank Perekonomian Rakyat Syariah Vitka Central,Kota Batam,Provinsi Kep. Riau,620134,49585928.0,43138042.0,0.0,339518.0,803543.0,0.0,0.0,0.0,,0.0,,606503.0,6590998.0,22966438.0,2158686.0,,179809.0,0.0,16453511.0,0.0,,,5253340.0,9855213.0,5352014.0,0.0,-190597.0,12.58,14.48,,-0.22,,100.38,7220443.0,,1.0997027965875927,104.0345602824064
2015,12,PT BPRS Bumi Rinjani Probolinggo,Kab. Probolinggo,Provinsi Jawa Timur,620105,12428693.0,7846798.0,0.0,0.0,0.0,0.0,0.0,3406350.0,,15000.0,,213833.0,1972411.0,4875120.0,343756.0,,6152.0,0.0,3640523.0,0.0,,,1155267.0,2335136.0,2135282.0,0.0,-521748.0,16.62,21.72,,3.71,,91.74,369220.0,,,
2015,12,PT Bank Perekonomian Rakyat Syariah Rizky Barokah,Kota Tangerang Selatan,Provinsi Banten,620199,,,,,,,,,,,,,,,,,,,,,,,,,,,,,,,,,,,,-6.320385744555436,106.69864713138224
2015,12,PT Bank Perekonomian Rakyat Syariah Hijra Alami,Wil. Kota Jakarta Selatan,Provinsi DKI Jakarta,620138,17908318.0,7580381.0,0.0,1832742.0,475665.0,0.0,0.0,2904130.0,,0.0,,1442822.0,291225.0,7572796.0,524526.0,,29765.0,0.0,2841201.0,2708331.0,,,2236660.0,3538060.0,1720959.0,0.0,475300.0,21.0,9.67,,2.65,,91.0,4450507.0,,,
2015,12,PT Bank Perekonomian Rakyat Syariah Tulen Amanah,Kab. Lombok Tengah,Provinsi Nusa Tenggara Barat,620009,24214619.0,14955823.0,0.0,0.0,0.0,0.0,0.0,0.0,,0.0,,0.0,5652310.0,11863200.0,300910.0,,38393.0,0.0,908381.0,0.0,,,2838400.0,4496353.0,1327069.0,0.0,1602144.0,33.0,12.45,,6.8,,85.38,8886469.0,,-8.70747522600701,116.25948057531416
2015,12,PT Bank Perekonomian Rakyat Syariah Almabrur Babadan,Kab. Ponorogo,Provinsi Jawa Timur,620073,24496523.0,17817826.0,0.0,0.0,1582.0,0.0,0.0,0.0,,0.0,,3615.0,11752843.0,5437473.0,363852.0,,6516.0,0.0,648705.0,0.0,,,3381957.0,4431815.0,2678546.0,26160.0,971802.0,0.0,3.41,,0.0,,0.0,5236479.0,,,
2015,12,PT Bank Perekonomian Rakyat Syariah Central Syariah Utama,Kota Surakarta/Solo,Provinsi Jawa Tengah,620137,9999007.0,5689728.0,0.0,936919.0,125417.0,301437.0,19868.0,100000.0,,0.0,,1154259.0,823571.0,3026000.0,193702.0,,113630.0,0.0,3747147.0,0.0,,,770518.0,1392379.0,1244441.0,0.0,-366122.0,13.65,13.42,,-3.66,,83.51,1496850.0,,-7.583455291786536,110.81861293442316
2015,12,PT Bank Perekonomian Rakyat Syariah Amanah Ummah,Kab. Bogor,Provinsi Jawa Barat,620004,178386559.0,125363266.0,3126160.0,56345.0,5465002.0,1103076.0,338750.0,4281500.0,,0.0,,102528002.0,2336863.0,49490836.0,2221707.0,,104536.0,0.0,5479256.0,0.0,,,22379441.0,28361921.0,16080308.0,433335.0,4645132.0,,,,,,,38814427.0,,-6.547796294132246,107.00834446079764
2015,12,PT Bank Perekonomian Rakyat Syariah Mitra Amal Mulia,Kab. Sleman,Provinsi D.I. Yogyakarta,620117,30250552.0,20755624.0,0.0,626470.0,130036.0,1268116.0,80281.0,377727.0,,0.0,,1664974.0,1431025.0,20386906.0,124108.0,,44323.0,0.0,1606277.0,0.0,,,3100533.0,4936044.0,2379502.0,36038.0,647689.0,20.27,3.7,,2.56,,98.96,3836990.0,,,
2015,12,PT BPRS Bumi Rinjani Malang,Kota Malang,Provinsi Jawa Timur,620078,,,,,,,,,,,,,,,,,,,,,,,,,,,,,,,,,,,,-7.974100981138048,112.64136686861058
2015,12,PT BPRS Hidayah,Wil. Kota Jakarta Barat,Provinsi DKI Jakarta,620119,,,,,,,,,,,,,,,,,,,,,,,,,,,,,,,,,,,,,
2015,12,PT BPRS Haji Miskin,Kab. Tanah Datar,Provinsi Sumatera Barat,620099,35146031.0,23815656.0,0.0,500360.0,0.0,275672.0,1340625.0,0.0,,0.0,,280582.0,8666250.0,8026300.0,379524.0,,90623.0,0.0,11957744.0,1500000.0,,,3686317.0,6108405.0,2963855.0,15735.0,613470.0,17.98,3.0,,2.25,,92.55,8832392.0,,0.7957568848810034,100.72783265816751
2015,12,PT Bank Perekonomian Rakyat Syariah Amanah Sejahtera,Kab. Gresik,Provinsi Jawa Timur,620050,67546333.0,31646405.0,0.0,25693.0,2081550.0,0.0,323333.0,9677987.0,,0.0,,17257305.0,31126105.0,12536900.0,2012996.0,,21196.0,0.0,951335.0,400000.0,,,9066075.0,10366222.0,11173981.0,0.0,-2065634.0,12.94,5.54,,-3.17,,120.37,19430199.0,,-7.171206060982263,112.65347308804564
2015,12,PT Bank Perekonomian Rakyat Syariah Harta Insan Karimah Bekasi,Kota Bekasi,Provinsi Jawa Barat,620015,185165100.0,95039272.0,0.0,12915137.0,159440.0,0.0,0.0,40321133.0,,0.0,,14796019.0,410426.0,109974874.0,2775337.0,,0.0,0.0,38447658.0,0.0,,,17445557.0,32292927.0,12642592.0,109250.0,3653183.0,14.0,4.44,,3.0,,90.3,32589859.0,,-6.237084227639964,106.9866402479551
2015,12,PT. BPRS Jabal Tsur,Kab. Pasuruan,Provinsi Jawa Timur,620103,33096986.0,7805282.0,0.0,10326041.0,46706.0,0.0,0.0,2810000.0,,0.0,,3913193.0,6506577.0,10192342.0,1251585.0,,411611.0,0.0,9805314.0,0.0,,,5631472.0,7633287.0,6964183.0,0.0,-1333731.0,8.4,44.81,,-4.03,,115.0,7693106.0,,-7.642622137527749,112.90214649056595
2015,12,PT Bank Perekonomian Rakyat Syariah Karya Mugi Sentosa,Kota Surabaya,Provinsi Jawa Timur,620113,46900376.0,18235067.0,0.0,930367.0,21115156.0,0.0,263798.0,97333.0,,0.0,,15671638.0,2501010.0,10773549.0,937377.0,,133265.0,0.0,915839.0,6524757.0,,,6393436.0,7284620.0,5872313.0,0.0,552049.0,25.49,9.27,,1.24,,111.76,4976813.0,,-7.248497572190274,112.74359015261464
2015,12,PT Bank Perekonomian Rakyat Syariah Kotabumi (Perseroda),Kab. Lampung Selatan,Provinsi Lampung,620131,96018853.0,29233292.0,0.0,35755030.0,228500.0,0.0,329004.0,0.0,,0.0,,10139366.0,148642.0,20714452.0,978142.0,,858791.0,0.0,46275118.0,2928559.0,,,9359531.0,16931645.0,5901134.0,0.0,2578142.0,19.33,2.01,,3.44,,77.02,29283081.0,,,
2015,12,PT Bank Perekonomian Rakyat Syariah Nurul Ikhwan,Kab. Polewali Mandar,Provinsi Sulawesi Barat,620045,886938.0,934853.0,0.0,0.0,30250.0,0.0,0.0,0.0,,0.0,,398.0,433470.0,0.0,411393.0,,1148.0,0.0,262260.0,0.0,,,234558.0,237166.0,334824.0,0.0,-114682.0,57.83,63.0,,13.02,,115.16,185833.0,,-3.4069455429190376,119.31879018370128
2015,12,PT Bank Perekonomian Rakyat Syariah Balerong Bunta,Kab. Tanah Datar,Provinsi Sumatera Barat,620197,,,,,,,,,,,,,,,,,,,,,,,,,,,,,,,,,,,,0.8031965185093075,100.73793330633296
2015,12,PT Bank Perekonomian Rakyat Syariah Amanah Insani,Kab. Bekasi,Provinsi Jawa Barat,620066,78450300.0,26662426.0,0.0,0.0,1190029.0,0.0,35245418.0,0.0,,0.0,,31617636.0,0.0,32016797.0,984970.0,,869350.0,0.0,224762.0,0.0,,,9325960.0,12544270.0,7070847.0,245001.0,1700842.0,22.0,6.22,,3.11,,79.0,14950174.0,,-6.204349585324721,107.17320288461552
2015,12,PT Bank Perekonomian Rakyat Syariah Madina Mandiri Sejahtera,Kab. Bantul,Provinsi D.I. Yogyakarta,620118,41438118.0,24774840.0,0.0,534629.0,0.0,7237.0,4336609.0,2756472.0,,0.0,,3886704.0,1038020.0,30444400.0,777211.0,,342663.0,0.0,2718535.0,0.0,,,2552733.0,5779994.0,2501304.0,0.0,1028068.0,11.0,8.89,,2.63,,102.95,8730509.0,,-6.160825160234478,106.80699763980014
2015,12,PT Bank Perekonomian Rakyat Syariah Daya Artha Mentari,Kab. Pasuruan,Provinsi Jawa Timur,620056,12425157.0,7221957.0,0.0,717281.0,0.0,0.0,337966.0,0.0,,0.0,,2318583.0,6250620.0,1310050.0,218054.0,,7485.0,0.0,1065920.0,0.0,,,2288356.0,2704397.0,2250012.0,0.0,24715.0,14.65,29.94,,0.39,,77.24,1949828.0,,-7.654596803987085,112.9133678475593
2015,12,PT Bank Perekonomian Rakyat Syariah Hikmah Khazanah,Kota Surakarta/Solo,Provinsi Jawa Tengah,620171,33347964.0,23329532.0,0.0,1051279.0,0.0,0.0,0.0,0.0,,0.0,,5875376.0,613081.0,16358850.0,189710.0,,378877.0,0.0,2196110.0,0.0,,,3786575.0,5539280.0,1849081.0,0.0,1862399.0,43.04,1.62,,5.75,,98.72,8075269.0,,-7.578734267499703,110.8209373266183
2015,12,PT Bank Perekonomian Rakyat Syariah Bobato Lestari,Kota Tidore Kepulauan,Provinsi Maluku Utara,620179,,,,,,,,,,,,,,,,,,,,,,,,,,,,,,,,,,,,0.6690346107462076,127.44399032218512
2015,12,PT BPRS Mojo Artho Kota Mojokerto Perseroda,Kota Mojokerto,Provinsi Jawa Timur,620160,65660694.0,31567348.0,0.0,193556.0,2874400.0,647371.0,4619000.0,753500.0,,0.0,,1416500.0,6000353.0,10915900.0,496995.0,,157441.0,0.0,32021734.0,0.0,,,5085375.0,8583825.0,4559557.0,3528.0,697717.0,42.0,2.02,,1.06,,64.0,18722080.0,,-7.460555185064369,112.43110318032298
2015,12,PT Bank Perekonomian Rakyat Syariah Al Ihsan,Kab. Bandung,Provinsi Jawa Barat,620044,6930447.0,3882237.0,0.0,1257297.0,132675.0,0.0,0.0,70959.0,,0.0,,4099369.0,0.0,2010500.0,254008.0,,13754.0,0.0,24592.0,24106.0,,,1242637.0,1409354.0,1145304.0,0.0,166941.0,14.0,9.32,,2.41,,79.45,1690186.0,,-6.971851712893827,107.5425031409888
2015,12,PT. BPRS Jabal Nur Tebuireng,Kota Surabaya,Provinsi Jawa Timur,620114,38966724.0,22681596.0,0.0,1049673.0,62933.0,0.0,0.0,6174402.0,,0.0,,2892780.0,110539.0,14970848.0,631125.0,,83546.0,0.0,18000553.0,173740.0,,,5541074.0,11225420.0,7120195.0,0.0,-1562459.0,13.0,22.02,,-4.0,,177.27,5193708.0,,-7.253401930640896,112.73115332691698
2015,12,PT Bank Perekonomian Rakyat Syariah Harta Insan Karimah Fajar Nitro,Kota Makassar,Provinsi Sulawesi Selatan,620168,2023775.0,2769167.0,0.0,0.0,0.0,0.0,0.0,0.0,,0.0,,84629.0,1000317.0,1267500.0,1430583.0,,2684.0,0.0,257402.0,0.0,,,426715.0,611429.0,2523515.0,0.0,-2112960.0,-38.14,81.7,,-65.31,,117.71,543189.0,,-5.128522770098106,119.41038261376706
2015,12,PT. BANK PEREKONOMIAN RAKYAT SYARIAH PNM PATUH BERAMAL AMALI,Kota Mataram,Provinsi Nusa Tenggara Barat,620021,30665731.0,14583152.0,0.0,0.0,464133.0,0.0,4537700.0,0.0,,0.0,,52159.0,4689692.0,9390900.0,407566.0,,258780.0,0.0,6578553.0,4461772.0,,,3565146.0,5380305.0,2125092.0,36440.0,1413424.0,22.79,3.67,,5.66,,70.77,9458026.0,,-8.58389278031459,116.11057126739846
2015,12,PT BPRS Taeh Baruah,Kab. Limapuluh Koto,Provinsi Sumatera Barat,620190,,,,,,,,,,,,,,,,,,,,,,,,,,,,,,,,,,,,,
2015,12,PT Bank Perekonomian Rakyat Syariah Mandiri Mitra Sukses,Kab. Gresik,Provinsi Jawa Timur,620126,36331530.0,14270861.0,0.0,0.0,0.0,0.0,0.0,15657850.0,,0.0,,4433241.0,7697568.0,13626250.0,215701.0,,478412.0,0.0,6815729.0,0.0,,,5026194.0,6980838.0,5720785.0,0.0,4314.0,16.41,2.8,,0.0,,84.13,4718000.0,,-7.1749772829692935,112.65847748596217
2015,12,PT. BPRS Mitra Harmoni Kota Semarang,Kota Semarang,Provinsi Jawa Tengah,620151,13885642.0,10199341.0,0.0,290711.0,0.0,0.0,0.0,0.0,,0.0,,852029.0,307050.0,4738200.0,109287.0,,58147.0,0.0,6356988.0,0.0,,,2014900.0,2620194.0,2000899.0,0.0,-33881.0,14.6,3.69,,-0.05,,94.5,2826022.0,,-6.989034701457653,110.42390375172975
2015,12,PT Bank Perekonomian Rakyat Syariah Aman Syariah,Kab. Lampung Timur,Provinsi Lampung,620173,12054400.0,6336531.0,0.0,1083542.0,300000.0,0.0,181873.0,0.0,,0.0,,2794451.0,305078.0,2119628.0,60006.0,,57593.0,0.0,3762413.0,0.0,,,1108718.0,1480855.0,1074881.0,0.0,15237.0,37.51,0.86,,1.52,,33.45,3672896.0,,,
2015,12,PT Bank Perekonomian Rakyat Syariah Almasoem,Kab. Bandung,Provinsi Jawa Barat,620027,,,,,,,,,,,,,,,,,,,,,,,,,,,,,,,,,,,,-6.97009496632967,107.54174350568084
2015,12,PT Bank Perekonomian Rakyat Syariah Investama Mega Bakti,Kota Makassar,Provinsi Sulawesi Selatan,620077,44530860.0,24882412.0,0.0,0.0,1224297.0,0.0,4893176.0,8697037.0,,0.0,,86830.0,2597755.0,573990.0,841007.0,,30103.0,0.0,33055.0,38039328.0,,,5155098.0,7334186.0,5452314.0,0.0,-270507.0,9.41,17.73,,-0.7,,96.12,4157462.0,,-5.131381407363007,119.4094893372462
2015,12,PT BANK PEREKONOMIAN RAKYAT SYARIAH SIAK JAYA,Kab. Siak,Provinsi Riau,620189,,,,,,,,,,,,,,,,,,,,,,,,,,,,,,,,,,,,0.6271089398798741,101.56683647826335
2015,12,PT Bank Perekonomian Rakyat Syariah Riyal Irsyadi,Kota Bekasi,Provinsi Jawa Barat,620005,36134148.0,27065861.0,0.0,0.0,0.0,0.0,135537.0,0.0,,0.0,,5546772.0,5488.0,18730800.0,5073361.0,,60596.0,0.0,9153670.0,0.0,,,3883753.0,8033009.0,7621444.0,0.0,-3723197.0,13.55,28.16,,-10.07,,81.86,12572778.0,,-6.225147459974553,106.99631349110932
2015,12,PT Bank Perekonomian Rakyat Syariah Bumi Rinjani Kepanjen,Kab. Malang,Provinsi Jawa Timur,620106,40984320.0,31138212.0,0.0,19205.0,0.0,0.0,0.0,3007540.0,,0.0,,793968.0,6379277.0,14329200.0,565218.0,,95995.0,0.0,14272787.0,0.0,,,7006939.0,10822927.0,5389333.0,40801.0,1203698.0,14.56,4.97,,3.91,,86.69,4780154.0,,-7.986689742538544,112.63775505887186
2015,12,PT Bank Perekonomian Rakyat Syariah Berkah Dana Fadhlillah (Perseroda),Kab. Kampar,Provinsi Riau,620060,18672265.0,11849960.0,0.0,71683.0,104309.0,0.0,0.0,0.0,,0.0,,471394.0,15204421.0,1389300.0,674864.0,,11641.0,0.0,77472.0,0.0,,,2343467.0,3040557.0,2180432.0,0.0,182396.0,12.0,12.12,,0.98,,58.93,6787677.0,,0.8689938830957369,101.2803342082979
2015,12,PT. BPRS Ummu,Kab. Pasuruan,Provinsi Jawa Timur,620074,8541977.0,4980876.0,0.0,0.0,0.0,0.0,0.0,0.0,,0.0,,4198559.0,1227937.0,823700.0,431055.0,,3223.0,0.0,76071.0,555556.0,,,1553926.0,1757185.0,3424372.0,0.0,-1503926.0,30.14,31.71,,-17.61,,58.86,3295142.0,,-7.65021334152576,112.89863930816225
2015,12,PT Bank Perekonomian Rakyat Syariah Dana Amanah Surakarta,Kota Surakarta/Solo,Provinsi Jawa Tengah,620125,9910445.0,4108721.0,135333.0,2874932.0,0.0,282802.0,527590.0,0.0,,0.0,,1724574.0,19583.0,3819000.0,181038.0,,15185.0,0.0,2737426.0,0.0,,,1023600.0,1775453.0,933846.0,0.0,64348.0,21.0,5.39,,0.65,,142.53,2025080.0,,-7.582281788876442,110.82735174142871
2015,12,PT Bank Perekonomian Rakyat Syariah Hasanah,Kota Pekanbaru,Provinsi Riau,620041,7883535.0,6298660.0,0.0,29600.0,0.0,0.0,0.0,0.0,,0.0,,174936.0,2519382.0,3472544.0,430791.0,,12824.0,0.0,363012.0,0.0,,,1166765.0,1553943.0,1470674.0,0.0,-212988.0,21.25,9.74,,-2.7,,81.57,1703468.0,,0.5249696427966165,101.44758104638636
2015,12,PT Bank Perekonomian Rakyat Syariah Dana Mulia,Kota Surakarta/Solo,Provinsi Jawa Tengah,620122,20802649.0,8910182.0,0.0,1592508.0,15000.0,0.0,0.0,5580455.0,,0.0,,525199.0,7593528.0,8630237.0,607131.0,,18615.0,0.0,2682022.0,97222.0,,,1467813.0,2924566.0,2437341.0,1000.0,-1004639.0,8.8,23.82,,-4.93,,78.54,4195198.0,,-7.5721076896369475,110.81636511954429
2015,12,PT BPRS Guguk Mas Makmur,Kab. Limapuluh Koto,Provinsi Sumatera Barat,620194,,,,,,,,,,,,,,,,,,,,,,,,,,,,,,,,,,,,,
2015,12,PT Bank Perekonomian Rakyat Syariah Mitra Harmoni Kota Malang,Kota Malang,Provinsi Jawa Timur,620153,10841759.0,7244909.0,0.0,789137.0,0.0,0.0,0.0,0.0,,0.0,,1732144.0,144078.0,3881000.0,93752.0,,40484.0,0.0,3791237.0,0.0,,,1776068.0,2386536.0,1724185.0,0.0,30697.0,21.0,4.82,,0.5,,84.5,2240701.0,,-7.984781410422721,112.62624122586716
2015,12,PT Bank Perekonomian Rakyat Syariah Danagung Syariah,Kab. Sleman,Provinsi D.I. Yogyakarta,620128,31310646.0,13048460.0,0.0,4482379.0,26470.0,0.0,227057.0,5717267.0,,0.0,,1718841.0,413397.0,16256250.0,167885.0,,58900.0,0.0,9011785.0,0.0,,,3188349.0,5035549.0,2171810.0,0.0,1054867.0,14.72,2.62,,4.31,,87.08,6397548.0,,,
2015,12,PT Bank Perekonomian Rakyat Syariah Bahari Berkesan,Kota Ternate,Provinsi Maluku Utara,620164,23230843.0,12511778.0,0.0,0.0,416003.0,0.0,1757367.0,0.0,,0.0,,341367.0,9711156.0,2657050.0,111253.0,,28733.0,0.0,13012.0,1305550.0,,,2166897.0,2408245.0,2239795.0,0.0,908793.0,35.54,4.8,,0.12,,115.54,8180677.0,,0.7773589145132459,127.38615026515367
2015,12,PT Bank Perekonomian Rakyat Syariah Hikmah Bahari,Kota Tegal,Provinsi Jawa Tengah,620174,15679346.0,10381534.0,0.0,1676810.0,0.0,0.0,138396.0,1007000.0,,0.0,,1803326.0,0.0,7684500.0,72810.0,,61096.0,0.0,20933.0,0.0,,,929505.0,999715.0,801375.0,3486.0,104491.0,41.91,0.0,,0.67,,139.17,1393157.0,,-6.861973262113324,109.13573876794256
2015,12,PT Bank Perekonomian Rakyat Syariah Way Kanan (Perseroda),Kab. Lampung Selatan,Provinsi Lampung,620157,34958724.0,9468551.0,0.0,13282501.0,3461920.0,0.0,0.0,63000.0,,0.0,,6079015.0,2703479.0,1552700.0,689201.0,,107446.0,0.0,17324824.0,0.0,,,4166653.0,6508256.0,2798910.0,0.0,1113834.0,23.51,4.06,,4.12,,86.16,8319838.0,,,
2015,12,PT Bank Perekonomian Rakyat Syariah Alsalaam Amal Salman,Kota Depok,Provinsi Jawa Barat,620101,198302563.0,146894518.0,0.0,1413312.0,118832.0,0.0,2601367.0,390000.0,,0.0,,12911984.0,22681894.0,136038850.0,4139259.0,,403374.0,0.0,4342990.0,0.0,,,26471814.0,39820072.0,22971221.0,0.0,2601876.0,13.39,4.35,,1.81,,78.69,36967552.0,,-6.416217509745828,106.80751636393872
2015,12,PT BANK PEREKONOMIAN RAKYAT SYARIAH NIAGA MADANI,Kota Makassar,Provinsi Sulawesi Selatan,620039,22118679.0,16320037.0,0.0,0.0,31483.0,0.0,0.0,0.0,,0.0,,0.0,3739939.0,5441240.0,436544.0,,272833.0,0.0,11207877.0,0.0,,,4628670.0,5507994.0,5218747.0,0.0,537932.0,6.51,54.4,,2.25,,177.7,2434404.0,,-5.127789499318414,119.412410921333
2015,12,PT Bank Perekonomian Rakyat Syariah Harta Insan Karimah Parahyangan,Kab. Bandung,Provinsi Jawa Barat,620054,616164171.0,512041231.0,0.0,169953.0,1246507.0,0.0,82000.0,6196688.0,,0.0,,44997565.0,857500.0,105762850.0,8500000.0,,2139964.0,0.0,390839315.0,1110879.0,,,66904955.0,122876351.0,45641082.0,525000.0,15538068.0,12.44,2.29,,3.46,,97.89,81507761.0,,-6.965455511896712,107.55659356508802
2015,12,PT Bank Perekonomian Rakyat Syariah Tanmiya Artha,Kota Kediri,Provinsi Jawa Timur,620130,8136015.0,5145465.0,0.0,267910.0,611.0,14250.0,506243.0,0.0,,0.0,,325891.0,2374190.0,2380000.0,173347.0,,23998.0,0.0,1292015.0,0.0,,,1024061.0,1438177.0,805598.0,5339.0,193815.0,27.0,30.34,,2.62,,94.5,2021138.0,,-7.804361795474596,112.00698794188358
2015,12,PT. BPRS Cilegon Mandiri,Kota Cilegon,Provinsi Banten,620080,98177549.0,44016058.0,7620720.0,4060383.0,262892.0,70191.0,0.0,17049129.0,,0.0,,6691778.0,7760342.0,15726028.0,2197933.0,,56952.0,0.0,2790619.0,0.0,,,14750892.0,16207530.0,8528353.0,154022.0,4763267.0,82.9,14.21,,6.64,,242.16,14521967.0,,-6.0121840147933305,106.06249216016823
2015,12,PT Bank Perekonomian Rakyat Syariah PNM Mentari,Kab. Garut,Provinsi Jawa Barat,620008,47977517.0,32119487.0,0.0,3277010.0,963450.0,0.0,0.0,2515007.0,,0.0,,1101719.0,5608179.0,18459718.0,663463.0,,56299.0,0.0,15119033.0,0.0,,,5641906.0,9057116.0,3705468.0,0.0,1580610.0,20.08,6.34,,3.88,,83.72,8477638.0,,-7.195611181584734,107.90948097277126
2015,12,PT BPRS Mentari Pasaman Saiyo,Kab. Pasaman Barat,Provinsi Sumatera Barat,620059,,,,,,,,,,,,,,,,,,,,,,,,,,,,,,,,,,,,,
2015,12,PT Bank Perekonomian Rakyat Syariah Madinah,Kab. Lamongan,Provinsi Jawa Timur,620139,9999783.0,5506148.0,0.0,0.0,16666.0,0.0,0.0,2087263.0,,0.0,,363838.0,4904522.0,2932244.0,86564.0,,19438.0,0.0,180289.0,0.0,,,1757151.0,2074302.0,1275340.0,11225.0,447770.0,89.07,3.24,,3.54,,92.8,2146545.0,,-7.123303358568694,112.40966669736945
2015,12,PT Bank Perekonomian Rakyat Syariah Unawi Barokah,Kab. Sidoarjo,Provinsi Jawa Timur,620155,3396491.0,1713109.0,0.0,0.0,0.0,0.0,0.0,0.0,,0.0,,59380.0,827067.0,811811.0,17347.0,,8186.0,0.0,1114635.0,0.0,,,542762.0,764221.0,560228.0,0.0,-25006.0,30.48,0.91,,-0.76,,100.87,1595576.0,,,
2015,12,PT Bank Perekonomian Rakyat Syariah Serambi Mekah,Kota Langsa,Provinsi NAD,620152,3446662.0,1471904.0,0.0,2500.0,0.0,0.0,0.0,0.0,,0.0,,396877.0,0.0,1050000.0,24428.0,,4656.0,0.0,1088931.0,0.0,,,313607.0,448888.0,623356.0,0.0,-310125.0,46.68,10.45,,-12.0,,62.66,1821259.0,,4.466232402810879,97.97539511921892
2015,12,PT Bank Perekonomian Rakyat Syariah Bina Amanah Satria,Kab. Banyumas,Provinsi Jawa Tengah,620087,40919177.0,19199201.0,0.0,1011277.0,1035486.0,3233.0,69000.0,8215711.0,,0.0,,11378073.0,2955735.0,9447000.0,348458.0,,494697.0,0.0,9813352.0,1838656.0,,,4820920.0,5860631.0,4080274.0,0.0,887390.0,,,,,,,9425854.0,,-7.448909227338186,109.32815980963753
2015,12,PT Bank Perekonomian Rakyat Syariah Alwadiah,Kota Tasikmalaya,Provinsi Jawa Barat,620037,32280491.0,23605311.0,0.0,0.0,0.0,0.0,23862.0,1400000.0,,0.0,,226824.0,10023547.0,13398097.0,581294.0,,122728.0,0.0,1371054.0,0.0,,,4147323.0,5453325.0,2484507.0,0.0,1575890.0,61.13,2.89,,4.88,,105.84,7143276.0,,-7.31950171379176,108.2182123272616
2015,12,PT Bank Perekonomian Rakyat Syariah Maslahat Dana Syariah Nusantara,Kota Bengkulu,Provinsi Bengkulu,620181,,,,,,,,,,,,,,,,,,,,,,,,,,,,,,,,,,,,-3.791547736340278,102.2560829253008
2015,12,PT Bank Perekonomian Rakyat Syariah Khatulistiwa,Kab. Pasaman,Provinsi Sumatera Barat,620201,,,,,,,,,,,,,,,,,,,,,,,,,,,,,,,,,,,,,
2015,12,PT BPRS Berkah Amal Salman,Kota Bandung,Provinsi Jawa Barat,620001,,,,,,,,,,,,,,,,,,,,,,,,,,,,,,,,,,,,-6.918139601318028,107.60647461822626
2015,12,PT BPRS Berkah Amal Salman,Kota Bandung,Provinsi Jawa Barat,620001,,,,,,,,,,,,,,,,,,,,,,,,,,,,,,,,,,,,-6.600064385549815,106.7999819599572
2015,12,PT BPRS Al Hidayah,Kab. Pasuruan,Provinsi Jawa Timur,620072,17102765.0,10342863.0,0.0,0.0,5500.0,0.0,10005500.0,83700.0,,0.0,,0.0,5535107.0,4138500.0,7333588.0,,16614.0,0.0,15720338.0,0.0,,,1635123.0,3831149.0,9246599.0,0.0,-7594913.0,-63.01,54.82,,-33.89,,54.82,2202082.0,,-7.64945314625638,112.90608207619024
2015,12,PT BPRS Bina Finansia,Kota Semarang,Provinsi Jawa Tengah,620102,22869321.0,17541034.0,0.0,927129.0,5000.0,0.0,0.0,0.0,,0.0,,0.0,7510194.0,11003280.0,350322.0,,170986.0,0.0,1587263.0,0.0,,,2352007.0,3933024.0,1816507.0,0.0,528016.0,12.9,7.87,,2.31,,82.21,2950134.0,,-6.984027795058197,110.415867283899
2015,12,PT Bank Perekonomian Rakyat Syariah Insan Madani,Kab. Sukoharjo,Provinsi Jawa Tengah,620154,48205642.0,8898260.0,0.0,0.0,0.0,0.0,1993657.0,25920847.0,,0.0,,1099.0,1725695.0,36647233.0,277973.0,,190858.0,0.0,654719.0,0.0,,,2507396.0,6540108.0,1938637.0,0.0,478243.0,23.15,21.13,,1.19,,77.3,9251811.0,,-7.980423788495279,112.63614303338588
2015,12,PT Bank Perekonomian Rakyat Syariah Amanah Bangsa,Kab. Simalungun,Provinsi Sumatera Utara,620032,15003758.0,12295442.0,0.0,400.0,0.0,0.0,454125.0,0.0,,0.0,,4228172.0,0.0,5082500.0,521642.0,,113186.0,0.0,4518955.0,0.0,,,2786090.0,3376436.0,2394388.0,0.0,350657.0,7.25,6.04,,3.05,,86.83,2422216.0,,,
2015,12,PT Bank Perekonomian Rakyat Syariah Rajasa Lampung Tengah (Perseroda),Kab. Lampung Tengah,Provinsi Lampung,620129,11411245.0,1805048.0,0.0,7028961.0,19000.0,0.0,0.0,87000.0,,0.0,,737237.0,76759.0,1400000.0,741467.0,,45643.0,0.0,4513674.0,0.0,,,2656701.0,2817366.0,2452274.0,0.0,635421.0,67.03,17.09,,6.31,,134.23,2986296.0,,,
2015,12,PT Bank Perekonomian Rakyat Syariah Lampung Barat (Perseroda),Kab. Lampung Barat,Provinsi Lampung,620175,5353364.0,1665005.0,0.0,253870.0,0.0,0.0,0.0,0.0,,0.0,,0.0,1474059.0,10000.0,25777.0,,39.0,0.0,15912.0,0.0,,,92827.0,102814.0,236773.0,0.0,-146646.0,157.58,0.0,,-2.7,,129.0,3308524.0,,,
2015,12,PT Bank Perekonomian Rakyat Syariah Suriyah,Kab. Cilacap,Provinsi Jawa Tengah,620086,104944749.0,57891282.0,10628.0,2522244.0,263787.0,130356.0,5374708.0,9502745.0,,0.0,,25880637.0,1625334.0,52450645.0,1118452.0,,898919.0,0.0,13399622.0,1916658.0,,,9047361.0,14803620.0,6851127.0,0.0,1704052.0,11.71,2.93,,2.43,,80.61,28147996.0,,-7.720360645096571,109.02261136336097
2015,12,PT Bank Perekonomian Rakyat Syariah Gowata,Kab. Gowa,Provinsi Sulawesi Selatan,620065,2419768.0,723351.0,0.0,480028.0,0.0,0.0,0.0,0.0,,0.0,,0.0,214954.0,460000.0,40061.0,,2174.0,0.0,690149.0,56320.0,,,656669.0,686993.0,474802.0,0.0,159251.0,40.42,27.99,,5.7,,178.29,230378.0,,-5.225938686460566,120.0079553182381
2015,12,PT Bank Perekonomian Rakyat Syariah Barokah Dana Sejahtera,Kota Yogyakarta,Provinsi D.I. Yogyakarta,620115,63376198.0,22486296.0,0.0,2358109.0,714849.0,0.0,84091.0,17454033.0,,0.0,,8796556.0,7709510.0,34137350.0,633920.0,,473649.0,0.0,6795144.0,0.0,,,5434431.0,9409402.0,3976998.0,0.0,1381667.0,12.56,4.67,,2.67,,85.1,17123278.0,,-7.808951498748443,110.36881342877136
2015,12,PT. BPRS Safir,Kota Bengkulu,Provinsi Bengkulu,620090,,,,,,,,,,,,,,,,,,,,,,,,,,,,,,,,,,,,-3.8005555705877825,102.2529282154658
2015,12,PT Bank Perekonomian Rakyat Syariah Buana Mitra Perwira,Kab. Purbalingga,Provinsi Jawa Tengah,620083,82687793.0,25449692.0,0.0,5844823.0,241583.0,0.0,19167.0,16966981.0,,0.0,,28721363.0,6793647.0,30589250.0,449885.0,,252746.0,0.0,3478018.0,5222200.0,,,8295578.0,11451159.0,6485469.0,0.0,1613495.0,16.0,5.73,,2.48,,70.74,31736397.0,,-7.38620934652322,109.3482136658594
2015,12,PT Bank Perekonomian Rakyat Syariah Rahmania Dana Sejahtera,Kab. Aceh Jeumpa/Bireuen,Provinsi NAD,620148,7406647.0,4911569.0,0.0,0.0,0.0,0.0,632500.0,0.0,,0.0,,1086945.0,136575.0,3202500.0,44317.0,,9173.0,0.0,1820274.0,0.0,,,919507.0,1355112.0,866736.0,0.0,61328.0,22.0,6.38,,0.83,,100.02,1662353.0,,,
2015,12,PT Bank Perekonomian Rakyat Syariah Mitra Harmoni Kota Bandung,Kota Bogor,Provinsi Jawa Barat,620161,13422443.0,11039980.0,0.0,0.0,0.0,0.0,90000.0,0.0,,0.0,,1208405.0,590123.0,4251000.0,75738.0,,112842.0,0.0,5671437.0,0.0,,,1928032.0,2615670.0,1886223.0,0.0,52372.0,15.0,2.96,,0.8,,95.23,1716182.0,,-6.930306124913997,107.60122007641682
2015,12,PT Bank Perekonomian Rakyat Syariah Mitra Harmoni Kota Bandung,Kota Bogor,Provinsi Jawa Barat,620161,13422443.0,11039980.0,0.0,0.0,0.0,0.0,90000.0,0.0,,0.0,,1208405.0,590123.0,4251000.0,75738.0,,112842.0,0.0,5671437.0,0.0,,,1928032.0,2615670.0,1886223.0,0.0,52372.0,15.0,2.96,,0.8,,95.23,1716182.0,,-6.605274910968337,106.787676963878
2015,12,PT Bank Perekonomian Rakyat Syariah Gebu Prima,Kota Medan,Provinsi Sumatera Utara,620055,12881315.0,8993611.0,0.0,250142.0,45819.0,0.0,1100000.0,0.0,,0.0,,0.0,5049181.0,6866500.0,1531808.0,,7434.0,0.0,119667.0,0.0,,,1657074.0,2341963.0,3642980.0,0.0,-1919447.0,8.17,19.42,,-17.65,,81.46,2786600.0,,3.580883089096215,98.66623055730342
2015,12,PT Bank Perekonomian Rakyat Syariah Surya Sejati,Kab. Takalar,Provinsi Sulawesi Selatan,620031,2828894.0,1515276.0,0.0,0.0,0.0,0.0,10000.0,0.0,,0.0,,5335.0,757201.0,679000.0,50304.0,,927.0,0.0,161675.0,114144.0,,,725560.0,802366.0,615639.0,0.0,101827.0,59.58,18.02,,3.78,,106.2,1008919.0,,-5.431354763307175,119.44652127180228
2015,12,PT Bank Perekonomian Rakyat Syariah Bandar Lampung (Perseroda),Kota Bandar Lampung,Provinsi Lampung,620051,61225225.0,16382621.0,0.0,30669659.0,0.0,0.0,0.0,0.0,,0.0,,3469730.0,684932.0,9879700.0,670902.0,,158500.0,0.0,38305988.0,0.0,,,6121617.0,11308149.0,3952996.0,0.0,1764063.0,,,,,,,14039692.0,,-5.451430777916592,105.26097314570632
2015,12,PT Bank Perekonomian Rakyat Syariah Indo Timur,Kota Makassar,Provinsi Sulawesi Selatan,620010,12570700.0,882546.0,0.0,0.0,0.0,0.0,0.0,0.0,,0.0,,9309474.0,1534325.0,120000.0,58112.0,,3980.0,0.0,98722.0,0.0,,,494388.0,555792.0,454835.0,0.0,36931.0,48.7,4.55,,0.0,,8.05,11716295.0,,-5.143550328284089,119.4138433249748
2015,12,PT Bank Perekonomian Rakyat Syariah Formes Sleman,Kab. Sleman,Provinsi D.I. Yogyakarta,620136,27401006.0,15799508.0,0.0,749345.0,0.0,0.0,1136530.0,213581.0,,0.0,,1717747.0,6929039.0,10522750.0,330353.0,,452960.0,0.0,5237401.0,0.0,,,2922804.0,4462881.0,2561399.0,0.0,318504.0,13.41,4.88,,1.4,,97.13,7019013.0,,,
2015,12,PT Bank Perekonomian Rakyat Syariah Gala Mitra Abadi,Kab. Grobogan,Provinsi Jawa Tengah,620063,9605366.0,4602224.0,0.0,2015000.0,27070.0,0.0,50000.0,466632.0,,0.0,,1345783.0,2711.0,5502415.0,252229.0,,37825.0,0.0,1113286.0,0.0,,,1673458.0,2196777.0,1168638.0,0.0,465288.0,20.6,7.55,,7.09,,77.54,2641133.0,,-7.088219305964116,110.9101564089674
2015,12,PT Bank Perekonomian Rakyat Syariah Ampek Angkek Candung,Kab. Agam,Provinsi Sumatera Barat,620071,51098532.0,28980507.0,0.0,0.0,20757.0,0.0,0.0,0.0,,0.0,,15939848.0,210350.0,21629941.0,1111286.0,,360276.0,0.0,8390973.0,0.0,,,5051469.0,7662886.0,4480886.0,31714.0,411821.0,15.61,19.52,,1.04,,64.63,19884251.0,,,
2015,12,PT Bank Perekonomian Rakyat Syariah Sleman (Perseroda),Kab. Sleman,Provinsi D.I. Yogyakarta,620193,,,,,,,,,,,,,,,,,,,,,,,,,,,,,,,,,,,,,
2015,12,PT Bank Perekonomian Rakyat Syariah Harta Insan Karimah Mitra Cahaya Indonesia,Kab. Sleman,Provinsi D.I. Yogyakarta,620133,11757390.0,2300654.0,0.0,490203.0,0.0,0.0,786681.0,1901089.0,,0.0,,551346.0,456945.0,8385550.0,257859.0,,9231.0,0.0,1248230.0,0.0,,,1214445.0,2065947.0,1706956.0,0.0,-505456.0,12.37,8.88,,-5.39,,55.71,2903032.0,,,
2015,12,PT Bank Perekonomian Rakyat Syariah Dana Moneter,Kota Makassar,Provinsi Sulawesi Selatan,620030,60474166.0,53656597.0,0.0,0.0,0.0,0.0,0.0,0.0,,0.0,,25861559.0,5881980.0,1982500.0,2184783.0,,627868.0,0.0,13624421.0,0.0,,,8890183.0,10037177.0,5264918.0,0.0,2930983.0,20.79,4.26,,7.14,,103.37,7932029.0,,-5.132293953516857,119.41407701618245
2015,12,PT BPRS Artha Surya Barokah,Kota Semarang,Provinsi Jawa Tengah,620084,,,,,,,,,,,,,,,,,,,,,,,,,,,,,,,,,,,,-6.992447596736079,110.42988872705932
2015,12,PT. BPRS Hareukat,Kab. Aceh Besar,Provinsi NAD,620003,12992208.0,7962101.0,0.0,0.0,0.0,0.0,928120.0,0.0,,0.0,,17579.0,4987709.0,2098750.0,81602.0,,7036.0,0.0,4371184.0,0.0,,,1390597.0,2007663.0,1380615.0,0.0,23832.0,17.0,10.24,,0.18,,69.37,2950853.0,,,
2015,12,PT Bank Perekonomian Rakyat Syariah Almadinah Tasikmalaya Perseroda,Kota Tasikmalaya,Provinsi Jawa Barat,620156,22963781.0,19208833.0,0.0,111488.0,0.0,0.0,0.0,760900.0,,0.0,,2055548.0,1993452.0,3192500.0,263248.0,,14441.0,0.0,9996356.0,41207.0,,,3030686.0,4728805.0,2105348.0,0.0,793507.0,39.0,7.35,,3.28,,115.2,2495513.0,,-7.3283420052585,108.22977779026246
2015,12,PT Bank Perekonomian Rakyat Syariah Sukowati Sragen (Perseroda),Kab. Sragen,Provinsi Jawa Tengah,620124,99421872.0,61884721.0,0.0,10927843.0,24110.0,0.0,1467361.0,79167.0,,0.0,,18065463.0,8155622.0,35179500.0,777224.0,,2910849.0,0.0,20377980.0,2083323.0,,,11508278.0,17651903.0,8234496.0,0.0,2719946.0,15.77,5.02,,3.96,,109.2,20791604.0,,,
2015,12,PT. BPRS Artha Mas Abadi,Kab. Pati,Provinsi Jawa Tengah,620100,22841409.0,12396521.0,0.0,91243.0,52400.0,0.0,0.0,4825688.0,,0.0,,6628821.0,599164.0,6554810.0,369000.0,,17403.0,0.0,6445601.0,0.0,,,3427846.0,4783564.0,2874352.0,13927.0,495314.0,14.52,7.87,,2.66,,105.92,5159306.0,,-6.770220705556133,111.02002545693522
2015,12,PT Bank Perekonomian Rakyat Syariah Cahaya Hidup,Kab. Sleman,Provinsi D.I. Yogyakarta,620163,11425435.0,7990588.0,0.0,198419.0,0.0,0.0,510000.0,770909.0,,0.0,,438833.0,516776.0,6961002.0,389424.0,,276613.0,0.0,2198976.0,0.0,,,1160002.0,1761526.0,1139195.0,0.0,22057.0,10.98,7.7,,0.24,,119.62,1698477.0,,,
2015,12,PT Bank Perekonomian Rakyat Syariah Mitra Agro Usaha,Kota Bandar Lampung,Provinsi Lampung,620169,8884085.0,3507251.0,0.0,380425.0,0.0,0.0,0.0,0.0,,0.0,,1389021.0,0.0,3526500.0,42365.0,,18312.0,0.0,656014.0,0.0,,,1380192.0,1602876.0,1058202.0,0.0,319196.0,67.97,0.0,,4.88,,48.04,4699414.0,,-5.443193541153916,105.2697528392836
2015,12,PT Bank Perekonomian Rakyat Syariah Tani Tulang Bawang Barat (Perseroda),Kab. Tulang Bawang Barat,Provinsi Lampung,620176,,,,,,,,,,,,,,,,,,,,,,,,,,,,,,,,,,,,,
2015,12,PT Bank Perekonomian Rakyat Syariah Dharma Kuwera,Kab. Klaten,Provinsi Jawa Tengah,620159,14637635.0,8283769.0,0.0,54264.0,324400.0,0.0,3192188.0,0.0,,0.0,,4956140.0,1180191.0,2565300.0,195553.0,,197283.0,0.0,4119511.0,0.0,,,1942197.0,2656683.0,1796849.0,0.0,48365.0,14.96,9.56,,0.54,,82.18,2082505.0,,,
2015,12,PT Bank Perekonomian Rakyat Syariah Adeco,Kota Langsa,Provinsi NAD,620141,17775601.0,10673778.0,0.0,0.0,0.0,0.0,250000.0,0.0,,0.0,,466310.0,1537991.0,3086000.0,120826.0,,1652.0,0.0,4990225.0,2749998.0,,,2119982.0,2902430.0,1373973.0,0.0,730850.0,45.0,4.42,,4.11,,81.07,5669368.0,,4.464710385925349,97.9655777382901
2015,12,PT. BPRS Asad Alif,Kab. Kendal,Provinsi Jawa Tengah,620070,12681599.0,8305946.0,0.0,0.0,0.0,0.0,0.0,312442.0,,0.0,,88873.0,7088406.0,3843000.0,262887.0,,0.0,0.0,52899.0,0.0,,,1744550.0,2241393.0,1582070.0,4300.0,73342.0,16.0,23.74,,0.8,,68.0,4033021.0,,,
2015,12,PT Bank Perekonomian Rakyat Syariah Puduarta Insani,Kab. Deli Serdang,Provinsi Sumatera Utara,620058,50123418.0,38013857.0,0.0,653294.0,0.0,0.0,438055.0,0.0,,0.0,,8850595.0,0.0,23750594.0,334332.0,,48726.0,0.0,10191064.0,2833332.0,,,3986016.0,7217168.0,3237563.0,0.0,605489.0,13.6,0.32,,0.4,,80.1,10590832.0,,,
2015,12,PT Bank Perekonomian Rakyat Syariah Harum Hikmahnugraha,Kab. Garut,Provinsi Jawa Barat,620029,68838186.0,49320682.0,0.0,317772.0,833880.0,0.0,0.0,0.0,,0.0,,14590784.0,39724.0,28674395.0,1031295.0,,88508.0,0.0,16981055.0,0.0,,,7028186.0,11728481.0,5054101.0,0.0,1614673.0,15.06,14.76,,2.93,,75.13,17899085.0,,-7.201021164642222,107.90284024114014
2015,12,PT BPRS Saka Dana Mulia,Kab. Kudus,Provinsi Jawa Tengah,620167,9051506.0,3632478.0,0.0,0.0,105390.0,0.0,0.0,1271000.0,,0.0,,2462307.0,0.0,2123000.0,120965.0,,17080.0,0.0,2563302.0,0.0,,,1271481.0,1548945.0,1100255.0,0.0,169441.0,37.09,4.51,,2.56,,70.92,3859421.0,,-6.752673980908147,111.02119203015354
2015,12,PT Bank Perekonomian Rakyat Syariah Alhijrah Amanah,Kota Depok,Provinsi Jawa Barat,620062,10736470.0,7282913.0,0.0,0.0,73724.0,82150.0,30241.0,57500.0,,0.0,,2162225.0,2314.0,2146407.0,188246.0,,130580.0,0.0,3768017.0,0.0,,,1276611.0,1831344.0,1095570.0,0.0,192729.0,38.0,12.74,,2.02,,93.16,1784632.0,,-6.4012211998367325,106.81183657113324
2015,12,PT Bank Perekonomian Rakyat Syariah Fadhilah Kota Bengkulu (Perseroda),Kota Bengkulu,Provinsi Bengkulu,620184,,,,,,,,,,,,,,,,,,,,,,,,,,,,,,,,,,,,-3.798786993847248,102.26066774117557
2015,12,PT Bank Perekonomian Rakyat Syariah Mitra Harmoni Kota Bandung,Kota Bandung,Provinsi Jawa Barat,620161,13422443.0,11039980.0,0.0,0.0,0.0,0.0,90000.0,0.0,,0.0,,1208405.0,590123.0,4251000.0,75738.0,,112842.0,0.0,5671437.0,0.0,,,1928032.0,2615670.0,1886223.0,0.0,52372.0,15.0,2.96,,0.8,,95.23,1716182.0,,-6.930306124913997,107.60122007641682
2015,12,PT Bank Perekonomian Rakyat Syariah Mitra Harmoni Kota Bandung,Kota Bandung,Provinsi Jawa Barat,620161,13422443.0,11039980.0,0.0,0.0,0.0,0.0,90000.0,0.0,,0.0,,1208405.0,590123.0,4251000.0,75738.0,,112842.0,0.0,5671437.0,0.0,,,1928032.0,2615670.0,1886223.0,0.0,52372.0,15.0,2.96,,0.8,,95.23,1716182.0,,-6.605274910968337,106.787676963878
2015,12,PT Bank Perekonomian Rakyat Syariah Hasanah Mandiri,Kota Depok,Provinsi Jawa Barat,620006,7040084.0,4543165.0,0.0,0.0,0.0,0.0,45000.0,0.0,,0.0,,0.0,17538.0,4623551.0,34300.0,,6898.0,0.0,1280465.0,111607.0,,,179037.0,1009312.0,1177825.0,0.0,-999975.0,20.87,13.03,,-16.79,,76.15,247427.0,,-6.40152714268215,106.8199776998472
2015,12,PT BANK PEREKONOMIAN RAKYAT SYARIAH MASYARAKAT LINTAU BUO,Kab. Agam,Provinsi Sumatera Barat,620196,,,,,,,,,,,,,,,,,,,,,,,,,,,,,,,,,,,,,
2015,12,PT Bank Perekonomian Rakyat Syariah Taman Indah Darussalam,Kota Banda Aceh,Provinsi NAD,620158,2211318.0,1429561.0,0.0,40387.0,0.0,0.0,84000.0,0.0,,0.0,,777898.0,0.0,626000.0,126647.0,,2004.0,0.0,674680.0,0.0,,,380303.0,446708.0,615953.0,0.0,-246700.0,10.02,24.68,,-13.98,,91.04,753924.0,,5.544809666796793,95.3231595660368
2015,12,PT Bank Perekonomian Rakyat Syariah Dana Hidayatullah,Kota Yogyakarta,Provinsi D.I. Yogyakarta,620107,21611087.0,14147706.0,0.0,979018.0,95189.0,0.0,498099.0,1131818.0,,0.0,,783292.0,4299749.0,12150400.0,283833.0,,13159.0,0.0,1377607.0,0.0,,,2161770.0,3508546.0,1815070.0,0.0,305421.0,18.15,16.59,,1.51,,87.37,4185589.0,,-7.805830145091572,110.3718318454461
2015,12,PT Bank Perekonomian Rakyat Syariah Rahmah Hijrah Agung,Kota Lhokseumawe,Provinsi NAD,620049,19047813.0,9761258.0,0.0,0.0,0.0,0.0,41525.0,665000.0,,0.0,,1573912.0,9015996.0,5462100.0,181289.0,,14058.0,0.0,220536.0,0.0,,,2294834.0,2923291.0,2107357.0,0.0,1449130.0,18.46,11.34,,10.48,,64.69,8035111.0,,5.1766961991986555,97.14916447763574
2015,12,PT BPRS SHADIQ AMANAH,Kota Cimahi,Provinsi Jawa Barat,620019,108710690.0,85302046.0,0.0,13369046.0,165309.0,0.0,0.0,350000.0,,0.0,,3766701.0,0.0,100979139.0,5656359.0,,340542.0,0.0,1407071.0,0.0,,,20438569.0,28089638.0,34796059.0,0.0,-9736311.0,2.68,43.73,,-7.51,,91.74,4372123.0,,-6.863473787610629,107.53563110990164
2015,12,PT BPRS Mitra Amanah,Kota Palangkaraya,Provinsi Kalimantan Tengah,620170,9719324.0,6671870.0,0.0,17590.0,0.0,5724.0,0.0,0.0,,0.0,,633634.0,825620.0,5039013.0,44411.0,,58146.0,0.0,613690.0,0.0,,,1457978.0,1889049.0,1521608.0,0.0,119236.0,38.53,0.12,,1.49,,113.76,2105292.0,,-2.20055455187618,113.91600497570754
2015,12,PT Bank Perekonomian Rakyat Syariah Albarokah,Kota Depok,Provinsi Jawa Barat,620053,14028951.0,8344202.0,0.0,0.0,722288.0,0.0,0.0,0.0,,0.0,,38402.0,1163095.0,8693095.0,220000.0,,414059.0,0.0,246645.0,0.0,,,2061326.0,3306557.0,1540130.0,0.0,528379.0,37.67,11.5,,3.83,,69.28,4676627.0,,-6.414286608555458,106.82408456386716
2015,12,PT. BPRS Gotong Royong,Kota Sukabumi,Provinsi Jawa Barat,620172,18467354.0,10696033.0,0.0,1917165.0,71555.0,0.0,0.0,0.0,,0.0,,931872.0,980685.0,7578123.0,107987.0,,92394.0,0.0,14841.0,4557954.0,,,2117400.0,3146961.0,2281927.0,0.0,-167531.0,32.11,2.9,,-27.05,,91.9,4876224.0,,-6.553534544317955,107.7543397767086
2015,12,PT. BPRS Gotong Royong,Kota Sukabumi,Provinsi Jawa Barat,620172,18467354.0,10696033.0,0.0,1917165.0,71555.0,0.0,0.0,0.0,,0.0,,931872.0,980685.0,7578123.0,107987.0,,92394.0,0.0,14841.0,4557954.0,,,2117400.0,3146961.0,2281927.0,0.0,-167531.0,32.11,2.9,,-27.05,,91.9,4876224.0,,-6.916774443100237,106.9293590384548
2015,12,PT. BPRS Ikhsanul Amal,Kab. Kebumen,Provinsi Jawa Tengah,620047,11650610.0,6216069.0,0.0,0.0,0.0,0.0,0.0,1601544.0,,0.0,,0.0,5565880.0,3354500.0,493885.0,,4497.0,0.0,620985.0,0.0,,,1207895.0,1640124.0,1049251.0,4347.0,151378.0,21.28,10.38,,1.44,,82.99,3688443.0,,-7.7499614325424,109.74028135566994
2015,12,PT Bank Pembiayaan Rakyat Syariah Gayo Perseroda,Kab. Aceh Tengah,Provinsi NAD,620120,18430052.0,12734491.0,0.0,0.0,0.0,0.0,0.0,0.0,,0.0,,1509.0,7842669.0,1303000.0,345418.0,,12862.0,0.0,278152.0,0.0,,,2163395.0,2802275.0,1828820.0,8365.0,298474.0,67.16,9.87,,1.77,,139.22,5386550.0,,,
2015,12,PT Bank Perekonomian Rakyat Syariah Tanggamus (Perseroda),Kab. Tanggamus,Provinsi Lampung,620082,28284270.0,21736343.0,0.0,0.0,0.0,0.0,0.0,0.0,,0.0,,197806.0,14029474.0,1010200.0,1315262.0,,33308.0,0.0,2957325.0,0.0,,,3384578.0,4358953.0,2621804.0,0.0,696505.0,72.0,7.98,,2.81,,82.42,6885688.0,,-5.4369356106235,104.72189977284216
2015,12,PT Bank Perekonomian Rakyat Syariah Harta Insan Karimah Jawa Tengah,Kab. Banyumas,Provinsi Jawa Tengah,620089,,,,,,,,,,,,,,,,,,,,,,,,,,,,,,,,,,,,-7.445092454041309,109.33485862481956
2015,12,PT Bank Perekonomian Rakyat Syariah Khairan Inti Amanah,Kab. Parimo/Banggai,Provinsi Sulawesi Tengah,620188,,,,,,,,,,,,,,,,,,,,,,,,,,,,,,,,,,,,,
2015,12,PT Bank Perekonomian Rakyat Syariah Arta Leksana,Kab. Banyumas,Provinsi Jawa Tengah,620110,,,,,,,,,,,,,,,,,,,,,,,3520029.0,4874326.0,2603262.0,0.0,953834.0,14.35,6.66,,3.67,,83.26,,,-7.440480384054677,109.32329819176095
2015,12,PT BPRS Kota Juang Perseroda,Kab. Aceh Jeumpa/Bireuen,Provinsi NAD,620144,7300510.0,5675558.0,0.0,0.0,0.0,0.0,0.0,0.0,,0.0,,105.0,2562886.0,971500.0,60988.0,,15263.0,0.0,1593828.0,0.0,,,1028839.0,1328418.0,760923.0,0.0,293412.0,36.0,4.72,,4.29,,79.88,1496158.0,,,
2015,12,PT Bank Perekonomian Rakyat Syariah Ingin Jaya,Kab. Aceh Besar,Provinsi NAD,620203,,,,,,,,,,,,,,,,,,,,,,,,,,,,,,,,,,,,,
2015,12,PT Bank Perekonomian Rakyat Syariah Kedung Arto,Kota Semarang,Provinsi Jawa Tengah,620191,,,,,,,,,,,,,,,,,,,,,,,,,,,,,,,,,,,,-6.984249050778415,110.4263886103255
2015,12,PT Bank Perekonomian Rakyat Syariah Muamalah Cilegon,Kota Cilegon,Provinsi Banten,620034,16664114.0,9369826.0,0.0,914141.0,8870.0,0.0,668328.0,75635.0,,0.0,,8806172.0,6500.0,2245300.0,449157.0,,44152.0,0.0,1026168.0,90000.0,,,1799606.0,2010123.0,1523355.0,3060.0,220151.0,0.0,33.68,,0.0,,0.0,5094689.0,,-6.013534007648159,106.0585828108812
2015,12,PT Bank Perekonomian Rakyat Syariah Amanah Insan Cita,Kab. Deli Serdang,Provinsi Sumatera Utara,620145,15880265.0,12175110.0,0.0,0.0,0.0,69648.0,615000.0,0.0,,0.0,,1726735.0,0.0,9616344.0,72358.0,,64673.0,0.0,1539945.0,0.0,,,1928561.0,2975503.0,1455564.0,0.0,430300.0,18.81,0.01,,3.46,,22.06,1827195.0,,,
2015,12,PT Bank Perekonomian Rakyat Syariah Muamalat Harkat,Kab. Seluma,Provinsi Bengkulu,620052,28184089.0,16616387.0,0.0,0.0,0.0,0.0,0.0,0.0,,0.0,,107303.0,11654913.0,9607500.0,435309.0,,77980.0,0.0,2859776.0,0.0,,,4088501.0,5813861.0,3903873.0,5133.0,175151.0,22.09,44.64,,1.02,,77.75,10074528.0,,,
2015,12,PT Bank Perekonomian Rakyat Syariah Artha Pamenang,Kab. Kediri,Provinsi Jawa Timur,620147,27503955.0,15375971.0,0.0,2132567.0,6021.0,0.0,0.0,0.0,,0.0,,913641.0,2206680.0,20819816.0,464906.0,,80466.0,0.0,299170.0,0.0,,,4081021.0,6237722.0,3178249.0,25408.0,872003.0,15.25,4.68,,3.69,,65.63,9124516.0,,-7.81422235884534,112.0257736866079
2015,12,PT Bank Perekonomian Rakyat Syariah Arthaaceh Sejahtera,Kota Banda Aceh,Provinsi NAD,620192,,,,,,,,,,,,,,,,,,,,,,,,,,,,,,,,,,,,5.548455343437354,95.3146280603469
2015,12,PT Bank Perekonomian Rakyat Syariah Meru Nusantara Mandiri,Kab. Magelang,Provinsi Jawa Tengah,620143,9167698.0,3813466.0,0.0,384227.0,24000.0,0.0,287500.0,180000.0,,0.0,,443943.0,2233498.0,4006650.0,91596.0,,6666.0,0.0,1598006.0,0.0,,,1064503.0,1537326.0,1036079.0,0.0,15589.0,17.26,9.09,,0.2,,56.73,4258410.0,,-7.483143805876312,110.21226325844997
2015,12,PT Bank Perekonomian Rakyat Syariah Almabrur Klaten,Kab. Klaten,Provinsi Jawa Tengah,620142,19967781.0,11418925.0,0.0,935498.0,0.0,21667.0,0.0,27778.0,,0.0,,465.0,6603032.0,10839286.0,336348.0,,26115.0,0.0,279684.0,0.0,,,1915940.0,3223163.0,1645425.0,6695.0,228876.0,18.0,16.58,,1.4,,62.87,7631938.0,,,
2015,12,PT Bank Perekonomian Rakyat Syariah Carana Kiat Andalas,Kab. Agam,Provinsi Sumatera Barat,620064,13445997.0,8015984.0,0.0,0.0,3135.0,0.0,0.0,0.0,,0.0,,8712053.0,0.0,3956955.0,414245.0,,288825.0,0.0,14554.0,0.0,,,1843265.0,2096859.0,2386973.0,0.0,-474304.0,7.81,54.24,,-3.53,,60.99,5486646.0,,,
2015,12,PT Bank Perekonomian Rakyat Syariah Mustaqim Aceh Perseroda,Kota Banda Aceh,Provinsi NAD,620187,,,,,,,,,,,,,,,,,,,,,,,,,,,,,,,,,,,,5.5514463466260295,95.31786202059116
2015,12,PT Bank Perekonomian Rakyat Syariah Tengku Chiek Dipante,Kab. Pidie,Provinsi NAD,620025,6229722.0,3621346.0,0.0,0.0,0.0,0.0,159500.0,0.0,,0.0,,10457.0,1320693.0,2326000.0,80072.0,,16835.0,0.0,1384726.0,0.0,,,667563.0,953138.0,726449.0,0.0,7586.0,20.0,30.25,,0.12,,105.9,1870423.0,,3.7476617007670936,96.82987163456816
2015,12,PT Bank Perekonomian Rakyat Syariah Bumi Artha Sampang,Kab. Cilacap,Provinsi Jawa Tengah,620112,24683254.0,15375604.0,0.0,0.0,0.0,0.0,2172500.0,1133333.0,,0.0,,7308080.0,2133114.0,10182700.0,564127.0,,152311.0,0.0,1581025.0,0.0,,,3668908.0,4741188.0,3018651.0,0.0,620185.0,18.0,9.97,,3.11,,95.2,5928053.0,,-7.709897309774618,109.02363619954758
2015,12,PT Bank Perekonomian Rakyat Syariah Gunung Slamet,Kab. Banyumas,Provinsi Jawa Tengah,620146,42596392.0,29283872.0,0.0,1844836.0,100000.0,0.0,669000.0,2041548.0,,0.0,,5865180.0,131955.0,30243200.0,237666.0,,78097.0,0.0,2088898.0,0.0,,,3282169.0,6686369.0,2313816.0,0.0,930883.0,15.0,0.68,,2.64,,100.0,8657144.0,,-7.437522556194236,109.32557212705542
2015,12,PT Bank Perekonomian Rakyat Syariah Manfaatsyariah,Kab. Kutai Kartanegara,Provinsi Kalimantan Timur,620014,7165988.0,1434269.0,0.0,0.0,0.0,0.0,3074.0,0.0,,0.0,,75697.0,4810739.0,105000.0,10128.0,,16753.0,0.0,97940.0,0.0,,,1083122.0,1085118.0,2122337.0,0.0,-1088207.0,-1.3,5.68,,-15.2,,29.4,2587180.0,,-0.4108304755501372,116.98709494185226
2015,12,PT Bank Perekonomian Rakyat Syariah Unisia Insan Indonesia,Kota Yogyakarta,Provinsi D.I. Yogyakarta,620178,,,,,,,,,,,,,,,,,,,,,,,,,,,,,,,,,,,,-7.811119305839534,110.36108720090904
2015,12,PT Bank Perekonomian Rakyat Syariah Lampung Timur (Perseroda),Kab. Lampung Timur,Provinsi Lampung,620140,22338916.0,2583238.0,0.0,12494771.0,0.0,0.0,0.0,269749.0,,0.0,,3639306.0,5765.0,517000.0,298273.0,,18219.0,0.0,9073280.0,0.0,,,2118448.0,2807809.0,1533342.0,0.0,567467.0,56.64,3.52,,3.53,,68.07,6867965.0,,,
2015,12,PT Bank Perekonomian Rakyat Syariah Baiturridha Pusaka,Kota Bogor,Provinsi Jawa Barat,620011,72643057.0,4665216.0,0.0,50293300.0,7500.0,0.0,800000.0,0.0,,0.0,,7812547.0,2374281.0,12886799.0,566348.0,,958816.0,0.0,33779773.0,0.0,,,12565447.0,16881353.0,7443542.0,127446.0,3904448.0,22.41,1.93,,7.79,,85.08,13571852.0,,-6.926057921061269,107.60382508821964
2015,12,PT Bank Perekonomian Rakyat Syariah Baiturridha Pusaka,Kota Bogor,Provinsi Jawa Barat,620011,72643057.0,4665216.0,0.0,50293300.0,7500.0,0.0,800000.0,0.0,,0.0,,7812547.0,2374281.0,12886799.0,566348.0,,958816.0,0.0,33779773.0,0.0,,,12565447.0,16881353.0,7443542.0,127446.0,3904448.0,22.41,1.93,,7.79,,85.08,13571852.0,,-6.5950591985824625,106.79485467015364
2015,12,PT Bank Perekonomian Rakyat Syariah Bangun Arta,Kab. Cilacap,Provinsi Jawa Tengah,620195,,,,,,,,,,,,,,,,,,,,,,,,,,,,,,,,,,,,-7.720557123602994,109.02471707185968
2015,12,PT Bank Perekonomian Rakyat Syariah Barkah Gemadana,Kab. Banjar,Provinsi Kalimantan Selatan,620013,39656546.0,18375861.0,0.0,17361.0,8000.0,0.0,100000.0,1125000.0,,0.0,,39997.0,17826582.0,11198000.0,1294694.0,,282408.0,0.0,316031.0,0.0,,,2737210.0,4208230.0,2215176.0,13058.0,467177.0,42.13,22.39,,1.4,,50.57,17463978.0,,-0.6588763736841944,101.48260796449918
2015,12,PT Bank Perekonomian Rakyat Syariah Mitra Harmoni Yogyakarta,Kota Yogyakarta,Provinsi D.I. Yogyakarta,620149,21459255.0,17914793.0,0.0,39399.0,0.0,0.0,125400.0,0.0,,0.0,,2300614.0,1733810.0,12634000.0,136174.0,,56597.0,0.0,2489507.0,0.0,,,2635091.0,4289569.0,2400132.0,0.0,201699.0,13.0,4.09,,1.35,,92.19,2819421.0,,-7.803051873506947,110.36402782968446
2015,12,PT Bank Perekonomian Rakyat Syariah Daarul Hayat,Kota Cimahi,Provinsi Jawa Barat,620035,5818892.0,1714916.0,0.0,345217.0,116288.0,72150.0,0.0,315378.0,,0.0,,51574.0,1009378.0,3009703.0,88686.0,,0.0,0.0,550809.0,941740.0,,,575870.0,824932.0,1188708.0,0.0,-327771.0,10.0,23.96,,-5.63,,62.99,2490498.0,,-6.867341948596262,107.55153148405364
2015,12,PT Bank Perekonomian Rakyat Syariah Sindanglaya Kotanopan,Kab. Mandailing Natal,Provinsi Sumatera Utara,620111,7314964.0,3129556.0,0.0,425000.0,0.0,0.0,0.0,740300.0,,0.0,,2116062.0,0.0,1805200.0,38656.0,,7930.0,0.0,1569040.0,0.0,,,1465076.0,1619733.0,1016345.0,0.0,431843.0,46.0,2.7,,6.98,,67.71,2708979.0,,,
2015,12,PT Bank Perekonomian Rakyat Syariah Baiturridha Pusaka,Kota Bandung,Provinsi Jawa Barat,620011,72643057.0,4665216.0,0.0,50293300.0,7500.0,0.0,800000.0,0.0,,0.0,,7812547.0,2374281.0,12886799.0,566348.0,,958816.0,0.0,33779773.0,0.0,,,12565447.0,16881353.0,7443542.0,127446.0,3904448.0,22.41,1.93,,7.79,,85.08,13571852.0,,-6.926057921061269,107.60382508821964
2015,12,PT Bank Perekonomian Rakyat Syariah Baiturridha Pusaka,Kota Bandung,Provinsi Jawa Barat,620011,72643057.0,4665216.0,0.0,50293300.0,7500.0,0.0,800000.0,0.0,,0.0,,7812547.0,2374281.0,12886799.0,566348.0,,958816.0,0.0,33779773.0,0.0,,,12565447.0,16881353.0,7443542.0,127446.0,3904448.0,22.41,1.93,,7.79,,85.08,13571852.0,,-6.5950591985824625,106.79485467015364
2015,12,PT Bank Perekonomian Rakyat Syariah Al Washliyah,Kota Medan,Provinsi Sumatera Utara,620036,12491049.0,4760737.0,0.0,382594.0,0.0,0.0,269921.0,0.0,,0.0,,530872.0,1849320.0,7483750.0,242750.0,,264571.0,0.0,599137.0,0.0,,,1367561.0,2117719.0,1588340.0,0.0,-262775.0,26.0,3.4,,-2.1,,54.88,6463152.0,,3.5953913881617754,98.67901076224275
2015,12,PT. BPRS Al-Yaqin,Kab. Simalungun,Provinsi Sumatera Utara,620092,5203988.0,3540816.0,0.0,0.0,6738.0,0.0,0.0,35000.0,,0.0,,738494.0,592081.0,1457500.0,404088.0,,32920.0,0.0,1996740.0,73100.0,,,802406.0,1210645.0,996077.0,0.0,-201270.0,10.68,24.29,,-12.02,,0.56,1645310.0,,,
2015,12,PT. BPRS Gotong Royong,Kab. Subang,Provinsi Jawa Barat,620172,18467354.0,10696033.0,0.0,1917165.0,71555.0,0.0,0.0,0.0,,0.0,,931872.0,980685.0,7578123.0,107987.0,,92394.0,0.0,14841.0,4557954.0,,,2117400.0,3146961.0,2281927.0,0.0,-167531.0,32.11,2.9,,-27.05,,91.9,4876224.0,,-6.553534544317955,107.7543397767086
2015,12,PT. BPRS Gotong Royong,Kab. Subang,Provinsi Jawa Barat,620172,18467354.0,10696033.0,0.0,1917165.0,71555.0,0.0,0.0,0.0,,0.0,,931872.0,980685.0,7578123.0,107987.0,,92394.0,0.0,14841.0,4557954.0,,,2117400.0,3146961.0,2281927.0,0.0,-167531.0,32.11,2.9,,-27.05,,91.9,4876224.0,,-6.916774443100237,106.9293590384548
2015,12,PT Bank Perekonomian Rakyat Syariah Baiturrahman,Kab. Aceh Besar,Provinsi NAD,620024,30451602.0,15379220.0,0.0,0.0,0.0,0.0,0.0,0.0,,0.0,,0.0,18434389.0,3405000.0,449763.0,,0.0,0.0,5835789.0,0.0,,,3117740.0,3825966.0,2596837.0,0.0,528378.0,13.8,14.07,,174.0,,606.0,14915932.0,,,
2015,12,PT BPRS Sungai PuaSyariah,Kab. Agam,Provinsi Sumatera Barat,620186,,,,,,,,,,,,,,,,,,,,,,,,,,,,,,,,,,,,,
2015,12,PT Bank Perekonomian Rakyat Syariah Metro Madani,Kota Metro,Provinsi Lampung,620091,95917375.0,35773373.0,0.0,288524.0,2260598.0,0.0,10337131.0,1348000.0,,0.0,,25583752.0,2811233.0,20010600.0,708628.0,,118396.0,0.0,32108595.0,5000000.0,,,10795745.0,17056110.0,7126633.0,0.0,2884799.0,16.46,5.79,,4.37,,55.08,41982880.0,,-5.109743260376518,105.31422432780674
2015,12,PT BPRS Berkah Amal Salman,Kota Bogor,Provinsi Jawa Barat,620001,,,,,,,,,,,,,,,,,,,,,,,,,,,,,,,,,,,,-6.918139601318028,107.60647461822626
2015,12,PT BPRS Berkah Amal Salman,Kota Bogor,Provinsi Jawa Barat,620001,,,,,,,,,,,,,,,,,,,,,,,,,,,,,,,,,,,,-6.600064385549815,106.7999819599572
2015,12,PT Bank Perekonomian Rakyat Syariah Hikmah Wakilah,Kota Banda Aceh,Provinsi NAD,620046,43649079.0,25695281.0,0.0,0.0,0.0,0.0,2124633.0,0.0,,0.0,,33464.0,12345661.0,20194710.0,230020.0,,0.0,0.0,2133302.0,2611123.0,,,4665109.0,6610773.0,3549383.0,0.0,968636.0,29.0,3.87,,2.63,,85.49,14175705.0,,5.543176806651055,95.31537211187955
2015,12,PT Bank Perekonomian Rakyat Syariah Artha Amanah Ummat,Kab. Semarang,Provinsi Jawa Tengah,620116,19160453.0,11658560.0,0.0,1251367.0,16000.0,0.0,311401.0,435818.0,,0.0,,369696.0,3287411.0,9472900.0,214033.0,,21070.0,0.0,4103996.0,0.0,,,1689007.0,2999843.0,1189995.0,11755.0,437484.0,14.6,6.75,,2.9,,104.14,5450904.0,,-7.138606830428244,110.40957996108703
2016,12,PT BPRS Bogor Tegar Beriman,Kab. Bogor,Provinsi Jawa Barat,620177,27821433.0,10425662.0,0.0,688792.0,9166.0,0.0,0.0,0.0,,0.0,,1293680.0,850983.0,4569000.0,132115.0,,8804.0,0.0,14625638.0,0.0,,,,,,,,,,,,,,15770513.0,,-6.552632627212006,107.00079770326322
2016,12,PT. BPRS Asri Madani Nusantara,Kab. Jember,Provinsi Jawa Timur,620033,23453216.0,13540060.0,0.0,830487.0,32361.0,245107.0,1227400.0,1197000.0,,0.0,,0.0,10036875.0,5304049.0,412302.0,,176397.0,0.0,2750568.0,2345568.0,,,2355104.0,3809303.0,2122913.0,6411.0,250012.0,17.0,3.83,,1.25,,74.45,5607384.0,,-8.154319698220284,113.71768742028424
2016,12,PT Bank Perekonomian Rakyat Syariah Tunas Artha Jaya Abadi,Kab. Kediri,Provinsi Jawa Timur,620200,,,,,,,,,,,,,,,,,,,,,,,,,,,,,,,,,,,,-7.816904745358005,112.01148890547412
2016,12,PT Bank Perekonomian Rakyat Syariah Botani Bina Rahmah,Kab. Bogor,Provinsi Jawa Barat,620061,,,,,,,,,,,,,,,,,,,,,,,3029395.0,4151387.0,3052789.0,0.0,-68271.0,33.3,16.74,,-0.53,,76.14,,,-6.546441998522415,106.99684935942706
2016,12,PT Bank Perekonomian Rakyat Syariah Bhakti Sumekar Perseroda,Kab. Sumenep,Provinsi Jawa Timur,620085,615980904.0,368602509.0,0.0,0.0,49813144.0,0.0,3021373.0,7391691.0,,0.0,,95981903.0,1105526.0,237141896.0,3765352.0,,1671333.0,0.0,154104591.0,8611102.0,,,43523004.0,75625186.0,25884373.0,0.0,12638775.0,40.67,2.09,,2.05,,71.04,137863136.0,,,
2016,12,PT Bank Perekonomian Rakyat Syariah Madinah,Kab. Lamongan,Provinsi Jawa Timur,620139,15647872.0,7015309.0,0.0,0.0,8332.0,0.0,0.0,2165350.0,,0.0,,565613.0,8318202.0,3689033.0,141867.0,,33863.0,0.0,412530.0,0.0,,,2139549.0,2502595.0,1720240.0,13189.0,387817.0,23.39,2.47,,3.38,,73.08,6257053.0,,-7.123303358568694,112.40966669736945
2016,12,PT. BANK PEREKONOMIAN RAKYAT SYARIAH PNM PATUH BERAMAL AMALI,Kota Mataram,Provinsi Nusa Tenggara Barat,620021,33313414.0,14625491.0,0.0,0.0,1003136.0,0.0,4594750.0,0.0,,0.0,,49034.0,5288759.0,11347000.0,434449.0,,338931.0,0.0,9630680.0,1944444.0,,,3441028.0,5537398.0,2442593.0,24845.0,813196.0,21.78,4.93,,3.3,,69.17,12186313.0,,-8.58389278031459,116.11057126739846
2016,12,PT Bank Perekonomian Rakyat Syariah Unawi Barokah,Kab. Sidoarjo,Provinsi Jawa Timur,620155,3851118.0,1548530.0,0.0,0.0,0.0,0.0,0.0,0.0,,0.0,,42909.0,1002500.0,618611.0,21745.0,,7958.0,0.0,1828212.0,0.0,,,423739.0,641678.0,641376.0,0.0,-224257.0,18.99,7.65,,-7.22,,93.06,2189081.0,,,
2016,12,PT Bank Perekonomian Rakyat Syariah Almabrur Babadan,Kab. Ponorogo,Provinsi Jawa Timur,620073,27651943.0,20232508.0,0.0,0.0,0.0,0.0,0.0,0.0,,0.0,,3315.0,12629011.0,7381983.0,535132.0,,8059.0,0.0,959106.0,0.0,,,3425220.0,4492533.0,2266681.0,26586.0,907252.0,37.81,6.0,,4.56,,74.99,6515251.0,,,
2016,12,PT. BPRS Rif'atul Ummah,Kab. Bogor,Provinsi Jawa Barat,620068,,,,,,,,,,,,,,,,,,,,,,,,,,,,,,,,,,,,-6.544725297552011,107.0028264990046
2016,12,PT Bank Perekonomian Rakyat Syariah Lantabur Tebuireng,Kab. Jombang,Provinsi Jawa Timur,620098,100745899.0,63186881.0,0.0,2740270.0,2837198.0,0.0,94000.0,141500.0,,0.0,,2369873.0,57865829.0,29557141.0,883504.0,,506496.0,0.0,1231496.0,0.0,,,10105428.0,13989639.0,6081095.0,81131.0,3465064.0,11.0,6.33,,3.91,,76.84,30371463.0,,-7.593963133811971,112.26493196168056
2016,12,PT Bank Perekonomian Rakyat Syariah Fadhilah Kota Bengkulu (Perseroda),Kota Bengkulu,Provinsi Bengkulu,620184,,,,,,,,,,,,,,,,,,,,,,,,,,,,,,,,,,,,-3.798786993847248,102.26066774117557
2016,12,PT. BANK PEREKONOMIAN RAKYAT SYARIAH DINAR ASHRI,Kota Mataram,Provinsi Nusa Tenggara Barat,620104,176740868.0,113410395.0,0.0,0.0,5086554.0,0.0,10936000.0,152006.0,,0.0,,0.0,52647359.0,70666440.0,1002694.0,,3019226.0,0.0,24031147.0,0.0,,,15158057.0,25295682.0,8002526.0,172048.0,5063943.0,27.0,3.87,,3.26,,89.55,39112032.0,,-8.593657692387334,116.10734653727864
2016,12,PT Bank Perekonomian Rakyat Syariah Harta Insan Karimah Insan Cita,Kab. Bogor,Provinsi Jawa Barat,620069,23137429.0,16354637.0,0.0,616030.0,405780.0,0.0,890846.0,850400.0,,0.0,,3536609.0,1961394.0,5732333.0,221916.0,,223882.0,0.0,7741442.0,0.0,,,2465121.0,3269299.0,2909996.0,0.0,-469486.0,22.58,10.19,,-2.57,,84.7,3464367.0,,-6.539331604489986,107.00639936483655
2016,12,PT BPRS Magetan (Perseroda),Kab. Magetan,Provinsi Jawa Timur,620165,20542800.0,13337533.0,0.0,0.0,0.0,0.0,0.0,0.0,,0.0,,3660141.0,225428.0,5567000.0,114505.0,,56665.0,0.0,50503.0,923791.0,,,2561340.0,2866350.0,1878104.0,0.0,635794.0,96.42,2.53,,3.1,,65.26,6835737.0,,,
2016,12,PT Bank Perekonomian Rakyat Syariah Sarana Prima Mandiri,Kab. Pamekasan,Provinsi Jawa Timur,620127,26164042.0,12667034.0,0.0,0.0,7009038.0,525117.0,0.0,615238.0,,0.0,,7757211.0,405551.0,14277900.0,240121.0,,52449.0,0.0,427947.0,0.0,,,3158605.0,4267286.0,3076521.0,0.0,45751.0,16.72,11.86,,0.17,,79.5,4448486.0,,,
2016,12,PT Bank Perekonomian Rakyat Syariah Rahma Syariah,Kab. Kediri,Provinsi Jawa Timur,620150,7084982.0,2581489.0,0.0,111000.0,0.0,0.0,1063690.0,0.0,,0.0,,2072507.0,0.0,2270400.0,61190.0,,11977.0,0.0,57422.0,0.0,,,954795.0,1191166.0,914682.0,0.0,36089.0,76.25,22.43,,0.53,,53.7,2964202.0,,-7.821654764489613,112.02781200727956
2016,12,PT. BPRS Muamalat Yotefa,Kab. Jayapura,Provinsi Papua,620067,,,,,,,,,,,,,,,,,,,,,,,,,,,,,,,,,,,,-2.550807165553799,140.48835142200244
2016,12,PT Bank Perekonomian Rakyat Syariah Kabupaten Ngawi Perseroda,Kab. Ngawi,Provinsi Jawa Timur,620183,,,,,,,,,,,,,,,,,,,,,,,,,,,,,,,,,,,,-7.420451120596442,111.441830004461
2016,12,PT Bank Perekonomian Rakyat Syariah Bobato Lestari,Kota Tidore Kepulauan,Provinsi Maluku Utara,620179,5086332.0,297698.0,0.0,0.0,0.0,0.0,53333.0,0.0,,0.0,,0.0,971171.0,182000.0,1768.0,,278.0,0.0,7180.0,0.0,,,19227.0,20972.0,92984.0,0.0,-74297.0,0.0,0.0,,-12.0,,691.0,4724283.0,,0.6690346107462076,127.44399032218512
2016,12,PT Bank Perekonomian Rakyat Syariah Mitra Mentari Sejahtera,Kab. Ponorogo,Provinsi Jawa Timur,620180,,,,,,,,,,,,,,,,,,,,,,,,,,,,,,,,,,,,,
2016,12,PT Bank Perekonomian Rakyat Syariah Daya Artha Mentari,Kab. Pasuruan,Provinsi Jawa Timur,620056,12170662.0,7168723.0,0.0,409736.0,0.0,0.0,720076.0,0.0,,0.0,,2336096.0,6668677.0,1558900.0,196176.0,,7495.0,0.0,624468.0,0.0,,,1822894.0,2057510.0,2313971.0,0.0,-497473.0,10.29,32.19,,4.16,,75.47,1954468.0,,-7.654596803987085,112.9133678475593
2016,12,PT Bank Perekonomian Rakyat Syariah Tanmiya Artha,Kota Kediri,Provinsi Jawa Timur,620130,8005446.0,4463852.0,0.0,193263.0,0.0,14250.0,489030.0,0.0,,0.0,,341723.0,2721797.0,2465000.0,174960.0,,26633.0,0.0,612230.0,0.0,,,1539677.0,1897529.0,1224533.0,7716.0,281955.0,33.0,21.0,,3.75,,87.68,2815090.0,,-7.804361795474596,112.00698794188358
2016,12,PT. BPRS Ummu,Kab. Pasuruan,Provinsi Jawa Timur,620074,9583867.0,5824006.0,0.0,0.0,0.0,0.0,0.0,0.0,,0.0,,5144009.0,1427508.0,953500.0,509997.0,,4386.0,0.0,138740.0,250000.0,,,1345231.0,1544226.0,1585451.0,0.0,8792.0,27.92,32.26,,-0.1,,61.69,3683488.0,,-7.65021334152576,112.89863930816225
2016,12,PT Bank Perekonomian Rakyat Syariah Sampang Perseroda,Kab. Sampang,Provinsi Jawa Timur,620166,103905727.0,72251300.0,0.0,448601.0,227629.0,0.0,2995472.0,0.0,,0.0,,10634652.0,0.0,17145630.0,1506710.0,,408161.0,0.0,39555638.0,13472221.0,,,9126597.0,15407616.0,5747946.0,50000.0,2852214.0,27.36,7.83,,3.6,,94.8,23409929.0,,-7.177646641310815,113.22928610732424
2016,12,PT. BPRS Artha Mas Abadi,Kab. Pati,Provinsi Jawa Tengah,620100,24209683.0,13051195.0,0.0,123967.0,53600.0,0.0,0.0,4657024.0,,0.0,,7619965.0,776369.0,8888600.0,474515.0,,21469.0,0.0,3741342.0,0.0,,,4037815.0,5340769.0,2988427.0,26866.0,899852.0,15.89,8.93,,4.65,,89.38,5803997.0,,-6.770220705556133,111.02002545693522
2016,12,PT Bank Perekonomian Rakyat Syariah Harta Insan Karimah Parahyangan,Kab. Bandung,Provinsi Jawa Barat,620054,776688333.0,620533087.0,0.0,93926.0,983051.0,0.0,0.0,9081168.0,,0.0,,62338323.0,1856215.0,206758759.0,11000000.0,,7519209.0,0.0,414888020.0,0.0,,,82198956.0,152378267.0,54004179.0,685000.0,20659777.0,14.07,2.14,,3.63,,92.34,129912404.0,,-6.965455511896712,107.55659356508802
2016,12,PT Bank Perekonomian Rakyat Syariah Hikmah Bahari,Kota Tegal,Provinsi Jawa Tengah,620174,45227988.0,35064952.0,0.0,529454.0,0.0,0.0,1000000.0,1140000.0,,0.0,,5938488.0,154834.0,14905500.0,248286.0,,814346.0,0.0,14778501.0,0.0,,,6495979.0,8823474.0,3787830.0,67410.0,2547726.0,19.37,0.11,,8.07,,106.9,7400504.0,,-6.861973262113324,109.13573876794256
2016,12,PT BANK PEREKONOMIAN RAKYAT SYARIAH NIAGA MADANI,Kota Makassar,Provinsi Sulawesi Selatan,620039,17653410.0,13440848.0,0.0,0.0,28267.0,0.0,0.0,0.0,,0.0,,0.0,3041143.0,2999740.0,175330.0,,183235.0,0.0,9861034.0,0.0,,,5224848.0,5927239.0,5301853.0,0.0,111468.0,10.57,44.83,,0.41,,222.5,785169.0,,-5.127789499318414,119.412410921333
2016,12,PT Bank Perekonomian Rakyat Syariah Mitra Harmoni Kota Malang,Kota Malang,Provinsi Jawa Timur,620153,14518493.0,10672648.0,0.0,896597.0,0.0,0.0,0.0,250000.0,,0.0,,2092046.0,256989.0,4315000.0,100512.0,,36353.0,0.0,6013742.0,0.0,,,2085234.0,2834965.0,2009341.0,0.0,51547.0,23.0,5.07,,0.55,,93.51,2197106.0,,-7.984781410422721,112.62624122586716
2016,12,PT Bank Perekonomian Rakyat Syariah Dana Amanah Surakarta,Kota Surakarta/Solo,Provinsi Jawa Tengah,620125,20469419.0,10497892.0,114841.0,3649328.0,225000.0,584584.0,463336.0,125727.0,,0.0,,1848810.0,20909.0,9682875.0,146932.0,,16359.0,0.0,6900457.0,0.0,,,1660060.0,2685627.0,1243529.0,0.0,405333.0,13.0,6.61,,1.98,,79.23,4382035.0,,-7.582281788876442,110.82735174142871
2016,12,PT Bank Perekonomian Rakyat Syariah Situbondo,Kab. Situbondo,Provinsi Jawa Timur,620081,10222646.0,5930086.0,0.0,17119.0,51965.0,0.0,0.0,425000.0,,0.0,,378929.0,2048332.0,332200.0,169688.0,,40918.0,0.0,325664.0,0.0,,,1881787.0,1929291.0,1447804.0,0.0,410189.0,146.48,4.97,,4.48,,66.9,3584631.0,,-7.702911353591342,113.9806037668517
2016,12,PT Bank Perekonomian Rakyat Syariah Annisa Mukti,Kab. Sidoarjo,Provinsi Jawa Timur,620135,9625148.0,5101556.0,0.0,0.0,0.0,0.0,0.0,740000.0,,0.0,,0.0,1753824.0,3552800.0,120145.0,,93104.0,0.0,571251.0,0.0,,,2163828.0,2567346.0,1648520.0,8706.0,453677.0,55.07,1.82,,5.19,,110.08,3265377.0,,,
2016,12,PT Bank Perekonomian Rakyat Syariah Gaido Indonesia,Kab. Cianjur,Provinsi Jawa Barat,620043,,,,,,,,,,,,,,,,,,,,,,,,,,,,10.0,35.24,,4.2,,19.0,,,-6.563150818639635,106.73146469181188
2016,12,PT BPRS Bhakti Haji,Kab. Malang,Provinsi Jawa Timur,620048,,,,,,,,,,,,,,,,,,,,,,,,,,,,,,,,,,,,-7.991553338452736,112.64203778122696
2016,12,PT Bank Perekonomian Rakyat Syariah Saruma Sejahtera Halmahera Selatan,Kab. Halmahera Selatan,Provinsi Maluku Utara,620182,,,,,,,,,,,,,,,,,,,,,,,,,,,,,,,,,,,,,
2016,12,PT Bank Perekonomian Rakyat Syariah Artha Pamenang,Kab. Kediri,Provinsi Jawa Timur,620147,28043308.0,19130105.0,0.0,2642100.0,3752.0,0.0,0.0,0.0,,0.0,,845727.0,2166818.0,20497495.0,394823.0,,176198.0,0.0,327194.0,0.0,,,4771759.0,6804527.0,3576111.0,24169.0,1143264.0,16.46,3.29,,4.71,,80.79,5108093.0,,-7.81422235884534,112.0257736866079
2016,12,PT BPRS Bumi Rinjani Probolinggo,Kab. Probolinggo,Provinsi Jawa Timur,620105,11677873.0,5979536.0,0.0,0.0,0.0,0.0,0.0,3488843.0,,13700.0,,122412.0,5178204.0,1344000.0,373553.0,,6814.0,0.0,3884077.0,0.0,,,1323706.0,2261670.0,1985469.0,0.0,-578288.0,13.08,36.92,,-4.19,,82.89,1736707.0,,,
2016,12,PT Bank Perekonomian Rakyat Syariah Fajar Sejahtera Bali,Kab. Badung,Provinsi Bali,620026,7356595.0,1876182.0,0.0,2211109.0,0.0,0.0,1927005.0,0.0,,0.0,,1262.0,2853084.0,621000.0,425328.0,,72552.0,0.0,0.0,10000.0,,,2301453.0,2462337.0,2412457.0,2500.0,-125677.0,65.7,6.63,,-1.67,,81.66,905535.0,,-8.645170567141806,115.27693679878858
2016,12,PT Bank Perekonomian Rakyat Syariah Al Hijrah Thayibah,Kab. Malang,Provinsi Jawa Timur,620198,,,,,,,,,,,,,,,,,,,,,,,,,,,,,,,,,,,,-7.974001944706607,112.6341027425821
2016,12,PT Bank Perekonomian Rakyat Syariah Amanah Ummah,Kab. Bogor,Provinsi Jawa Barat,620004,209847343.0,136716729.0,4504537.0,111487.0,2660632.0,1537576.0,3333333.0,3219500.0,,0.0,,117534944.0,2491760.0,57380536.0,2414827.0,,1179831.0,0.0,3832028.0,4969836.0,,,23167064.0,28705921.0,16497865.0,554167.0,4894043.0,15.89,1.72,,3.58,,78.35,49450677.0,,-6.547796294132246,107.00834446079764
2016,12,PT. BPRS Jabal Tsur,Kab. Pasuruan,Provinsi Jawa Timur,620103,23062831.0,7666471.0,0.0,5062000.0,39620.0,0.0,0.0,3719000.0,,0.0,,3044852.0,6610945.0,7837860.0,1623034.0,,402993.0,0.0,4353222.0,0.0,,,4046465.0,5282668.0,6085455.0,0.0,-2142602.0,7.9,50.21,,-9.29,,70.11,6646517.0,,-7.642622137527749,112.90214649056595
2016,12,PT Bank Perekonomian Rakyat Syariah Bumi Rinjani Kepanjen,Kab. Malang,Provinsi Jawa Timur,620106,46763331.0,31278521.0,0.0,42249.0,0.0,0.0,0.0,2449630.0,,0.0,,1115959.0,7676141.0,17265200.0,582285.0,,124860.0,0.0,14105572.0,0.0,,,7112877.0,11004879.0,5142929.0,47722.0,1462507.0,18.06,4.82,,4.37,,75.38,11175737.0,,-7.986689742538544,112.63775505887186
2016,12,PT Bank Perekonomian Rakyat Syariah Amanah Insani,Kab. Bekasi,Provinsi Jawa Barat,620066,79614196.0,28062602.0,0.0,0.0,1649203.0,0.0,26104426.0,0.0,,0.0,,32421177.0,0.0,33352494.0,940845.0,,425843.0,0.0,183522.0,0.0,,,10053025.0,13301443.0,8668789.0,350137.0,870078.0,22.22,5.43,,1.09,,84.86,20920609.0,,-6.204349585324721,107.17320288461552
2016,12,PT Bank Perekonomian Rakyat Syariah Bahari Berkesan,Kota Ternate,Provinsi Maluku Utara,620164,29125359.0,14050244.0,0.0,11031483.0,320377.0,0.0,931650.0,0.0,,0.0,,445907.0,10440059.0,7970500.0,209869.0,,50956.0,0.0,33316.0,638878.0,,,3206175.0,3922185.0,1955232.0,0.0,1280743.0,83.55,4.61,,48.92,,94.86,2084896.0,,0.7773589145132459,127.38615026515367
2016,12,PT BPRS Al Hidayah,Kab. Pasuruan,Provinsi Jawa Timur,620072,,,,,,,,,,,,,,,,,,,,,,,,,,,,,,,,,,,,-7.64945314625638,112.90608207619024
2016,12,PT. BPRS Mitra Harmoni Kota Semarang,Kota Semarang,Provinsi Jawa Tengah,620151,20296849.0,14544737.0,0.0,359048.0,0.0,0.0,179000.0,0.0,,0.0,,855809.0,599279.0,6513400.0,161753.0,,69963.0,0.0,10135251.0,0.0,,,2237839.0,3328518.0,2139988.0,0.0,49918.0,0.0,3.87,,0.0,,0.0,4792296.0,,-6.989034701457653,110.42390375172975
2016,12,PT Bank Perekonomian Rakyat Syariah Baiturridha Pusaka,Kota Bogor,Provinsi Jawa Barat,620011,80678662.0,6706156.0,0.0,54080832.0,0.0,0.0,900000.0,125000.0,,0.0,,9666709.0,4284071.0,19231136.0,605748.0,,1056010.0,0.0,29715022.0,0.0,,,16237781.0,20780389.0,9291482.0,172922.0,5252698.0,22.37,1.49,,8.94,,81.56,15703293.0,,-6.926057921061269,107.60382508821964
2016,12,PT Bank Perekonomian Rakyat Syariah Baiturridha Pusaka,Kota Bogor,Provinsi Jawa Barat,620011,80678662.0,6706156.0,0.0,54080832.0,0.0,0.0,900000.0,125000.0,,0.0,,9666709.0,4284071.0,19231136.0,605748.0,,1056010.0,0.0,29715022.0,0.0,,,16237781.0,20780389.0,9291482.0,172922.0,5252698.0,22.37,1.49,,8.94,,81.56,15703293.0,,-6.5950591985824625,106.79485467015364
2016,12,PT BPRS Mitra Amanah,Kota Palangkaraya,Provinsi Kalimantan Tengah,620170,16315477.0,11576583.0,0.0,59525.0,0.0,0.0,280000.0,0.0,,0.0,,431743.0,1008511.0,3404971.0,184661.0,,75797.0,0.0,7152364.0,0.0,,,2370515.0,2873071.0,1738404.0,0.0,692870.0,34.0,1.71,,1.48,,99.8,3247620.0,,-2.20055455187618,113.91600497570754
2016,12,PT Bank Perekonomian Rakyat Syariah Gunung Slamet,Kab. Banyumas,Provinsi Jawa Tengah,620146,57032050.0,34077905.0,0.0,1916454.0,504000.0,0.0,650000.0,2944207.0,,0.0,,8672773.0,135875.0,40704300.0,311344.0,,104302.0,0.0,1797023.0,0.0,,,4208313.0,8092634.0,3068101.0,0.0,1051079.0,16.0,0.52,,2.44,,80.97,16900090.0,,-7.437522556194236,109.32557212705542
2016,12,PT Bank Perekonomian Rakyat Syariah Baiturridha Pusaka,Kota Bandung,Provinsi Jawa Barat,620011,80678662.0,6706156.0,0.0,54080832.0,0.0,0.0,900000.0,125000.0,,0.0,,9666709.0,4284071.0,19231136.0,605748.0,,1056010.0,0.0,29715022.0,0.0,,,16237781.0,20780389.0,9291482.0,172922.0,5252698.0,22.37,1.49,,8.94,,81.56,15703293.0,,-6.926057921061269,107.60382508821964
2016,12,PT Bank Perekonomian Rakyat Syariah Baiturridha Pusaka,Kota Bandung,Provinsi Jawa Barat,620011,80678662.0,6706156.0,0.0,54080832.0,0.0,0.0,900000.0,125000.0,,0.0,,9666709.0,4284071.0,19231136.0,605748.0,,1056010.0,0.0,29715022.0,0.0,,,16237781.0,20780389.0,9291482.0,172922.0,5252698.0,22.37,1.49,,8.94,,81.56,15703293.0,,-6.5950591985824625,106.79485467015364
2016,12,PT Bank Perekonomian Rakyat Syariah Surya Sejati,Kab. Takalar,Provinsi Sulawesi Selatan,620031,2879756.0,1875438.0,0.0,0.0,0.0,0.0,172000.0,0.0,,0.0,,7331.0,889962.0,616000.0,63394.0,,766.0,0.0,153995.0,66912.0,,,700411.0,757915.0,601779.0,0.0,83613.0,52.92,15.84,,3.11,,135.3,604047.0,,-5.431354763307175,119.44652127180228
2016,12,PT BPRS Berkah Amal Salman,Kota Bandung,Provinsi Jawa Barat,620001,,,,,,,,,,,,,,,,,,,,,,,,,,,,,,,,,,,,-6.918139601318028,107.60647461822626
2016,12,PT BPRS Berkah Amal Salman,Kota Bandung,Provinsi Jawa Barat,620001,,,,,,,,,,,,,,,,,,,,,,,,,,,,,,,,,,,,-6.600064385549815,106.7999819599572
2016,12,PT Bank Perekonomian Rakyat Syariah Sukowati Sragen (Perseroda),Kab. Sragen,Provinsi Jawa Tengah,620124,130344736.0,87028181.0,0.0,14835009.0,70749.0,0.0,1211805.0,145097.0,,0.0,,15297161.0,10091849.0,51221500.0,991829.0,,1983401.0,0.0,28157726.0,7975449.0,,,13104533.0,21206827.0,9108559.0,0.0,3110070.0,14.18,5.12,,3.46,,106.02,24570051.0,,,
2016,12,PT. BPRS Hareukat,Kab. Aceh Besar,Provinsi NAD,620003,14112408.0,8602216.0,0.0,0.0,0.0,0.0,928120.0,0.0,,0.0,,17861.0,5490192.0,2608750.0,81602.0,,6442.0,0.0,3789203.0,0.0,,,1513632.0,2231233.0,1469976.0,0.0,38606.0,21.0,10.16,,0.27,,67.8,2317777.0,,,
2016,12,PT. BPRS Gotong Royong,Kab. Subang,Provinsi Jawa Barat,620172,22836892.0,11372556.0,0.0,1773588.0,44896.0,0.0,0.0,2060837.0,,0.0,,1400827.0,1260836.0,11969141.0,151258.0,,186224.0,0.0,24192.0,3620054.0,,,2201053.0,3885593.0,2123972.0,0.0,62015.0,72.49,7.39,,-21.91,,82.32,6352634.0,,-6.553534544317955,107.7543397767086
2016,12,PT. BPRS Gotong Royong,Kab. Subang,Provinsi Jawa Barat,620172,22836892.0,11372556.0,0.0,1773588.0,44896.0,0.0,0.0,2060837.0,,0.0,,1400827.0,1260836.0,11969141.0,151258.0,,186224.0,0.0,24192.0,3620054.0,,,2201053.0,3885593.0,2123972.0,0.0,62015.0,72.49,7.39,,-21.91,,82.32,6352634.0,,-6.916774443100237,106.9293590384548
2016,12,PT Bank Perekonomian Rakyat Syariah Puduarta Insani,Kab. Deli Serdang,Provinsi Sumatera Utara,620058,53808814.0,40873706.0,0.0,99944.0,0.0,14700.0,0.0,0.0,,0.0,,11572651.0,0.0,24424975.0,364463.0,,62561.0,0.0,11229802.0,1833324.0,,,4277665.0,7808716.0,3495388.0,0.0,723813.0,13.61,0.74,,1.71,,86.15,12351130.0,,,
2016,12,PT BPRS Saka Dana Mulia,Kab. Kudus,Provinsi Jawa Tengah,620167,12821179.0,5139328.0,0.0,0.0,14550.0,0.0,0.0,3126500.0,,0.0,,1940171.0,0.0,4004500.0,205930.0,,31596.0,0.0,4879364.0,0.0,,,1746583.0,2436098.0,1642777.0,0.0,79732.0,24.96,8.16,,1.03,,77.5,4377153.0,,-6.752673980908147,111.02119203015354
2016,12,PT Bank Perekonomian Rakyat Syariah Tengku Chiek Dipante,Kab. Pidie,Provinsi NAD,620025,7085746.0,4350496.0,0.0,0.0,0.0,0.0,153850.0,0.0,,0.0,,10457.0,1615847.0,2491000.0,36298.0,,15206.0,0.0,1755737.0,0.0,,,853334.0,1235768.0,907498.0,0.0,26488.0,13.0,21.33,,0.37,,109.7,1911977.0,,3.7476617007670936,96.82987163456816
2016,12,PT Bank Perekonomian Rakyat Syariah Dharma Kuwera,Kab. Klaten,Provinsi Jawa Tengah,620159,16247252.0,8990038.0,0.0,624820.0,331522.0,0.0,2152083.0,0.0,,0.0,,3793421.0,1616150.0,7125000.0,262594.0,,158088.0,0.0,1822952.0,0.0,,,1927253.0,2533086.0,1763702.0,0.0,112431.0,14.69,11.53,,0.85,,84.81,3554335.0,,,
2016,12,PT Bank Perekonomian Rakyat Syariah Ingin Jaya,Kab. Aceh Besar,Provinsi NAD,620203,,,,,,,,,,,,,,,,,,,,,,,,,,,,,,,,,,,,,
2016,12,PT Bank Perekonomian Rakyat Syariah Bandar Lampung (Perseroda),Kota Bandar Lampung,Provinsi Lampung,620051,67411316.0,19757070.0,0.0,31383216.0,0.0,0.0,0.0,0.0,,0.0,,4204355.0,905660.0,9654700.0,1580154.0,,54845.0,0.0,42994298.0,0.0,,,6812504.0,13090020.0,5462945.0,0.0,991704.0,17.78,4.37,,1.89,,81.75,16967640.0,,-5.451430777916592,105.26097314570632
2016,12,PT Bank Perekonomian Rakyat Syariah Baiturrahman,Kab. Aceh Besar,Provinsi NAD,620024,36590543.0,20422412.0,0.0,0.0,0.0,0.0,0.0,0.0,,0.0,,0.0,21657356.0,6943800.0,370205.0,,40251.0,0.0,4558697.0,0.0,,,3715130.0,4791994.0,3119028.0,0.0,614015.0,17.68,7.59,,1.47,,59.1,15556164.0,,,
2016,12,PT Bank Perekonomian Rakyat Syariah Almabrur Klaten,Kab. Klaten,Provinsi Jawa Tengah,620142,19801214.0,12770007.0,0.0,631383.0,0.0,22042.0,0.0,0.0,,0.0,,473.0,6252245.0,10770483.0,461875.0,,24655.0,0.0,339000.0,0.0,,,1963675.0,3282328.0,1708074.0,6437.0,218159.0,19.0,11.68,,1.24,,68.93,6626364.0,,,
2016,12,PT Bank Perekonomian Rakyat Syariah Bina Amanah Satria,Kab. Banyumas,Provinsi Jawa Tengah,620087,44867631.0,20657731.0,0.0,999614.0,1006694.0,0.0,0.0,7440653.0,,0.0,,14767464.0,3541643.0,11871400.0,511828.0,,509333.0,0.0,7449491.0,838648.0,,,5282045.0,6490893.0,5018088.0,0.0,1129818.0,,,,,,,12127812.0,,-7.448909227338186,109.32815980963753
2016,12,PT Bank Perekonomian Rakyat Syariah Alwadiah,Kota Tasikmalaya,Provinsi Jawa Barat,620037,37544305.0,28061743.0,0.0,0.0,0.0,0.0,23862.0,1000000.0,,0.0,,210482.0,5486104.0,17079422.0,581294.0,,82857.0,0.0,6262595.0,0.0,,,4725425.0,6325294.0,2720232.0,0.0,1668509.0,61.46,2.87,,4.44,,127.7,8220225.0,,-7.31950171379176,108.2182123272616
2016,12,PT. BPRS Gotong Royong,Kota Sukabumi,Provinsi Jawa Barat,620172,22836892.0,11372556.0,0.0,1773588.0,44896.0,0.0,0.0,2060837.0,,0.0,,1400827.0,1260836.0,11969141.0,151258.0,,186224.0,0.0,24192.0,3620054.0,,,2201053.0,3885593.0,2123972.0,0.0,62015.0,72.49,7.39,,-21.91,,82.32,6352634.0,,-6.553534544317955,107.7543397767086
2016,12,PT. BPRS Gotong Royong,Kota Sukabumi,Provinsi Jawa Barat,620172,22836892.0,11372556.0,0.0,1773588.0,44896.0,0.0,0.0,2060837.0,,0.0,,1400827.0,1260836.0,11969141.0,151258.0,,186224.0,0.0,24192.0,3620054.0,,,2201053.0,3885593.0,2123972.0,0.0,62015.0,72.49,7.39,,-21.91,,82.32,6352634.0,,-6.916774443100237,106.9293590384548
2016,12,PT Bank Perekonomian Rakyat Syariah Serambi Mekah,Kota Langsa,Provinsi NAD,620152,4278767.0,2198585.0,0.0,0.0,0.0,0.0,0.0,0.0,,0.0,,552289.0,0.0,1744500.0,24017.0,,8226.0,0.0,1215290.0,0.0,,,512164.0,752057.0,656128.0,0.0,-147736.0,27.32,5.43,,-98.04,,72.66,1895538.0,,4.466232402810879,97.97539511921892
2016,12,PT Bank Perekonomian Rakyat Syariah Dana Moneter,Kota Makassar,Provinsi Sulawesi Selatan,620030,72699464.0,66449555.0,0.0,0.0,0.0,0.0,0.0,0.0,,0.0,,21922715.0,4866142.0,4368200.0,1707043.0,,135205.0,0.0,28151839.0,0.0,,,9019136.0,12595079.0,6034131.0,0.0,2349555.0,17.71,4.07,,3.98,,213.27,3536267.0,,-5.132293953516857,119.41407701618245
2016,12,PT Bank Perekonomian Rakyat Syariah Gowata,Kab. Gowa,Provinsi Sulawesi Selatan,620065,3398905.0,624581.0,0.0,637856.0,0.0,0.0,0.0,0.0,,0.0,,0.0,303655.0,460000.0,51153.0,,2664.0,0.0,580634.0,14080.0,,,567967.0,592400.0,511037.0,0.0,47053.0,82.77,15.03,,1.99,,165.32,1207533.0,,-5.225938686460566,120.0079553182381
2016,12,PT Bank Perekonomian Rakyat Syariah Adeco,Kota Langsa,Provinsi NAD,620141,23315949.0,15964520.0,0.0,0.0,0.0,0.0,370700.0,0.0,,0.0,,788044.0,1705640.0,3779000.0,163350.0,,5297.0,0.0,9217092.0,1749990.0,,,3167761.0,4379365.0,1893706.0,0.0,1233470.0,33.68,3.96,,5.29,,92.31,5890531.0,,4.464710385925349,97.9655777382901
2016,12,PT Bank Perekonomian Rakyat Syariah Arthaaceh Sejahtera,Kota Banda Aceh,Provinsi NAD,620192,,,,,,,,,,,,,,,,,,,,,,,,,,,,,,,,,,,,5.548455343437354,95.3146280603469
2016,12,PT Bank Perekonomian Rakyat Syariah Mustaqim Aceh Perseroda,Kota Banda Aceh,Provinsi NAD,620187,,,,,,,,,,,,,,,,,,,,,,,,,,,,,,,,,,,,5.5514463466260295,95.31786202059116
2016,12,PT. BPRS Ikhsanul Amal,Kab. Kebumen,Provinsi Jawa Tengah,620047,13628660.0,6245802.0,0.0,13417.0,0.0,0.0,0.0,1467431.0,,0.0,,12147.0,6644472.0,4327500.0,319402.0,,6329.0,0.0,457497.0,0.0,,,1378370.0,1919841.0,1425820.0,0.0,106242.0,24.0,13.65,,0.92,,57.93,4967367.0,,-7.7499614325424,109.74028135566994
2016,12,PT Bank Perekonomian Rakyat Syariah Barkah Gemadana,Kab. Banjar,Provinsi Kalimantan Selatan,620013,39350704.0,17524601.0,0.0,3583.0,7700.0,0.0,0.0,800000.0,,0.0,,153205.0,18275684.0,11081000.0,1934961.0,,221681.0,0.0,368704.0,0.0,,,2509797.0,3925901.0,2824511.0,0.0,-358163.0,39.56,27.9,,-0.89,,47.26,17187165.0,,-0.6588763736841944,101.48260796449918
2016,12,PT Bank Perekonomian Rakyat Syariah Mitra Agro Usaha,Kota Bandar Lampung,Provinsi Lampung,620169,12297199.0,4919781.0,0.0,447895.0,0.0,0.0,0.0,0.0,,0.0,,2150548.0,6531.0,5574000.0,52838.0,,39954.0,0.0,726219.0,0.0,,,1905705.0,2475701.0,1356613.0,0.0,513209.0,55.41,0.0,,4.84,,47.61,6563906.0,,-5.443193541153916,105.2697528392836
2016,12,PT Bank Pembiayaan Rakyat Syariah Gayo Perseroda,Kab. Aceh Tengah,Provinsi NAD,620120,25284785.0,22094401.0,0.0,0.0,0.0,0.0,0.0,0.0,,0.0,,2609.0,9782912.0,5428000.0,372172.0,,18861.0,0.0,336584.0,0.0,,,2513914.0,3453444.0,2065888.0,11972.0,432891.0,43.67,6.95,,2.2,,145.23,2800725.0,,,
2016,12,PT Bank Perekonomian Rakyat Syariah Khairan Inti Amanah,Kab. Parimo/Banggai,Provinsi Sulawesi Tengah,620188,,,,,,,,,,,,,,,,,,,,,,,,,,,,,,,,,,,,,
2016,12,PT Bank Perekonomian Rakyat Syariah Harta Insan Karimah Jawa Tengah,Kab. Banyumas,Provinsi Jawa Tengah,620089,,,,,,,,,,,,,,,,,,,,,,,1899280.0,2610929.0,1772631.0,3226.0,80288.0,,,,,,,,,-7.445092454041309,109.33485862481956
2016,12,PT BPRS Kota Juang Perseroda,Kab. Aceh Jeumpa/Bireuen,Provinsi NAD,620144,9740236.0,6968791.0,0.0,0.0,0.0,0.0,0.0,0.0,,0.0,,110.0,3107669.0,1392000.0,88294.0,,9533.0,0.0,2909425.0,0.0,,,1140246.0,1613899.0,850215.0,0.0,261835.0,32.0,8.46,,3.1,,72.85,2586716.0,,,
2016,12,PT BPRS Berkah Amal Salman,Kota Bogor,Provinsi Jawa Barat,620001,,,,,,,,,,,,,,,,,,,,,,,,,,,,,,,,,,,,-6.918139601318028,107.60647461822626
2016,12,PT BPRS Berkah Amal Salman,Kota Bogor,Provinsi Jawa Barat,620001,,,,,,,,,,,,,,,,,,,,,,,,,,,,,,,,,,,,-6.600064385549815,106.7999819599572
2016,12,PT Bank Perekonomian Rakyat Syariah Rahmah Hijrah Agung,Kota Lhokseumawe,Provinsi NAD,620049,24817428.0,18499305.0,0.0,0.0,0.0,0.0,39525.0,3065000.0,,0.0,,1750563.0,6540216.0,11580100.0,237120.0,,28063.0,0.0,1493785.0,0.0,,,2984235.0,4222328.0,2428234.0,0.0,606490.0,15.92,5.63,,2.84,,89.19,2665841.0,,5.1766961991986555,97.14916447763574
2016,12,PT Bank Perekonomian Rakyat Syariah Arta Leksana,Kab. Banyumas,Provinsi Jawa Tengah,620110,39648116.0,11084719.0,0.0,239611.0,8900.0,23958.0,55842.0,8586506.0,,0.0,,12069851.0,4457516.0,9976000.0,200131.0,,67370.0,0.0,8411869.0,914283.0,,,3813159.0,5479905.0,2881295.0,0.0,815970.0,15.13,7.81,,2.71,,70.95,17681744.0,,-7.440480384054677,109.32329819176095
2016,12,PT Bank Perekonomian Rakyat Syariah Mitra Harmoni Kota Bandung,Kota Bogor,Provinsi Jawa Barat,620161,18527966.0,14027208.0,0.0,0.0,0.0,0.0,0.0,0.0,,0.0,,1646608.0,622518.0,5441000.0,113247.0,,94377.0,0.0,8423711.0,0.0,,,2458370.0,3515104.0,2211013.0,0.0,211116.0,17.0,5.71,,1.63,,87.22,3993666.0,,-6.930306124913997,107.60122007641682
2016,12,PT Bank Perekonomian Rakyat Syariah Mitra Harmoni Kota Bandung,Kota Bogor,Provinsi Jawa Barat,620161,18527966.0,14027208.0,0.0,0.0,0.0,0.0,0.0,0.0,,0.0,,1646608.0,622518.0,5441000.0,113247.0,,94377.0,0.0,8423711.0,0.0,,,2458370.0,3515104.0,2211013.0,0.0,211116.0,17.0,5.71,,1.63,,87.22,3993666.0,,-6.605274910968337,106.787676963878
2016,12,PT Bank Perekonomian Rakyat Syariah Buana Mitra Perwira,Kab. Purbalingga,Provinsi Jawa Tengah,620083,95973568.0,38422374.0,0.0,4322191.0,98706.0,0.0,9167.0,15617273.0,,0.0,,31638881.0,6996729.0,40931700.0,591057.0,,570255.0,0.0,4504282.0,2555512.0,,,9373398.0,13161944.0,7076032.0,0.0,1833247.0,15.65,3.44,,2.47,,70.77,33615994.0,,-7.38620934652322,109.3482136658594
2016,12,PT Bank Perekonomian Rakyat Syariah Manfaatsyariah,Kab. Kutai Kartanegara,Provinsi Kalimantan Timur,620014,8884473.0,1515266.0,0.0,0.0,0.0,0.0,3074.0,0.0,,0.0,,69576.0,4950186.0,910000.0,34592.0,,15868.0,0.0,74840.0,0.0,,,972837.0,990267.0,1667793.0,4863.0,-731456.0,34.0,2.61,,-8.23,,30.19,4333149.0,,-0.4108304755501372,116.98709494185226
2016,12,PT Bank Perekonomian Rakyat Syariah Bumi Artha Sampang,Kab. Cilacap,Provinsi Jawa Tengah,620112,31861018.0,16448405.0,0.0,0.0,72917.0,0.0,3006500.0,1273333.0,,0.0,,7160071.0,2815332.0,17393350.0,397982.0,,170570.0,0.0,786647.0,0.0,,,3570814.0,5000137.0,2866489.0,0.0,705209.0,16.0,8.88,,2.85,,76.0,10573532.0,,-7.709897309774618,109.02363619954758
2016,12,PT Bank Perekonomian Rakyat Syariah Mitra Harmoni Kota Bandung,Kota Bandung,Provinsi Jawa Barat,620161,18527966.0,14027208.0,0.0,0.0,0.0,0.0,0.0,0.0,,0.0,,1646608.0,622518.0,5441000.0,113247.0,,94377.0,0.0,8423711.0,0.0,,,2458370.0,3515104.0,2211013.0,0.0,211116.0,17.0,5.71,,1.63,,87.22,3993666.0,,-6.930306124913997,107.60122007641682
2016,12,PT Bank Perekonomian Rakyat Syariah Mitra Harmoni Kota Bandung,Kota Bandung,Provinsi Jawa Barat,620161,18527966.0,14027208.0,0.0,0.0,0.0,0.0,0.0,0.0,,0.0,,1646608.0,622518.0,5441000.0,113247.0,,94377.0,0.0,8423711.0,0.0,,,2458370.0,3515104.0,2211013.0,0.0,211116.0,17.0,5.71,,1.63,,87.22,3993666.0,,-6.605274910968337,106.787676963878
2016,12,PT Bank Perekonomian Rakyat Syariah Taman Indah Darussalam,Kota Banda Aceh,Provinsi NAD,620158,1457687.0,813869.0,0.0,27804.0,0.0,0.0,0.0,0.0,,0.0,,453865.0,0.0,580000.0,47874.0,,1555.0,0.0,301418.0,0.0,,,364104.0,456430.0,888640.0,0.0,-534886.0,12.98,17.39,,-29.13,,67.96,474860.0,,5.544809666796793,95.3231595660368
2016,12,PT. BPRS Safir,Kota Bengkulu,Provinsi Bengkulu,620090,112567587.0,84950178.0,0.0,203173.0,5590019.0,0.0,0.0,5716625.0,,0.0,,18915011.0,0.0,76975000.0,1830527.0,,132437.0,0.0,3948816.0,0.0,,,7917136.0,15611470.0,7380997.0,0.0,482920.0,14.28,30.05,,0.77,,83.04,11340750.0,,-3.8005555705877825,102.2529282154658
2016,12,PT Bank Perekonomian Rakyat Syariah Metro Madani,Kota Metro,Provinsi Lampung,620091,95417038.0,33241287.0,0.0,172866.0,4322505.0,0.0,12060965.0,750000.0,,0.0,,25695949.0,4531545.0,22309500.0,787324.0,,215941.0,0.0,28669474.0,3333332.0,,,9317650.0,15543303.0,6617176.0,0.0,2124297.0,16.85,4.08,,2.91,,55.39,41021346.0,,-5.109743260376518,105.31422432780674
2016,12,PT Bank Perekonomian Rakyat Syariah Hikmah Wakilah,Kota Banda Aceh,Provinsi NAD,620046,65065723.0,31806081.0,0.0,0.0,0.0,0.0,7433633.0,0.0,,0.0,,42575.0,14263617.0,32298635.0,358241.0,,0.0,0.0,3411484.0,7000000.0,,,6186787.0,9323492.0,4319474.0,0.0,1701257.0,16.38,3.55,,2.84,,44.2,24037810.0,,5.543176806651055,95.31537211187955
2016,12,PT Bank Perekonomian Rakyat Syariah Bangun Arta,Kab. Cilacap,Provinsi Jawa Tengah,620195,,,,,,,,,,,,,,,,,,,,,,,,,,,,,,,,,,,,-7.720557123602994,109.02471707185968
2016,12,PT Bank Perekonomian Rakyat Syariah Suriyah,Kab. Cilacap,Provinsi Jawa Tengah,620086,122056778.0,69923899.0,10628.0,2681699.0,22322.0,179801.0,5952278.0,16294122.0,,0.0,,33269941.0,2140410.0,66518698.0,1235275.0,,1044314.0,0.0,6771885.0,916650.0,,,11398672.0,18549530.0,8769371.0,0.0,2007415.0,0.0,3.9,,0.0,,0.0,24427693.0,,-7.720360645096571,109.02261136336097
2016,12,PT Bank Perekonomian Rakyat Syariah Meru Nusantara Mandiri,Kab. Magelang,Provinsi Jawa Tengah,620143,10119661.0,4950300.0,0.0,942232.0,0.0,0.0,150000.0,60000.0,,0.0,,521741.0,2423891.0,5427047.0,77957.0,,9045.0,0.0,721997.0,0.0,,,1069938.0,1723935.0,993239.0,0.0,137005.0,14.21,4.68,,1.34,,67.54,3484962.0,,-7.483143805876312,110.21226325844997
2016,12,PT Bank Perekonomian Rakyat Syariah Kedung Arto,Kota Semarang,Provinsi Jawa Tengah,620191,,,,,,,,,,,,,,,,,,,,,,,,,,,,,,,,,,,,-6.984249050778415,110.4263886103255
2016,12,PT Bank Perekonomian Rakyat Syariah Insan Madani,Kab. Sukoharjo,Provinsi Jawa Tengah,620154,42521606.0,8840571.0,0.0,0.0,0.0,0.0,1711750.0,21444512.0,,0.0,,176682.0,1249865.0,31205792.0,208611.0,,173999.0,0.0,168460.0,0.0,,,2921066.0,6278770.0,2268538.0,0.0,560770.0,27.75,27.24,,1.51,,76.36,8219768.0,,-7.980423788495279,112.63614303338588
2016,12,PT Bank Perekonomian Rakyat Syariah PNM Mentari,Kab. Garut,Provinsi Jawa Barat,620008,57222530.0,41380020.0,0.0,2123619.0,815604.0,0.0,0.0,2756486.0,,0.0,,1610415.0,8200822.0,18801455.0,452528.0,,73350.0,0.0,19763553.0,0.0,,,5954509.0,9860485.0,4018797.0,0.0,1720960.0,19.33,5.89,,3.71,,85.47,9217246.0,,-7.195611181584734,107.90948097277126
2016,12,PT Bank Perekonomian Rakyat Syariah Madina Mandiri Sejahtera,Kab. Bantul,Provinsi D.I. Yogyakarta,620118,52466508.0,32530652.0,0.0,540616.0,0.0,3905.0,6165284.0,2534073.0,,0.0,,4684257.0,957898.0,38216800.0,686750.0,,386912.0,0.0,4616977.0,0.0,,,3216916.0,7183059.0,2525410.0,0.0,596843.0,11.0,6.88,,1.15,,86.85,10440285.0,,-6.160825160234478,106.80699763980014
2016,12,PT Bank Perekonomian Rakyat Syariah Lampung Barat (Perseroda),Kab. Lampung Barat,Provinsi Lampung,620175,11276072.0,5881629.0,0.0,3961926.0,0.0,0.0,0.0,0.0,,0.0,,41723.0,3254175.0,3850000.0,54271.0,,35050.0,0.0,21634.0,375000.0,,,1234778.0,1588020.0,1296083.0,0.0,-65495.0,67.0,0.0,,0.58,,138.0,1052998.0,,,
2016,12,PT Bank Perekonomian Rakyat Syariah Kotabumi (Perseroda),Kab. Lampung Selatan,Provinsi Lampung,620131,120075075.0,31488898.0,0.0,43282726.0,0.0,0.0,87396.0,0.0,,0.0,,19189482.0,134086.0,25919950.0,1087921.0,,850960.0,0.0,54846147.0,1214263.0,,,15499701.0,24799942.0,8856364.0,0.0,4979385.0,33.0,2.71,,2.77,,71.03,41410074.0,,,
2016,12,PT Bank Perekonomian Rakyat Syariah Sleman (Perseroda),Kab. Sleman,Provinsi D.I. Yogyakarta,620193,,,,,,,,,,,,,,,,,,,,,,,,,,,,,,,,,,,,,
2016,12,PT BANK PEREKONOMIAN RAKYAT SYARIAH MASYARAKAT LINTAU BUO,Kab. Agam,Provinsi Sumatera Barat,620196,,,,,,,,,,,,,,,,,,,,,,,,,,,,,,,,,,,,,
2016,12,PT Bank Perekonomian Rakyat Syariah Mitra Amal Mulia,Kab. Sleman,Provinsi D.I. Yogyakarta,620117,38886625.0,27558369.0,0.0,940578.0,121645.0,695642.0,44726.0,401636.0,,0.0,,1966127.0,1485350.0,21659000.0,173536.0,,47747.0,0.0,6846231.0,0.0,,,3685314.0,6036008.0,2731849.0,19728.0,783274.0,21.0,2.51,,2.01,,95.82,6000756.0,,,
2016,12,PT Bank Perekonomian Rakyat Syariah Vitka Central,Kota Batam,Provinsi Kep. Riau,620134,56611745.0,45609610.0,0.0,484348.0,404750.0,0.0,0.0,0.0,,0.0,,676602.0,6304851.0,27206639.0,2258827.0,,183219.0,0.0,17879185.0,0.0,,,4731024.0,8655972.0,4153384.0,0.0,496476.0,16.33,11.73,,1.02,,86.19,12191493.0,,1.0997027965875927,104.0345602824064
2016,12,PT Bank Perekonomian Rakyat Syariah Riyal Irsyadi,Kota Bekasi,Provinsi Jawa Barat,620005,43641954.0,27314293.0,0.0,0.0,0.0,0.0,129437.0,400000.0,,0.0,,6130542.0,8722.0,24439600.0,1860012.0,,150578.0,0.0,4947719.0,0.0,,,4115517.0,7779351.0,3943975.0,0.0,170858.0,33.8,13.75,,0.39,,79.35,14588854.0,,-6.225147459974553,106.99631349110932
2016,12,PT Bank Perekonomian Rakyat Syariah Ampek Angkek Candung,Kab. Agam,Provinsi Sumatera Barat,620071,48849029.0,30803107.0,0.0,0.0,20757.0,95390.0,0.0,500000.0,,0.0,,18818218.0,196081.0,21622895.0,1342830.0,,259637.0,0.0,3219016.0,0.0,,,5881253.0,7576886.0,5380721.0,10067.0,536677.0,15.26,18.33,,1.34,,73.91,15600583.0,,,
2016,12,PT BPRS Guguk Mas Makmur,Kab. Limapuluh Koto,Provinsi Sumatera Barat,620194,,,,,,,,,,,,,,,,,,,,,,,,,,,,,,,,,,,,,
2016,12,PT Bank Perekonomian Rakyat Syariah Formes Sleman,Kab. Sleman,Provinsi D.I. Yogyakarta,620136,33160395.0,17045966.0,0.0,669647.0,0.0,0.0,1360395.0,0.0,,0.0,,2606098.0,5762770.0,11864850.0,275122.0,,171553.0,0.0,7213468.0,1611108.0,,,2514813.0,3925471.0,2074597.0,0.0,400855.0,16.36,13.32,,1.48,,94.28,10810701.0,,,
2016,12,PT Bank Perekonomian Rakyat Syariah Danagung Syariah,Kab. Sleman,Provinsi D.I. Yogyakarta,620128,35877546.0,11061650.0,0.0,5816819.0,18989.0,0.0,247332.0,6496070.0,,0.0,,1773563.0,258449.0,18800500.0,281585.0,,62329.0,0.0,8717625.0,1555552.0,,,3974106.0,6451035.0,2758921.0,0.0,1102922.0,17.84,5.27,,3.76,,94.54,9760448.0,,,
2016,12,PT Bank Perekonomian Rakyat Syariah Alsalaam Amal Salman,Kota Depok,Provinsi Jawa Barat,620101,236589250.0,162013693.0,0.0,2168589.0,66701.0,0.0,3648550.0,2867602.0,,0.0,,13691979.0,25511731.0,160371845.0,5043220.0,,569060.0,0.0,5727954.0,0.0,,,30036357.0,43866717.0,25597762.0,0.0,3235328.0,15.33,4.63,,2.04,,76.78,44749534.0,,-6.416217509745828,106.80751636393872
2016,12,PT Bank Perekonomian Rakyat Syariah Khatulistiwa,Kab. Pasaman,Provinsi Sumatera Barat,620201,,,,,,,,,,,,,,,,,,,,,,,,,,,,,,,,,,,,,
2016,12,PT BPRS Taeh Baruah,Kab. Limapuluh Koto,Provinsi Sumatera Barat,620190,,,,,,,,,,,,,,,,,,,,,,,,,,,,,,,,,,,,,
2016,12,PT Bank Perekonomian Rakyat Syariah Alhijrah Amanah,Kota Depok,Provinsi Jawa Barat,620062,14689385.0,9312770.0,0.0,34154.0,58954.0,9649.0,30241.0,340400.0,,0.0,,2914991.0,10707.0,5505861.0,242858.0,,311690.0,0.0,3880639.0,0.0,,,1837442.0,2741920.0,1489060.0,0.0,291069.0,23.0,13.37,,2.53,,79.83,4381278.0,,-6.4012211998367325,106.81183657113324
2016,12,PT Bank Perekonomian Rakyat Syariah Way Kanan (Perseroda),Kab. Lampung Selatan,Provinsi Lampung,620157,42147409.0,9064861.0,0.0,16679677.0,3599857.0,0.0,0.0,474217.0,,0.0,,7201578.0,3196922.0,1968900.0,855127.0,,297935.0,0.0,20876269.0,0.0,,,5560803.0,8430010.0,3051726.0,0.0,2036792.0,29.71,3.7,,8.85,,84.18,12234602.0,,,
2016,12,PT Bank Perekonomian Rakyat Syariah Rajasa Lampung Tengah (Perseroda),Kab. Lampung Tengah,Provinsi Lampung,620129,15527183.0,1834791.0,0.0,10423869.0,43000.0,0.0,0.0,0.0,,0.0,,1907991.0,115432.0,2002000.0,307803.0,,77261.0,0.0,6187297.0,0.0,,,2702642.0,3145336.0,2065049.0,0.0,657041.0,93.0,5.69,,5.24,,120.82,3298328.0,,,
2016,12,PT Bank Perekonomian Rakyat Syariah Bangun Drajat Warga,Kab. Bantul,Provinsi D.I. Yogyakarta,620018,96795505.0,34285038.0,0.0,278755.0,4200.0,215920.0,12017449.0,12548735.0,,0.0,,27650611.0,21075906.0,35836200.0,1508963.0,,45581.0,0.0,2883616.0,0.0,,,7228634.0,8990217.0,4981704.0,56333.0,1814445.0,16.1,7.33,,2.5,,70.18,35033177.0,,-6.162883175978525,106.8097490702202
2016,12,PT Bank Perekonomian Rakyat Syariah Cahaya Hidup,Kab. Sleman,Provinsi D.I. Yogyakarta,620163,15198959.0,10991535.0,0.0,438390.0,0.0,0.0,0.0,1425511.0,,0.0,,290619.0,1466518.0,7051091.0,479139.0,,198425.0,0.0,3764817.0,0.0,,,1626173.0,2490885.0,1232439.0,0.0,393489.0,17.99,6.8,,3.22,,102.93,2192022.0,,,
2016,12,PT Bank Perekonomian Rakyat Syariah Albarokah,Kota Depok,Provinsi Jawa Barat,620053,14624027.0,9637479.0,0.0,0.0,362182.0,0.0,900000.0,0.0,,0.0,,44173.0,1062281.0,9185952.0,586729.0,,34803.0,0.0,703655.0,0.0,,,2425905.0,3790899.0,1908034.0,0.0,497899.0,37.67,7.74,,3.38,,69.28,3914006.0,,-6.414286608555458,106.82408456386716
2016,12,PT Bank Perekonomian Rakyat Syariah Balerong Bunta,Kab. Tanah Datar,Provinsi Sumatera Barat,620197,,,,,,,,,,,,,,,,,,,,,,,,,,,,,,,,,,,,0.8031965185093075,100.73793330633296
2016,12,PT Bank Perekonomian Rakyat Syariah Bangka Belitung,Kota Pangkal Pinang,Provinsi Kep. Bangka Belitung,620076,554159888.0,295706436.0,0.0,4277470.0,1182631.0,0.0,0.0,60523567.0,,0.0,,6587063.0,170253282.0,302069475.0,6837311.0,,997413.0,0.0,10137846.0,0.0,,,46915439.0,82327837.0,37775030.0,0.0,10167825.0,18.92,15.0,,2.01,,66.79,159494231.0,,-2.120239693370022,106.11713996558484
2016,12,PT BPRS Sungai PuaSyariah,Kab. Agam,Provinsi Sumatera Barat,620186,,,,,,,,,,,,,,,,,,,,,,,,,,,,,,,,,,,,,
2016,12,PT Bank Perekonomian Rakyat Syariah Unisia Insan Indonesia,Kota Yogyakarta,Provinsi D.I. Yogyakarta,620178,26894447.0,5304313.0,27405.0,132829.0,0.0,7834.0,12832301.0,0.0,,0.0,,3581810.0,4399552.0,9937500.0,128593.0,,1049515.0,0.0,23359.0,0.0,,,1385090.0,1778953.0,1533702.0,0.0,-97289.0,44.0,0.0,,-36.0,,102.0,7614534.0,,-7.811119305839534,110.36108720090904
2016,12,PT Bank Perekonomian Rakyat Syariah Muamalat Harkat,Kab. Seluma,Provinsi Bengkulu,620052,23253519.0,16060702.0,0.0,0.0,0.0,0.0,0.0,0.0,,0.0,,315078.0,11280940.0,7149500.0,413271.0,,48564.0,0.0,1203636.0,0.0,,,3322492.0,4429919.0,3787493.0,0.0,-467220.0,23.75,44.3,,-1.94,,87.14,5950654.0,,,
2016,12,PT. BPRS Al-Yaqin,Kab. Simalungun,Provinsi Sumatera Utara,620092,5672116.0,3938892.0,0.0,111708.0,3288.0,0.0,0.0,35000.0,,0.0,,943577.0,528777.0,2822400.0,305783.0,,17881.0,0.0,640005.0,73100.0,,,827862.0,1157530.0,1084872.0,0.0,-209677.0,17.0,18.26,,-14.73,,146.7,1442465.0,,,
2016,12,PT BANK PEREKONOMIAN RAKYAT SYARIAH SIAK JAYA,Kab. Siak,Provinsi Riau,620189,,,,,,,,,,,,,,,,,,,,,,,,,,,,,,,,,,,,0.6271089398798741,101.56683647826335
2016,12,PT. BPRS Cilegon Mandiri,Kota Cilegon,Provinsi Banten,620080,102145853.0,50397905.0,4530402.0,3700122.0,263065.0,61134.0,0.0,16104085.0,,0.0,,6826705.0,10597178.0,15818000.0,2093422.0,,148774.0,0.0,1551617.0,0.0,,,15310795.0,17116431.0,9939847.0,135039.0,4100526.0,81.96,21.46,,5.21,,225.79,17610040.0,,-6.0121840147933305,106.06249216016823
2016,12,PT Bank Perekonomian Rakyat Syariah Sindanglaya Kotanopan,Kab. Mandailing Natal,Provinsi Sumatera Utara,620111,8728072.0,3821955.0,0.0,521825.0,0.0,0.0,0.0,1445400.0,,0.0,,2130172.0,0.0,2403000.0,38656.0,,10554.0,0.0,2286944.0,0.0,,,1336817.0,1602405.0,874609.0,0.0,447736.0,27.71,2.17,,5.77,,74.93,2662635.0,,,
2016,12,PT Bank Perekonomian Rakyat Syariah Rizky Barokah,Kota Tangerang Selatan,Provinsi Banten,620199,,,,,,,,,,,,,,,,,,,,,,,,,,,,,,,,,,,,-6.320385744555436,106.69864713138224
2016,12,PT. BPRS Asad Alif,Kab. Kendal,Provinsi Jawa Tengah,620070,15866792.0,11173137.0,0.0,0.0,0.0,0.0,0.0,879697.0,,0.0,,278681.0,8945886.0,4739500.0,175151.0,,0.0,0.0,274041.0,0.0,,,2020604.0,2621495.0,1868335.0,10035.0,80263.0,13.31,12.75,,1.1,,77.5,3223230.0,,,
2016,12,PT BANK PEREKONOMIAN RAKYAT SYARIAH AL MAKMUR,Kota Payakumbuh,Provinsi Sumatera Barat,620132,65400785.0,33574631.0,0.0,0.0,81500.0,0.0,0.0,17291887.0,,0.0,,18938974.0,1513784.0,36715958.0,515398.0,,421383.0,0.0,2605691.0,555555.0,,,5960985.0,10159812.0,5269350.0,0.0,676412.0,10.07,2.64,,139.0,,86.17,12425179.0,,-0.2305304689386322,100.63568358146692
2016,12,PT Bank Perekonomian Rakyat Syariah Almadinah Tasikmalaya Perseroda,Kota Tasikmalaya,Provinsi Jawa Barat,620156,24466158.0,18473860.0,0.0,102212.0,6600.0,0.0,0.0,1035900.0,,0.0,,3402017.0,2914415.0,4953048.0,208608.0,,12930.0,0.0,7604046.0,17034.0,,,3205842.0,4660764.0,2536790.0,0.0,527197.0,38.0,5.84,,2.3,,174.08,4532885.0,,-7.3283420052585,108.22977779026246
2016,12,PT Bank Perekonomian Rakyat Syariah Patriot Bekasi Perseroda,Kota Bekasi,Provinsi Jawa Barat,620108,102863650.0,38853742.0,0.0,3201352.0,840293.0,0.0,0.0,11614866.0,,0.0,,7206748.0,1049537.0,58298278.0,2157525.0,,46897.0,0.0,14187675.0,0.0,,,9748250.0,14265884.0,6812983.0,0.0,2811987.0,36.9,4.68,,2.73,,76.82,42938751.0,,-6.2278728540382104,107.00170463692426
2016,12,PT BPRS SHADIQ AMANAH,Kota Cimahi,Provinsi Jawa Barat,620019,,,,,,,,,,,,,,,,,,,,,,,,,,,,,,,,,,,,-6.863473787610629,107.53563110990164
2016,12,PT Bank Perekonomian Rakyat Syariah Tani Tulang Bawang Barat (Perseroda),Kab. Tulang Bawang Barat,Provinsi Lampung,620176,,,,,,,,,,,,,,,,,,,,,,,,,,,,,,,,,,,,,
2016,12,PT Bank Perekonomian Rakyat Syariah Artha Amanah Ummat,Kab. Semarang,Provinsi Jawa Tengah,620116,23277397.0,13185006.0,0.0,1284818.0,10000.0,0.0,9828.0,2328160.0,,0.0,,529295.0,4482950.0,10972600.0,251365.0,,23601.0,0.0,4894812.0,0.0,,,2142825.0,3613808.0,1507791.0,15193.0,556242.0,15.24,5.57,,2.99,,105.21,6510163.0,,-7.138606830428244,110.40957996108703
2016,12,PT Bank Perekonomian Rakyat Syariah Berkah Dana Fadhlillah (Perseroda),Kab. Kampar,Provinsi Riau,620060,23772162.0,12946343.0,0.0,79799.0,376089.0,0.0,0.0,0.0,,0.0,,1495521.0,18258273.0,2411300.0,604381.0,,12685.0,0.0,133298.0,0.0,,,2329117.0,3074966.0,2450416.0,0.0,-56952.0,11.12,8.78,,0.24,,52.55,10583537.0,,0.8689938830957369,101.2803342082979
2016,12,PT Bank Perekonomian Rakyat Syariah Gala Mitra Abadi,Kab. Grobogan,Provinsi Jawa Tengah,620063,10644667.0,4516319.0,0.0,138700.0,0.0,0.0,50000.0,1200090.0,,0.0,,3265512.0,2508.0,4658952.0,251443.0,,31217.0,0.0,1053006.0,0.0,,,1380941.0,2099442.0,1416800.0,0.0,2106.0,27.93,10.7,,0.25,,56.14,4749582.0,,-7.088219305964116,110.9101564089674
2016,12,PT Bank Perekonomian Rakyat Syariah Hasanah,Kota Pekanbaru,Provinsi Riau,620041,11594332.0,7274541.0,0.0,29600.0,0.0,0.0,0.0,0.0,,0.0,,211373.0,3327811.0,6903544.0,451161.0,,15331.0,0.0,127349.0,0.0,,,1211761.0,1784999.0,1543068.0,0.0,-278440.0,12.89,9.63,,-2.4,,63.78,4245290.0,,0.5249696427966165,101.44758104638636
2016,12,PT Bank Perekonomian Rakyat Syariah Amanah Bangsa,Kab. Simalungun,Provinsi Sumatera Utara,620032,21226128.0,15699648.0,0.0,58232.0,0.0,0.0,606922.0,0.0,,0.0,,5041752.0,0.0,6501666.0,139585.0,,120034.0,0.0,7370273.0,0.0,,,3280417.0,4557041.0,2714743.0,0.0,519848.0,16.0,1.4,,22.89,,86.85,4254320.0,,,
2016,12,PT Bank Perekonomian Rakyat Syariah Al Falah,Kab. Banyuasin,Provinsi Sumatera Selatan,620040,19327235.0,11898333.0,0.0,1248525.0,0.0,0.0,0.0,0.0,,0.0,,166749.0,4041039.0,5100700.0,197423.0,,30588.0,0.0,5944822.0,0.0,,,3166319.0,4169100.0,2036904.0,0.0,1008836.0,39.04,5.91,,5.72,,70.71,5527086.0,,,
2016,12,PT Bank Perekonomian Rakyat Syariah Amanah Insan Cita,Kab. Deli Serdang,Provinsi Sumatera Utara,620145,17527762.0,12909055.0,0.0,0.0,0.0,29790.0,700000.0,0.0,,0.0,,2501037.0,0.0,10793500.0,4060310.0,,45196.0,0.0,3099372.0,0.0,,,1947469.0,3231327.0,6645165.0,0.0,-4733848.0,33.01,43.55,,-39.42,,99.23,3438478.0,,,
2016,12,PT Bank Perekonomian Rakyat Syariah Muamalah Cilegon,Kota Cilegon,Provinsi Banten,620034,19244355.0,11056453.0,0.0,963223.0,520963.0,0.0,830576.0,48481.0,,0.0,,9685048.0,141167.0,4487500.0,894021.0,,344610.0,0.0,888679.0,0.0,,,2371270.0,2645400.0,1984175.0,10155.0,312835.0,32.0,23.22,,1.77,,89.09,6122166.0,,-6.013534007648159,106.0585828108812
2016,12,PT Bank Perekonomian Rakyat Syariah Harta Insan Karimah Mitra Cahaya Indonesia,Kab. Sleman,Provinsi D.I. Yogyakarta,620133,33086646.0,12405002.0,0.0,4428820.0,0.0,0.0,506454.0,1205264.0,,0.0,,2585455.0,983356.0,18222050.0,286519.0,,154231.0,0.0,5816156.0,0.0,,,1903353.0,3638613.0,1541071.0,0.0,319310.0,21.86,4.86,,1.61,,68.2,9460251.0,,,
2016,12,PT BPRS Haji Miskin,Kab. Tanah Datar,Provinsi Sumatera Barat,620099,35761284.0,24366896.0,0.0,790596.0,0.0,345552.0,1794650.0,1325000.0,,0.0,,676144.0,9383327.0,9065650.0,629087.0,,156924.0,0.0,9416608.0,2291664.0,,,4156855.0,6610080.0,3302663.0,18278.0,713894.0,0.0,4.96,,0.0,,0.0,7156837.0,,0.7957568848810034,100.72783265816751
2016,12,PT BPRS Barakah Nawaitul Ikhlas,Kota Solok,Provinsi Sumatera Barat,620123,7623827.0,5190500.0,0.0,294983.0,0.0,0.0,0.0,0.0,,0.0,,149709.0,3848975.0,2333400.0,56763.0,,14538.0,0.0,35577.0,0.0,,,1090428.0,1396673.0,869437.0,0.0,232426.0,23.66,2.39,,3.47,,74.61,1988808.0,,-0.8090450252633046,100.6628003414127
2016,12,PT Bank Perekonomian Rakyat Syariah Musyarakah Ummat Indonesia,Kota Tangerang,Provinsi Banten,620007,7019633.0,2972199.0,0.0,814076.0,105552.0,0.0,149100.0,270000.0,,0.0,,381336.0,532049.0,3854337.0,218811.0,,42507.0,0.0,1625286.0,0.0,,,637862.0,1063775.0,1473409.0,0.0,-981940.0,55.5,28.25,,-13.99,,59.32,2370226.0,,-6.17429154031784,106.64290706543798
2016,12,PT Bank Perekonomian Rakyat Syariah Daarul Hayat,Kota Cimahi,Provinsi Jawa Barat,620035,9014692.0,2931629.0,0.0,553325.0,156300.0,29210.0,0.0,669135.0,,0.0,,1124328.0,1342198.0,5265374.0,88686.0,,0.0,0.0,803734.0,0.0,,,665801.0,983751.0,955807.0,0.0,-276630.0,10.0,8.96,,-2.94,,56.12,3798433.0,,-6.867341948596262,107.55153148405364
2016,12,PT Bank Perekonomian Rakyat Syariah Central Syariah Utama,Kota Surakarta/Solo,Provinsi Jawa Tengah,620137,15878130.0,8772114.0,0.0,1567082.0,44375.0,640895.0,0.0,349777.0,,0.0,,1773211.0,878768.0,5369000.0,110591.0,,148279.0,0.0,5551736.0,984866.0,,,1345250.0,2366937.0,1471624.0,0.0,-37130.0,8.7,7.56,,-0.23,,84.75,2241434.0,,-7.583455291786536,110.81861293442316
2016,12,PT Bank Perekonomian Rakyat Syariah Harta Insan Karimah Fajar Nitro,Kota Makassar,Provinsi Sulawesi Selatan,620168,2007439.0,1200431.0,0.0,0.0,0.0,0.0,0.0,0.0,,0.0,,65467.0,492766.0,748500.0,825645.0,,3029.0,0.0,69307.0,0.0,,,59075.0,148554.0,1564416.0,0.0,-1506161.0,86.61,85.07,,-93.0,,91.87,1557877.0,,-5.128522770098106,119.41038261376706
2016,12,PT Bank Perekonomian Rakyat Syariah Hikmah Khazanah,Kota Surakarta/Solo,Provinsi Jawa Tengah,620171,52147583.0,38053017.0,0.0,2020054.0,0.0,0.0,0.0,0.0,,0.0,,8713554.0,1094693.0,27816557.0,434329.0,,442415.0,0.0,5213032.0,0.0,,,6589650.0,9683034.0,3591565.0,0.0,2478341.0,27.99,1.8,,7.15,,96.93,11083914.0,,-7.578734267499703,110.8209373266183
2016,12,PT Bank Perekonomian Rakyat Syariah Amanah Rabbaniah,Kab. Bandung,Provinsi Jawa Barat,620002,49682924.0,25471160.0,0.0,9622953.0,511442.0,0.0,0.0,541933.0,,0.0,,15409057.0,849955.0,25001200.0,1006380.0,,376254.0,0.0,1469587.0,0.0,,,,,,,,15.48,5.58,,4.86,,77.19,11970788.0,,-6.981512329239818,107.54983972422548
2016,12,PT Bank Perekonomian Rakyat Syariah Karya Mugi Sentosa,Kota Surabaya,Provinsi Jawa Timur,620113,52006335.0,17161884.0,0.0,1104621.0,19180671.0,0.0,263798.0,94000.0,,0.0,,22310509.0,3361163.0,11225518.0,670128.0,,147797.0,0.0,3932208.0,2500000.0,,,5484395.0,6758996.0,7095582.0,0.0,-1578351.0,21.42,10.01,,-3.24,,87.87,11800789.0,,-7.248497572190274,112.74359015261464
2016,12,PT Bank Perekonomian Rakyat Syariah Amanah Sejahtera,Kab. Gresik,Provinsi Jawa Timur,620050,78567200.0,35479885.0,0.0,23651.0,2417357.0,0.0,738889.0,19625703.0,,0.0,,18719377.0,33754156.0,14613650.0,1304986.0,,35341.0,0.0,1040414.0,0.0,,,14501363.0,15925365.0,12839637.0,0.0,1636536.0,16.21,7.54,,2.23,,119.75,11160989.0,,-7.171206060982263,112.65347308804564
2016,12,PT Bank Perekonomian Rakyat Syariah Nurul Ikhwan,Kab. Polewali Mandar,Provinsi Sulawesi Barat,620045,642915.0,838258.0,0.0,0.0,13696.0,0.0,0.0,0.0,,0.0,,0.0,317060.0,0.0,571409.0,,925.0,0.0,270805.0,0.0,,,134587.0,134587.0,415862.0,0.0,-295526.0,16.82,72.86,,-47.54,,264.38,334984.0,,-3.4069455429190376,119.31879018370128
2016,12,PT Bank Perekonomian Rakyat Syariah Mandiri Mitra Sukses,Kab. Gresik,Provinsi Jawa Timur,620126,50418797.0,18683479.0,0.0,0.0,1749224.0,0.0,0.0,21436615.0,,0.0,,7692065.0,8730751.0,23380653.0,346677.0,,441640.0,0.0,6586605.0,0.0,,,6700344.0,8355370.0,6531970.0,0.0,209488.0,11.28,6.65,,0.03,,84.28,6428856.0,,-7.1749772829692935,112.65847748596217
2016,12,PT Bank Perekonomian Rakyat Syariah Almasoem,Kab. Bandung,Provinsi Jawa Barat,620027,,,,,,,,,,,,,,,,,,,,,,,,,,,,,,,,,,,,-6.97009496632967,107.54174350568084
2016,12,PT. BPRS Jabal Nur Tebuireng,Kota Surabaya,Provinsi Jawa Timur,620114,33819243.0,20365715.0,0.0,46860.0,62933.0,0.0,0.0,5510402.0,,0.0,,4189987.0,53886.0,17938998.0,542231.0,,116353.0,0.0,10149849.0,234964.0,,,4096640.0,9199111.0,5825409.0,0.0,-1659512.0,6.0,33.31,,-4.9,,118.45,3132590.0,,-7.253401930640896,112.73115332691698
2016,12,PT BPRS Bumi Rinjani,Kota Batu,Provinsi Jawa Timur,620109,,,,,,,,,,,,,,,,,,,,,,,,,,,,,,,,,,,,-7.86392956395291,112.52576707537388
2016,12,PT Bank Perekonomian Rakyat Syariah Baktimakmur Indah,Kab. Sidoarjo,Provinsi Jawa Timur,620022,140373388.0,58146244.0,0.0,1538825.0,1065000.0,0.0,0.0,54278530.0,,0.0,,8688033.0,53078694.0,30667365.0,2063500.0,,745412.0,0.0,20493133.0,0.0,,,14047390.0,19401560.0,9808908.0,121251.0,3792298.0,89.01,9.39,,3.58,,103.78,21820669.0,,,
2016,12,PT BPRS Mojo Artho Kota Mojokerto Perseroda,Kota Mojokerto,Provinsi Jawa Timur,620160,76010020.0,38913001.0,0.0,202030.0,527550.0,1005548.0,800500.0,5665000.0,,0.0,,1789082.0,6850253.0,15012000.0,332422.0,,122368.0,0.0,33140038.0,0.0,,,6061344.0,10094907.0,5538506.0,10100.0,940122.0,39.0,5.08,,1.24,,65.0,19612067.0,,-7.460555185064369,112.43110318032298
2016,12,PT Bank Perekonomian Rakyat Syariah Tulen Amanah,Kab. Lombok Tengah,Provinsi Nusa Tenggara Barat,620009,33000957.0,20115101.0,0.0,0.0,0.0,0.0,0.0,0.0,,0.0,,0.0,7222016.0,18625029.0,315010.0,,73283.0,0.0,576649.0,0.0,,,2877988.0,5138766.0,1355832.0,0.0,1508943.0,28.0,15.47,,5.0,,77.0,11352705.0,,-8.70747522600701,116.25948057531416
2016,12,PT Bank Perekonomian Rakyat Syariah Investama Mega Bakti,Kota Makassar,Provinsi Sulawesi Selatan,620077,49136374.0,30118539.0,0.0,0.0,941555.0,0.0,4817026.0,8210937.0,,0.0,,388056.0,2165568.0,624000.0,322720.0,,68807.0,0.0,33961.0,41050551.0,,,3040596.0,8440883.0,2409252.0,0.0,706844.0,10.72,8.02,,1.4,,100.0,3138392.0,,-5.131381407363007,119.4094893372462
2016,12,PT Bank Perekonomian Rakyat Syariah Dana Mulia,Kota Surakarta/Solo,Provinsi Jawa Tengah,620122,24539948.0,14034786.0,0.0,4749101.0,14770.0,0.0,0.0,1740700.0,,0.0,,928716.0,9219049.0,8891040.0,458466.0,,19613.0,0.0,3421431.0,0.0,,,2053669.0,3527784.0,1637256.0,0.0,303951.0,11.13,19.27,,1.53,,78.54,3538294.0,,-7.5721076896369475,110.81636511954429
2016,12,PT BPRS Artha Surya Barokah,Kota Semarang,Provinsi Jawa Tengah,620084,,,,,,,,,,,,,,,,,,,,,,,,,,,,,,,,,,,,-6.992447596736079,110.42988872705932
2016,12,PT Bank Perekonomian Rakyat Syariah Indo Timur,Kota Makassar,Provinsi Sulawesi Selatan,620010,14644618.0,1217988.0,0.0,0.0,0.0,0.0,0.0,0.0,,0.0,,9945847.0,1907654.0,40000.0,91790.0,,6185.0,0.0,56050.0,0.0,,,681671.0,764872.0,549020.0,0.0,128655.0,70.95,9.48,,0.54,,10.24,13489878.0,,-5.143550328284089,119.4138433249748
2016,12,PT Bank Perekonomian Rakyat Syariah Maslahat Dana Syariah Nusantara,Kota Bengkulu,Provinsi Bengkulu,620181,,,,,,,,,,,,,,,,,,,,,,,,,,,,,,,,,,,,-3.791547736340278,102.2560829253008
2016,12,PT Bank Perekonomian Rakyat Syariah Harum Hikmahnugraha,Kab. Garut,Provinsi Jawa Barat,620029,68861900.0,45693662.0,0.0,283669.0,773210.0,0.0,0.0,0.0,,0.0,,16213796.0,74737.0,31123690.0,1090445.0,,102125.0,0.0,12626079.0,0.0,,,7723586.0,12870553.0,5706208.0,0.0,1669936.0,16.33,18.44,,3.05,,69.83,21867331.0,,-7.201021164642222,107.90284024114014
2016,12,PT Bank Perekonomian Rakyat Syariah Arsa Sejahtera,Kota Batu,Provinsi Jawa Timur,620079,19014975.0,9589701.0,0.0,0.0,0.0,0.0,0.0,931099.0,,0.0,,0.0,2853516.0,5217000.0,1867074.0,,35715.0,0.0,8419572.0,0.0,,,2618667.0,5008894.0,7747682.0,0.0,-5090446.0,19.83,40.92,,-26.77,,130.36,6973595.0,,-7.8807671610865775,112.532451265561
2016,12,PT Bank Perekonomian Rakyat Syariah Al Ihsan,Kab. Bandung,Provinsi Jawa Barat,620044,9651159.0,5505337.0,0.0,1202942.0,131600.0,0.0,0.0,65489.0,,0.0,,4332544.0,0.0,2448500.0,303247.0,,18027.0,0.0,1723253.0,96060.0,,,1559364.0,1857458.0,1284662.0,0.0,287945.0,14.0,7.89,,2.98,,74.08,2803517.0,,-6.971851712893827,107.5425031409888
2016,12,PT BPRS Bina Finansia,Kota Semarang,Provinsi Jawa Tengah,620102,25354720.0,19133238.0,0.0,856465.0,5000.0,0.0,0.0,0.0,,0.0,,0.0,8187453.0,11281884.0,546819.0,,159726.0,0.0,2284525.0,0.0,,,2907857.0,4541347.0,2292376.0,0.0,570068.0,16.18,8.04,,2.68,,88.26,3740028.0,,-6.984027795058197,110.415867283899
2016,12,PT Bank Perekonomian Rakyat Syariah Aman Syariah,Kab. Lampung Timur,Provinsi Lampung,620173,17060349.0,7736774.0,0.0,1473269.0,0.0,0.0,203680.0,1250000.0,,0.0,,2249325.0,899230.0,2433743.0,59147.0,,103849.0,0.0,7888525.0,0.0,,,2072305.0,3119384.0,1548155.0,0.0,470440.0,30.69,6.37,,2.76,,64.14,5850048.0,,,
2016,12,PT BPRS Harta Insan Karimah,Kota Tangerang,Provinsi Banten,620012,483028239.0,168749844.0,0.0,11599074.0,132959.0,0.0,950000.0,203890248.0,,0.0,,8391784.0,54831669.0,350575772.0,22682836.0,,716525.0,0.0,13633099.0,0.0,,,40731999.0,80802106.0,45976641.0,0.0,-5843146.0,15.41,24.98,,-3.33,,92.43,102477367.0,,-6.168514895786671,106.6333010221693
2016,12,PT BPRS Hidayah,Wil. Kota Jakarta Barat,Provinsi DKI Jakarta,620119,,,,,,,,,,,,,,,,,,,,,,,,,,,,,,,,,,,,,
2016,12,PT Bank Perekonomian Rakyat Syariah Mitra Harmoni Yogyakarta,Kota Yogyakarta,Provinsi D.I. Yogyakarta,620149,31387477.0,24533837.0,0.0,71736.0,0.0,0.0,229000.0,0.0,,0.0,,2231739.0,3890750.0,14542750.0,315918.0,,76307.0,0.0,7833880.0,0.0,,,3898972.0,6200030.0,3278164.0,0.0,567337.0,12.39,4.11,,2.43,,90.08,6045540.0,,-7.803051873506947,110.36402782968446
2016,12,PT BANK PEREKONOMIAN RAKYAT ARTHA MADANI,Kota Bekasi,Provinsi Jawa Barat,620088,188462119.0,118894150.0,0.0,0.0,293722.0,0.0,0.0,10943595.0,,0.0,,21361354.0,1254190.0,57388824.0,2769978.0,,1317485.0,0.0,92970950.0,0.0,,,17213893.0,33138393.0,13070120.0,60000.0,4083773.0,12.0,3.61,,2.89,,309.0,42606155.0,,-6.235802486784483,106.99167237097036
2016,12,PT Bank Perekonomian Rakyat Syariah Al Washliyah,Kota Medan,Provinsi Sumatera Utara,620036,15028466.0,8837555.0,0.0,684821.0,0.0,0.0,387475.0,0.0,,0.0,,598781.0,2536365.0,8396000.0,112316.0,,285388.0,0.0,1551277.0,0.0,,,1577141.0,2373183.0,1661428.0,0.0,-102744.0,23.0,6.88,,-0.61,,85.94,4404158.0,,3.5953913881617754,98.67901076224275
2016,12,PT Bank Perekonomian Rakyat Syariah Hasanah Mandiri,Kota Depok,Provinsi Jawa Barat,620006,,,,,,,,,,,,,,,,,,,,,,,,,,,,,,,,,,,,-6.40152714268215,106.8199776998472
2016,12,PT BPRS Bumi Rinjani Malang,Kota Malang,Provinsi Jawa Timur,620078,,,,,,,,,,,,,,,,,,,,,,,,,,,,,,,,,,,,-7.974100981138048,112.64136686861058
2016,12,PT Bank Perekonomian Rakyat Syariah Syarikat Madani,Kota Batam,Provinsi Kep. Riau,620121,110934300.0,82055489.0,0.0,14967179.0,5241608.0,0.0,0.0,0.0,,0.0,,0.0,8448911.0,42211207.0,1515498.0,,1983562.0,0.0,44252806.0,0.0,,,15375168.0,22873012.0,12734839.0,0.0,2030097.0,14.63,5.27,,1.72,,201.86,7024965.0,,1.1025924305431083,104.04282617621487
2016,12,PT BPRS Mentari Pasaman Saiyo,Kab. Pasaman Barat,Provinsi Sumatera Barat,620059,,,,,,,,,,,,,,,,,,,,,,,,,,,,,,,,,,,,,
2016,12,PT Bank Perekonomian Rakyat Syariah Gebu Prima,Kota Medan,Provinsi Sumatera Utara,620055,11655303.0,7558588.0,0.0,236569.0,48904.0,0.0,1220600.0,0.0,,0.0,,0.0,5409261.0,4951500.0,907626.0,,6171.0,0.0,81537.0,0.0,,,1384203.0,1943928.0,1799005.0,0.0,-251698.0,13.84,16.63,,-3.2,,82.8,2168380.0,,3.580883089096215,98.66623055730342
2016,12,PT BPRS Gajahtongga KotoPiliang,Kota Sawahlunto,Provinsi Sumatera Barat,620162,15797489.0,14185008.0,0.0,0.0,0.0,0.0,0.0,0.0,,0.0,,8874140.0,0.0,4146900.0,712202.0,,15816.0,0.0,612502.0,0.0,,,2443586.0,2837012.0,2144669.0,0.0,323997.0,13.0,8.21,,2.0,,92.0,2054030.0,,-0.6873833320816837,100.76958758372275
2016,12,PT Bank Perekonomian Rakyat Syariah Barokah Dana Sejahtera,Kota Yogyakarta,Provinsi D.I. Yogyakarta,620115,78479750.0,22081709.0,0.0,3171940.0,1082054.0,0.0,73850.0,24711651.0,,0.0,,13229798.0,10140996.0,40755600.0,1026386.0,,392825.0,0.0,7280308.0,0.0,,,6325921.0,10712688.0,4776560.0,0.0,1407093.0,11.38,4.39,,2.24,,79.72,23214487.0,,-7.808951498748443,110.36881342877136
2016,12,PT Bank Perekonomian Rakyat Syariah Harta Insan Karimah Cibitung,Kota Bekasi,Provinsi Jawa Barat,620020,207023976.0,121259970.0,0.0,37582529.0,4500.0,0.0,0.0,0.0,,0.0,,29028118.0,2885645.0,57268922.0,3145298.0,,4635965.0,0.0,87563395.0,0.0,,,29760157.0,44961625.0,16194237.0,267500.0,9811664.0,29.33,2.07,,4.73,,93.0,47739497.0,,-6.225695831277773,106.98845203769474
2016,12,PT Bank Perekonomian Rakyat Syariah Hijra Alami,Wil. Kota Jakarta Selatan,Provinsi DKI Jakarta,620138,18830708.0,9442455.0,0.0,1806628.0,468515.0,0.0,0.0,3010000.0,,0.0,,1108308.0,351543.0,8785262.0,894712.0,,67432.0,0.0,3688564.0,1694781.0,,,2544416.0,3835146.0,1896486.0,0.0,610741.0,18.0,11.99,,3.45,,94.0,3612333.0,,,
2016,12,PT Bank Perekonomian Rakyat Syariah Lampung Timur (Perseroda),Kab. Lampung Timur,Provinsi Lampung,620140,27695649.0,5418418.0,0.0,16379431.0,0.0,0.0,0.0,268597.0,,0.0,,4677937.0,13202.0,563000.0,434762.0,,42673.0,0.0,12379666.0,0.0,,,3051270.0,4571653.0,2088967.0,0.0,938988.0,43.31,2.22,,3.97,,84.72,5461111.0,,,
2016,12,PT Bank Perekonomian Rakyat Syariah Dana Hidayatullah,Kota Yogyakarta,Provinsi D.I. Yogyakarta,620107,23246590.0,11432611.0,0.0,607368.0,55050.0,0.0,370358.0,6115540.0,,0.0,,768305.0,4610546.0,12171500.0,123856.0,,15406.0,0.0,2237215.0,0.0,,,2660301.0,3871155.0,1864250.0,0.0,762159.0,18.12,13.21,,3.65,,86.77,3818397.0,,-7.805830145091572,110.3718318454461
2016,12,PT Bank Perekonomian Rakyat Syariah Rahmania Dana Sejahtera,Kab. Aceh Jeumpa/Bireuen,Provinsi NAD,620148,9680846.0,6567120.0,0.0,0.0,0.0,0.0,425500.0,0.0,,0.0,,873620.0,149661.0,4851500.0,49840.0,,8368.0,0.0,2540264.0,0.0,,,1117202.0,1660851.0,1013381.0,0.0,106252.0,18.0,5.03,,1.1,,70.07,2509439.0,,,
2016,12,PT Bank Perekonomian Rakyat Syariah Margirizki Bahagia,Kab. Bantul,Provinsi D.I. Yogyakarta,620017,52349655.0,23648045.0,0.0,920490.0,0.0,0.0,148812.0,9326139.0,,0.0,,5722887.0,3297915.0,26603900.0,563830.0,,30795.0,0.0,9560594.0,1527750.0,,,4018578.0,7210503.0,2905966.0,0.0,1093374.0,15.69,9.06,,2.85,,96.0,17484638.0,,-6.173931205857998,106.82055050685378
2016,12,PT Bank Perekonomian Rakyat Syariah Carana Kiat Andalas,Kab. Agam,Provinsi Sumatera Barat,620064,13757939.0,9172388.0,0.0,0.0,3135.0,0.0,0.0,0.0,,0.0,,8564120.0,0.0,3745555.0,107646.0,,158995.0,0.0,1851.0,0.0,,,1586146.0,1745058.0,1815312.0,0.0,-98726.0,16.61,40.73,,-0.72,,67.46,3797234.0,,,
2016,12,PT Bank Pembiayaan Rakyat Syariah Jam Gadang Perseroda,Kota Bukittinggi,Provinsi Sumatera Barat,620185,,,,,,,,,,,,,,,,,,,,,,,,,,,,,,,,,,,,-0.2958866590933593,100.36052326690393
2016,12,PT Bank Perekonomian Rakyat Syariah Tanggamus (Perseroda),Kab. Tanggamus,Provinsi Lampung,620082,31514556.0,23109776.0,0.0,0.0,0.0,0.0,0.0,0.0,,0.0,,163209.0,15994862.0,1588700.0,1585140.0,,242046.0,0.0,2355258.0,0.0,,,4914521.0,6117283.0,3082762.0,0.0,1531226.0,72.0,7.94,,6.15,,78.02,8973996.0,,-5.4369356106235,104.72189977284216
2016,12,PT Bank Perekonomian Rakyat Syariah Harta Insan Karimah Bekasi,Kota Bekasi,Provinsi Jawa Barat,620015,241027055.0,64357842.0,0.0,106165433.0,93925.0,0.0,0.0,32636341.0,,0.0,,25555305.0,469475.0,139675077.0,6665768.0,,0.0,0.0,41591286.0,0.0,,,28643035.0,47529426.0,20737343.0,345000.0,5849831.0,16.0,15.22,,3.8,,99.9,33509282.0,,-6.237084227639964,106.9866402479551
2017,12,PT. BPRS Mitra Harmoni Kota Semarang,Kota Semarang,Provinsi Jawa Tengah,620151,27302808.0,18741517.0,0.0,419593.0,0.0,0.0,1282000.0,0.0,,0.0,,1023542.0,2825254.0,6674400.0,280459.0,,112265.0,0.0,10257986.0,0.0,,,3132021.0,4488700.0,2683104.0,0.0,386215.0,30.67,6.93,,1.77,,76.55,6435790.0,,-6.989034701457653,110.42390375172975
2017,12,PT Bank Perekonomian Rakyat Syariah Carana Kiat Andalas,Kab. Agam,Provinsi Sumatera Barat,620064,17897091.0,13165472.0,0.0,0.0,2167.0,0.0,0.0,0.0,,0.0,,11410715.0,0.0,4999155.0,136455.0,,155073.0,0.0,203645.0,0.0,,,1798588.0,2103074.0,1963103.0,0.0,-126094.0,10.49,28.05,,-0.7,,113.67,4019859.0,,,
2017,12,PT Bank Pembiayaan Rakyat Syariah Gayo Perseroda,Kab. Aceh Tengah,Provinsi NAD,620120,28409994.0,23238946.0,0.0,0.0,0.0,0.0,0.0,0.0,,0.0,,4139.0,10610540.0,6585000.0,438659.0,,23645.0,0.0,1091961.0,0.0,,,2820364.0,4123689.0,2100341.0,19312.0,696309.0,41.22,9.69,,2.6,,135.15,4731577.0,,,
2017,12,PT BPRS Kota Juang Perseroda,Kab. Aceh Jeumpa/Bireuen,Provinsi NAD,620144,9796915.0,7911071.0,0.0,0.0,0.0,0.0,0.0,0.0,,0.0,,112.0,2948322.0,697000.0,130670.0,,12237.0,0.0,3882710.0,0.0,,,1133646.0,1756132.0,996763.0,0.0,128792.0,29.0,24.86,,1.46,,82.93,1753232.0,,,
2017,12,PT Bank Perekonomian Rakyat Syariah Arthaaceh Sejahtera,Kota Banda Aceh,Provinsi NAD,620192,,,,,,,,,,,,,,,,,,,,,,,,,,,,,,,,,,,,5.548455343437354,95.3146280603469
2017,12,PT BPRS Bumi Rinjani Malang,Kota Malang,Provinsi Jawa Timur,620078,,,,,,,,,,,,,,,,,,,,,,,,,,,,,,,,,,,,-7.974100981138048,112.64136686861058
2017,12,PT Bank Perekonomian Rakyat Syariah Gunung Slamet,Kab. Banyumas,Provinsi Jawa Tengah,620146,78476775.0,47041304.0,0.0,2634252.0,34000.0,0.0,640000.0,3973160.0,,0.0,,11483607.0,130762.0,57612000.0,511150.0,,162519.0,0.0,2693558.0,0.0,,,5560363.0,10743124.0,4048969.0,0.0,1275241.0,13.0,2.21,,2.3,,78.47,24134646.0,,-7.437522556194236,109.32557212705542
2017,12,PT BPRS Mojo Artho Kota Mojokerto Perseroda,Kota Mojokerto,Provinsi Jawa Timur,620160,92742887.0,60906242.0,0.0,811473.0,361152.0,1358357.0,211000.0,9074200.0,,0.0,,3322753.0,12856514.0,22861200.0,456604.0,,82499.0,0.0,37317771.0,0.0,,,9779902.0,14247328.0,8426765.0,13097.0,1315544.0,25.0,3.95,,1.42,,85.0,11392893.0,,-7.460555185064369,112.43110318032298
2017,12,PT Bank Perekonomian Rakyat Syariah Suriyah,Kab. Cilacap,Provinsi Jawa Tengah,620086,158722089.0,86628748.0,10628.0,3175641.0,9418.0,286806.0,5992198.0,27985198.0,,0.0,,35986358.0,2479660.0,79436793.0,1328469.0,,1213877.0,0.0,21333009.0,0.0,,,13855720.0,22096693.0,10075341.0,0.0,2884927.0,,,,,,,26012097.0,,-7.720360645096571,109.02261136336097
2017,12,PT Bank Perekonomian Rakyat Syariah Meru Nusantara Mandiri,Kab. Magelang,Provinsi Jawa Tengah,620143,14436833.0,4991320.0,0.0,1061718.0,0.0,0.0,60000.0,105000.0,,0.0,,646340.0,2785627.0,8027157.0,106857.0,,276497.0,0.0,1859264.0,0.0,,,1147259.0,1825902.0,1313378.0,0.0,-173992.0,11.02,9.9,,-1.37,,49.35,7285856.0,,-7.483143805876312,110.21226325844997
2017,12,PT Bank Perekonomian Rakyat Syariah Dana Amanah Surakarta,Kota Surakarta/Solo,Provinsi Jawa Tengah,620125,27676691.0,15302237.0,0.0,6274773.0,0.0,0.0,232580.0,98831.0,,0.0,,2424255.0,24463.0,13660875.0,195113.0,,17458.0,0.0,8837982.0,0.0,,,2362482.0,4228446.0,1595234.0,0.0,711649.0,11.0,9.87,,2.57,,88.7,5411187.0,,-7.582281788876442,110.82735174142871
2017,12,PT Bank Perekonomian Rakyat Syariah Bangun Arta,Kab. Cilacap,Provinsi Jawa Tengah,620195,,,,,,,,,,,,,,,,,,,,,,,,,,,,,,,,,,,,-7.720557123602994,109.02471707185968
2017,12,PT Bank Perekonomian Rakyat Syariah Dana Mulia,Kota Surakarta/Solo,Provinsi Jawa Tengah,620122,30399353.0,16962245.0,0.0,7701254.0,14770.0,151806.0,0.0,1221700.0,,0.0,,1790879.0,12098257.0,10462400.0,487871.0,,27917.0,0.0,3242577.0,480000.0,,,2650479.0,4436354.0,2347994.0,0.0,237224.0,13.23,13.9,,0.99,,87.5,3678424.0,,-7.5721076896369475,110.81636511954429
2017,12,PT Bank Perekonomian Rakyat Syariah Hikmah Wakilah,Kota Banda Aceh,Provinsi NAD,620046,73550901.0,33337658.0,0.0,257829.0,0.0,148236.0,4449934.0,5350000.0,,0.0,,989118.0,12422225.0,44273810.0,428368.0,,0.0,0.0,1498988.0,5658318.0,,,6598575.0,10912590.0,4716377.0,0.0,1567284.0,16.46,2.94,,2.51,,75.49,27902540.0,,5.543176806651055,95.31537211187955
2017,12,PT Bank Perekonomian Rakyat Syariah Rahmania Dana Sejahtera,Kab. Aceh Jeumpa/Bireuen,Provinsi NAD,620148,12213458.0,8997651.0,0.0,0.0,0.0,0.0,30000.0,100000.0,,0.0,,1114362.0,146986.0,5856421.0,81727.0,,48795.0,0.0,3218728.0,0.0,,,1528860.0,2469392.0,1088182.0,0.0,430733.0,18.0,6.38,,3.53,,88.31,2668083.0,,,
2017,12,PT Bank Perekonomian Rakyat Syariah Bumi Artha Sampang,Kab. Cilacap,Provinsi Jawa Tengah,620112,33554954.0,17677440.0,0.0,0.0,28333.0,0.0,4827000.0,1566667.0,,0.0,,7996884.0,2952218.0,16978850.0,323872.0,,275392.0,0.0,1570685.0,0.0,,,3921684.0,5653124.0,3113307.0,0.0,810086.0,,,,,,,9065221.0,,-7.709897309774618,109.02363619954758
2017,12,PT Bank Perekonomian Rakyat Syariah Mitra Harmoni Kota Malang,Kota Malang,Provinsi Jawa Timur,620153,20173456.0,14154096.0,0.0,866656.0,0.0,0.0,250000.0,275000.0,,0.0,,2540855.0,405233.0,3860000.0,143841.0,,32614.0,0.0,6855583.0,0.0,,,2755864.0,3531565.0,2301821.0,0.0,424808.0,60.0,4.6,,2.28,,78.42,4216886.0,,-7.984781410422721,112.62624122586716
2017,12,PT Bank Perekonomian Rakyat Syariah Buana Mitra Perwira,Kab. Purbalingga,Provinsi Jawa Tengah,620083,107483415.0,45243862.0,0.0,2996232.0,1420923.0,0.0,0.0,17085259.0,,0.0,,36650677.0,7847219.0,46352720.0,1031255.0,,794062.0,0.0,4584703.0,0.0,,,9754164.0,14388504.0,7744733.0,0.0,2119164.0,18.57,5.39,,2.9,,70.84,37738160.0,,-7.38620934652322,109.3482136658594
2017,12,PT Bank Perekonomian Rakyat Syariah Hikmah Bahari,Kota Tegal,Provinsi Jawa Tengah,620174,72913493.0,53216218.0,0.0,125488.0,0.0,0.0,1387634.0,1705000.0,,0.0,,8347479.0,163631.0,23403500.0,376286.0,,1683672.0,0.0,27330041.0,0.0,,,12561601.0,16996707.0,5291569.0,184000.0,5510259.0,22.25,0.0,,11.73,,98.74,15967119.0,,-6.861973262113324,109.13573876794256
2017,12,PT Bank Perekonomian Rakyat Syariah Insan Madani,Kab. Sukoharjo,Provinsi Jawa Tengah,620154,44411841.0,9657107.0,0.0,0.0,0.0,0.0,813000.0,20198979.0,,0.0,,192750.0,2274966.0,33379535.0,227601.0,,179961.0,0.0,292648.0,0.0,,,2235630.0,5279471.0,3703407.0,0.0,-1454827.0,23.96,24.93,,-3.35,,69.79,11469589.0,,-7.980423788495279,112.63614303338588
2017,12,PT Bank Perekonomian Rakyat Syariah Mustaqim Aceh Perseroda,Kota Banda Aceh,Provinsi NAD,620187,,,,,,,,,,,,,,,,,,,,,,,,,,,,,,,,,,,,5.5514463466260295,95.31786202059116
2017,12,PT BPRS Artha Surya Barokah,Kota Semarang,Provinsi Jawa Tengah,620084,,,,,,,,,,,,,,,,,,,,,,,,,,,,,,,,,,,,-6.992447596736079,110.42988872705932
2017,12,PT Bank Perekonomian Rakyat Syariah Tengku Chiek Dipante,Kab. Pidie,Provinsi NAD,620025,7666446.0,3818391.0,0.0,0.0,0.0,0.0,114700.0,0.0,,0.0,,10457.0,1874390.0,2381000.0,53141.0,,15453.0,0.0,2132426.0,0.0,,,903366.0,1237575.0,833369.0,0.0,55221.0,16.0,27.67,,0.72,,89.51,3143702.0,,3.7476617007670936,96.82987163456816
2017,12,PT BPRS Bina Finansia,Kota Semarang,Provinsi Jawa Tengah,620102,29671248.0,20167403.0,0.0,1104782.0,5000.0,0.0,0.0,0.0,,0.0,,0.0,7740132.0,14387442.0,370804.0,,240716.0,0.0,4105093.0,0.0,,,2493726.0,4360565.0,2198939.0,0.0,299010.0,14.12,7.07,,1.28,,72.56,6433345.0,,-6.984027795058197,110.415867283899
2017,12,PT Bank Perekonomian Rakyat Syariah Cahaya Hidup,Kab. Sleman,Provinsi D.I. Yogyakarta,620163,23861076.0,14796331.0,0.0,1265727.0,0.0,0.0,0.0,2376888.0,,0.0,,919527.0,502830.0,12415061.0,446316.0,,329016.0,0.0,6682922.0,0.0,,,2090641.0,3340988.0,1495382.0,6776.0,584231.0,15.08,8.05,,3.15,,90.43,4932464.0,,,
2017,12,PT Bank Perekonomian Rakyat Syariah Sindanglaya Kotanopan,Kab. Mandailing Natal,Provinsi Sumatera Utara,620111,8841053.0,3626480.0,0.0,472090.0,0.0,0.0,0.0,897756.0,,0.0,,2323028.0,0.0,1977100.0,59618.0,,7073.0,0.0,2658200.0,0.0,,,1288744.0,1601398.0,911838.0,0.0,360505.0,30.99,4.54,,4.07,,92.98,3578096.0,,,
2017,12,PT Bank Perekonomian Rakyat Syariah Baktimakmur Indah,Kab. Sidoarjo,Provinsi Jawa Timur,620022,152421824.0,76322077.0,0.0,1967779.0,0.0,0.0,0.0,43519076.0,,0.0,,7441549.0,60589751.0,31032713.0,2416397.0,,884082.0,0.0,24714744.0,0.0,,,16571913.0,21738370.0,11329105.0,127351.0,3842847.0,69.75,8.8,,3.65,,107.4,17981915.0,,,
2017,12,PT Bank Perekonomian Rakyat Syariah Maslahat Dana Syariah Nusantara,Kota Bengkulu,Provinsi Bengkulu,620181,11043529.0,8562290.0,0.0,243426.0,21125.0,0.0,0.0,0.0,,0.0,,666824.0,0.0,3451500.0,49009.0,,117782.0,0.0,68295.0,0.0,,,753834.0,780982.0,1964790.0,0.0,-1260872.0,75.73,0.0,,-14.1,,214.33,999415.0,,-3.791547736340278,102.2560829253008
2017,12,PT Bank Perekonomian Rakyat Syariah Situbondo,Kab. Situbondo,Provinsi Jawa Timur,620081,11648034.0,6751985.0,0.0,165333.0,203518.0,45833.0,0.0,0.0,,0.0,,1395226.0,1980560.0,257700.0,240347.0,,40672.0,0.0,675466.0,0.0,,,2053475.0,2105411.0,1569794.0,0.0,485117.0,111.6,7.99,,4.91,,197.24,4024080.0,,-7.702911353591342,113.9806037668517
2017,12,PT Bank Perekonomian Rakyat Syariah Artha Amanah Ummat,Kab. Semarang,Provinsi Jawa Tengah,620116,27502803.0,16553939.0,0.0,1578102.0,4500.0,0.0,8511.0,2786989.0,,0.0,,561486.0,5233872.0,11852600.0,460328.0,,29242.0,0.0,7962574.0,0.0,,,2497316.0,4279681.0,1906811.0,14640.0,527950.0,8.96,6.18,,2.08,,121.67,5666377.0,,-7.138606830428244,110.40957996108703
2017,12,PT Bank Perekonomian Rakyat Syariah Rahmah Hijrah Agung,Kota Lhokseumawe,Provinsi NAD,620049,34428617.0,20309647.0,0.0,0.0,0.0,0.0,0.0,15000.0,,0.0,,1919583.0,8854309.0,18541100.0,277648.0,,60549.0,0.0,1646259.0,0.0,,,3008313.0,4905176.0,2708415.0,8368.0,283688.0,15.05,11.84,,1.08,,67.3,12129707.0,,5.1766961991986555,97.14916447763574
2017,12,PT. BPRS Jabal Nur Tebuireng,Kota Surabaya,Provinsi Jawa Timur,620114,28004937.0,17085365.0,0.0,61267.0,86525.0,0.0,0.0,3473702.0,,0.0,,7810127.0,5863.0,11109500.0,718942.0,,116769.0,0.0,7741642.0,145467.0,,,1257267.0,3602485.0,3253445.0,0.0,-2037566.0,6.0,55.79,,-7.2,,77.78,3067815.0,,-7.253401930640896,112.73115332691698
2017,12,PT Bank Perekonomian Rakyat Syariah Taman Indah Darussalam,Kota Banda Aceh,Provinsi NAD,620158,2697585.0,400428.0,0.0,26874.0,0.0,0.0,0.0,0.0,,0.0,,363495.0,0.0,431000.0,192227.0,,1378.0,0.0,94213.0,0.0,,,335281.0,402336.0,732897.0,0.0,-312616.0,228.71,62.35,,-18.42,,53.78,2354273.0,,5.544809666796793,95.3231595660368
2017,12,PT. BPRS Hareukat,Kab. Aceh Besar,Provinsi NAD,620003,13583941.0,8650288.0,0.0,0.0,0.0,0.0,276720.0,0.0,,0.0,,17697.0,5271917.0,3020750.0,106276.0,,4816.0,0.0,4048608.0,0.0,,,955059.0,1680507.0,1638528.0,0.0,-688898.0,-2.0,58.33,,-5.07,,73.55,2678881.0,,,
2017,12,PT Bank Perekonomian Rakyat Syariah Arta Leksana,Kab. Banyumas,Provinsi Jawa Tengah,620110,43205633.0,9338071.0,0.0,302214.0,42531.0,15347.0,8301.0,10072459.0,,0.0,,16712719.0,4681609.0,11847500.0,218927.0,,45556.0,0.0,5701268.0,228561.0,,,4112089.0,5686339.0,3225631.0,0.0,853164.0,15.4,9.24,,2.8,,57.13,20377572.0,,-7.440480384054677,109.32329819176095
2017,12,PT. BPRS Ikhsanul Amal,Kab. Kebumen,Provinsi Jawa Tengah,620047,14583714.0,6794043.0,0.0,75583.0,0.0,0.0,0.0,2993219.0,,0.0,,306864.0,7397200.0,4319900.0,360150.0,,85203.0,0.0,361412.0,0.0,,,1738315.0,2246771.0,1801393.0,0.0,-67581.0,22.0,7.64,,-0.33,,80.26,4709995.0,,-7.7499614325424,109.74028135566994
2017,12,PT Bank Perekonomian Rakyat Syariah Kedung Arto,Kota Semarang,Provinsi Jawa Tengah,620191,,,,,,,,,,,,,,,,,,,,,,,,,,,,,,,,,,,,-6.984249050778415,110.4263886103255
2017,12,PT Bank Perekonomian Rakyat Syariah Muamalat Harkat,Kab. Seluma,Provinsi Bengkulu,620052,32605309.0,24581457.0,0.0,0.0,0.0,0.0,0.0,0.0,,0.0,,2388475.0,12467261.0,13557500.0,437349.0,,251295.0,0.0,353726.0,0.0,,,3732869.0,4544284.0,3582331.0,635.0,179354.0,14.36,28.97,,0.66,,86.51,6898547.0,,,
2017,12,PT Bank Perekonomian Rakyat Syariah Baiturrahman,Kab. Aceh Besar,Provinsi NAD,620024,39136931.0,22815050.0,0.0,0.0,0.0,0.0,0.0,0.0,,0.0,,0.0,22122018.0,7713300.0,545025.0,,30101.0,0.0,5762812.0,0.0,,,3725979.0,5125102.0,3294081.0,0.0,420908.0,14.85,9.01,,1.08,,62.61,16020270.0,,,
2017,12,PT Bank Perekonomian Rakyat Syariah Ingin Jaya,Kab. Aceh Besar,Provinsi NAD,620203,,,,,,,,,,,,,,,,,,,,,,,,,,,,,,,,,,,,,
2017,12,PT Bank Perekonomian Rakyat Syariah Almabrur Klaten,Kab. Klaten,Provinsi Jawa Tengah,620142,18860961.0,11102829.0,0.0,651733.0,0.0,20042.0,0.0,0.0,,0.0,,482.0,6535084.0,9173736.0,461875.0,,30742.0,0.0,374361.0,0.0,,,1920521.0,3052103.0,1546732.0,9300.0,332198.0,23.57,18.59,,1.98,,63.39,7368766.0,,,
2017,12,PT Bank Perekonomian Rakyat Syariah Dharma Kuwera,Kab. Klaten,Provinsi Jawa Tengah,620159,21430236.0,15284348.0,0.0,705407.0,64583.0,0.0,1232101.0,0.0,,0.0,,3508392.0,2133458.0,7850500.0,346952.0,,214664.0,0.0,3912824.0,0.0,,,2190188.0,3001574.0,2271687.0,0.0,-121208.0,23.89,11.45,,-0.43,,81.87,3516334.0,,,
2017,12,PT. BPRS Safir,Kota Bengkulu,Provinsi Bengkulu,620090,,,,,,,,,,,,,,,,,,,,,,,,,,,,,,,,,,,,-3.8005555705877825,102.2529282154658
2017,12,PT Bank Perekonomian Rakyat Syariah Sukowati Sragen (Perseroda),Kab. Sragen,Provinsi Jawa Tengah,620124,180127532.0,117232617.0,0.0,19687095.0,473149.0,0.0,702778.0,1296487.0,,0.0,,26338148.0,12787733.0,71620728.0,1380388.0,,2321500.0,0.0,44353804.0,4992141.0,,,16078499.0,27297995.0,11057240.0,0.0,4020767.0,11.61,5.65,,3.29,,95.51,37371515.0,,,
2017,12,PT Bank Perekonomian Rakyat Syariah Tanmiya Artha,Kota Kediri,Provinsi Jawa Timur,620130,9322768.0,5732473.0,0.0,665212.0,0.0,14250.0,621884.0,0.0,,0.0,,509190.0,3161474.0,2814700.0,151278.0,,23012.0,0.0,1013161.0,0.0,,,1208820.0,1567831.0,949516.0,6120.0,230125.0,25.0,11.12,,3.05,,85.46,2197740.0,,-7.804361795474596,112.00698794188358
2017,12,PT Bank Perekonomian Rakyat Syariah Annisa Mukti,Kab. Sidoarjo,Provinsi Jawa Timur,620135,9836094.0,6413819.0,0.0,0.0,0.0,0.0,0.0,315000.0,,0.0,,0.0,1517612.0,3540000.0,140317.0,,57303.0,0.0,803746.0,0.0,,,2065375.0,2433853.0,1762903.0,3564.0,263264.0,55.75,1.89,,3.02,,133.04,2626215.0,,,
2017,12,PT BANK PEREKONOMIAN RAKYAT SYARIAH SIAK JAYA,Kab. Siak,Provinsi Riau,620189,,,,,,,,,,,,,,,,,,,,,,,,,,,,,,,,,,,,0.6271089398798741,101.56683647826335
2017,12,PT Bank Perekonomian Rakyat Syariah Bhakti Sumekar Perseroda,Kab. Sumenep,Provinsi Jawa Timur,620085,765669700.0,426885180.0,0.0,0.0,94937161.0,13434931.0,1917718.0,5134688.0,,0.0,,134307482.0,1507113.0,305756017.0,4760316.0,,1294677.0,0.0,189651367.0,2222212.0,,,45788042.0,85561979.0,30983231.0,0.0,10314391.0,39.99,2.38,,2.14,,73.67,182392313.0,,,
2017,12,PT BPRS Barakah Nawaitul Ikhlas,Kota Solok,Provinsi Sumatera Barat,620123,8128798.0,4448619.0,0.0,354548.0,0.0,0.0,0.0,0.0,,0.0,,110246.0,4481874.0,2184700.0,42820.0,,13358.0,0.0,33440.0,0.0,,,1267083.0,1591079.0,996964.0,6303.0,272736.0,23.43,2.38,,4.09,,60.01,3035901.0,,-0.8090450252633046,100.6628003414127
2017,12,PT Bank Perekonomian Rakyat Syariah Bumi Rinjani Kepanjen,Kab. Malang,Provinsi Jawa Timur,620106,50239492.0,36280695.0,0.0,37327.0,0.0,0.0,0.0,2757300.0,,0.0,,1643597.0,8919081.0,19987750.0,476670.0,,278923.0,0.0,12634392.0,0.0,,,8489856.0,12360813.0,6197622.0,54697.0,1660150.0,16.34,3.81,,4.56,,82.18,8541954.0,,-7.986689742538544,112.63775505887186
2017,12,PT BPRS Harta Insan Karimah,Kota Tangerang,Provinsi Banten,620012,494232123.0,139502810.0,0.0,29795246.0,390776.0,0.0,0.0,187757134.0,,0.0,,14596531.0,57995138.0,349091878.0,11402856.0,,1443564.0,0.0,9020789.0,0.0,,,37533960.0,73885532.0,32190718.0,51545.0,7115301.0,16.54,22.24,,1.62,,84.3,129263013.0,,-6.168514895786671,106.6333010221693
2017,12,PT BPRS Hidayah,Wil. Kota Jakarta Barat,Provinsi DKI Jakarta,620119,,,,,,,,,,,,,,,,,,,,,,,,,,,,,,,,,,,,,
2017,12,PT. BPRS Jabal Tsur,Kab. Pasuruan,Provinsi Jawa Timur,620103,15263701.0,6666318.0,0.0,3820480.0,37574.0,0.0,0.0,1393767.0,,0.0,,2402043.0,6204630.0,4585000.0,1269852.0,,162102.0,0.0,1421967.0,0.0,,,2597060.0,3258019.0,3916055.0,0.0,-1357487.0,6.6,69.86,,-8.89,,58.27,1658482.0,,-7.642622137527749,112.90214649056595
2017,12,PT BANK PEREKONOMIAN RAKYAT SYARIAH AL MAKMUR,Kota Payakumbuh,Provinsi Sumatera Barat,620132,56509565.0,33168408.0,0.0,93008.0,81500.0,0.0,0.0,8846471.0,,0.0,,19503144.0,1738707.0,25916011.0,457080.0,,80785.0,0.0,3305103.0,222222.0,,,5839005.0,8722777.0,4942886.0,0.0,708645.0,17.0,8.21,,1.46,,79.2,11038007.0,,-0.2305304689386322,100.63568358146692
2017,12,PT BPRS Guguk Mas Makmur,Kab. Limapuluh Koto,Provinsi Sumatera Barat,620194,,,,,,,,,,,,,,,,,,,,,,,,,,,,,,,,,,,,,
2017,12,PT Bank Perekonomian Rakyat Syariah Fadhilah Kota Bengkulu (Perseroda),Kota Bengkulu,Provinsi Bengkulu,620184,,,,,,,,,,,,,,,,,,,,,,,,,,,,,,,,,,,,-3.798786993847248,102.26066774117557
2017,12,PT Bank Perekonomian Rakyat Syariah Danagung Syariah,Kab. Sleman,Provinsi D.I. Yogyakarta,620128,43396527.0,14038367.0,0.0,8052502.0,16000.0,0.0,0.0,4119510.0,,0.0,,1915444.0,260909.0,20772800.0,308167.0,,41691.0,0.0,14132791.0,888880.0,,,3944078.0,6753433.0,2852398.0,0.0,877406.0,18.64,7.28,,2.71,,94.01,14778503.0,,,
2017,12,PT Bank Perekonomian Rakyat Syariah Ampek Angkek Candung,Kab. Agam,Provinsi Sumatera Barat,620071,50153716.0,30300643.0,0.0,0.0,20757.0,21000.0,0.0,0.0,,0.0,,20283167.0,166621.0,21633003.0,1514012.0,,280494.0,0.0,2882706.0,0.0,,,5524967.0,6954844.0,4691266.0,0.0,657552.0,13.35,19.36,,1.76,,64.91,17751007.0,,,
2017,12,PT Bank Perekonomian Rakyat Syariah Sampang Perseroda,Kab. Sampang,Provinsi Jawa Timur,620166,101617871.0,64775337.0,0.0,674661.0,1402221.0,0.0,3218806.0,0.0,,0.0,,8500459.0,0.0,17669846.0,1865205.0,,285031.0,0.0,43592751.0,8472218.0,,,8524362.0,14598784.0,5510699.0,25000.0,2547301.0,29.63,17.58,,3.14,,267.75,27178651.0,,-7.177646641310815,113.22928610732424
2017,12,PT Bank Perekonomian Rakyat Syariah Harta Insan Karimah Mitra Cahaya Indonesia,Kab. Sleman,Provinsi D.I. Yogyakarta,620133,67359471.0,28287085.0,0.0,6486283.0,0.0,0.0,349756.0,1236742.0,,0.0,,3846780.0,5262489.0,32850500.0,1090850.0,,39918.0,0.0,17079606.0,0.0,,,6296046.0,10671484.0,4252357.0,0.0,1948531.0,22.17,3.99,,4.04,,90.33,27300588.0,,,
2017,12,PT BPRS Magetan (Perseroda),Kab. Magetan,Provinsi Jawa Timur,620165,24968076.0,16615592.0,0.0,4250.0,0.0,0.0,0.0,0.0,,0.0,,4054579.0,218976.0,7392500.0,153044.0,,36565.0,0.0,217745.0,0.0,,,3605840.0,3681312.0,2277154.0,31606.0,1257144.0,103.42,3.83,,5.87,,67.36,7819173.0,,,
2017,12,PT Bank Perekonomian Rakyat Syariah Khatulistiwa,Kab. Pasaman,Provinsi Sumatera Barat,620201,,,,,,,,,,,,,,,,,,,,,,,,,,,,,,,,,,,,,
2017,12,PT Bank Perekonomian Rakyat Syariah Rahma Syariah,Kab. Kediri,Provinsi Jawa Timur,620150,7283831.0,2315518.0,0.0,108617.0,0.0,0.0,1262190.0,0.0,,0.0,,2286219.0,0.0,2274100.0,38548.0,,21172.0,0.0,90721.0,0.0,,,895294.0,1074195.0,953494.0,0.0,-61057.0,75.81,11.74,,-1.03,,51.47,3382844.0,,-7.821654764489613,112.02781200727956
2017,12,PT Bank Perekonomian Rakyat Syariah Formes Sleman,Kab. Sleman,Provinsi D.I. Yogyakarta,620136,33042059.0,18551736.0,0.0,754501.0,300000.0,0.0,1414864.0,0.0,,0.0,,2465521.0,8151522.0,11376000.0,346681.0,,201537.0,0.0,5620178.0,944436.0,,,2753147.0,4082259.0,2108472.0,0.0,600004.0,17.43,7.42,,1.99,,95.58,8520096.0,,,
2017,12,PT BPRS Taeh Baruah,Kab. Limapuluh Koto,Provinsi Sumatera Barat,620190,,,,,,,,,,,,,,,,,,,,,,,,,,,,,,,,,,,,,
2017,12,PT Bank Perekonomian Rakyat Syariah Sleman (Perseroda),Kab. Sleman,Provinsi D.I. Yogyakarta,620193,,,,,,,,,,,,,,,,,,,,,,,,,,,,,,,,,,,,,
2017,12,PT Bank Perekonomian Rakyat Syariah Sarana Prima Mandiri,Kab. Pamekasan,Provinsi Jawa Timur,620127,37023322.0,15545722.0,0.0,4283363.0,7181827.0,684138.0,1837700.0,762938.0,,0.0,,9879720.0,421070.0,21875665.0,271149.0,,105238.0,0.0,1225521.0,0.0,,,4117691.0,5630618.0,3644351.0,0.0,453740.0,12.64,6.47,,1.23,,94.15,5774602.0,,,
2017,12,PT Bank Perekonomian Rakyat Syariah Kabupaten Ngawi Perseroda,Kab. Ngawi,Provinsi Jawa Timur,620183,,,,,,,,,,,,,,,,,,,,,,,,,,,,,,,,,,,,-7.420451120596442,111.441830004461
2017,12,PT Bank Perekonomian Rakyat Syariah Unisia Insan Indonesia,Kota Yogyakarta,Provinsi D.I. Yogyakarta,620178,35940869.0,14242413.0,13151.0,302206.0,0.0,30968.0,6724170.0,1209500.0,,0.0,,2511704.0,4821055.0,18865576.0,172999.0,,177321.0,0.0,1059313.0,0.0,,,2436851.0,3700989.0,1835891.0,17951.0,612577.0,34.0,0.81,,2.0,,86.65,12657610.0,,-7.811119305839534,110.36108720090904
2017,12,PT Bank Perekonomian Rakyat Syariah Rizky Barokah,Kota Tangerang Selatan,Provinsi Banten,620199,,,,,,,,,,,,,,,,,,,,,,,,,,,,,,,,,,,,-6.320385744555436,106.69864713138224
2017,12,PT Bank Perekonomian Rakyat Syariah Lantabur Tebuireng,Kab. Jombang,Provinsi Jawa Timur,620098,124031441.0,84856130.0,0.0,3326619.0,1144944.0,0.0,94000.0,0.0,,0.0,,2577407.0,74688703.0,29989671.0,998816.0,,73231.0,0.0,4297281.0,0.0,,,13268987.0,16987536.0,6813427.0,131435.0,5405016.0,11.0,5.08,,4.36,,83.35,33091062.0,,-7.593963133811971,112.26493196168056
2017,12,PT. BPRS Ummu,Kab. Pasuruan,Provinsi Jawa Timur,620074,9893335.0,5654167.0,0.0,0.0,0.0,0.0,0.0,0.0,,0.0,,5527910.0,1481161.0,854000.0,223887.0,,3985.0,0.0,178803.0,83333.0,,,1403604.0,1556994.0,1624936.0,0.0,98420.0,25.77,30.1,,0.99,,58.56,3240164.0,,-7.65021334152576,112.89863930816225
2017,12,PT Bank Perekonomian Rakyat Syariah Musyarakah Ummat Indonesia,Kota Tangerang,Provinsi Banten,620007,8153992.0,3309794.0,0.0,2057178.0,64726.0,0.0,69100.0,20000.0,,0.0,,590149.0,476998.0,5371337.0,226931.0,,55287.0,0.0,916783.0,0.0,,,1260217.0,1815169.0,1320815.0,0.0,159320.0,12.54,10.47,,1.95,,74.55,1857392.0,,-6.17429154031784,106.64290706543798
2017,12,PT Bank Perekonomian Rakyat Syariah Madina Mandiri Sejahtera,Kab. Bantul,Provinsi D.I. Yogyakarta,620118,70410744.0,46714747.0,0.0,412220.0,0.0,0.0,5178167.0,2558351.0,,0.0,,5658820.0,994874.0,46757000.0,781184.0,,950432.0,0.0,11321227.0,0.0,,,4086565.0,9858723.0,3391796.0,0.0,624725.0,10.25,5.44,,0.99,,85.54,11921458.0,,-6.160825160234478,106.80699763980014
2017,12,PT Bank Perekonomian Rakyat Syariah Tunas Artha Jaya Abadi,Kab. Kediri,Provinsi Jawa Timur,620200,,,,,,,,,,,,,,,,,,,,,,,,,,,,,,,,,,,,-7.816904745358005,112.01148890547412
2017,12,PT BPRS Haji Miskin,Kab. Tanah Datar,Provinsi Sumatera Barat,620099,37246016.0,24909677.0,0.0,709329.0,28333.0,403354.0,1437520.0,1450000.0,,0.0,,726059.0,11361638.0,12007480.0,501169.0,,235018.0,0.0,6484585.0,1291660.0,,,4513536.0,6778806.0,3505203.0,25471.0,828822.0,20.96,4.8,,2.66,,98.65,7754425.0,,0.7957568848810034,100.72783265816751
2017,12,PT Bank Perekonomian Rakyat Syariah Balerong Bunta,Kab. Tanah Datar,Provinsi Sumatera Barat,620197,,,,,,,,,,,,,,,,,,,,,,,,,,,,,,,,,,,,0.8031965185093075,100.73793330633296
2017,12,PT. BPRS Asri Madani Nusantara,Kab. Jember,Provinsi Jawa Timur,620033,25860098.0,18009694.0,0.0,336193.0,47858.0,51667.0,559650.0,2233000.0,,0.0,,0.0,9738997.0,6714242.0,422302.0,,143804.0,0.0,4408924.0,1278096.0,,,2445597.0,4035060.0,1913144.0,13182.0,473777.0,15.5,4.67,,2.07,,9.79,3799985.0,,-8.154319698220284,113.71768742028424
2017,12,PT Bank Perekonomian Rakyat Syariah Artha Pamenang,Kab. Kediri,Provinsi Jawa Timur,620147,32680744.0,21911782.0,0.0,3461149.0,0.0,0.0,0.0,0.0,,0.0,,1269618.0,2632743.0,24076310.0,394264.0,,205952.0,0.0,349372.0,0.0,,,5778158.0,7837745.0,4401423.0,29096.0,1282430.0,13.8,3.19,,4.81,,90.69,5441183.0,,-7.81422235884534,112.0257736866079
2017,12,PT Bank Perekonomian Rakyat Syariah Bangun Drajat Warga,Kab. Bantul,Provinsi D.I. Yogyakarta,620018,119489556.0,44220591.0,0.0,254949.0,1200.0,163348.0,13612696.0,8638512.0,,0.0,,42695756.0,22387092.0,40789150.0,1393930.0,,41190.0,0.0,3526078.0,0.0,,,7451663.0,9166534.0,4724264.0,65377.0,2138270.0,13.23,9.8,,2.41,,62.39,51668806.0,,-6.162883175978525,106.8097490702202
2017,12,PT Bank Perekonomian Rakyat Syariah Almabrur Babadan,Kab. Ponorogo,Provinsi Jawa Timur,620073,30856633.0,19839155.0,0.0,0.0,12448.0,0.0,0.0,0.0,,0.0,,4165.0,14327644.0,7341425.0,574663.0,,8890.0,0.0,1963225.0,0.0,,,3570855.0,4952264.0,2637316.0,24862.0,919217.0,35.94,6.98,,3.57,,65.68,9982846.0,,,
2017,12,PT Bank Perekonomian Rakyat Syariah Margirizki Bahagia,Kab. Bantul,Provinsi D.I. Yogyakarta,620017,60212939.0,24619626.0,0.0,0.0,0.0,0.0,118697.0,8980726.0,,0.0,,9040051.0,4014139.0,29443700.0,1226371.0,,25367.0,0.0,12045376.0,0.0,,,5241344.0,8321720.0,4104213.0,0.0,1131866.0,14.33,8.59,,2.88,,65.0,25848568.0,,-6.173931205857998,106.82055050685378
2017,12,PT BPRS Bhakti Haji,Kab. Malang,Provinsi Jawa Timur,620048,,,,,,,,,,,,,,,,,,,,,,,,,,,,,,,,,,,,-7.991553338452736,112.64203778122696
2017,12,PT Bank Pembiayaan Rakyat Syariah Jam Gadang Perseroda,Kota Bukittinggi,Provinsi Sumatera Barat,620185,,,,,,,,,,,,,,,,,,,,,,,,,,,,,,,,,,,,-0.2958866590933593,100.36052326690393
2017,12,PT BPRS Bumi Rinjani Probolinggo,Kab. Probolinggo,Provinsi Jawa Timur,620105,9639196.0,4116898.0,0.0,0.0,0.0,0.0,0.0,2767009.0,,0.0,,111154.0,2032475.0,1438000.0,575085.0,,3723.0,0.0,3638275.0,0.0,,,1185676.0,1913610.0,2202851.0,0.0,-926798.0,34.39,39.65,,-8.27,,73.29,2498382.0,,,
2017,12,PT Bank Perekonomian Rakyat Syariah Hijra Alami,Wil. Kota Jakarta Selatan,Provinsi DKI Jakarta,620138,21449063.0,12817598.0,0.0,1954552.0,0.0,0.0,0.0,1905875.0,,0.0,,1029328.0,409607.0,9796710.0,1177958.0,,71992.0,0.0,6136098.0,708315.0,,,2410064.0,4134859.0,2123043.0,0.0,162195.0,20.16,15.03,,0.93,,0.87,4903688.0,,,
2017,12,PT BPRS Mentari Pasaman Saiyo,Kab. Pasaman Barat,Provinsi Sumatera Barat,620059,,,,,,,,,,,,,,,,,,,,,,,,,,,,,,,,,,,,,
2017,12,PT Bank Perekonomian Rakyat Syariah Al Hijrah Thayibah,Kab. Malang,Provinsi Jawa Timur,620198,,,,,,,,,,,,,,,,,,,,,,,,,,,,,,,,,,,,-7.974001944706607,112.6341027425821
2017,12,PT BPRS Gajahtongga KotoPiliang,Kota Sawahlunto,Provinsi Sumatera Barat,620162,20872585.0,17118667.0,0.0,0.0,0.0,0.0,0.0,85000.0,,0.0,,10092993.0,0.0,7065300.0,393262.0,,23562.0,0.0,1088758.0,0.0,,,2940912.0,3491858.0,2241079.0,0.0,664437.0,21.0,5.74,,3.35,,100.0,3734717.0,,-0.6873833320816837,100.76958758372275
2017,12,PT. BPRS Cilegon Mandiri,Kota Cilegon,Provinsi Banten,620080,103090084.0,48137242.0,1917640.0,4251655.0,477931.0,52077.0,0.0,14930710.0,,0.0,,6322192.0,13327244.0,13620000.0,2535901.0,,239440.0,0.0,1513025.0,0.0,,,13117378.0,14601602.0,10989578.0,148092.0,4493570.0,89.08,30.07,,5.79,,209.7,26572333.0,,-6.0121840147933305,106.06249216016823
2017,12,PT Bank Perekonomian Rakyat Syariah Daya Artha Mentari,Kab. Pasuruan,Provinsi Jawa Timur,620056,11767700.0,6895097.0,0.0,817104.0,0.0,0.0,1257498.0,0.0,,0.0,,1757143.0,5789105.0,1834200.0,316375.0,,7853.0,0.0,975408.0,0.0,,,1688003.0,1955514.0,2598906.0,0.0,-253534.0,16.07,35.57,,-2.12,,87.62,1657979.0,,-7.654596803987085,112.9133678475593
2017,12,PT Bank Perekonomian Rakyat Syariah Berkah Dana Fadhlillah (Perseroda),Kab. Kampar,Provinsi Riau,620060,28653564.0,14733608.0,0.0,29803.0,281324.0,0.0,0.0,0.0,,0.0,,23282377.0,0.0,3359800.0,688234.0,,14327.0,0.0,120804.0,0.0,,,3251409.0,3523319.0,2833323.0,0.0,415170.0,10.88,7.77,,1.45,,50.18,13900708.0,,0.8689938830957369,101.2803342082979
2017,12,PT BPRS Al Hidayah,Kab. Pasuruan,Provinsi Jawa Timur,620072,,,,,,,,,,,,,,,,,,,,,,,,,,,,,,,,,,,,-7.64945314625638,112.90608207619024
2017,12,PT BPRS Sungai PuaSyariah,Kab. Agam,Provinsi Sumatera Barat,620186,,,,,,,,,,,,,,,,,,,,,,,,,,,,,,,,,,,,,
2017,12,PT Bank Perekonomian Rakyat Syariah Mitra Amal Mulia,Kab. Sleman,Provinsi D.I. Yogyakarta,620117,46871123.0,31779970.0,0.0,1288835.0,121698.0,1052816.0,44726.0,491040.0,,0.0,,2994669.0,2117986.0,24339042.0,214915.0,,107092.0,0.0,8317452.0,1722223.0,,,4472115.0,7441192.0,3105299.0,25457.0,1036624.0,17.83,4.74,,1.52,,93.4,6070537.0,,,
2017,12,PT Bank Perekonomian Rakyat Syariah Mitra Harmoni Yogyakarta,Kota Yogyakarta,Provinsi D.I. Yogyakarta,620149,46883491.0,34553199.0,0.0,154925.0,0.0,0.0,866400.0,0.0,,0.0,,2837752.0,5858924.0,21838900.0,325956.0,,176145.0,0.0,8911452.0,0.0,,,5027910.0,8107626.0,3891760.0,0.0,948268.0,21.7,5.36,,2.88,,91.47,10516397.0,,-7.803051873506947,110.36402782968446
2017,12,PT. BPRS Al-Yaqin,Kab. Simalungun,Provinsi Sumatera Utara,620092,8054250.0,4786281.0,0.0,289189.0,2588.0,0.0,0.0,35000.0,,0.0,,1053016.0,738213.0,5049500.0,135331.0,,39574.0,0.0,667915.0,73100.0,,,1042062.0,1430183.0,1252021.0,0.0,-213444.0,8.0,9.01,,-2.65,,75.08,2623029.0,,,
2017,12,PT Bank Perekonomian Rakyat Syariah Madinah,Kab. Lamongan,Provinsi Jawa Timur,620139,19530911.0,10505002.0,0.0,0.0,0.0,0.0,0.0,3756950.0,,0.0,,492782.0,11438520.0,3979933.0,171664.0,,35782.0,0.0,611134.0,0.0,,,2775529.0,3236377.0,2167632.0,14394.0,572760.0,17.77,4.05,,4.36,,89.63,5005070.0,,-7.123303358568694,112.40966669736945
2017,12,PT Bank Perekonomian Rakyat Syariah Surya Sejati,Kab. Takalar,Provinsi Sulawesi Selatan,620031,2773093.0,1923172.0,0.0,0.0,0.0,0.0,12000.0,0.0,,0.0,,0.0,599800.0,513300.0,86327.0,,3561.0,0.0,457218.0,93253.0,,,653713.0,700914.0,620194.0,0.0,65492.0,52.07,18.54,,2.53,,173.85,535754.0,,-5.431354763307175,119.44652127180228
2017,12,PT Bank Perekonomian Rakyat Syariah Daarul Hayat,Kota Cimahi,Provinsi Jawa Barat,620035,8663518.0,3361470.0,0.0,664198.0,467783.0,4200.0,0.0,791600.0,,0.0,,359904.0,1545919.0,5799274.0,57058.0,,0.0,0.0,328187.0,100000.0,,,1080066.0,1424359.0,1222403.0,0.0,51176.0,10.0,4.68,,0.6,,68.65,2568411.0,,-6.867341948596262,107.55153148405364
2017,12,PT Bank Perekonomian Rakyat Syariah Harta Insan Karimah Insan Cita,Kab. Bogor,Provinsi Jawa Barat,620069,40559377.0,26737942.0,0.0,1169182.0,685988.0,0.0,815333.0,1551693.0,,0.0,,6398546.0,2155443.0,10331881.0,395185.0,,669269.0,0.0,15930496.0,0.0,,,4266621.0,6131117.0,2931114.0,0.0,1131973.0,,,,,,,8710070.0,,-6.539331604489986,107.00639936483655
2017,12,PT Bank Perekonomian Rakyat Syariah Riyal Irsyadi,Kota Bekasi,Provinsi Jawa Barat,620005,42194046.0,28972979.0,0.0,0.0,0.0,0.0,38150.0,170000.0,,0.0,,7050443.0,12969.0,24711800.0,1198932.0,,110492.0,0.0,1204325.0,0.0,,,4774444.0,8319206.0,4163064.0,0.0,810676.0,35.8,8.34,,2.35,,90.41,11209764.0,,-6.225147459974553,106.99631349110932
2017,12,PT Bank Perekonomian Rakyat Syariah Al Ihsan,Kab. Bandung,Provinsi Jawa Barat,620044,11003153.0,6907270.0,0.0,1173342.0,62475.0,0.0,0.0,12063.0,,0.0,,3554648.0,0.0,3554000.0,288247.0,,25101.0,0.0,2322567.0,56508.0,,,1737712.0,2384850.0,1404500.0,0.0,347798.0,17.04,5.51,,3.16,,86.68,2752077.0,,-6.971851712893827,107.5425031409888
2017,12,PT Bank Perekonomian Rakyat Syariah Albarokah,Kota Depok,Provinsi Jawa Barat,620053,14285906.0,7783351.0,0.0,0.0,177249.0,0.0,725000.0,0.0,,0.0,,49319.0,1406188.0,8138700.0,872792.0,,28250.0,0.0,1832101.0,0.0,,,2517523.0,4011046.0,1826936.0,0.0,662539.0,19.94,15.47,,3.89,,77.68,6054606.0,,-6.414286608555458,106.82408456386716
2017,12,PT BANK PEREKONOMIAN RAKYAT SYARIAH NIAGA MADANI,Kota Makassar,Provinsi Sulawesi Selatan,620039,14738523.0,12440030.0,0.0,0.0,28730.0,0.0,0.0,0.0,,0.0,,0.0,2389745.0,3098540.0,314142.0,,227462.0,0.0,8009159.0,0.0,,,4138617.0,4648161.0,5309665.0,0.0,-1304641.0,9.1,42.19,,-8.4,,226.67,1051032.0,,-5.127789499318414,119.412410921333
2017,12,PT BPRS Mitra Amanah,Kota Palangkaraya,Provinsi Kalimantan Tengah,620170,13594158.0,6673230.0,0.0,196067.0,131250.0,0.0,205000.0,0.0,,0.0,,603346.0,1774373.0,3169910.0,309586.0,,249636.0,0.0,4082825.0,0.0,,,2217271.0,2778902.0,2496392.0,0.0,-305867.0,44.57,4.33,,-2.1,,74.09,5518401.0,,-2.20055455187618,113.91600497570754
2017,12,PT Bank Perekonomian Rakyat Syariah Harta Insan Karimah Parahyangan,Kab. Bandung,Provinsi Jawa Barat,620054,1054287972.0,780791401.0,0.0,317662.0,1688137.0,0.0,2340000.0,9603258.0,,0.0,,102403367.0,4924231.0,359322750.0,15800000.0,,12532077.0,0.0,469731053.0,0.0,,,110331829.0,188792865.0,68881565.0,1000000.0,30450264.0,14.75,2.76,,4.6,,85.05,219390657.0,,-6.965455511896712,107.55659356508802
2017,12,PT Bank Perekonomian Rakyat Syariah Al Washliyah,Kota Medan,Provinsi Sumatera Utara,620036,15878766.0,6806631.0,0.0,1412453.0,0.0,0.0,140144.0,0.0,,0.0,,402351.0,1570796.0,10258500.0,127243.0,,217710.0,0.0,1155653.0,0.0,,,1117750.0,2047371.0,1912423.0,0.0,613101.0,21.0,16.25,,4.43,,68.34,5447123.0,,3.5953913881617754,98.67901076224275
2017,12,PT Bank Perekonomian Rakyat Syariah Lampung Barat (Perseroda),Kab. Lampung Barat,Provinsi Lampung,620175,21616342.0,4445149.0,0.0,12879187.0,0.0,0.0,0.0,0.0,,0.0,,615784.0,3487147.0,10250000.0,105411.0,,80451.0,0.0,18540.0,1498184.0,,,2594683.0,3731952.0,1539292.0,0.0,984128.0,50.0,0.0,,4.55,,121.0,3756950.0,,,
2017,12,PT Bank Perekonomian Rakyat Syariah Baiturridha Pusaka,Kota Bandung,Provinsi Jawa Barat,620011,87192447.0,13233728.0,0.0,49394762.0,0.0,0.0,400000.0,200000.0,,0.0,,9869920.0,5918199.0,33039729.0,840428.0,,1122711.0,0.0,19551463.0,0.0,,,18313032.0,22736377.0,11033642.0,0.0,5587086.0,23.5,2.42,,8.44,,76.59,20722654.0,,-6.926057921061269,107.60382508821964
2017,12,PT Bank Perekonomian Rakyat Syariah Baiturridha Pusaka,Kota Bandung,Provinsi Jawa Barat,620011,87192447.0,13233728.0,0.0,49394762.0,0.0,0.0,400000.0,200000.0,,0.0,,9869920.0,5918199.0,33039729.0,840428.0,,1122711.0,0.0,19551463.0,0.0,,,18313032.0,22736377.0,11033642.0,0.0,5587086.0,23.5,2.42,,8.44,,76.59,20722654.0,,-6.5950591985824625,106.79485467015364
2017,12,PT Bank Perekonomian Rakyat Syariah Gowata,Kab. Gowa,Provinsi Sulawesi Selatan,620065,3303275.0,990644.0,0.0,396479.0,13333.0,0.0,0.0,0.0,,0.0,,0.0,390091.0,460000.0,95486.0,,2757.0,0.0,1205960.0,0.0,,,555678.0,564224.0,459504.0,0.0,84393.0,52.5,17.72,,2.25,,250.0,1261507.0,,-5.225938686460566,120.0079553182381
2017,12,PT Bank Perekonomian Rakyat Syariah Way Kanan (Perseroda),Kab. Lampung Selatan,Provinsi Lampung,620157,55020614.0,6115037.0,0.0,29721209.0,3110804.0,0.0,0.0,366333.0,,0.0,,9095905.0,3615782.0,3146300.0,1142389.0,,186334.0,0.0,27446170.0,0.0,,,8030131.0,11256500.0,3904929.0,0.0,4082608.0,22.41,4.31,,89.04,,74.71,15077171.0,,,
2017,12,PT Bank Perekonomian Rakyat Syariah Alsalaam Amal Salman,Kota Depok,Provinsi Jawa Barat,620101,263391004.0,178292525.0,0.0,3287525.0,374101.0,0.0,2988225.0,2439197.0,,0.0,,13762578.0,30241207.0,176297793.0,6569250.0,,746555.0,0.0,9110719.0,0.0,,,36134176.0,51811154.0,29929696.0,0.0,4433276.0,14.81,4.71,,2.42,,75.85,47423545.0,,-6.416217509745828,106.80751636393872
2017,12,PT Bank Perekonomian Rakyat Syariah Alhijrah Amanah,Kota Depok,Provinsi Jawa Barat,620062,17230686.0,12033719.0,0.0,36377.0,115134.0,24478.0,30241.0,251000.0,,0.0,,3288769.0,16094.0,6179980.0,258948.0,,42275.0,0.0,5309480.0,0.0,,,2091383.0,3176303.0,1687818.0,0.0,328591.0,23.0,11.24,,2.21,,84.43,4151027.0,,-6.4012211998367325,106.81183657113324
2017,12,PT Bank Perekonomian Rakyat Syariah PNM Mentari,Kab. Garut,Provinsi Jawa Barat,620008,67435659.0,50987073.0,0.0,1654419.0,867913.0,0.0,0.0,3042151.0,,0.0,,2361932.0,8952452.0,22715188.0,505615.0,,66103.0,0.0,24234832.0,0.0,,,7513013.0,12252996.0,5048331.0,0.0,1967129.0,16.71,8.69,,4.34,,88.91,10162613.0,,-7.195611181584734,107.90948097277126
2017,12,PT Bank Perekonomian Rakyat Syariah Rajasa Lampung Tengah (Perseroda),Kab. Lampung Tengah,Provinsi Lampung,620129,24778565.0,2332547.0,0.0,18338429.0,26500.0,0.0,0.0,0.0,,0.0,,3546173.0,185906.0,5015000.0,561185.0,,391487.0,0.0,9342574.0,0.0,,,4664012.0,5505037.0,3206588.0,0.0,1498972.0,26.15,4.15,,7.5,,148.0,4106900.0,,,
2017,12,PT BPRS Berkah Amal Salman,Kota Bandung,Provinsi Jawa Barat,620001,,,,,,,,,,,,,,,,,,,,,,,,,,,,,,,,,,,,-6.918139601318028,107.60647461822626
2017,12,PT BPRS Berkah Amal Salman,Kota Bandung,Provinsi Jawa Barat,620001,,,,,,,,,,,,,,,,,,,,,,,,,,,,,,,,,,,,-6.600064385549815,106.7999819599572
2017,12,PT Bank Perekonomian Rakyat Syariah Indo Timur,Kota Makassar,Provinsi Sulawesi Selatan,620010,16338332.0,1101290.0,0.0,0.0,0.0,0.0,0.0,0.0,,0.0,,12077112.0,1479649.0,0.0,84653.0,,10625.0,0.0,196099.0,0.0,,,744796.0,786048.0,651077.0,0.0,88227.0,63.5,7.67,,0.19,,8.12,15309273.0,,-5.143550328284089,119.4138433249748
2017,12,PT Bank Perekonomian Rakyat Syariah Dana Moneter,Kota Makassar,Provinsi Sulawesi Selatan,620030,78467935.0,62973484.0,0.0,0.0,0.0,0.0,0.0,0.0,,0.0,,13971295.0,4324634.0,11927100.0,2814935.0,,154099.0,0.0,32265087.0,0.0,,,7056169.0,11952803.0,6238336.0,0.0,586911.0,23.31,7.87,,1.03,,208.36,12976699.0,,-5.132293953516857,119.41407701618245
2017,12,PT Bank Perekonomian Rakyat Syariah Fajar Sejahtera Bali,Kab. Badung,Provinsi Bali,620026,8916116.0,1972041.0,0.0,2240797.0,0.0,0.0,1229994.0,0.0,,0.0,,1262.0,2934716.0,2281000.0,427851.0,,68751.0,0.0,0.0,10000.0,,,1946127.0,2157661.0,2119251.0,0.0,-178310.0,0.0,9.83,,0.0,,0.0,3357791.0,,-8.645170567141806,115.27693679878858
2017,12,PT Bank Perekonomian Rakyat Syariah Mitra Agro Usaha,Kota Bandar Lampung,Provinsi Lampung,620169,17922184.0,11341366.0,0.0,555169.0,0.0,0.0,0.0,0.0,,0.0,,2628203.0,17503.0,9514000.0,83845.0,,79838.0,0.0,908317.0,0.0,,,2931273.0,3693911.0,1969467.0,0.0,916299.0,56.51,0.0,,6.49,,94.34,5215482.0,,-5.443193541153916,105.2697528392836
2017,12,PT. BPRS Gotong Royong,Kota Sukabumi,Provinsi Jawa Barat,620172,25378149.0,13716762.0,0.0,1415711.0,126326.0,0.0,0.0,5040491.0,,0.0,,1074062.0,1287248.0,6436801.0,976439.0,,595708.0,0.0,9819901.0,2551685.0,,,2185834.0,4240874.0,3533897.0,0.0,-1294129.0,20.0,21.75,,-61.19,,81.98,4873291.0,,-6.553534544317955,107.7543397767086
2017,12,PT. BPRS Gotong Royong,Kota Sukabumi,Provinsi Jawa Barat,620172,25378149.0,13716762.0,0.0,1415711.0,126326.0,0.0,0.0,5040491.0,,0.0,,1074062.0,1287248.0,6436801.0,976439.0,,595708.0,0.0,9819901.0,2551685.0,,,2185834.0,4240874.0,3533897.0,0.0,-1294129.0,20.0,21.75,,-61.19,,81.98,4873291.0,,-6.916774443100237,106.9293590384548
2017,12,PT Bank Perekonomian Rakyat Syariah Patriot Bekasi Perseroda,Kota Bekasi,Provinsi Jawa Barat,620108,144003956.0,69891390.0,0.0,3880242.0,1405578.0,0.0,0.0,23496031.0,,0.0,,13533675.0,1086852.0,73970041.0,2752022.0,,228640.0,0.0,31814281.0,0.0,,,13971310.0,20672759.0,9858774.0,0.0,3759875.0,23.47,1.96,,2.61,,98.09,40773875.0,,-6.2278728540382104,107.00170463692426
2017,12,PT Bank Perekonomian Rakyat Syariah Bahari Berkesan,Kota Ternate,Provinsi Maluku Utara,620164,42830570.0,17442111.0,0.0,13805572.0,153159.0,0.0,531650.0,0.0,,0.0,,792544.0,13912044.0,1905350.0,315938.0,,38507.0,0.0,1012695.0,9239983.0,,,4410674.0,5098881.0,2529473.0,0.0,1961387.0,53.19,3.83,,3.42,,123.53,10060777.0,,0.7773589145132459,127.38615026515367
2017,12,PT Bank Perekonomian Rakyat Syariah Aman Syariah,Kab. Lampung Timur,Provinsi Lampung,620173,16609188.0,6871350.0,0.0,2090970.0,0.0,0.0,391157.0,0.0,,0.0,,3525861.0,1049737.0,6194294.0,54590.0,,56899.0,0.0,2595237.0,0.0,,,1844524.0,2758498.0,1733794.0,0.0,77840.0,30.68,7.85,,0.62,,61.44,6644642.0,,,
2017,12,PT. BPRS Rif'atul Ummah,Kab. Bogor,Provinsi Jawa Barat,620068,7000195.0,4173602.0,213329.0,0.0,818465.0,329981.0,0.0,0.0,,0.0,,1370373.0,0.0,874000.0,232714.0,,81463.0,0.0,4015435.0,0.0,,,721589.0,1144787.0,1196724.0,0.0,-478961.0,13.0,15.76,,-12.0,,93.86,1385228.0,,-6.544725297552011,107.0028264990046
2017,12,PT Bank Perekonomian Rakyat Syariah Metro Madani,Kota Metro,Provinsi Lampung,620091,80216491.0,32276774.0,0.0,395767.0,3425730.0,0.0,10158904.0,2426487.0,,0.0,,26913282.0,5296717.0,19197300.0,657846.0,,213729.0,0.0,15960798.0,1666664.0,,,10303314.0,14713646.0,7383503.0,0.0,2322994.0,20.04,4.34,,3.53,,64.0,28308208.0,,-5.109743260376518,105.31422432780674
2017,12,PT Bank Perekonomian Rakyat Syariah Mitra Harmoni Kota Bandung,Kota Bogor,Provinsi Jawa Barat,620161,23388239.0,17058791.0,0.0,0.0,0.0,0.0,0.0,0.0,,0.0,,1648127.0,785863.0,3336000.0,170429.0,,80701.0,0.0,11019456.0,0.0,,,2928861.0,4184795.0,2550259.0,0.0,336519.0,37.96,16.8,,1.68,,101.95,5984234.0,,-6.930306124913997,107.60122007641682
2017,12,PT Bank Perekonomian Rakyat Syariah Mitra Harmoni Kota Bandung,Kota Bogor,Provinsi Jawa Barat,620161,23388239.0,17058791.0,0.0,0.0,0.0,0.0,0.0,0.0,,0.0,,1648127.0,785863.0,3336000.0,170429.0,,80701.0,0.0,11019456.0,0.0,,,2928861.0,4184795.0,2550259.0,0.0,336519.0,37.96,16.8,,1.68,,101.95,5984234.0,,-6.605274910968337,106.787676963878
2017,12,PT Bank Perekonomian Rakyat Syariah Saruma Sejahtera Halmahera Selatan,Kab. Halmahera Selatan,Provinsi Maluku Utara,620182,,,,,,,,,,,,,,,,,,,,,,,,,,,,,,,,,,,,,
2017,12,PT. BANK PEREKONOMIAN RAKYAT SYARIAH DINAR ASHRI,Kota Mataram,Provinsi Nusa Tenggara Barat,620104,310700036.0,219143240.0,0.0,200000.0,5795931.0,0.0,2570000.0,9683294.0,,0.0,,9259542.0,72179414.0,91205413.0,2261248.0,,4548523.0,0.0,100878377.0,0.0,,,27545260.0,45330789.0,12919411.0,352099.0,10256223.0,14.0,2.72,,4.06,,88.98,65463831.0,,-8.593657692387334,116.10734653727864
2017,12,PT Bank Perekonomian Rakyat Syariah Amanah Ummah,Kab. Bogor,Provinsi Jawa Barat,620004,242034203.0,143007358.0,10500406.0,140322.0,2632182.0,1991965.0,0.0,7558333.0,,0.0,,134028326.0,2472063.0,72857636.0,2516471.0,,1909074.0,0.0,5286032.0,0.0,,,24582392.0,32307339.0,17193354.0,539000.0,5642417.0,16.01,3.31,,3.4,,77.0,63947775.0,,-6.547796294132246,107.00834446079764
2017,12,PT BANK PEREKONOMIAN RAKYAT ARTHA MADANI,Kota Bekasi,Provinsi Jawa Barat,620088,191014340.0,110974048.0,0.0,622112.0,330347.0,0.0,0.0,13676600.0,,0.0,,19120530.0,501411.0,78019808.0,3629508.0,,1299305.0,0.0,81903512.0,0.0,,,13661033.0,31928818.0,13616948.0,10000.0,34085.0,10.0,9.69,,2.38,,288.1,44429284.0,,-6.235802486784483,106.99167237097036
2017,12,PT Bank Perekonomian Rakyat Syariah Amanah Insani,Kab. Bekasi,Provinsi Jawa Barat,620066,87680493.0,41999532.0,0.0,0.0,1744855.0,0.0,22530169.0,138500.0,,0.0,,37687912.0,0.0,35554769.0,1314439.0,,618420.0,0.0,279565.0,0.0,,,10619876.0,13734243.0,9041554.0,270393.0,1004729.0,21.0,16.27,,1.47,,90.68,21093915.0,,-6.204349585324721,107.17320288461552
2017,12,PT Bank Perekonomian Rakyat Syariah Bangka Belitung,Kota Pangkal Pinang,Provinsi Kep. Bangka Belitung,620076,600958074.0,306089311.0,0.0,5869521.0,932011.0,0.0,0.0,59461468.0,,0.0,,6884428.0,196922775.0,314178730.0,6377820.0,,1486420.0,0.0,10578556.0,10000000.0,,,46932906.0,80420258.0,37696124.0,0.0,9535445.0,17.37,16.48,,1.63,,64.31,196733793.0,,-2.120239693370022,106.11713996558484
2017,12,PT Bank Perekonomian Rakyat Syariah Hasanah,Kota Pekanbaru,Provinsi Riau,620041,13256860.0,8644033.0,0.0,29600.0,0.0,0.0,0.0,111934.0,,0.0,,235567.0,3160621.0,6573110.0,197486.0,,17824.0,0.0,2209870.0,0.0,,,1512149.0,2305519.0,1478445.0,0.0,50945.0,11.21,8.25,,0.38,,67.3,4348610.0,,0.5249696427966165,101.44758104638636
2017,12,PT BPRS SHADIQ AMANAH,Kota Cimahi,Provinsi Jawa Barat,620019,,,,,,,,,,,,,,,,,,,,,,,,,,,,,,,,,,,,-6.863473787610629,107.53563110990164
2017,12,PT Bank Perekonomian Rakyat Syariah Lampung Timur (Perseroda),Kab. Lampung Timur,Provinsi Lampung,620140,37366907.0,4480441.0,0.0,28030650.0,0.0,0.0,0.0,209398.0,,0.0,,4722101.0,183276.0,2071000.0,981382.0,,133074.0,0.0,18901939.0,0.0,,,5653149.0,7705422.0,3189956.0,0.0,2395916.0,31.65,3.53,,7.86,,91.66,4397021.0,,,
2017,12,PT. BPRS Muamalat Yotefa,Kab. Jayapura,Provinsi Papua,620067,,,,,,,,,,,,,,,,,,,,,,,,,,,,,,,,,,,,-2.550807165553799,140.48835142200244
2017,12,PT Bank Perekonomian Rakyat Syariah Al Falah,Kab. Banyuasin,Provinsi Sumatera Selatan,620040,20245038.0,13222247.0,0.0,718495.0,0.0,0.0,0.0,0.0,,0.0,,167507.0,4634413.0,6747920.0,187579.0,,30950.0,0.0,4550399.0,0.0,,,3207785.0,4263943.0,1987912.0,0.0,1070097.0,26.83,4.99,,5.92,,71.75,5783881.0,,,
2017,12,PT Bank Perekonomian Rakyat Syariah Almadinah Tasikmalaya Perseroda,Kota Tasikmalaya,Provinsi Jawa Barat,620156,23662378.0,18773689.0,0.0,236931.0,4200.0,0.0,0.0,810000.0,,0.0,,3974386.0,2692889.0,6038298.0,220379.0,,8618.0,0.0,3901853.0,3000.0,,,3050701.0,4267243.0,2728652.0,0.0,288424.0,0.0,9.67,,0.0,,0.0,3589863.0,,-7.3283420052585,108.22977779026246
2017,12,PT Bank Perekonomian Rakyat Syariah Bandar Lampung (Perseroda),Kota Bandar Lampung,Provinsi Lampung,620051,73854569.0,22249772.0,0.0,34740125.0,0.0,0.0,0.0,0.0,,0.0,,3638012.0,1183071.0,14751600.0,1425950.0,,310787.0,0.0,42555959.0,0.0,,,7660358.0,14137197.0,5409092.0,0.0,1485292.0,18.54,3.39,,2.64,,118.53,16817443.0,,-5.451430777916592,105.26097314570632
2017,12,PT Bank Perekonomian Rakyat Syariah Tani Tulang Bawang Barat (Perseroda),Kab. Tulang Bawang Barat,Provinsi Lampung,620176,,,,,,,,,,,,,,,,,,,,,,,,,,,,,,,,,,,,,
2017,12,PT Bank Perekonomian Rakyat Syariah Botani Bina Rahmah,Kab. Bogor,Provinsi Jawa Barat,620061,17564104.0,12241182.0,0.0,14627.0,2543257.0,75415.0,1251028.0,315000.0,,0.0,,7019607.0,0.0,6618000.0,1972819.0,,369896.0,0.0,1300290.0,0.0,,,1530187.0,2441741.0,2766387.0,0.0,-1251389.0,22.11,35.57,,-6.3,,124.59,2238394.0,,-6.546441998522415,106.99684935942706
2017,12,PT Bank Perekonomian Rakyat Syariah Harum Hikmahnugraha,Kab. Garut,Provinsi Jawa Barat,620029,67730720.0,42949915.0,0.0,229480.0,689445.0,0.0,0.0,0.0,,0.0,,16801265.0,321089.0,32277240.0,1408901.0,,103457.0,0.0,9232571.0,0.0,,,7386882.0,11837937.0,5223665.0,0.0,1741966.0,18.01,24.27,,3.21,,66.6,23848473.0,,-7.201021164642222,107.90284024114014
2017,12,PT. BPRS Gotong Royong,Kab. Subang,Provinsi Jawa Barat,620172,25378149.0,13716762.0,0.0,1415711.0,126326.0,0.0,0.0,5040491.0,,0.0,,1074062.0,1287248.0,6436801.0,976439.0,,595708.0,0.0,9819901.0,2551685.0,,,2185834.0,4240874.0,3533897.0,0.0,-1294129.0,20.0,21.75,,-61.19,,81.98,4873291.0,,-6.553534544317955,107.7543397767086
2017,12,PT. BPRS Gotong Royong,Kab. Subang,Provinsi Jawa Barat,620172,25378149.0,13716762.0,0.0,1415711.0,126326.0,0.0,0.0,5040491.0,,0.0,,1074062.0,1287248.0,6436801.0,976439.0,,595708.0,0.0,9819901.0,2551685.0,,,2185834.0,4240874.0,3533897.0,0.0,-1294129.0,20.0,21.75,,-61.19,,81.98,4873291.0,,-6.916774443100237,106.9293590384548
2017,12,PT Bank Perekonomian Rakyat Syariah Alwadiah,Kota Tasikmalaya,Provinsi Jawa Barat,620037,46079586.0,33375963.0,0.0,0.0,0.0,0.0,23862.0,1000000.0,,0.0,,341058.0,5566837.0,21109561.0,680618.0,,503716.0,0.0,12047858.0,0.0,,,5057406.0,7474148.0,3419980.0,0.0,1304617.0,44.89,3.87,,3.41,,106.34,9477509.0,,-7.31950171379176,108.2182123272616
2017,12,PT Bank Perekonomian Rakyat Syariah Investama Mega Bakti,Kota Makassar,Provinsi Sulawesi Selatan,620077,47614228.0,28416052.0,0.0,0.0,743333.0,0.0,4912757.0,8886471.0,,0.0,,48525.0,1697890.0,559400.0,331977.0,,4663.0,0.0,26197.0,42108390.0,,,2160566.0,7520460.0,3137192.0,0.0,-986799.0,9.96,9.85,,-2.07,,100.0,3337009.0,,-5.131381407363007,119.4094893372462
2017,12,PT Bank Perekonomian Rakyat Syariah Amanah Insan Cita,Kab. Deli Serdang,Provinsi Sumatera Utara,620145,,,,,,,,,,,,,,,,,,,,,,,,,,,,,,,,,,,,,
2017,12,PT Bank Perekonomian Rakyat Syariah Amanah Sejahtera,Kab. Gresik,Provinsi Jawa Timur,620050,87750086.0,41803901.0,0.0,3737328.0,2224938.0,0.0,2851969.0,15211158.0,,0.0,,19676976.0,38218964.0,15954400.0,1152861.0,,142780.0,0.0,3439325.0,0.0,,,13768969.0,15375349.0,13727572.0,0.0,16501.0,0.0,22.72,,0.0,,0.0,14406561.0,,-7.171206060982263,112.65347308804564
2017,12,PT Bank Perekonomian Rakyat Syariah Puduarta Insani,Kab. Deli Serdang,Provinsi Sumatera Utara,620058,57143642.0,42083176.0,0.0,65991.0,0.0,11100.0,0.0,0.0,,0.0,,14497984.0,0.0,29341092.0,430586.0,,226317.0,0.0,6766748.0,833316.0,,,4428271.0,7896099.0,3442267.0,0.0,797558.0,16.02,1.48,,1.82,,80.73,14544119.0,,,
2017,12,PT. BPRS Artha Mas Abadi,Kab. Pati,Provinsi Jawa Tengah,620100,27734625.0,14909563.0,0.0,155032.0,57050.0,0.0,0.0,5606149.0,,0.0,,9485206.0,891345.0,9543600.0,468239.0,,24634.0,0.0,4796906.0,0.0,,,4048282.0,5336310.0,3374106.0,16378.0,550878.0,14.05,9.84,,2.44,,76.96,6773167.0,,-6.770220705556133,111.02002545693522
2017,12,PT Bank Perekonomian Rakyat Syariah Arsa Sejahtera,Kota Batu,Provinsi Jawa Timur,620079,15664725.0,9123841.0,0.0,0.0,0.0,0.0,0.0,1209309.0,,0.0,,0.0,2948509.0,4896916.0,987497.0,,26088.0,0.0,5189835.0,0.0,,,2563465.0,4095999.0,2439182.0,0.0,114204.0,24.46,39.48,,0.73,,131.71,4788817.0,,-7.8807671610865775,112.532451265561
2017,12,PT Bank Perekonomian Rakyat Syariah Serambi Mekah,Kota Langsa,Provinsi NAD,620152,8440939.0,5865800.0,0.0,0.0,0.0,0.0,0.0,0.0,,0.0,,832172.0,0.0,1967750.0,59181.0,,507369.0,0.0,4148270.0,0.0,,,1090152.0,1541228.0,859642.0,0.0,226916.0,16.15,3.27,,1.58,,153.38,2183184.0,,4.466232402810879,97.97539511921892
2017,12,PT BPRS Saka Dana Mulia,Kab. Kudus,Provinsi Jawa Tengah,620167,16674908.0,4748901.0,0.0,52949.0,15300.0,0.0,0.0,6312444.0,,0.0,,2348148.0,0.0,10758600.0,187786.0,,41113.0,0.0,1312808.0,0.0,,,2325983.0,3559112.0,2039142.0,0.0,248691.0,20.84,6.07,,1.95,,78.09,5451299.0,,-6.752673980908147,111.02119203015354
2017,12,PT Bank Perekonomian Rakyat Syariah Bina Amanah Satria,Kab. Banyumas,Provinsi Jawa Tengah,620087,48515750.0,28764529.0,0.0,709713.0,827629.0,40417.0,0.0,2894679.0,,0.0,,14300968.0,4655682.0,13253294.0,624351.0,,142394.0,0.0,9754605.0,0.0,,,5014956.0,6755383.0,4255835.0,0.0,977813.0,18.0,7.0,,2.02,,1.03,12379498.0,,-7.448909227338186,109.32815980963753
2017,12,PT Bank Perekonomian Rakyat Syariah Adeco,Kota Langsa,Provinsi NAD,620141,33405879.0,21893813.0,0.0,0.0,0.0,0.0,480500.0,0.0,,0.0,,1019257.0,2192560.0,8466500.0,258953.0,,13020.0,0.0,13064651.0,749982.0,,,3409409.0,5442765.0,2184709.0,0.0,1295117.0,30.69,3.64,,4.19,,74.7,10125188.0,,4.464710385925349,97.9655777382901
2017,12,PT Bank Perekonomian Rakyat Syariah Hikmah Khazanah,Kota Surakarta/Solo,Provinsi Jawa Tengah,620171,76253061.0,57847929.0,0.0,1377003.0,0.0,0.0,0.0,1000000.0,,0.0,,7731655.0,1515893.0,40831140.0,674749.0,,759502.0,0.0,12825021.0,0.0,,,9897042.0,15153444.0,5511962.0,0.0,3432960.0,26.28,1.37,,6.79,,98.09,14630958.0,,-7.578734267499703,110.8209373266183
2017,12,PT Bank Perekonomian Rakyat Syariah Harta Insan Karimah Jawa Tengah,Kab. Banyumas,Provinsi Jawa Tengah,620089,,,,,,,,,,,,,,,,,,,,,,,1563950.0,2374625.0,1487283.0,4594.0,44691.0,,,,,,,,,-7.445092454041309,109.33485862481956
2017,12,PT Bank Perekonomian Rakyat Syariah Central Syariah Utama,Kota Surakarta/Solo,Provinsi Jawa Tengah,620137,25448756.0,13228803.0,0.0,2642013.0,343333.0,1877611.0,0.0,286771.0,,0.0,,1909748.0,197327.0,9085000.0,248260.0,,221119.0,0.0,12191292.0,0.0,,,1643339.0,3292529.0,2321715.0,0.0,22001.0,9.56,9.85,,0.09,,85.12,3885062.0,,-7.583455291786536,110.81861293442316
2017,12,PT Bank Perekonomian Rakyat Syariah Karya Mugi Sentosa,Kota Surabaya,Provinsi Jawa Timur,620113,46630130.0,26536576.0,0.0,1759460.0,8548943.0,0.0,244798.0,44500.0,,0.0,,22423465.0,3486191.0,9362800.0,2786163.0,,169939.0,0.0,2611496.0,2500000.0,,,6204544.0,7194754.0,9495573.0,0.0,-2419205.0,18.31,13.97,,-5.11,,98.31,10197200.0,,-7.248497572190274,112.74359015261464
2017,12,PT. BPRS Asad Alif,Kab. Kendal,Provinsi Jawa Tengah,620070,22055927.0,14484675.0,0.0,0.0,0.0,0.0,0.0,2745627.0,,0.0,,533026.0,8581557.0,4851300.0,256323.0,,4592.0,0.0,5233816.0,0.0,,,2933953.0,3849893.0,2574472.0,12800.0,222952.0,15.69,8.17,,1.46,,80.0,3722216.0,,,
2017,12,PT BPRS Bumi Rinjani,Kota Batu,Provinsi Jawa Timur,620109,,,,,,,,,,,,,,,,,,,,,,,,,,,,,,,,,,,,-7.86392956395291,112.52576707537388
2017,12,PT Bank Perekonomian Rakyat Syariah Amanah Bangsa,Kab. Simalungun,Provinsi Sumatera Utara,620032,38890586.0,31631305.0,0.0,0.0,0.0,0.0,591953.0,0.0,,0.0,,6812772.0,0.0,10579700.0,222920.0,,201461.0,0.0,18710169.0,0.0,,,4837516.0,7202428.0,3819351.0,0.0,841151.0,11.87,0.52,,14.15,,84.99,5669689.0,,,
2017,12,PT Bank Perekonomian Rakyat Syariah Dana Hidayatullah,Kota Yogyakarta,Provinsi D.I. Yogyakarta,620107,26698710.0,9549969.0,0.0,550884.0,31898.0,0.0,339033.0,7899708.0,,0.0,,987267.0,4348411.0,10360500.0,150496.0,,17760.0,0.0,3592269.0,0.0,,,3170008.0,4393749.0,1978336.0,0.0,1157528.0,38.61,12.05,,4.8,,74.04,7564571.0,,-7.805830145091572,110.3718318454461
2017,12,PT Bank Perekonomian Rakyat Syariah Mitra Mentari Sejahtera,Kab. Ponorogo,Provinsi Jawa Timur,620180,13410291.0,7401373.0,0.0,6543.0,0.0,0.0,0.0,0.0,,0.0,,4572631.0,0.0,2983000.0,61920.0,,1353.0,0.0,42280.0,0.0,,,1132657.0,1209608.0,1197392.0,0.0,-61326.0,79.98,0.0,,0.0,,98.04,5253594.0,,,
2017,12,PT Bank Perekonomian Rakyat Syariah Unawi Barokah,Kab. Sidoarjo,Provinsi Jawa Timur,620155,3014777.0,1011451.0,0.0,0.0,0.0,0.0,0.0,0.0,,0.0,,100084.0,1197241.0,443811.0,21544.0,,8132.0,0.0,1142737.0,0.0,,,441969.0,583537.0,659996.0,0.0,-223976.0,10.15,13.38,,-6.89,,58.09,1936445.0,,,
2017,12,PT Bank Perekonomian Rakyat Syariah Gebu Prima,Kota Medan,Provinsi Sumatera Utara,620055,10800042.0,6060670.0,0.0,215273.0,0.0,0.0,820000.0,0.0,,0.0,,0.0,4652957.0,4276000.0,267417.0,,5228.0,0.0,1078157.0,0.0,,,1629034.0,2102350.0,1427110.0,0.0,200867.0,10.15,16.21,,-0.76,,72.45,2399685.0,,3.580883089096215,98.66623055730342
2017,12,PT Bank Perekonomian Rakyat Syariah Baiturridha Pusaka,Kota Bogor,Provinsi Jawa Barat,620011,87192447.0,13233728.0,0.0,49394762.0,0.0,0.0,400000.0,200000.0,,0.0,,9869920.0,5918199.0,33039729.0,840428.0,,1122711.0,0.0,19551463.0,0.0,,,18313032.0,22736377.0,11033642.0,0.0,5587086.0,23.5,2.42,,8.44,,76.59,20722654.0,,-6.926057921061269,107.60382508821964
2017,12,PT Bank Perekonomian Rakyat Syariah Baiturridha Pusaka,Kota Bogor,Provinsi Jawa Barat,620011,87192447.0,13233728.0,0.0,49394762.0,0.0,0.0,400000.0,200000.0,,0.0,,9869920.0,5918199.0,33039729.0,840428.0,,1122711.0,0.0,19551463.0,0.0,,,18313032.0,22736377.0,11033642.0,0.0,5587086.0,23.5,2.42,,8.44,,76.59,20722654.0,,-6.5950591985824625,106.79485467015364
2017,12,PT Bank Perekonomian Rakyat Syariah Mandiri Mitra Sukses,Kab. Gresik,Provinsi Jawa Timur,620126,59971513.0,35161976.0,0.0,0.0,6615820.0,0.0,0.0,9318837.0,,0.0,,11677892.0,9644959.0,30662793.0,330538.0,,512203.0,0.0,3641618.0,0.0,,,8590586.0,9965616.0,8297827.0,0.0,244965.0,14.12,4.41,,0.04,,86.12,5877651.0,,-7.1749772829692935,112.65847748596217
2017,12,PT Bank Perekonomian Rakyat Syariah Gala Mitra Abadi,Kab. Grobogan,Provinsi Jawa Tengah,620063,15362414.0,7215486.0,0.0,257748.0,277783.0,0.0,0.0,2451400.0,,0.0,,2981314.0,249685.0,8824113.0,194734.0,,53507.0,0.0,1419680.0,0.0,,,1989786.0,2797670.0,1749258.0,0.0,200643.0,18.22,5.16,,1.91,,67.55,5122357.0,,-7.088219305964116,110.9101564089674
2017,12,PT Bank Perekonomian Rakyat Syariah Barokah Dana Sejahtera,Kota Yogyakarta,Provinsi D.I. Yogyakarta,620115,98392258.0,24862623.0,0.0,3370420.0,908618.0,0.0,68890.0,31468153.0,,0.0,,18853452.0,12281460.0,53128211.0,1349491.0,,247387.0,0.0,4953956.0,0.0,,,7120265.0,12286039.0,5660303.0,0.0,1469574.0,12.43,4.91,,1.97,,68.27,29590456.0,,-7.808951498748443,110.36881342877136
2017,12,PT BANK PEREKONOMIAN RAKYAT SYARIAH MASYARAKAT LINTAU BUO,Kab. Agam,Provinsi Sumatera Barat,620196,,,,,,,,,,,,,,,,,,,,,,,,,,,,,,,,,,,,,
2017,12,PT Bank Perekonomian Rakyat Syariah Kotabumi (Perseroda),Kab. Lampung Selatan,Provinsi Lampung,620131,154626527.0,30844296.0,0.0,68770295.0,2002500.0,0.0,0.0,0.0,,0.0,,26030198.0,180876.0,36143463.0,1041802.0,,1127059.0,0.0,68820795.0,0.0,,,22102239.0,33998431.0,11416203.0,175000.0,7926533.0,29.0,1.62,,7.64,,72.25,49452928.0,,,
2017,12,PT Bank Perekonomian Rakyat Syariah Barkah Gemadana,Kab. Banjar,Provinsi Kalimantan Selatan,620013,39647008.0,16841808.0,0.0,29000.0,5705.0,0.0,0.0,845000.0,,0.0,,33124.0,18938489.0,11357500.0,1274721.0,,227235.0,0.0,348709.0,0.0,,,3492313.0,4808944.0,3078497.0,0.0,-508479.0,38.62,25.15,,-1.21,,58.43,17490116.0,,-0.6588763736841944,101.48260796449918
2017,12,PT BPRS Bogor Tegar Beriman,Kab. Bogor,Provinsi Jawa Barat,620177,29834320.0,17420636.0,0.0,1808632.0,0.0,0.0,0.0,0.0,,0.0,,228242.0,874250.0,8420000.0,191914.0,,23934.0,0.0,2064168.0,0.0,,,,,,,,,,,,,,8598901.0,,-6.552632627212006,107.00079770326322
2017,12,PT Bank Perekonomian Rakyat Syariah Harta Insan Karimah Cibitung,Kota Bekasi,Provinsi Jawa Barat,620020,283771729.0,119466545.0,0.0,88573600.0,243500.0,0.0,0.0,5590000.0,,0.0,,38451241.0,3659268.0,81058499.0,4655368.0,,3507315.0,0.0,122657915.0,0.0,,,41806451.0,62988260.0,22313622.0,500000.0,13544111.0,18.38,2.0,,7.76,,98.92,70533122.0,,-6.225695831277773,106.98845203769474
2017,12,PT. BANK PEREKONOMIAN RAKYAT SYARIAH PNM PATUH BERAMAL AMALI,Kota Mataram,Provinsi Nusa Tenggara Barat,620021,41340511.0,24275819.0,0.0,0.0,1231817.0,0.0,2297250.0,0.0,,0.0,,51060.0,5909045.0,14908700.0,464824.0,,263529.0,0.0,12387646.0,611100.0,,,3960915.0,6384227.0,2690133.0,31611.0,1024199.0,24.59,5.78,,3.59,,80.88,12815932.0,,-8.58389278031459,116.11057126739846
2017,12,PT Bank Perekonomian Rakyat Syariah Syarikat Madani,Kota Batam,Provinsi Kep. Riau,620121,105755596.0,60361939.0,0.0,23249827.0,5114213.0,0.0,0.0,0.0,,0.0,,0.0,9191364.0,47687169.0,560500.0,,1927253.0,0.0,31104830.0,1777778.0,,,14619385.0,22470151.0,12782683.0,0.0,1410536.0,15.16,7.27,,12.1,,155.99,13809763.0,,1.1025924305431083,104.04282617621487
2017,12,PT Bank Perekonomian Rakyat Syariah Muamalah Cilegon,Kota Cilegon,Provinsi Banten,620034,25983528.0,10486143.0,0.0,965439.0,519435.0,0.0,85235.0,217881.0,,0.0,,12888441.0,491350.0,7136800.0,980021.0,,98985.0,0.0,1161594.0,0.0,,,3226108.0,3759326.0,2562143.0,20126.0,509005.0,32.0,23.99,,2.1,,57.18,14247815.0,,-6.013534007648159,106.0585828108812
2017,12,PT Bank Perekonomian Rakyat Syariah Gaido Indonesia,Kab. Cianjur,Provinsi Jawa Barat,620043,,,,,,,,,,,,,,,,,,,,,,,799862.0,799862.0,2358802.0,0.0,-1558940.0,13.0,72.15,,16.3,,109.0,,,-6.563150818639635,106.73146469181188
2017,12,PT Bank Perekonomian Rakyat Syariah Tulen Amanah,Kab. Lombok Tengah,Provinsi Nusa Tenggara Barat,620009,39882905.0,25523114.0,0.0,0.0,0.0,0.0,0.0,0.0,,0.0,,0.0,9811609.0,22657500.0,1023351.0,,48123.0,0.0,84471.0,0.0,,,3655303.0,6615059.0,2600784.0,0.0,1525177.0,23.0,16.53,,4.25,,78.61,11590004.0,,-8.70747522600701,116.25948057531416
2017,12,PT Bank Perekonomian Rakyat Syariah Khairan Inti Amanah,Kab. Parimo/Banggai,Provinsi Sulawesi Tengah,620188,,,,,,,,,,,,,,,,,,,,,,,,,,,,,,,,,,,,,
2017,12,PT Bank Perekonomian Rakyat Syariah Mitra Harmoni Kota Bandung,Kota Bandung,Provinsi Jawa Barat,620161,23388239.0,17058791.0,0.0,0.0,0.0,0.0,0.0,0.0,,0.0,,1648127.0,785863.0,3336000.0,170429.0,,80701.0,0.0,11019456.0,0.0,,,2928861.0,4184795.0,2550259.0,0.0,336519.0,37.96,16.8,,1.68,,101.95,5984234.0,,-6.930306124913997,107.60122007641682
2017,12,PT Bank Perekonomian Rakyat Syariah Mitra Harmoni Kota Bandung,Kota Bandung,Provinsi Jawa Barat,620161,23388239.0,17058791.0,0.0,0.0,0.0,0.0,0.0,0.0,,0.0,,1648127.0,785863.0,3336000.0,170429.0,,80701.0,0.0,11019456.0,0.0,,,2928861.0,4184795.0,2550259.0,0.0,336519.0,37.96,16.8,,1.68,,101.95,5984234.0,,-6.605274910968337,106.787676963878
2017,12,PT Bank Perekonomian Rakyat Syariah Tanggamus (Perseroda),Kab. Tanggamus,Provinsi Lampung,620082,36342515.0,25537644.0,0.0,85000.0,0.0,0.0,0.0,0.0,,0.0,,751180.0,19105354.0,2041200.0,741632.0,,368845.0,0.0,2195690.0,0.0,,,5564775.0,7000093.0,3565721.0,0.0,1638320.0,66.0,2.62,,6.38,,76.95,10546290.0,,-5.4369356106235,104.72189977284216
2017,12,PT Bank Perekonomian Rakyat Syariah Harta Insan Karimah Bekasi,Kota Bekasi,Provinsi Jawa Barat,620015,231327733.0,47984034.0,0.0,121174100.0,579970.0,0.0,0.0,22695355.0,,0.0,,22087795.0,579824.0,143538027.0,11216574.0,,497897.0,0.0,29708421.0,0.0,,,26700788.0,46928142.0,22860848.0,145200.0,2508078.0,17.98,24.7,,1.7,,96.8,36866447.0,,-6.237084227639964,106.9866402479551
2017,12,PT Bank Perekonomian Rakyat Syariah Manfaatsyariah,Kab. Kutai Kartanegara,Provinsi Kalimantan Timur,620014,9390671.0,2821292.0,0.0,51667.0,0.0,0.0,3074.0,0.0,,0.0,,80857.0,5510823.0,1640000.0,69228.0,,17483.0,0.0,74840.0,0.0,,,849343.0,1052919.0,1635847.0,0.0,-797335.0,-1.0,4.53,,-8.49,,39.77,3712653.0,,-0.4108304755501372,116.98709494185226
2017,12,PT Bank Perekonomian Rakyat Syariah Harta Insan Karimah Fajar Nitro,Kota Makassar,Provinsi Sulawesi Selatan,620168,4791497.0,3408003.0,0.0,0.0,0.0,0.0,0.0,0.0,,0.0,,62154.0,904865.0,2670000.0,23414.0,,19204.0,0.0,210917.0,0.0,,,284410.0,419617.0,1004116.0,0.0,-704013.0,25.86,1.48,,-24.31,,93.7,1291994.0,,-5.128522770098106,119.41038261376706
2017,12,PT Bank Perekonomian Rakyat Syariah Amanah Rabbaniah,Kab. Bandung,Provinsi Jawa Barat,620002,65732565.0,33448860.0,0.0,11396682.0,457103.0,0.0,0.0,683971.0,,0.0,,19768473.0,1639423.0,31991850.0,1125102.0,,488271.0,0.0,2075216.0,2706112.0,,,,,,,,12.89,4.88,,3.0,,74.34,17652696.0,,-6.981512329239818,107.54983972422548
2017,12,PT Bank Perekonomian Rakyat Syariah Bobato Lestari,Kota Tidore Kepulauan,Provinsi Maluku Utara,620179,8352283.0,3298401.0,0.0,0.0,0.0,0.0,465721.0,0.0,,0.0,,0.0,1821539.0,2525000.0,18778.0,,5437.0,0.0,90728.0,0.0,,,839252.0,1019471.0,871025.0,0.0,-16124.0,96.22,0.0,,-2.32,,45.19,4427395.0,,0.6690346107462076,127.44399032218512
2017,12,PT BPRS Berkah Amal Salman,Kota Bogor,Provinsi Jawa Barat,620001,,,,,,,,,,,,,,,,,,,,,,,,,,,,,,,,,,,,-6.918139601318028,107.60647461822626
2017,12,PT BPRS Berkah Amal Salman,Kota Bogor,Provinsi Jawa Barat,620001,,,,,,,,,,,,,,,,,,,,,,,,,,,,,,,,,,,,-6.600064385549815,106.7999819599572
2017,12,PT Bank Perekonomian Rakyat Syariah Hasanah Mandiri,Kota Depok,Provinsi Jawa Barat,620006,45115429.0,41371625.0,0.0,0.0,22583.0,29900.0,285000.0,0.0,,0.0,,23681.0,2302344.0,37632860.0,857898.0,,88257.0,0.0,2414797.0,0.0,,,3798107.0,7963573.0,3386424.0,0.0,411683.0,13.68,4.66,,1.68,,99.41,3936983.0,,-6.40152714268215,106.8199776998472
2017,12,PT Bank Perekonomian Rakyat Syariah Vitka Central,Kota Batam,Provinsi Kep. Riau,620134,55214244.0,44036601.0,0.0,892793.0,769195.0,0.0,0.0,0.0,,0.0,,926144.0,8485923.0,22771348.0,1879301.0,,229897.0,0.0,19005744.0,0.0,,,4406679.0,8353033.0,4874185.0,0.0,-476948.0,16.14,11.42,,-0.86,,86.1,10502852.0,,1.0997027965875927,104.0345602824064
2017,12,PT Bank Perekonomian Rakyat Syariah Nurul Ikhwan,Kab. Polewali Mandar,Provinsi Sulawesi Barat,620045,565676.0,809505.0,0.0,0.0,30115.0,0.0,0.0,0.0,,0.0,,0.0,318285.0,0.0,585737.0,,4435.0,0.0,28788.0,0.0,,,99279.0,99279.0,180143.0,0.0,-89957.0,80.7,73.53,,-15.19,,263.8,286162.0,,-3.4069455429190376,119.31879018370128
2017,12,PT Bank Perekonomian Rakyat Syariah Almasoem,Kab. Bandung,Provinsi Jawa Barat,620027,,,,,,,,,,,,,,,,,,,,,,,,,,,,,,,,,,,,-6.97009496632967,107.54174350568084
2018,12,PT Bank Pembiayaan Rakyat Syariah Jam Gadang Perseroda,Kota Bukittinggi,Provinsi Sumatera Barat,620185,,,,,,,,,,,,,,,,,,,,,,,,,,,,,,,,,,,,-0.2958866590933593,100.36052326690393
2018,12,PT Bank Perekonomian Rakyat Syariah Harta Insan Karimah Bekasi,Kota Bekasi,Provinsi Jawa Barat,620015,271726453.0,83449034.0,0.0,97488691.0,534362.0,0.0,10836920.0,22743504.0,,0.0,,29917714.0,713730.0,180854287.0,9935335.0,,269816.0,0.0,25004763.0,0.0,,,25890458.0,43029620.0,20822598.0,115000.0,4275986.0,15.4,20.22,,1.99,,101.69,48343556.0,,-6.237084227639964,106.9866402479551
2018,12,PT Bank Perekonomian Rakyat Syariah Margirizki Bahagia,Kab. Bantul,Provinsi D.I. Yogyakarta,620017,56181806.0,25041586.0,0.0,0.0,0.0,0.0,199295.0,8012655.0,,0.0,,9224542.0,3068550.0,28298250.0,1462093.0,,16528.0,0.0,9503805.0,0.0,,,5540544.0,8875666.0,4924606.0,0.0,454122.0,17.52,8.76,,1.7,,68.0,22680668.0,,-6.173931205857998,106.82055050685378
2018,12,PT Bank Perekonomian Rakyat Syariah Bangun Drajat Warga,Kab. Bantul,Provinsi D.I. Yogyakarta,620018,131200366.0,43242468.0,0.0,615544.0,0.0,656370.0,14313144.0,6347318.0,,0.0,,46915621.0,23838052.0,43086305.0,1383896.0,,49665.0,0.0,3596961.0,0.0,,,8479777.0,10410883.0,5473643.0,72910.0,2347912.0,17.81,9.28,,2.35,,56.28,65238639.0,,-6.162883175978525,106.8097490702202
2018,12,PT BPRS Haji Miskin,Kab. Tanah Datar,Provinsi Sumatera Barat,620099,47352252.0,30210191.0,0.0,1745545.0,8333.0,773095.0,1245360.0,1465000.0,,0.0,,1798706.0,11998736.0,16839094.0,828405.0,,218129.0,0.0,9984155.0,291656.0,,,5064267.0,7538663.0,3711081.0,33669.0,1082200.0,17.52,4.54,,2.77,,86.33,12205735.0,,0.7957568848810034,100.72783265816751
2018,12,PT Bank Perekonomian Rakyat Syariah Balerong Bunta,Kab. Tanah Datar,Provinsi Sumatera Barat,620197,,,,,,,,,,,,,,,,,,,,,,,,,,,,,,,,,,,,0.8031965185093075,100.73793330633296
2018,12,PT Bank Perekonomian Rakyat Syariah Vitka Central,Kota Batam,Provinsi Kep. Riau,620134,51963466.0,42454979.0,0.0,1412131.0,765419.0,0.0,0.0,0.0,,0.0,,841166.0,8954914.0,23934643.0,1525867.0,,151334.0,0.0,14105702.0,0.0,,,4651454.0,8233793.0,4453993.0,0.0,180519.0,12.09,14.16,,0.35,,87.55,8508431.0,,1.0997027965875927,104.0345602824064
2018,12,PT Bank Perekonomian Rakyat Syariah Riyal Irsyadi,Kota Bekasi,Provinsi Jawa Barat,620005,44487354.0,24725179.0,0.0,0.0,0.0,0.0,485650.0,4803423.0,,0.0,,9022832.0,14509.0,25488330.0,1330789.0,,71944.0,0.0,1061979.0,350625.0,,,4669123.0,7623755.0,4483170.0,0.0,133794.0,27.22,22.87,,1.39,,92.94,12382003.0,,-6.225147459974553,106.99631349110932
2018,12,PT Bank Perekonomian Rakyat Syariah Unisia Insan Indonesia,Kota Yogyakarta,Provinsi D.I. Yogyakarta,620178,50342013.0,21532809.0,6598.0,379499.0,0.0,151014.0,6364301.0,2086918.0,,0.0,,3891266.0,6199014.0,28189163.0,248562.0,,119965.0,0.0,2424281.0,0.0,,,3603377.0,5617320.0,2688720.0,0.0,1055730.0,0.0,1.2,,0.0,,0.0,18977774.0,,-7.811119305839534,110.36108720090904
2018,12,PT Bank Perekonomian Rakyat Syariah Manfaatsyariah,Kab. Kutai Kartanegara,Provinsi Kalimantan Timur,620014,9446286.0,1446783.0,0.0,29167.0,0.0,0.0,3074.0,0.0,,0.0,,45616.0,4650897.0,1540000.0,132275.0,,14011.0,0.0,74840.0,0.0,,,878167.0,1080369.0,1820401.0,0.0,-945746.0,55.0,15.08,,10.01,,23.72,5792299.0,,-0.4108304755501372,116.98709494185226
2018,12,PT. BPRS Al-Yaqin,Kab. Simalungun,Provinsi Sumatera Utara,620092,9423956.0,5997140.0,0.0,257838.0,1290.0,0.0,0.0,35000.0,,0.0,,784961.0,590337.0,6970200.0,134007.0,,29052.0,0.0,350091.0,0.0,,,1235119.0,1767159.0,1211456.0,0.0,20493.0,10.82,10.97,,0.22,,75.38,2576583.0,,,
2018,12,PT Bank Perekonomian Rakyat Syariah Lampung Timur (Perseroda),Kab. Lampung Timur,Provinsi Lampung,620140,45149450.0,3137850.0,0.0,37723637.0,0.0,0.0,0.0,107995.0,,0.0,,7226903.0,374504.0,4005000.0,1536699.0,,510620.0,0.0,20275562.0,0.0,,,8078735.0,11650090.0,3915424.0,0.0,3264940.0,27.23,6.16,,9.48,,101.67,4382815.0,,,
2018,12,PT Bank Perekonomian Rakyat Syariah Mitra Harmoni Kota Bandung,Kota Bandung,Provinsi Jawa Barat,620161,23301633.0,17441482.0,0.0,291013.0,0.0,0.0,0.0,0.0,,0.0,,1444925.0,1070560.0,7745956.0,240962.0,,178166.0,0.0,6620676.0,0.0,,,2874060.0,4197299.0,3118947.0,0.0,-276742.0,36.62,22.79,,-2.06,,76.76,5267776.0,,-6.930306124913997,107.60122007641682
2018,12,PT Bank Perekonomian Rakyat Syariah Mitra Harmoni Kota Bandung,Kota Bandung,Provinsi Jawa Barat,620161,23301633.0,17441482.0,0.0,291013.0,0.0,0.0,0.0,0.0,,0.0,,1444925.0,1070560.0,7745956.0,240962.0,,178166.0,0.0,6620676.0,0.0,,,2874060.0,4197299.0,3118947.0,0.0,-276742.0,36.62,22.79,,-2.06,,76.76,5267776.0,,-6.605274910968337,106.787676963878
2018,12,PT Bank Perekonomian Rakyat Syariah Bangun Arta,Kab. Cilacap,Provinsi Jawa Tengah,620195,,,,,,,,,,,,,,,,,,,,,,,,,,,,,,,,,,,,-7.720557123602994,109.02471707185968
2018,12,PT Bank Perekonomian Rakyat Syariah Bumi Artha Sampang,Kab. Cilacap,Provinsi Jawa Tengah,620112,42655034.0,19490956.0,0.0,41969.0,8750.0,0.0,10055000.0,2230000.0,,0.0,,9549632.0,2761026.0,22327650.0,468100.0,,153127.0,0.0,3166081.0,0.0,,,5140662.0,7264484.0,4042580.0,0.0,916593.0,17.41,6.64,,2.98,,91.88,10103941.0,,-7.709897309774618,109.02363619954758
2018,12,PT Bank Perekonomian Rakyat Syariah Rahmania Dana Sejahtera,Kab. Aceh Jeumpa/Bireuen,Provinsi NAD,620148,19336841.0,12744424.0,0.0,0.0,0.0,0.0,0.0,370000.0,,0.0,,924767.0,700050.0,12193711.0,121480.0,,84078.0,0.0,2059612.0,0.0,,,1902142.0,3171016.0,1443865.0,8867.0,435863.0,24.0,4.63,,2.25,,82.91,5756658.0,,,
2018,12,PT Bank Perekonomian Rakyat Syariah Muamalah Cilegon,Kota Cilegon,Provinsi Banten,620034,33096554.0,13765604.0,0.0,1102088.0,302000.0,0.0,68305.0,2900923.0,,0.0,,16007710.0,1013963.0,9177200.0,631776.0,,75334.0,0.0,1946775.0,0.0,,,3783427.0,4427943.0,2965782.0,19691.0,669211.0,30.0,15.11,,2.46,,65.49,15195360.0,,-6.013534007648159,106.0585828108812
2018,12,PT BPRS Kota Juang Perseroda,Kab. Aceh Jeumpa/Bireuen,Provinsi NAD,620144,9484925.0,7187707.0,0.0,0.0,0.0,0.0,0.0,0.0,,0.0,,116.0,2943548.0,715000.0,115337.0,,14076.0,0.0,3567189.0,0.0,,,1146176.0,1641123.0,1172834.0,0.0,-11538.0,32.0,13.48,,-0.12,,76.84,2169590.0,,,
2018,12,PT Bank Perekonomian Rakyat Syariah Buana Mitra Perwira,Kab. Purbalingga,Provinsi Jawa Tengah,620083,130740027.0,75456694.0,0.0,3411812.0,2415639.0,0.0,0.0,14843114.0,,0.0,,47276216.0,9559630.0,50497320.0,1459182.0,,535261.0,0.0,5716896.0,4999998.0,,,10794834.0,15439499.0,7772239.0,0.0,2606514.0,15.4,6.49,,3.0,,82.39,30684702.0,,-7.38620934652322,109.3482136658594
2018,12,PT Bank Perekonomian Rakyat Syariah Hijra Alami,Wil. Kota Jakarta Selatan,Provinsi DKI Jakarta,620138,17258470.0,9439312.0,0.0,1448544.0,0.0,0.0,0.0,2777000.0,,0.0,,933184.0,336891.0,9496603.0,1422902.0,,101278.0,0.0,3459505.0,0.0,,,1692356.0,3262868.0,2072929.0,0.0,-366004.0,25.1,22.0,,-2.12,,0.85,4612781.0,,,
2018,12,PT Bank Perekonomian Rakyat Syariah Fadhilah Kota Bengkulu (Perseroda),Kota Bengkulu,Provinsi Bengkulu,620184,,,,,,,,,,,,,,,,,,,,,,,,,,,,,,,,,,,,-3.798786993847248,102.26066774117557
2018,12,PT Bank Perekonomian Rakyat Syariah Syarikat Madani,Kota Batam,Provinsi Kep. Riau,620121,86934720.0,47876619.0,0.0,26078095.0,5056312.0,0.0,0.0,0.0,,0.0,,0.0,8324428.0,39230172.0,1675668.0,,1429158.0,0.0,25073246.0,0.0,,,12114241.0,19150892.0,11391118.0,0.0,515482.0,16.84,10.48,,4.68,,166.15,5923328.0,,1.1025924305431083,104.04282617621487
2018,12,PT Bank Perekonomian Rakyat Syariah Al Falah,Kab. Banyuasin,Provinsi Sumatera Selatan,620040,21296334.0,14501134.0,0.0,766278.0,0.0,0.0,0.0,0.0,,0.0,,167263.0,4540927.0,6797700.0,246188.0,,17530.0,0.0,3955819.0,0.0,,,3350653.0,4453939.0,2077658.0,0.0,1125651.0,36.25,4.95,,5.74,,78.46,5645362.0,,,
2018,12,PT Bank Perekonomian Rakyat Syariah Harta Insan Karimah Cibitung,Kota Bekasi,Provinsi Jawa Barat,620020,364714927.0,145238897.0,0.0,130192021.0,76067.0,0.0,0.0,14985000.0,,0.0,,46932361.0,4317362.0,122565462.0,4528665.0,,8849476.0,0.0,137027641.0,0.0,,,54269010.0,79409160.0,29213633.0,690334.0,17623956.0,,,,,,,71498809.0,,-6.225695831277773,106.98845203769474
2018,12,PT Bank Perekonomian Rakyat Syariah Mitra Harmoni Yogyakarta,Kota Yogyakarta,Provinsi D.I. Yogyakarta,620149,64055926.0,44415485.0,0.0,168061.0,0.0,535000.0,2378500.0,0.0,,0.0,,3148840.0,6739465.0,34909200.0,551548.0,,213878.0,0.0,10861415.0,0.0,,,6054571.0,10670397.0,4942790.0,0.0,922810.0,16.99,6.89,,2.01,,85.96,15712016.0,,-7.803051873506947,110.36402782968446
2018,12,PT Bank Perekonomian Rakyat Syariah Sindanglaya Kotanopan,Kab. Mandailing Natal,Provinsi Sumatera Utara,620111,8947162.0,3476231.0,0.0,472619.0,0.0,0.0,0.0,1013106.0,,0.0,,2561408.0,0.0,2250500.0,58683.0,,6531.0,0.0,2639516.0,0.0,,,1227589.0,1540761.0,1019004.0,0.0,254250.0,24.0,6.78,,2.93,,86.04,3391824.0,,,
2018,12,PT Bank Perekonomian Rakyat Syariah Sleman (Perseroda),Kab. Sleman,Provinsi D.I. Yogyakarta,620193,,,,,,,,,,,,,,,,,,,,,,,,,,,,,,,,,,,,,
2018,12,PT Bank Perekonomian Rakyat Syariah Mitra Amal Mulia,Kab. Sleman,Provinsi D.I. Yogyakarta,620117,52020929.0,36953755.0,0.0,1263314.0,95900.0,1463906.0,258177.0,241040.0,,0.0,,3281041.0,1727631.0,25996100.0,791958.0,,23345.0,0.0,13120568.0,1055556.0,,,4572294.0,7754102.0,4209344.0,8283.0,224735.0,16.14,5.73,,0.72,,92.95,6834113.0,,,
2018,12,PT Bank Perekonomian Rakyat Syariah Kotabumi (Perseroda),Kab. Lampung Selatan,Provinsi Lampung,620131,182263353.0,29709316.0,0.0,82242861.0,1395000.0,0.0,0.0,0.0,,0.0,,28385325.0,286896.0,61850583.0,1270712.0,,849837.0,0.0,66344340.0,0.0,,,23614540.0,37874010.0,12858832.0,185000.0,7791941.0,19.37,1.86,,5.62,,88.57,63600045.0,,,
2018,12,PT Bank Perekonomian Rakyat Syariah Madina Mandiri Sejahtera,Kab. Bantul,Provinsi D.I. Yogyakarta,620118,73951251.0,44956318.0,0.0,2552311.0,0.0,0.0,3120332.0,7769844.0,,0.0,,5144094.0,1300969.0,46846500.0,601750.0,,963237.0,0.0,14018988.0,0.0,,,5732491.0,12168292.0,4632756.0,0.0,1016071.0,10.41,7.03,,1.37,,87.44,11549103.0,,-6.160825160234478,106.80699763980014
2018,12,PT Bank Perekonomian Rakyat Syariah Berkah Dana Fadhlillah (Perseroda),Kab. Kampar,Provinsi Riau,620060,30403178.0,17102481.0,0.0,53427.0,276629.0,0.0,0.0,0.0,,0.0,,23486871.0,0.0,3931800.0,643665.0,,12188.0,0.0,160073.0,0.0,,,4023677.0,4218334.0,3129073.0,0.0,935991.0,12.96,6.18,,3.08,,56.67,13008265.0,,0.8689938830957369,101.2803342082979
2018,12,PT Bank Perekonomian Rakyat Syariah Hasanah,Kota Pekanbaru,Provinsi Riau,620041,11804294.0,8009669.0,0.0,29600.0,0.0,0.0,0.0,822234.0,,0.0,,987493.0,2459861.0,5357415.0,222058.0,,55986.0,0.0,1843411.0,0.0,,,1388848.0,2009674.0,1336117.0,0.0,81316.0,11.43,14.03,,0.69,,76.63,2651109.0,,0.5249696427966165,101.44758104638636
2018,12,PT. BPRS Cilegon Mandiri,Kota Cilegon,Provinsi Banten,620080,105350819.0,61345351.0,870655.0,6883389.0,313970.0,43020.0,0.0,16544678.0,,0.0,,5405583.0,14924556.0,17261500.0,1490481.0,,58940.0,0.0,2467150.0,0.0,,,11886199.0,13168149.0,10471904.0,34674.0,1119247.0,75.83,20.41,,1.35,,228.66,11012873.0,,-6.0121840147933305,106.06249216016823
2018,12,PT BPRS Mentari Pasaman Saiyo,Kab. Pasaman Barat,Provinsi Sumatera Barat,620059,,,,,,,,,,,,,,,,,,,,,,,,,,,,,,,,,,,,,
2018,12,PT BANK PEREKONOMIAN RAKYAT SYARIAH SIAK JAYA,Kab. Siak,Provinsi Riau,620189,,,,,,,,,,,,,,,,,,,,,,,,,,,,,,,,,,,,0.6271089398798741,101.56683647826335
2018,12,PT Bank Perekonomian Rakyat Syariah Musyarakah Ummat Indonesia,Kota Tangerang,Provinsi Banten,620007,15115037.0,3839380.0,0.0,4978873.0,167645.0,0.0,69100.0,229330.0,,0.0,,975978.0,577916.0,7681917.0,206438.0,,20197.0,0.0,4500046.0,0.0,,,1301140.0,2163872.0,1257184.0,0.0,75912.0,16.0,8.78,,0.62,,67.72,5034664.0,,-6.17429154031784,106.64290706543798
2018,12,PT BANK PEREKONOMIAN RAKYAT SYARIAH AL MAKMUR,Kota Payakumbuh,Provinsi Sumatera Barat,620132,52234854.0,28184394.0,0.0,472476.0,46400.0,0.0,0.0,6383315.0,,0.0,,19898581.0,1348609.0,22964040.0,303850.0,,145140.0,0.0,2122743.0,0.0,,,4842904.0,6865595.0,3900846.0,0.0,807033.0,18.02,2.25,,1.85,,79.36,14911993.0,,-0.2305304689386322,100.63568358146692
2018,12,PT Bank Perekonomian Rakyat Syariah Rizky Barokah,Kota Tangerang Selatan,Provinsi Banten,620199,,,,,,,,,,,,,,,,,,,,,,,,,,,,,,,,,,,,-6.320385744555436,106.69864713138224
2018,12,PT BANK PEREKONOMIAN RAKYAT ARTHA MADANI,Kota Bekasi,Provinsi Jawa Barat,620088,164258009.0,95759689.0,0.0,1457390.0,226411.0,0.0,0.0,15220850.0,,0.0,,19209389.0,745515.0,56776200.0,3987784.0,,1581423.0,0.0,68915769.0,0.0,,,13882136.0,30721522.0,12395870.0,0.0,1500676.0,12.61,13.16,,1.07,,69.32,23149059.0,,-6.235802486784483,106.99167237097036
2018,12,PT BPRS Barakah Nawaitul Ikhlas,Kota Solok,Provinsi Sumatera Barat,620123,8775432.0,4900112.0,0.0,563104.0,0.0,0.0,0.0,0.0,,0.0,,175996.0,5102102.0,2007800.0,65804.0,,8980.0,0.0,43900.0,0.0,,,1179615.0,1482529.0,1026174.0,4081.0,131473.0,24.03,4.01,,1.8,,62.67,2850823.0,,-0.8090450252633046,100.6628003414127
2018,12,PT Bank Perekonomian Rakyat Syariah Bangka Belitung,Kota Pangkal Pinang,Provinsi Kep. Bangka Belitung,620076,570843286.0,313560605.0,0.0,4540069.0,921837.0,0.0,0.0,57509756.0,,0.0,,7005230.0,202083401.0,280299210.0,7971914.0,,748292.0,0.0,9451364.0,8000000.0,,,47369427.0,73845143.0,39597454.0,0.0,7986842.0,18.34,20.85,,1.35,,67.91,162786254.0,,-2.120239693370022,106.11713996558484
2018,12,PT BPRS Hidayah,Wil. Kota Jakarta Barat,Provinsi DKI Jakarta,620119,,,,,,,,,,,,,,,,,,,,,,,,,,,,,,,,,,,,,
2018,12,PT BPRS Gajahtongga KotoPiliang,Kota Sawahlunto,Provinsi Sumatera Barat,620162,26422029.0,20483156.0,0.0,0.0,0.0,0.0,100000.0,835207.0,,0.0,,12116927.0,0.0,10334000.0,550595.0,,52739.0,0.0,588964.0,0.0,,,3529416.0,4497081.0,2732296.0,0.0,727428.0,25.0,5.67,,3.0,,100.0,5203214.0,,-0.6873833320816837,100.76958758372275
2018,12,PT BPRS Harta Insan Karimah,Kota Tangerang,Provinsi Banten,620012,491528237.0,177502104.0,0.0,43707490.0,434513.0,0.0,15638326.0,158819752.0,,0.0,,17556005.0,63342281.0,339702892.0,10056310.0,,869566.0,0.0,8561861.0,0.0,,,37823267.0,71000914.0,33939598.0,83920.0,2454644.0,15.43,19.79,,0.69,,93.66,78140928.0,,-6.168514895786671,106.6333010221693
2018,12,PT Bank Perekonomian Rakyat Syariah Patriot Bekasi Perseroda,Kota Bekasi,Provinsi Jawa Barat,620108,192580362.0,101542920.0,0.0,3869508.0,1872642.0,0.0,0.0,38326385.0,,0.0,,20415061.0,1373859.0,64264435.0,3411605.0,,2984984.0,0.0,39539280.0,23140129.0,,,23879618.0,33778156.0,16386003.0,0.0,4569337.0,25.16,1.78,,2.37,,113.28,41014773.0,,-6.2278728540382104,107.00170463692426
2018,12,PT Bank Pembiayaan Rakyat Syariah Gayo Perseroda,Kab. Aceh Tengah,Provinsi NAD,620120,33911504.0,24341058.0,0.0,0.0,0.0,0.0,0.0,0.0,,0.0,,5209.0,13047094.0,8716000.0,265869.0,,29262.0,0.0,56183.0,0.0,,,2914694.0,4495285.0,2489790.0,12672.0,450464.0,46.98,9.74,,1.58,,111.82,9086691.0,,,
2018,12,PT Bank Perekonomian Rakyat Syariah Baiturridha Pusaka,Kota Bogor,Provinsi Jawa Barat,620011,82879286.0,14844932.0,0.0,53982690.0,0.0,0.0,100000.0,546667.0,,0.0,,10696675.0,4702180.0,35191704.0,983536.0,,913290.0,0.0,15384469.0,0.0,,,16890358.0,20152787.0,12432898.0,108569.0,3217179.0,20.71,2.28,,5.02,,87.63,10011945.0,,-6.926057921061269,107.60382508821964
2018,12,PT Bank Perekonomian Rakyat Syariah Baiturridha Pusaka,Kota Bogor,Provinsi Jawa Barat,620011,82879286.0,14844932.0,0.0,53982690.0,0.0,0.0,100000.0,546667.0,,0.0,,10696675.0,4702180.0,35191704.0,983536.0,,913290.0,0.0,15384469.0,0.0,,,16890358.0,20152787.0,12432898.0,108569.0,3217179.0,20.71,2.28,,5.02,,87.63,10011945.0,,-6.5950591985824625,106.79485467015364
2018,12,PT Bank Perekonomian Rakyat Syariah Khairan Inti Amanah,Kab. Parimo/Banggai,Provinsi Sulawesi Tengah,620188,,,,,,,,,,,,,,,,,,,,,,,,,,,,,,,,,,,,,
2018,12,PT Bank Perekonomian Rakyat Syariah Amanah Insan Cita,Kab. Deli Serdang,Provinsi Sumatera Utara,620145,,,,,,,,,,,,,,,,,,,,,,,,,,,,,,,,,,,,,
2018,12,PT. BPRS Artha Mas Abadi,Kab. Pati,Provinsi Jawa Tengah,620100,31386165.0,19006718.0,0.0,98465.0,68700.0,0.0,0.0,5170555.0,,0.0,,10927429.0,1046232.0,12809250.0,392913.0,,23500.0,0.0,2753815.0,0.0,,,4733602.0,5913049.0,3688653.0,25085.0,833005.0,15.14,8.35,,3.33,,80.29,6707060.0,,-6.770220705556133,111.02002545693522
2018,12,PT Bank Perekonomian Rakyat Syariah Puduarta Insani,Kab. Deli Serdang,Provinsi Sumatera Utara,620058,54707813.0,36898875.0,0.0,15705.0,0.0,7500.0,0.0,0.0,,0.0,,11822214.0,0.0,34790884.0,367629.0,,76593.0,0.0,1980745.0,0.0,,,5302871.0,8524285.0,4585263.0,0.0,559192.0,20.1,2.14,,1.27,,70.5,17302578.0,,,
2018,12,PT Bank Perekonomian Rakyat Syariah Aman Syariah,Kab. Lampung Timur,Provinsi Lampung,620173,17077923.0,7998796.0,0.0,2805293.0,1500.0,0.0,736203.0,0.0,,0.0,,4034090.0,99572.0,5188745.0,59184.0,,55585.0,0.0,4181446.0,0.0,,,2090637.0,3004748.0,1724045.0,0.0,333083.0,30.18,9.99,,2.18,,91.06,4797176.0,,,
2018,12,PT Bank Perekonomian Rakyat Syariah Alwadiah,Kota Tasikmalaya,Provinsi Jawa Barat,620037,51961397.0,34370215.0,0.0,0.0,0.0,0.0,23862.0,1490000.0,,0.0,,1265370.0,9744495.0,16957621.0,680618.0,,117399.0,0.0,17886385.0,0.0,,,5111335.0,7798155.0,9978302.0,0.0,-5000829.0,64.9,6.29,,-9.49,,101.36,14289642.0,,-7.31950171379176,108.2182123272616
2018,12,PT Bank Perekonomian Rakyat Syariah Serambi Mekah,Kota Langsa,Provinsi NAD,620152,10273971.0,7541545.0,0.0,0.0,0.0,0.0,0.0,0.0,,0.0,,573339.0,0.0,2793750.0,79386.0,,5425.0,0.0,5592428.0,0.0,,,1433583.0,2126219.0,1086252.0,0.0,323651.0,14.14,2.24,,3.15,,84.17,2292323.0,,4.466232402810879,97.97539511921892
2018,12,PT Bank Perekonomian Rakyat Syariah Bandar Lampung (Perseroda),Kota Bandar Lampung,Provinsi Lampung,620051,87252222.0,27036706.0,0.0,43055205.0,55000.0,0.0,0.0,0.0,,0.0,,8726660.0,1694050.0,17675100.0,1928110.0,,248602.0,0.0,45534585.0,0.0,,,9254349.0,16003555.0,6427237.0,0.0,2008929.0,17.98,3.27,,2.9,,93.78,14008960.0,,-5.451430777916592,105.26097314570632
2018,12,PT BPRS Saka Dana Mulia,Kab. Kudus,Provinsi Jawa Tengah,620167,21709974.0,9488284.0,0.0,196597.0,185800.0,0.0,0.0,7130400.0,,0.0,,4327912.0,0.0,12448750.0,314172.0,,39042.0,0.0,2455994.0,0.0,,,3192251.0,4485416.0,2932402.0,0.0,224037.0,15.71,8.42,,1.33,,89.4,4430250.0,,-6.752673980908147,111.02119203015354
2018,12,PT. BPRS Gotong Royong,Kota Sukabumi,Provinsi Jawa Barat,620172,16781926.0,10903002.0,0.0,895305.0,49426.0,0.0,0.0,4582763.0,,0.0,,679957.0,1354735.0,6159000.0,1325135.0,,93909.0,0.0,6279314.0,1411339.0,,,1893959.0,3749933.0,4806197.0,0.0,-2809072.0,5.1,48.76,,-16.74,,103.63,765170.0,,-6.553534544317955,107.7543397767086
2018,12,PT. BPRS Gotong Royong,Kota Sukabumi,Provinsi Jawa Barat,620172,16781926.0,10903002.0,0.0,895305.0,49426.0,0.0,0.0,4582763.0,,0.0,,679957.0,1354735.0,6159000.0,1325135.0,,93909.0,0.0,6279314.0,1411339.0,,,1893959.0,3749933.0,4806197.0,0.0,-2809072.0,5.1,48.76,,-16.74,,103.63,765170.0,,-6.916774443100237,106.9293590384548
2018,12,PT Bank Perekonomian Rakyat Syariah Adeco,Kota Langsa,Provinsi NAD,620141,46420397.0,29786770.0,0.0,0.0,0.0,0.0,653000.0,0.0,,0.0,,1095458.0,1954527.0,16496000.0,380154.0,,120373.0,0.0,17232451.0,0.0,,,5139637.0,8103431.0,3104637.0,0.0,2012737.0,26.05,3.6,,4.13,,69.13,14736279.0,,4.464710385925349,97.9655777382901
2018,12,PT Bank Perekonomian Rakyat Syariah Bina Amanah Satria,Kab. Banyumas,Provinsi Jawa Tengah,620087,55729083.0,30938376.0,0.0,1031104.0,839920.0,30708.0,0.0,3083558.0,,0.0,,19278902.0,4434435.0,17890504.0,870413.0,,250257.0,0.0,6574212.0,0.0,,,5450178.0,7486364.0,4173846.0,0.0,1205702.0,19.0,9.5,,2.16,,86.0,17261793.0,,-7.448909227338186,109.32815980963753
2018,12,PT Bank Perekonomian Rakyat Syariah Mitra Agro Usaha,Kota Bandar Lampung,Provinsi Lampung,620169,28235733.0,18375396.0,0.0,964926.0,0.0,0.0,0.0,0.0,,0.0,,3041329.0,22505.0,9494000.0,130850.0,,88491.0,0.0,9568004.0,0.0,,,4183996.0,5570040.0,2836460.0,0.0,1270081.0,28.13,3.38,,5.36,,89.91,7619929.0,,-5.443193541153916,105.2697528392836
2018,12,PT Bank Perekonomian Rakyat Syariah Harta Insan Karimah Jawa Tengah,Kab. Banyumas,Provinsi Jawa Tengah,620089,14100117.0,2433318.0,0.0,958011.0,83670.0,0.0,395204.0,5446980.0,,0.0,,2918800.0,1116964.0,5738104.0,195579.0,,13558.0,0.0,3143095.0,0.0,,,1686478.0,2370211.0,1662461.0,501.0,85471.0,,,,,,,4268912.0,,-7.445092454041309,109.33485862481956
2018,12,PT Bank Perekonomian Rakyat Syariah Rahmah Hijrah Agung,Kota Lhokseumawe,Provinsi NAD,620049,31284191.0,21931724.0,0.0,0.0,0.0,0.0,0.0,15000.0,,0.0,,2143791.0,5811060.0,18021100.0,242206.0,,56527.0,0.0,1421708.0,0.0,,,2935538.0,4829959.0,2794744.0,4861.0,165057.0,13.41,7.7,,0.58,,84.4,7008857.0,,5.1766961991986555,97.14916447763574
2018,12,PT Bank Perekonomian Rakyat Syariah Mitra Harmoni Kota Bandung,Kota Bogor,Provinsi Jawa Barat,620161,23301633.0,17441482.0,0.0,291013.0,0.0,0.0,0.0,0.0,,0.0,,1444925.0,1070560.0,7745956.0,240962.0,,178166.0,0.0,6620676.0,0.0,,,2874060.0,4197299.0,3118947.0,0.0,-276742.0,36.62,22.79,,-2.06,,76.76,5267776.0,,-6.930306124913997,107.60122007641682
2018,12,PT Bank Perekonomian Rakyat Syariah Mitra Harmoni Kota Bandung,Kota Bogor,Provinsi Jawa Barat,620161,23301633.0,17441482.0,0.0,291013.0,0.0,0.0,0.0,0.0,,0.0,,1444925.0,1070560.0,7745956.0,240962.0,,178166.0,0.0,6620676.0,0.0,,,2874060.0,4197299.0,3118947.0,0.0,-276742.0,36.62,22.79,,-2.06,,76.76,5267776.0,,-6.605274910968337,106.787676963878
2018,12,PT Bank Perekonomian Rakyat Syariah Taman Indah Darussalam,Kota Banda Aceh,Provinsi NAD,620158,3459667.0,572302.0,0.0,17000.0,0.0,0.0,0.0,0.0,,0.0,,643113.0,0.0,903000.0,30166.0,,4851.0,0.0,90207.0,0.0,,,367595.0,422631.0,653170.0,0.0,-289003.0,144.17,3.57,,-9.12,,38.12,2688600.0,,5.544809666796793,95.3231595660368
2018,12,PT Bank Perekonomian Rakyat Syariah Arta Leksana,Kab. Banyumas,Provinsi Jawa Tengah,620110,45247551.0,11595550.0,0.0,106766.0,2500.0,2000.0,8301.0,12954760.0,,0.0,,16675008.0,3906976.0,14447332.0,139728.0,,74538.0,0.0,4884720.0,0.0,,,4435864.0,6009284.0,3343098.0,0.0,957301.0,16.81,10.63,,3.07,,68.86,17573969.0,,-7.440480384054677,109.32329819176095
2018,12,PT Bank Perekonomian Rakyat Syariah Arthaaceh Sejahtera,Kota Banda Aceh,Provinsi NAD,620192,,,,,,,,,,,,,,,,,,,,,,,,,,,,,,,,,,,,5.548455343437354,95.3146280603469
2018,12,PT Bank Perekonomian Rakyat Syariah Metro Madani,Kota Metro,Provinsi Lampung,620091,83245087.0,31847338.0,0.0,5327427.0,3746144.0,0.0,7799386.0,2683333.0,,0.0,,29612291.0,7092609.0,21575900.0,1204757.0,,80018.0,0.0,13981202.0,0.0,,,10132603.0,13567367.0,7380865.0,0.0,2149852.0,16.73,6.31,,3.47,,88.2,28148088.0,,-5.109743260376518,105.31422432780674
2018,12,PT Bank Perekonomian Rakyat Syariah Gunung Slamet,Kab. Banyumas,Provinsi Jawa Tengah,620146,,,,,,,,,,,,,,,,,,,,,,,,,,,,,,,,,,,,-7.437522556194236,109.32557212705542
2018,12,PT Bank Perekonomian Rakyat Syariah Al Washliyah,Kota Medan,Provinsi Sumatera Utara,620036,15611024.0,5517825.0,0.0,1314073.0,0.0,0.0,599108.0,0.0,,0.0,,656302.0,1907988.0,10545000.0,129759.0,,271075.0,0.0,578156.0,0.0,,,1031799.0,2069658.0,1637189.0,0.0,-621253.0,20.0,12.13,,-3.88,,56.68,6118208.0,,3.5953913881617754,98.67901076224275
2018,12,PT Bank Perekonomian Rakyat Syariah Gala Mitra Abadi,Kab. Grobogan,Provinsi Jawa Tengah,620063,20570044.0,8622135.0,0.0,1243891.0,182668.0,0.0,0.0,2708500.0,,0.0,,2756621.0,2925931.0,11373152.0,189641.0,,79150.0,0.0,1562576.0,0.0,,,2113868.0,3436100.0,2027255.0,0.0,38499.0,15.23,6.51,,0.39,,62.65,7773838.0,,-7.088219305964116,110.9101564089674
2018,12,PT Bank Perekonomian Rakyat Syariah Meru Nusantara Mandiri,Kab. Magelang,Provinsi Jawa Tengah,620143,13153240.0,5050970.0,0.0,772956.0,0.0,0.0,143500.0,45000.0,,0.0,,1037871.0,2562321.0,8197519.0,102451.0,,14594.0,0.0,628575.0,0.0,,,1085094.0,1824618.0,1062663.0,0.0,-129588.0,10.86,8.51,,0.87,,48.74,6740106.0,,-7.483143805876312,110.21226325844997
2018,12,PT. BPRS Asad Alif,Kab. Kendal,Provinsi Jawa Tengah,620070,24999644.0,17085267.0,0.0,0.0,0.0,0.0,0.0,3031877.0,,0.0,,1370454.0,8541116.0,6033100.0,816285.0,,13282.0,0.0,6305693.0,0.0,,,3446563.0,4779822.0,3465647.0,16361.0,-165637.0,13.64,6.66,,-0.55,,91.9,4704448.0,,,
2018,12,PT Bank Perekonomian Rakyat Syariah Tani Tulang Bawang Barat (Perseroda),Kab. Tulang Bawang Barat,Provinsi Lampung,620176,,,,,,,,,,,,,,,,,,,,,,,,,,,,,,,,,,,,,
2018,12,PT Bank Perekonomian Rakyat Syariah Baiturridha Pusaka,Kota Bandung,Provinsi Jawa Barat,620011,82879286.0,14844932.0,0.0,53982690.0,0.0,0.0,100000.0,546667.0,,0.0,,10696675.0,4702180.0,35191704.0,983536.0,,913290.0,0.0,15384469.0,0.0,,,16890358.0,20152787.0,12432898.0,108569.0,3217179.0,20.71,2.28,,5.02,,87.63,10011945.0,,-6.926057921061269,107.60382508821964
2018,12,PT Bank Perekonomian Rakyat Syariah Baiturridha Pusaka,Kota Bandung,Provinsi Jawa Barat,620011,82879286.0,14844932.0,0.0,53982690.0,0.0,0.0,100000.0,546667.0,,0.0,,10696675.0,4702180.0,35191704.0,983536.0,,913290.0,0.0,15384469.0,0.0,,,16890358.0,20152787.0,12432898.0,108569.0,3217179.0,20.71,2.28,,5.02,,87.63,10011945.0,,-6.5950591985824625,106.79485467015364
2018,12,PT Bank Perekonomian Rakyat Syariah Hikmah Wakilah,Kota Banda Aceh,Provinsi NAD,620046,91860441.0,42289021.0,0.0,780426.0,0.0,187832.0,2305009.0,9065210.0,,0.0,,1301808.0,14994254.0,60033647.0,516724.0,,0.0,0.0,2039530.0,4258302.0,,,7629332.0,12509835.0,5408977.0,0.0,1781082.0,13.82,2.13,,2.43,,71.57,35045584.0,,5.543176806651055,95.31537211187955
2018,12,PT Bank Perekonomian Rakyat Syariah Tengku Chiek Dipante,Kab. Pidie,Provinsi NAD,620025,8312779.0,4270203.0,0.0,0.0,0.0,0.0,105900.0,0.0,,0.0,,10457.0,2375197.0,2396000.0,95922.0,,15832.0,0.0,2218225.0,0.0,,,915912.0,1252289.0,845069.0,0.0,44554.0,18.0,28.31,,0.53,,91.51,3451368.0,,3.7476617007670936,96.82987163456816
2018,12,PT Bank Perekonomian Rakyat Syariah Baiturrahman,Kab. Aceh Besar,Provinsi NAD,620024,44731057.0,25715044.0,0.0,0.0,0.0,0.0,0.0,0.0,,0.0,,0.0,24085974.0,11365500.0,358381.0,,36384.0,0.0,4998360.0,0.0,,,4055483.0,5680094.0,3554670.0,0.0,504263.0,18.43,9.97,,1.13,,64.96,18572751.0,,,
2018,12,PT BPRS Mitra Amanah,Kota Palangkaraya,Provinsi Kalimantan Tengah,620170,13345029.0,7694468.0,0.0,356454.0,87500.0,244500.0,67038.0,0.0,,0.0,,800277.0,1630248.0,2050360.0,654628.0,,67944.0,0.0,6406360.0,0.0,,,1891292.0,2677712.0,3153684.0,0.0,-1324228.0,30.0,9.79,,-12.07,,78.7,4888808.0,,-2.20055455187618,113.91600497570754
2018,12,PT Bank Perekonomian Rakyat Syariah Almabrur Klaten,Kab. Klaten,Provinsi Jawa Tengah,620142,18606817.0,11806659.0,0.0,705231.0,0.0,26750.0,0.0,870000.0,,0.0,,492.0,6587228.0,8456280.0,279030.0,,24628.0,0.0,357294.0,0.0,,,2072552.0,3143818.0,1597690.0,11728.0,434339.0,24.0,12.57,,2.44,,74.06,5365845.0,,,
2018,12,PT. BPRS Gotong Royong,Kab. Subang,Provinsi Jawa Barat,620172,16781926.0,10903002.0,0.0,895305.0,49426.0,0.0,0.0,4582763.0,,0.0,,679957.0,1354735.0,6159000.0,1325135.0,,93909.0,0.0,6279314.0,1411339.0,,,1893959.0,3749933.0,4806197.0,0.0,-2809072.0,5.1,48.76,,-16.74,,103.63,765170.0,,-6.553534544317955,107.7543397767086
2018,12,PT. BPRS Gotong Royong,Kab. Subang,Provinsi Jawa Barat,620172,16781926.0,10903002.0,0.0,895305.0,49426.0,0.0,0.0,4582763.0,,0.0,,679957.0,1354735.0,6159000.0,1325135.0,,93909.0,0.0,6279314.0,1411339.0,,,1893959.0,3749933.0,4806197.0,0.0,-2809072.0,5.1,48.76,,-16.74,,103.63,765170.0,,-6.916774443100237,106.9293590384548
2018,12,PT Bank Perekonomian Rakyat Syariah Ingin Jaya,Kab. Aceh Besar,Provinsi NAD,620203,,,,,,,,,,,,,,,,,,,,,,,,,,,,,,,,,,,,,
2018,12,PT Bank Perekonomian Rakyat Syariah Dharma Kuwera,Kab. Klaten,Provinsi Jawa Tengah,620159,36429293.0,28644613.0,0.0,586400.0,54727.0,0.0,1204572.0,750000.0,,0.0,,3370853.0,3253148.0,12131000.0,534727.0,,253342.0,0.0,12859585.0,0.0,,,3479213.0,4953968.0,2667476.0,0.0,750966.0,15.19,7.3,,2.16,,99.85,4663554.0,,,
2018,12,PT Bank Perekonomian Rakyat Syariah Gowata,Kab. Gowa,Provinsi Sulawesi Selatan,620065,3385804.0,1502609.0,0.0,83751.0,3333.0,0.0,0.0,0.0,,0.0,,0.0,424996.0,460000.0,96402.0,,3359.0,0.0,1114443.0,0.0,,,589146.0,614336.0,533131.0,0.0,38353.0,58.59,16.9,,124.0,,179.25,1220831.0,,-5.225938686460566,120.0079553182381
2018,12,PT. BPRS Hareukat,Kab. Aceh Besar,Provinsi NAD,620003,3020932.0,5803262.0,0.0,0.0,0.0,0.0,257100.0,0.0,,0.0,,16956.0,3665591.0,2260750.0,4070072.0,,1386.0,0.0,1420160.0,0.0,,,65398.0,534897.0,5627634.0,0.0,-5562660.0,210.0,80.05,,-12.0,,251.93,71606.0,,,
2018,12,PT BPRS Berkah Amal Salman,Kota Bandung,Provinsi Jawa Barat,620001,,,,,,,,,,,,,,,,,,,,,,,,,,,,,,,,,,,,-6.918139601318028,107.60647461822626
2018,12,PT BPRS Berkah Amal Salman,Kota Bandung,Provinsi Jawa Barat,620001,,,,,,,,,,,,,,,,,,,,,,,,,,,,,,,,,,,,-6.600064385549815,106.7999819599572
2018,12,PT Bank Perekonomian Rakyat Syariah Sukowati Sragen (Perseroda),Kab. Sragen,Provinsi Jawa Tengah,620124,196068566.0,113052841.0,0.0,23101542.0,1373679.0,0.0,476226.0,1461796.0,,0.0,,30902353.0,15004132.0,87222449.0,1702363.0,,3076623.0,0.0,38171106.0,1999952.0,,,18794926.0,31456050.0,13248269.0,0.0,4615754.0,12.73,6.31,,3.22,,90.7,52788131.0,,,
2018,12,PT Bank Perekonomian Rakyat Syariah Insan Madani,Kab. Sukoharjo,Provinsi Jawa Tengah,620154,46727301.0,12988635.0,0.0,0.0,0.0,0.0,500000.0,23392339.0,,0.0,,271838.0,2144845.0,27759621.0,240916.0,,352135.0,0.0,6417428.0,0.0,,,3971745.0,6751084.0,2237013.0,0.0,1689765.0,23.0,19.8,,3.74,,101.95,7770888.0,,-7.980423788495279,112.63614303338588
2018,12,PT Bank Perekonomian Rakyat Syariah Maslahat Dana Syariah Nusantara,Kota Bengkulu,Provinsi Bengkulu,620181,18789095.0,16547469.0,0.0,1102289.0,0.0,0.0,0.0,0.0,,0.0,,1683672.0,0.0,11007500.0,1773443.0,,141819.0,0.0,112053.0,0.0,,,2777808.0,3519044.0,3640219.0,0.0,-895076.0,-49.26,27.69,,-4.76,,100.0,1924765.0,,-3.791547736340278,102.2560829253008
2018,12,PT. BPRS Ikhsanul Amal,Kab. Kebumen,Provinsi Jawa Tengah,620047,17724462.0,8136394.0,0.0,92514.0,0.0,0.0,0.0,2598778.0,,0.0,,875954.0,7877221.0,6346300.0,392073.0,,17277.0,0.0,378959.0,0.0,,,1563320.0,2207841.0,1449574.0,0.0,115617.0,19.37,7.74,,0.86,,71.71,6342481.0,,-7.7499614325424,109.74028135566994
2018,12,PT Bank Perekonomian Rakyat Syariah Suriyah,Kab. Cilacap,Provinsi Jawa Tengah,620086,180004279.0,108416592.0,5100.0,3534520.0,6916.0,319107.0,8095643.0,13683728.0,,0.0,,49666532.0,3037235.0,84544806.0,1460507.0,,1229287.0,0.0,22844145.0,0.0,,,15036028.0,24511851.0,10903460.0,0.0,3150900.0,13.55,5.6,,2.4,,84.1,36707677.0,,-7.720360645096571,109.02261136336097
2018,12,PT Bank Perekonomian Rakyat Syariah Barkah Gemadana,Kab. Banjar,Provinsi Kalimantan Selatan,620013,41523486.0,15682565.0,0.0,304938.0,7801564.0,0.0,443993.0,679750.0,,0.0,,3727.0,20598814.0,9745000.0,1192857.0,,313173.0,0.0,856685.0,0.0,,,3791766.0,5344836.0,4044275.0,0.0,-235864.0,36.82,13.42,,-0.6,,80.5,12431749.0,,-0.6588763736841944,101.48260796449918
2018,12,PT Bank Perekonomian Rakyat Syariah Mustaqim Aceh Perseroda,Kota Banda Aceh,Provinsi NAD,620187,,,,,,,,,,,,,,,,,,,,,,,,,,,,,,,,,,,,5.5514463466260295,95.31786202059116
2018,12,PT Bank Perekonomian Rakyat Syariah Artha Amanah Ummat,Kab. Semarang,Provinsi Jawa Tengah,620116,32287135.0,19104057.0,0.0,1418612.0,16104.0,0.0,8511.0,3190504.0,,0.0,,858705.0,6274192.0,14020600.0,493735.0,,25545.0,0.0,7878787.0,0.0,,,2748430.0,4685385.0,2117930.0,15408.0,566277.0,14.53,5.23,,2.1,,112.22,7765546.0,,-7.138606830428244,110.40957996108703
2018,12,PT Bank Perekonomian Rakyat Syariah Amanah Bangsa,Kab. Simalungun,Provinsi Sumatera Utara,620032,50131096.0,40051315.0,0.0,0.0,0.0,0.0,638878.0,0.0,,0.0,,7809030.0,0.0,15590092.0,541862.0,,256076.0,0.0,22367320.0,0.0,,,7125187.0,10596713.0,5817887.0,0.0,1215928.0,14.11,2.35,,21.2,,83.31,7649376.0,,,
2018,12,PT Bank Perekonomian Rakyat Syariah Almadinah Tasikmalaya Perseroda,Kota Tasikmalaya,Provinsi Jawa Barat,620156,30440782.0,24889657.0,0.0,252097.0,27262.0,0.0,0.0,490000.0,,0.0,,4592489.0,5680280.0,10430750.0,498928.0,,17632.0,0.0,2474284.0,0.0,,,3244071.0,4287189.0,3006282.0,0.0,276090.0,32.0,7.91,,1.1,,116.0,4849434.0,,-7.3283420052585,108.22977779026246
2018,12,PT Bank Perekonomian Rakyat Syariah Daarul Hayat,Kota Cimahi,Provinsi Jawa Barat,620035,10384876.0,6437725.0,0.0,501842.0,556424.0,0.0,0.0,786335.0,,0.0,,3116311.0,1592322.0,5007873.0,85351.0,,0.0,0.0,241689.0,85000.0,,,982107.0,1358755.0,1149322.0,0.0,-188553.0,7.0,4.46,,-1.67,,85.24,1355732.0,,-6.867341948596262,107.55153148405364
2018,12,PT Bank Perekonomian Rakyat Syariah Arsa Sejahtera,Kota Batu,Provinsi Jawa Timur,620079,15026868.0,8756844.0,0.0,150000.0,0.0,0.0,0.0,842459.0,,0.0,,0.0,3068493.0,7347694.0,635041.0,,20628.0,0.0,2088647.0,0.0,,,2482860.0,3196924.0,2606519.0,0.0,-101970.0,23.77,35.75,,-0.56,,93.6,3898051.0,,-7.8807671610865775,112.532451265561
2018,12,PT Bank Perekonomian Rakyat Syariah Gebu Prima,Kota Medan,Provinsi Sumatera Utara,620055,25051358.0,12313435.0,0.0,284902.0,0.0,0.0,1878000.0,0.0,,0.0,,0.0,4448802.0,13840000.0,143820.0,,23855.0,0.0,4875080.0,0.0,,,1353426.0,2488105.0,1476876.0,0.0,921.0,10.68,3.3,,0.13,,62.68,8044030.0,,3.580883089096215,98.66623055730342
2018,12,PT Bank Perekonomian Rakyat Syariah PNM Mentari,Kab. Garut,Provinsi Jawa Barat,620008,73856729.0,53375501.0,0.0,2453403.0,2151532.0,0.0,0.0,2849414.0,,0.0,,2807675.0,9561775.0,29034884.0,721265.0,,107193.0,0.0,22015022.0,0.0,,,8848098.0,14097480.0,6207150.0,0.0,2113473.0,18.88,9.86,,3.75,,88.44,12537794.0,,-7.195611181584734,107.90948097277126
2018,12,PT BPRS Bina Finansia,Kota Semarang,Provinsi Jawa Tengah,620102,33219535.0,21445604.0,0.0,1479129.0,0.0,0.0,550000.0,0.0,,0.0,,0.0,8422459.0,16882761.0,319311.0,,373586.0,0.0,4061277.0,0.0,,,2686001.0,4846970.0,2385182.0,0.0,281588.0,0.0,8.85,,0.0,,0.0,8024872.0,,-6.984027795058197,110.415867283899
2018,12,PT. BPRS Safir,Kota Bengkulu,Provinsi Bengkulu,620090,,,,,,,,,,,,,,,,,,,,,,,,,,,,,,,,,,,,-3.8005555705877825,102.2529282154658
2018,12,PT Bank Perekonomian Rakyat Syariah Lantabur Tebuireng,Kab. Jombang,Provinsi Jawa Timur,620098,161342627.0,123210449.0,0.0,6318411.0,891770.0,0.0,79000.0,2500000.0,,0.0,,3457464.0,84181364.0,49517138.0,1340856.0,,24523.0,0.0,6765614.0,0.0,,,16702023.0,20721083.0,8182300.0,186453.0,6896524.0,11.33,5.41,,3.66,,94.62,27043370.0,,-7.593963133811971,112.26493196168056
2018,12,PT Bank Perekonomian Rakyat Syariah Daya Artha Mentari,Kab. Pasuruan,Provinsi Jawa Timur,620056,13190274.0,7011828.0,0.0,1331053.0,101179.0,0.0,1807565.0,0.0,,0.0,,1403094.0,6486504.0,2441950.0,247940.0,,5241.0,0.0,1120199.0,0.0,,,1776808.0,2102726.0,1428888.0,8443.0,329294.0,14.77,14.55,,2.72,,90.48,1138364.0,,-7.654596803987085,112.9133678475593
2018,12,PT Bank Perekonomian Rakyat Syariah Harta Insan Karimah Insan Cita,Kab. Bogor,Provinsi Jawa Barat,620069,74344540.0,51623836.0,0.0,4502766.0,551209.0,146499.0,1930485.0,2874735.0,,0.0,,9901109.0,2608776.0,19438205.0,559275.0,,392668.0,0.0,33661335.0,0.0,,,6232611.0,9837334.0,4152366.0,0.0,1735744.0,,,,,,,11824027.0,,-6.539331604489986,107.00639936483655
2018,12,PT Bank Perekonomian Rakyat Syariah Tanmiya Artha,Kota Kediri,Provinsi Jawa Timur,620130,11528801.0,6818451.0,0.0,919344.0,0.0,9250.0,372500.0,0.0,,0.0,,922159.0,3450396.0,3496600.0,192912.0,,322440.0,0.0,1374348.0,0.0,,,1545080.0,1984048.0,1306824.0,5072.0,182983.0,98.07,4.97,,2.02,,87.77,3202068.0,,-7.804361795474596,112.00698794188358
2018,12,PT BANK PEREKONOMIAN RAKYAT SYARIAH NIAGA MADANI,Kota Makassar,Provinsi Sulawesi Selatan,620039,15062050.0,11137472.0,0.0,0.0,53310.0,0.0,0.0,0.0,,0.0,,0.0,1966679.0,4142540.0,282253.0,,276669.0,0.0,7614084.0,0.0,,,4559670.0,5158323.0,4514629.0,0.0,48461.0,9.83,35.78,,0.31,,182.31,2795273.0,,-5.127789499318414,119.412410921333
2018,12,PT Bank Perekonomian Rakyat Syariah Fajar Sejahtera Bali,Kab. Badung,Provinsi Bali,620026,9471951.0,780645.0,0.0,2202029.0,0.0,0.0,729115.0,496000.0,,0.0,,33425.0,3900057.0,2079000.0,161810.0,,64975.0,0.0,0.0,10000.0,,,1341711.0,1622287.0,1558796.0,0.0,-235893.0,73.13,18.68,,-2.49,,69.98,5148471.0,,-8.645170567141806,115.27693679878858
2018,12,PT Bank Perekonomian Rakyat Syariah Mitra Mentari Sejahtera,Kab. Ponorogo,Provinsi Jawa Timur,620180,17009108.0,8734904.0,0.0,5089.0,0.0,0.0,0.0,750000.0,,0.0,,5962092.0,0.0,4788500.0,81346.0,,2828.0,0.0,68836.0,0.0,,,1846697.0,2061366.0,1090310.0,11173.0,431737.0,64.12,3.66,,3.0,,88.27,7293826.0,,,
2018,12,PT Bank Perekonomian Rakyat Syariah Hikmah Bahari,Kota Tegal,Provinsi Jawa Tengah,620174,104781706.0,78799656.0,0.0,0.0,13333.0,0.0,833066.0,1868750.0,,0.0,,15100908.0,149714.0,27809000.0,765536.0,,2265017.0,0.0,42551081.0,0.0,,,16890204.0,23482764.0,7500951.0,235000.0,7065145.0,25.03,0.47,,9.96,,97.41,18644800.0,,-6.861973262113324,109.13573876794256
2018,12,PT Bank Perekonomian Rakyat Syariah Tunas Artha Jaya Abadi,Kab. Kediri,Provinsi Jawa Timur,620200,,,,,,,,,,,,,,,,,,,,,,,,,,,,,,,,,,,,-7.816904745358005,112.01148890547412
2018,12,PT Bank Perekonomian Rakyat Syariah Karya Mugi Sentosa,Kota Surabaya,Provinsi Jawa Timur,620113,53727045.0,38978978.0,0.0,2274060.0,3891940.0,0.0,244798.0,600000.0,,0.0,,21703118.0,4352373.0,11156900.0,1036407.0,,238802.0,0.0,2885573.0,2500000.0,,,10259437.0,11415251.0,7546098.0,0.0,2858898.0,21.59,5.98,,2.52,,111.59,6156560.0,,-7.248497572190274,112.74359015261464
2018,12,PT Bank Perekonomian Rakyat Syariah Baktimakmur Indah,Kab. Sidoarjo,Provinsi Jawa Timur,620022,154534345.0,71203828.0,0.0,1678141.0,0.0,0.0,0.0,51700313.0,,0.0,,10382370.0,63845463.0,32843070.0,2009364.0,,577741.0,0.0,18856913.0,0.0,,,16613472.0,22046691.0,11890899.0,101400.0,3168090.0,86.11,9.9,,2.77,,106.1,20278254.0,,,
2018,12,PT Bank Perekonomian Rakyat Syariah Gaido Indonesia,Kab. Cianjur,Provinsi Jawa Barat,620043,,,,,,,,,,,,,,,,,,,,,,,891146.0,1368641.0,2976241.0,0.0,-2046761.0,,,,,,,,,-6.563150818639635,106.73146469181188
2018,12,PT Bank Perekonomian Rakyat Syariah Mandiri Mitra Sukses,Kab. Gresik,Provinsi Jawa Timur,620126,85379281.0,40080298.0,0.0,0.0,11964832.0,0.0,0.0,17128275.0,,0.0,,3114934.0,22088670.0,35268505.0,572064.0,,575768.0,0.0,18876596.0,0.0,,,9597935.0,11216933.0,8870560.0,0.0,622761.0,15.16,5.9,,0.08,,81.59,14068567.0,,-7.1749772829692935,112.65847748596217
2018,12,PT Bank Perekonomian Rakyat Syariah Almasoem,Kab. Bandung,Provinsi Jawa Barat,620027,,,,,,,,,,,,,,,,,,,,,,,,,,,,,,,,,,,,-6.97009496632967,107.54174350568084
2018,12,PT Bank Perekonomian Rakyat Syariah Harta Insan Karimah Fajar Nitro,Kota Makassar,Provinsi Sulawesi Selatan,620168,9495021.0,7209184.0,0.0,0.0,0.0,0.0,0.0,0.0,,0.0,,85211.0,1320942.0,816000.0,234331.0,,20467.0,0.0,5844640.0,0.0,,,1592216.0,2143506.0,1207917.0,0.0,483404.0,16.09,8.79,,5.77,,93.36,2462144.0,,-5.128522770098106,119.41038261376706
2018,12,PT Bank Perekonomian Rakyat Syariah Sarana Prima Mandiri,Kab. Pamekasan,Provinsi Jawa Timur,620127,90570785.0,28252761.0,0.0,385472.0,9299263.0,20897095.0,16821399.0,2878938.0,,0.0,,19625611.0,352337.0,58892704.0,416220.0,,43256.0,0.0,5402494.0,0.0,,,8918919.0,12288243.0,7442477.0,0.0,1504888.0,11.83,1.22,,1.66,,99.57,8582151.0,,,
2018,12,PT Bank Perekonomian Rakyat Syariah Botani Bina Rahmah,Kab. Bogor,Provinsi Jawa Barat,620061,12314040.0,10534773.0,0.0,66459.0,1862865.0,69498.0,1260528.0,0.0,,0.0,,4621054.0,0.0,5288500.0,4128913.0,,306666.0,0.0,573286.0,0.0,,,1554682.0,1988880.0,3746498.0,0.0,-2218873.0,25.4,50.72,,-14.9,,115.89,2453620.0,,-6.546441998522415,106.99684935942706
2018,12,PT Bank Perekonomian Rakyat Syariah Situbondo,Kab. Situbondo,Provinsi Jawa Timur,620081,17692129.0,9105306.0,0.0,316247.0,322867.0,77499.0,2950000.0,0.0,,0.0,,885175.0,2387350.0,313700.0,345816.0,,184435.0,0.0,6911254.0,0.0,,,2625832.0,3095443.0,2417272.0,0.0,102198.0,61.61,17.05,,0.75,,120.58,4068706.0,,-7.702911353591342,113.9806037668517
2018,12,PT. BPRS Ummu,Kab. Pasuruan,Provinsi Jawa Timur,620074,11901681.0,4165527.0,0.0,0.0,0.0,0.0,0.0,300000.0,,0.0,,6770742.0,2717022.0,304000.0,60202.0,,4923.0,0.0,110420.0,0.0,,,1369043.0,1500994.0,2956967.0,0.0,-1259870.0,31.61,14.69,,-12.37,,37.89,6298362.0,,-7.65021334152576,112.89863930816225
2018,12,PT. BANK PEREKONOMIAN RAKYAT SYARIAH PNM PATUH BERAMAL AMALI,Kota Mataram,Provinsi Nusa Tenggara Barat,620021,53369290.0,33802901.0,0.0,0.0,1018718.0,0.0,700000.0,0.0,,0.0,,54443.0,8864724.0,18187410.0,547018.0,,411290.0,0.0,16758805.0,0.0,,,6738473.0,10121081.0,3692554.0,75792.0,2230498.0,21.55,7.43,,5.68,,80.49,17311691.0,,-8.58389278031459,116.11057126739846
2018,12,PT Bank Perekonomian Rakyat Syariah Bahari Berkesan,Kota Ternate,Provinsi Maluku Utara,620164,85571197.0,23571442.0,0.0,26548573.0,530164.0,0.0,511650.0,0.0,,0.0,,1254907.0,21246115.0,5420450.0,830097.0,,15454117.0,0.0,25607253.0,0.0,,,5953448.0,7175510.0,3473047.0,0.0,2548826.0,30.66,3.69,,34.64,,99.6,33644942.0,,0.7773589145132459,127.38615026515367
2018,12,PT BPRS SHADIQ AMANAH,Kota Cimahi,Provinsi Jawa Barat,620019,,,,,,,,,,,,,,,,,,,,,,,,,,,,,,,,,,,,-6.863473787610629,107.53563110990164
2018,12,PT BPRS Al Hidayah,Kab. Pasuruan,Provinsi Jawa Timur,620072,,,,,,,,,,,,,,,,,,,,,,,,,,,,,,,,,,,,-7.64945314625638,112.90608207619024
2018,12,PT Bank Perekonomian Rakyat Syariah Harta Insan Karimah Parahyangan,Kab. Bandung,Provinsi Jawa Barat,620054,1218330705.0,923053524.0,0.0,948533.0,1995094.0,0.0,1230000.0,21305856.0,,0.0,,122483683.0,8703456.0,465355030.0,19150000.0,,11505077.0,0.0,478800516.0,0.0,,,136948431.0,229446054.0,86028728.0,1300000.0,36619703.0,15.88,2.62,,4.55,,88.49,212724542.0,,-6.965455511896712,107.55659356508802
2018,12,PT. BPRS Mitra Harmoni Kota Semarang,Kota Semarang,Provinsi Jawa Tengah,620151,33964549.0,23353067.0,0.0,412976.0,0.0,0.0,2330000.0,0.0,,0.0,,1730674.0,3462728.0,9609400.0,508854.0,,91583.0,0.0,11925629.0,0.0,,,4152978.0,5920200.0,3349219.0,0.0,735173.0,26.63,7.65,,2.29,,78.39,7713232.0,,-6.989034701457653,110.42390375172975
2018,12,PT. BANK PEREKONOMIAN RAKYAT SYARIAH DINAR ASHRI,Kota Mataram,Provinsi Nusa Tenggara Barat,620104,466565946.0,298967233.0,0.0,0.0,8503587.0,0.0,2120000.0,18348714.0,,0.0,,23664401.0,81801544.0,185570802.0,3000536.0,,6568752.0,0.0,111442312.0,8961063.0,,,47520802.0,76852890.0,18073793.0,698047.0,20112129.0,14.0,1.67,,5.1,,83.83,126272310.0,,-8.593657692387334,116.10734653727864
2018,12,PT Bank Perekonomian Rakyat Syariah Indo Timur,Kota Makassar,Provinsi Sulawesi Selatan,620010,9843539.0,1219735.0,0.0,0.0,0.0,0.0,0.0,0.0,,0.0,,5772746.0,815929.0,0.0,112497.0,,10588.0,0.0,692148.0,0.0,,,631651.0,666133.0,621457.0,0.0,9094.0,92.09,11.13,,0.19,,18.51,8727659.0,,-5.143550328284089,119.4138433249748
2018,12,PT Bank Perekonomian Rakyat Syariah Unawi Barokah,Kab. Sidoarjo,Provinsi Jawa Timur,620155,2139585.0,1001839.0,0.0,0.0,0.0,0.0,0.0,0.0,,0.0,,43672.0,1321023.0,275811.0,16822.0,,9059.0,0.0,338436.0,0.0,,,400739.0,511944.0,562736.0,0.0,-171188.0,12.4,5.96,,-6.24,,61.07,956999.0,,,
2018,12,PT Bank Perekonomian Rakyat Syariah Almabrur Babadan,Kab. Ponorogo,Provinsi Jawa Timur,620073,33887137.0,23654930.0,0.0,0.0,13350.0,2500000.0,130500.0,0.0,,0.0,,38179.0,17406039.0,9285583.0,302489.0,,10187.0,0.0,162716.0,0.0,,,4060206.0,5719523.0,3287618.0,19212.0,655598.0,29.92,2.26,,2.53,,98.39,6352935.0,,,
2018,12,PT Bank Perekonomian Rakyat Syariah Annisa Mukti,Kab. Sidoarjo,Provinsi Jawa Timur,620135,10185639.0,7743040.0,0.0,0.0,0.0,0.0,0.0,0.0,,0.0,,0.0,1410850.0,2773000.0,106087.0,,57014.0,0.0,1641580.0,0.0,,,2311324.0,2642897.0,1898423.0,4558.0,385762.0,55.38,0.89,,4.02,,191.64,1897999.0,,,
2018,12,PT Bank Perekonomian Rakyat Syariah Amanah Insani,Kab. Bekasi,Provinsi Jawa Barat,620066,83748463.0,38998613.0,0.0,0.0,1611452.0,0.0,11811032.0,0.0,,0.0,,28782695.0,0.0,33346035.0,2390433.0,,260466.0,0.0,1301609.0,0.0,,,8280961.0,11522825.0,10501031.0,242198.0,-2178386.0,39.0,50.76,,-2.31,,84.0,32197897.0,,-6.204349585324721,107.17320288461552
2018,12,PT Bank Perekonomian Rakyat Syariah Mitra Harmoni Kota Malang,Kota Malang,Provinsi Jawa Timur,620153,24020332.0,16479070.0,0.0,955497.0,0.0,0.0,49000.0,222000.0,,0.0,,3223377.0,469926.0,5988000.0,192604.0,,40957.0,0.0,7190699.0,0.0,,,3415599.0,4382769.0,2752633.0,0.0,628202.0,41.14,8.41,,2.75,,75.42,5976751.0,,-7.984781410422721,112.62624122586716
2018,12,PT BPRS Artha Surya Barokah,Kota Semarang,Provinsi Jawa Tengah,620084,,,,,,,,,,,,,,,,,,,,,,,,,,,,,,,,,,,,-6.992447596736079,110.42988872705932
2018,12,PT Bank Perekonomian Rakyat Syariah Harum Hikmahnugraha,Kab. Garut,Provinsi Jawa Barat,620029,68063020.0,43067146.0,0.0,166238.0,986471.0,0.0,0.0,0.0,,0.0,,19303702.0,214349.0,27934190.0,910238.0,,77376.0,0.0,7603182.0,0.0,,,6825720.0,10777199.0,4974168.0,0.0,1500123.0,26.06,17.54,,2.74,,66.27,23540707.0,,-7.201021164642222,107.90284024114014
2018,12,PT BPRS Bumi Rinjani Probolinggo,Kab. Probolinggo,Provinsi Jawa Timur,620105,,,,,,,,,,,,,,,,,,,,,,,,,,,,,,,,,,,,,
2018,12,PT Bank Perekonomian Rakyat Syariah Bumi Rinjani Kepanjen,Kab. Malang,Provinsi Jawa Timur,620106,67178062.0,41443979.0,0.0,37943.0,0.0,0.0,0.0,6732776.0,,0.0,,2139887.0,12983506.0,28983900.0,1260005.0,,117528.0,0.0,13719324.0,0.0,,,10358511.0,14423645.0,7706460.0,56526.0,1994857.0,18.07,6.22,,3.9,,75.17,15452742.0,,-7.986689742538544,112.63775505887186
2018,12,PT BPRS Magetan (Perseroda),Kab. Magetan,Provinsi Jawa Timur,620165,31030221.0,19383312.0,0.0,86736.0,0.0,0.0,0.0,0.0,,0.0,,4956016.0,295679.0,9609500.0,396260.0,,122294.0,0.0,1021734.0,0.0,,,4649939.0,4672312.0,3091393.0,36669.0,1456378.0,101.23,3.31,,4.47,,67.07,10642249.0,,,
2018,12,PT Bank Perekonomian Rakyat Syariah Dana Moneter,Kota Makassar,Provinsi Sulawesi Selatan,620030,66496783.0,54894657.0,0.0,0.0,0.0,0.0,0.0,0.0,,0.0,,12280699.0,3263012.0,14455600.0,2295699.0,,129459.0,0.0,21432586.0,0.0,,,5368761.0,9846131.0,5232136.0,0.0,-151305.0,25.78,10.96,,-0.22,,182.99,9442263.0,,-5.132293953516857,119.41407701618245
2018,12,PT Bank Perekonomian Rakyat Syariah Muamalat Harkat,Kab. Seluma,Provinsi Bengkulu,620052,45806211.0,35995615.0,0.0,0.0,0.0,0.0,0.0,0.0,,0.0,,5701437.0,14416888.0,20225000.0,399628.0,,56944.0,0.0,459571.0,0.0,,,5413573.0,7465282.0,4176766.0,5881.0,1020252.0,12.3,13.77,,2.76,,89.22,8731502.0,,,
2018,12,PT. BPRS Jabal Tsur,Kab. Pasuruan,Provinsi Jawa Timur,620103,,,,,,,,,,,,,,,,,,,,,,,,,,,,,,,,,,,,-7.642622137527749,112.90214649056595
2018,12,PT Bank Perekonomian Rakyat Syariah Kedung Arto,Kota Semarang,Provinsi Jawa Tengah,620191,,,,,,,,,,,,,,,,,,,,,,,,,,,,,,,,,,,,-6.984249050778415,110.4263886103255
2018,12,PT Bank Perekonomian Rakyat Syariah Saruma Sejahtera Halmahera Selatan,Kab. Halmahera Selatan,Provinsi Maluku Utara,620182,22199068.0,9178769.0,0.0,247497.0,0.0,0.0,0.0,0.0,,0.0,,121548.0,11216362.0,1202805.0,104941.0,,17699.0,0.0,0.0,0.0,,,1208346.0,1225294.0,1540158.0,0.0,-359346.0,105.19,0.0,,-1.62,,74.79,11631327.0,,,
2018,12,PT BPRS Bumi Rinjani,Kota Batu,Provinsi Jawa Timur,620109,,,,,,,,,,,,,,,,,,,,,,,,,,,,,,,,,,,,-7.86392956395291,112.52576707537388
2018,12,PT Bank Perekonomian Rakyat Syariah Tanggamus (Perseroda),Kab. Tanggamus,Provinsi Lampung,620082,44781559.0,31602143.0,0.0,80039.0,0.0,0.0,0.0,0.0,,0.0,,1206970.0,21982968.0,2854700.0,832964.0,,232859.0,0.0,5425375.0,0.0,,,6619308.0,8109592.0,3722139.0,0.0,2345265.0,57.0,2.47,,7.7,,121.65,12820687.0,,-5.4369356106235,104.72189977284216
2018,12,PT Bank Perekonomian Rakyat Syariah Bhakti Sumekar Perseroda,Kab. Sumenep,Provinsi Jawa Timur,620085,,,,,,,,,,,,,,,,,,,,,,,,,,,,,,,,,,,,,
2018,12,PT Bank Perekonomian Rakyat Syariah Nurul Ikhwan,Kab. Polewali Mandar,Provinsi Sulawesi Barat,620045,335764.0,630214.0,0.0,0.0,19000.0,0.0,0.0,0.0,,0.0,,0.0,148926.0,0.0,591278.0,,16274.0,0.0,29049.0,0.0,,,78339.0,78339.0,128822.0,0.0,-58243.0,101.75,93.47,,-13.36,,435.93,242363.0,,-3.4069455429190376,119.31879018370128
2018,12,PT Bank Perekonomian Rakyat Syariah Alsalaam Amal Salman,Kota Depok,Provinsi Jawa Barat,620101,304324943.0,195153387.0,1282131.0,6723766.0,527982.0,0.0,8986800.0,3010821.0,,0.0,,17593607.0,35505882.0,203729329.0,4066932.0,,836560.0,0.0,9926848.0,0.0,,,39105595.0,56507875.0,32495755.0,0.0,4915697.0,14.51,2.87,,2.29,,75.07,57112642.0,,-6.416217509745828,106.80751636393872
2018,12,PT BPRS Taeh Baruah,Kab. Limapuluh Koto,Provinsi Sumatera Barat,620190,,,,,,,,,,,,,,,,,,,,,,,,,,,,,,,,,,,,,
2018,12,PT Bank Perekonomian Rakyat Syariah Danagung Syariah,Kab. Sleman,Provinsi D.I. Yogyakarta,620128,44565109.0,13248050.0,0.0,9198414.0,14180.0,0.0,0.0,3813154.0,,0.0,,2568247.0,221382.0,17099000.0,316634.0,,28377.0,0.0,18297602.0,222208.0,,,3993181.0,6822694.0,3062629.0,0.0,744281.0,21.54,14.33,,1.99,,102.45,16143048.0,,,
2018,12,PT Bank Perekonomian Rakyat Syariah Harta Insan Karimah Mitra Cahaya Indonesia,Kab. Sleman,Provinsi D.I. Yogyakarta,620133,87802565.0,47454108.0,0.0,4109978.0,0.0,0.0,91846.0,3093045.0,,0.0,,5510642.0,1466780.0,53052750.0,1060059.0,,89277.0,0.0,17557838.0,0.0,,,9003119.0,15862554.0,5651201.0,0.0,2791757.0,18.96,3.84,,4.53,,91.2,29701217.0,,,
2018,12,PT Bank Perekonomian Rakyat Syariah Khatulistiwa,Kab. Pasaman,Provinsi Sumatera Barat,620201,,,,,,,,,,,,,,,,,,,,,,,,,,,,,,,,,,,,,
2018,12,PT Bank Perekonomian Rakyat Syariah Way Kanan (Perseroda),Kab. Lampung Selatan,Provinsi Lampung,620157,62237173.0,5030061.0,0.0,37927443.0,1014653.0,0.0,0.0,300000.0,,0.0,,7860711.0,4977430.0,5968500.0,1670686.0,,496048.0,0.0,28939592.0,0.0,,,11162642.0,15442464.0,5991513.0,0.0,5126259.0,22.98,5.68,,8.22,,75.2,17851172.0,,,
2018,12,PT Bank Perekonomian Rakyat Syariah Alhijrah Amanah,Kota Depok,Provinsi Jawa Barat,620062,34689697.0,16245495.0,0.0,272633.0,123841.0,42757.0,0.0,2416169.0,,0.0,,12550575.0,55473.0,7106743.0,349791.0,,42476.0,0.0,12223862.0,0.0,,,2376253.0,3833944.0,1973581.0,0.0,327735.0,16.0,13.41,,1.52,,96.89,15092576.0,,-6.4012211998367325,106.81183657113324
2018,12,PT Bank Perekonomian Rakyat Syariah Ampek Angkek Candung,Kab. Agam,Provinsi Sumatera Barat,620071,53427180.0,31568572.0,0.0,0.0,0.0,8573.0,0.0,0.0,,0.0,,23529923.0,164445.0,21153350.0,1535959.0,,172536.0,0.0,2488321.0,0.0,,,6244448.0,7583836.0,5484214.0,0.0,614880.0,17.23,16.81,,1.45,,61.66,20330013.0,,,
2018,12,PT Bank Perekonomian Rakyat Syariah Formes Sleman,Kab. Sleman,Provinsi D.I. Yogyakarta,620136,36126237.0,22443794.0,0.0,1579735.0,450000.0,0.0,1010905.0,0.0,,0.0,,3199817.0,9503863.0,12142200.0,238429.0,,134194.0,0.0,5785524.0,277764.0,,,4253132.0,5379161.0,3451662.0,0.0,800010.0,18.17,5.32,,2.42,,102.57,8520944.0,,,
2018,12,PT Bank Perekonomian Rakyat Syariah Surya Sejati,Kab. Takalar,Provinsi Sulawesi Selatan,620031,2732106.0,1769691.0,0.0,0.0,0.0,0.0,0.0,0.0,,0.0,,0.0,453914.0,635000.0,59005.0,,835.0,0.0,529473.0,43129.0,,,666662.0,704509.0,658952.0,0.0,-7143.0,55.91,17.25,,0.0,,162.52,701333.0,,-5.431354763307175,119.44652127180228
2018,12,PT Bank Perekonomian Rakyat Syariah Albarokah,Kota Depok,Provinsi Jawa Barat,620053,14612198.0,10051237.0,0.0,0.0,54167.0,0.0,598000.0,758243.0,,0.0,,31914.0,1564185.0,8792671.0,785000.0,,25861.0,0.0,550500.0,0.0,,,2395667.0,3337012.0,1698769.0,0.0,815719.0,32.0,28.89,,6.0,,110.0,3374944.0,,-6.414286608555458,106.82408456386716
2018,12,PT BPRS Sungai PuaSyariah,Kab. Agam,Provinsi Sumatera Barat,620186,,,,,,,,,,,,,,,,,,,,,,,,,,,,,,,,,,,,,
2018,12,PT BPRS Guguk Mas Makmur,Kab. Limapuluh Koto,Provinsi Sumatera Barat,620194,,,,,,,,,,,,,,,,,,,,,,,,,,,,,,,,,,,,,
2018,12,PT Bank Perekonomian Rakyat Syariah Rajasa Lampung Tengah (Perseroda),Kab. Lampung Tengah,Provinsi Lampung,620129,37530790.0,3023610.0,0.0,24276740.0,37500.0,0.0,0.0,0.0,,0.0,,4972858.0,459257.0,4749000.0,823014.0,,134955.0,0.0,18390845.0,0.0,,,7445245.0,8831326.0,4915444.0,0.0,2075730.0,23.73,3.7,,7.46,,125.22,4665503.0,,,
2018,12,PT Bank Perekonomian Rakyat Syariah Lampung Barat (Perseroda),Kab. Lampung Barat,Provinsi Lampung,620175,32886855.0,9623718.0,0.0,16249161.0,0.0,0.0,0.0,0.0,,0.0,,1163402.0,1836497.0,8332000.0,221199.0,,168574.0,0.0,10547594.0,3764615.0,,,3865889.0,6061681.0,2358682.0,0.0,1428027.0,47.15,0.63,,4.47,,79.05,6469546.0,,,
2018,12,PT Bank Perekonomian Rakyat Syariah Cahaya Hidup,Kab. Sleman,Provinsi D.I. Yogyakarta,620163,27348717.0,19126706.0,0.0,361405.0,162500.0,0.0,0.0,1764099.0,,0.0,,659826.0,657247.0,15934423.0,319334.0,,106095.0,0.0,6434795.0,0.0,,,2255816.0,4099505.0,1685882.0,16105.0,544611.0,15.39,11.8,,2.27,,91.0,5493495.0,,,
2018,12,PT Bank Perekonomian Rakyat Syariah Carana Kiat Andalas,Kab. Agam,Provinsi Sumatera Barat,620064,18501695.0,15150291.0,0.0,0.0,10651.0,0.0,0.0,0.0,,0.0,,11441752.0,0.0,4397432.0,114390.0,,154198.0,0.0,15461.0,0.0,,,2231024.0,2509073.0,2106326.0,0.0,151069.0,19.67,22.67,,0.82,,77.17,2797728.0,,,
2018,12,PT Bank Perekonomian Rakyat Syariah Hasanah Mandiri,Kota Depok,Provinsi Jawa Barat,620006,78679570.0,64044912.0,581490.0,1332063.0,223217.0,0.0,765937.0,0.0,,0.0,,359418.0,7295649.0,57484320.0,1142644.0,,87932.0,0.0,7295277.0,0.0,,,8105164.0,13447798.0,4601679.0,0.0,3503485.0,13.15,2.06,,4.45,,116.46,3723475.0,,-6.40152714268215,106.8199776998472
2018,12,PT Bank Perekonomian Rakyat Syariah Dana Hidayatullah,Kota Yogyakarta,Provinsi D.I. Yogyakarta,620107,28403657.0,9646641.0,0.0,209010.0,94355.0,0.0,114713.0,10428639.0,,0.0,,1198447.0,5575689.0,11524500.0,247345.0,,18878.0,0.0,2841002.0,0.0,,,3141182.0,4398633.0,2319020.0,0.0,778661.0,36.08,16.33,,2.97,,76.02,7486465.0,,-7.805830145091572,110.3718318454461
2018,12,PT Bank Perekonomian Rakyat Syariah Barokah Dana Sejahtera,Kota Yogyakarta,Provinsi D.I. Yogyakarta,620115,115206430.0,30163221.0,0.0,2899334.0,333037.0,192597.0,67990.0,41919151.0,,0.0,,23041740.0,15308467.0,55545390.0,1418623.0,,340980.0,0.0,8927508.0,0.0,,,8705168.0,14507137.0,6192757.0,0.0,2319420.0,13.92,3.41,,2.73,,73.84,33181022.0,,-7.808951498748443,110.36881342877136
2018,12,PT BANK PEREKONOMIAN RAKYAT SYARIAH MASYARAKAT LINTAU BUO,Kab. Agam,Provinsi Sumatera Barat,620196,,,,,,,,,,,,,,,,,,,,,,,,,,,,,,,,,,,,,
2018,12,PT BPRS Berkah Amal Salman,Kota Bogor,Provinsi Jawa Barat,620001,,,,,,,,,,,,,,,,,,,,,,,,,,,,,,,,,,,,-6.918139601318028,107.60647461822626
2018,12,PT BPRS Berkah Amal Salman,Kota Bogor,Provinsi Jawa Barat,620001,,,,,,,,,,,,,,,,,,,,,,,,,,,,,,,,,,,,-6.600064385549815,106.7999819599572
2018,12,PT Bank Perekonomian Rakyat Syariah Amanah Rabbaniah,Kab. Bandung,Provinsi Jawa Barat,620002,,,,,,,,,,,,,,,,,,,,,,,11675245.0,16006126.0,7585399.0,50000.0,3251839.0,18.4,4.54,,2.91,,79.41,,,-6.981512329239818,107.54983972422548
2018,12,PT Bank Perekonomian Rakyat Syariah Amanah Ummah,Kab. Bogor,Provinsi Jawa Barat,620004,279052660.0,156127688.0,7317974.0,244248.0,3203990.0,1741403.0,333333.0,11900833.0,,0.0,,164621935.0,2874433.0,75167486.0,2651392.0,,2424804.0,0.0,6453517.0,0.0,,,27355769.0,33248758.0,18223657.0,592248.0,6978439.0,14.98,3.31,,3.65,,66.84,85944213.0,,-6.547796294132246,107.00834446079764
2018,12,PT Bank Perekonomian Rakyat Syariah Kabupaten Ngawi Perseroda,Kab. Ngawi,Provinsi Jawa Timur,620183,,,,,,,,,,,,,,,,,,,,,,,,,,,,,,,,,,,,-7.420451120596442,111.441830004461
2018,12,PT Bank Perekonomian Rakyat Syariah Hikmah Khazanah,Kota Surakarta/Solo,Provinsi Jawa Tengah,620171,113216997.0,83151553.0,0.0,1339700.0,0.0,0.0,1666667.0,2823000.0,,0.0,,12360450.0,2352499.0,48265900.0,1327622.0,,1878531.0,0.0,34217679.0,0.0,,,13634794.0,21011920.0,7997740.0,0.0,4332785.0,17.89,1.49,,5.77,,92.59,22847879.0,,-7.578734267499703,110.8209373266183
2018,12,PT Bank Perekonomian Rakyat Syariah Al Hijrah Thayibah,Kab. Malang,Provinsi Jawa Timur,620198,,,,,,,,,,,,,,,,,,,,,,,,,,,,,,,,,,,,-7.974001944706607,112.6341027425821
2018,12,PT Bank Perekonomian Rakyat Syariah Central Syariah Utama,Kota Surakarta/Solo,Provinsi Jawa Tengah,620137,26341036.0,17027894.0,0.0,2263639.0,276458.0,2001252.0,0.0,72276.0,,0.0,,1086087.0,71346.0,13085000.0,173417.0,,297224.0,0.0,8929190.0,0.0,,,2278820.0,4399636.0,2566534.0,0.0,-472081.0,13.85,9.52,,-1.79,,94.88,1681913.0,,-7.583455291786536,110.81861293442316
2018,12,PT Bank Perekonomian Rakyat Syariah Tulen Amanah,Kab. Lombok Tengah,Provinsi Nusa Tenggara Barat,620009,46882131.0,34901197.0,0.0,0.0,0.0,0.0,0.0,0.0,,0.0,,0.0,13160784.0,25927950.0,1891685.0,,57115.0,0.0,225295.0,0.0,,,3833645.0,7337316.0,2382386.0,0.0,1298547.0,18.5,22.15,,3.24,,99.9,9627287.0,,-8.70747522600701,116.25948057531416
2018,12,PT Bank Perekonomian Rakyat Syariah Dana Mulia,Kota Surakarta/Solo,Provinsi Jawa Tengah,620122,42627376.0,24114209.0,0.0,10126120.0,14500.0,0.0,0.0,763700.0,,0.0,,4482292.0,11133456.0,16935019.0,571772.0,,35769.0,0.0,6204595.0,0.0,,,3982341.0,6518594.0,3016030.0,13530.0,938645.0,11.17,9.17,,2.48,,93.09,6972925.0,,-7.5721076896369475,110.81636511954429
2018,12,PT. BPRS Muamalat Yotefa,Kab. Jayapura,Provinsi Papua,620067,,,,,,,,,,,,,,,,,,,,,,,,,,,,,,,,,,,,-2.550807165553799,140.48835142200244
2018,12,PT Bank Perekonomian Rakyat Syariah Al Ihsan,Kab. Bandung,Provinsi Jawa Barat,620044,12061004.0,6822304.0,0.0,976798.0,30200.0,0.0,0.0,5313.0,,0.0,,3446800.0,0.0,4593000.0,288247.0,,24444.0,0.0,2124105.0,13700.0,,,1861108.0,2504552.0,1474646.0,0.0,392475.0,21.13,11.4,,325.0,,77.27,4094162.0,,-6.971851712893827,107.5425031409888
2018,12,PT BPRS Bogor Tegar Beriman,Kab. Bogor,Provinsi Jawa Barat,620177,36039699.0,20476666.0,0.0,2836203.0,0.0,0.0,0.0,491486.0,,0.0,,1209364.0,1424799.0,13730000.0,1040271.0,,21496.0,0.0,1970775.0,0.0,,,,,,,,,,,,,,11550617.0,,-6.552632627212006,107.00079770326322
2018,12,PT BPRS Mojo Artho Kota Mojokerto Perseroda,Kota Mojokerto,Provinsi Jawa Timur,620160,135736091.0,95655406.0,0.0,1644608.0,2851837.0,1251499.0,90000.0,13510250.0,,0.0,,4476426.0,13987908.0,34685000.0,789872.0,,673747.0,0.0,64083415.0,0.0,,,12564284.0,20278156.0,9759198.0,42056.0,2513870.0,16.0,2.86,,1.85,,92.0,11080331.0,,-7.460555185064369,112.43110318032298
2018,12,PT Bank Perekonomian Rakyat Syariah Sampang Perseroda,Kab. Sampang,Provinsi Jawa Timur,620166,99091267.0,67182154.0,0.0,1311728.0,1672240.0,0.0,2849839.0,1460000.0,,0.0,,13910160.0,0.0,17754133.0,1489238.0,,225741.0,0.0,41229061.0,3472214.0,,,7101406.0,12898300.0,5454521.0,10000.0,1440233.0,27.81,19.98,,1.64,,235.2,20538041.0,,-7.177646641310815,113.22928610732424
2018,12,PT BPRS Bumi Rinjani Malang,Kota Malang,Provinsi Jawa Timur,620078,,,,,,,,,,,,,,,,,,,,,,,,,,,,,,,,,,,,-7.974100981138048,112.64136686861058
2018,12,PT. BPRS Asri Madani Nusantara,Kab. Jember,Provinsi Jawa Timur,620033,27072455.0,21650593.0,0.0,219125.0,222884.0,75000.0,154900.0,225000.0,,0.0,,20631.0,9899490.0,8365942.0,423962.0,,167704.0,0.0,5241384.0,249990.0,,,2508111.0,4246653.0,2528655.0,0.0,1367.0,14.55,3.87,,0.13,,86.71,3884746.0,,-8.154319698220284,113.71768742028424
2018,12,PT BPRS Bhakti Haji,Kab. Malang,Provinsi Jawa Timur,620048,,,,,,,,,,,,,,,,,,,,,,,,,,,,,,,,,,,,-7.991553338452736,112.64203778122696
2018,12,PT Bank Perekonomian Rakyat Syariah Madinah,Kab. Lamongan,Provinsi Jawa Timur,620139,23462196.0,11398755.0,0.0,0.0,0.0,0.0,0.0,5171450.0,,0.0,,916053.0,13085028.0,4824033.0,214728.0,,28318.0,0.0,981455.0,0.0,,,3371022.0,3920119.0,2662403.0,16783.0,654549.0,18.6,4.4,,3.73,,88.02,6573608.0,,-7.123303358568694,112.40966669736945
2018,12,PT. BPRS Rif'atul Ummah,Kab. Bogor,Provinsi Jawa Barat,620068,7695729.0,5271460.0,202055.0,0.0,738909.0,347923.0,0.0,98268.0,,0.0,,1729020.0,0.0,1459000.0,126755.0,,136700.0,0.0,3672948.0,16667.0,,,1084648.0,1525295.0,1057939.0,0.0,22470.0,14.0,10.82,,-33.33,,102.08,973540.0,,-6.544725297552011,107.0028264990046
2018,12,PT Bank Perekonomian Rakyat Syariah Artha Pamenang,Kab. Kediri,Provinsi Jawa Timur,620147,40659215.0,26803797.0,0.0,3727390.0,3917.0,0.0,0.0,0.0,,0.0,,1240382.0,3772117.0,29493609.0,424691.0,,249651.0,0.0,613167.0,0.0,,,7021168.0,9385521.0,5388346.0,32439.0,1549476.0,14.0,3.19,,4.75,,88.49,7035056.0,,-7.81422235884534,112.0257736866079
2018,12,PT Bank Perekonomian Rakyat Syariah Dana Amanah Surakarta,Kota Surakarta/Solo,Provinsi Jawa Tengah,620125,34898587.0,18668213.0,54464.0,6828577.0,0.0,0.0,148475.0,1128287.0,,0.0,,3206223.0,31297.0,13734375.0,280150.0,,36239.0,0.0,13497970.0,0.0,,,2853682.0,5079008.0,2063292.0,0.0,725825.0,16.0,11.3,,2.45,,158.07,7726542.0,,-7.582281788876442,110.82735174142871
2018,12,PT Bank Perekonomian Rakyat Syariah Investama Mega Bakti,Kota Makassar,Provinsi Sulawesi Selatan,620077,43827747.0,26699837.0,0.0,0.0,784166.0,0.0,2831292.0,8457066.0,,0.0,,42248.0,1932581.0,1712500.0,326420.0,,8221.0,0.0,1031347.0,35072212.0,,,2457837.0,6936688.0,2762261.0,0.0,-192343.0,12.09,10.62,,-0.44,,100.0,3818528.0,,-5.131381407363007,119.4094893372462
2018,12,PT Bank Perekonomian Rakyat Syariah Rahma Syariah,Kab. Kediri,Provinsi Jawa Timur,620150,7598154.0,2648199.0,0.0,85873.0,0.0,0.0,1061600.0,250000.0,,0.0,,2607178.0,0.0,2370600.0,56429.0,,24725.0,0.0,82011.0,0.0,,,891806.0,1071840.0,985821.0,0.0,-97979.0,67.9,11.04,,-1.5,,54.07,3439667.0,,-7.821654764489613,112.02781200727956
2018,12,PT. BPRS Jabal Nur Tebuireng,Kota Surabaya,Provinsi Jawa Timur,620114,31311715.0,20862154.0,0.0,149223.0,1527608.0,0.0,0.0,3022322.0,,0.0,,6654436.0,3184.0,9524700.0,769043.0,,72733.0,0.0,11977351.0,40416.0,,,1249932.0,2894242.0,3134920.0,0.0,-2040540.0,15.0,37.81,,-6.52,,90.85,2602987.0,,-7.253401930640896,112.73115332691698
2018,12,PT Bank Perekonomian Rakyat Syariah Amanah Sejahtera,Kab. Gresik,Provinsi Jawa Timur,620050,93082043.0,46757257.0,0.0,1112910.0,1765338.0,0.0,4378680.0,21118663.0,,0.0,,22769546.0,38766757.0,16480600.0,814796.0,,33649.0,0.0,4315706.0,0.0,,,12772071.0,14390711.0,12274427.0,11938.0,398556.0,14.08,0.94,,6.12,,96.3,10764260.0,,-7.171206060982263,112.65347308804564
2018,12,PT Bank Perekonomian Rakyat Syariah Bobato Lestari,Kota Tidore Kepulauan,Provinsi Maluku Utara,620179,13576928.0,6462915.0,0.0,0.0,0.0,0.0,788290.0,150000.0,,0.0,,32168.0,3186044.0,5853410.0,48506.0,,7567.0,0.0,187645.0,0.0,,,1592021.0,1999870.0,1184151.0,0.0,400515.0,82.99,0.0,,2.28,,56.62,5851642.0,,0.6690346107462076,127.44399032218512
2019,12,PT Bank Perekonomian Rakyat Syariah Fajar Sejahtera Bali,Kab. Badung,Provinsi Bali,620026,13406862.0,827293.0,0.0,4825061.0,0.0,0.0,3907500.0,474020.0,0.0,0.0,0.0,209790.0,5244561.0,4418000.0,332694.0,24125.0,119436.0,0.0,0.0,10000.0,0.0,0.0,1289020.0,1688233.0,1665461.0,0.0,20581.0,50.0,5.0,,-1.0,103.0,92.0,37.0,50.0,-8.645170567141806,115.27693679878858
2019,12,PT Bank Perekonomian Rakyat Syariah Muamalah Cilegon,Kota Cilegon,Provinsi Banten,620034,45824348.0,21246122.0,323072.0,1552456.0,288107.0,0.0,51980.0,2173017.0,0.0,0.0,0.0,21848898.0,1512943.0,12721400.0,208101.0,332214.0,111547.0,0.0,3100000.0,0.0,736533.0,0.0,5122952.0,6134186.0,4460596.0,32769.0,917457.0,41.64,6.09,,99.99,81.88,65.42,31.75,41.64,-6.013534007648159,106.0585828108812
2019,12,PT. BPRS Cilegon Mandiri,Kota Cilegon,Provinsi Banten,620080,115986443.0,75545988.0,411137.0,8655607.0,214242.0,0.0,0.0,16633283.0,0.0,0.0,689900.0,6071868.0,16013833.0,27014369.0,485882.0,195748.0,450932.0,0.0,0.0,0.0,1090227.0,0.0,11844624.0,13652000.0,12920024.0,15449.0,437998.0,68.43,7.72,,0.6,96.06,206.63,11.69,68.43,-6.0121840147933305,106.06249216016823
2019,12,PT BPRS Harta Insan Karimah,Kota Tangerang,Provinsi Banten,620012,591900232.0,226220622.0,0.0,56780603.0,454238.0,0.0,12999342.0,140530169.0,0.0,0.0,2259000.0,24831122.0,70529563.0,394759644.0,1843032.0,7519648.0,1244307.0,0.0,26379086.0,0.0,9898928.0,0.0,41734176.0,81113057.0,36134319.0,186903.0,5216594.0,13.33,13.06,,1.34,83.17,84.61,11.44,13.33,-6.168514895786671,106.6333010221693
2019,12,PT Bank Perekonomian Rakyat Syariah Musyarakah Ummat Indonesia,Kota Tangerang,Provinsi Banten,620007,17530098.0,9382861.0,0.0,3491424.0,110640.0,0.0,69100.0,603187.0,0.0,0.0,101555.0,973125.0,641068.0,8791174.0,74958.0,460258.0,21942.0,0.0,5625000.0,0.0,101709.0,0.0,1782270.0,3158680.0,1856165.0,0.0,77095.0,15.94,8.98,,0.53,94.2,131.3,31.2,15.94,-6.17429154031784,106.64290706543798
2019,12,PT Bank Perekonomian Rakyat Syariah Rizky Barokah,Kota Tangerang Selatan,Provinsi Banten,620199,,,,,,,,,,,,,,,,,,,,,,,,,,,,,,,,,,,,-6.320385744555436,106.69864713138224
2019,12,PT Bank Perekonomian Rakyat Syariah Muamalat Harkat,Kab. Seluma,Provinsi Bengkulu,620052,54970488.0,43583560.0,0.0,10000.0,0.0,0.0,0.0,0.0,0.0,0.0,0.0,6203911.0,14259366.0,19828500.0,242457.0,363126.0,65519.0,0.0,7263676.0,0.0,457366.0,0.0,6439029.0,8916904.0,5030368.0,49949.0,1533374.0,14.6,10.63,,4.23,71.63,81.21,25.8,14.6,,
2019,12,PT Bank Perekonomian Rakyat Syariah Fadhilah Kota Bengkulu (Perseroda),Kota Bengkulu,Provinsi Bengkulu,620184,,,,,,,,,,,,,,,,,,,,,,,,,,,,,,,,,,,,-3.798786993847248,102.26066774117557
2019,12,PT Bank Perekonomian Rakyat Syariah Maslahat Dana Syariah Nusantara,Kota Bengkulu,Provinsi Bengkulu,620181,19014578.0,14226146.0,0.0,1455522.0,0.0,0.0,0.0,0.0,0.0,0.0,1775000.0,2527219.0,0.0,10967500.0,62274.0,1606703.0,136864.0,0.0,10690.0,0.0,32395.0,0.0,1415497.0,2355181.0,6187250.0,0.0,-504144.0,41.23,26.16,,-0.59,88.21,116.0,48.0,41.23,-3.791547736340278,102.2560829253008
2019,12,PT. BPRS Safir,Kota Bengkulu,Provinsi Bengkulu,620090,,,,,,,,,,,,,,,,,,,,,,,,,,,,,,,,,,,,-3.8005555705877825,102.2529282154658
2019,12,PT Bank Perekonomian Rakyat Syariah Bangun Drajat Warga,Kab. Bantul,Provinsi D.I. Yogyakarta,620018,146653285.0,56919928.0,0.0,706379.0,0.0,56035.0,21262996.0,7147173.0,0.0,0.0,810181.0,70756046.0,25642435.0,26836995.0,527642.0,815287.0,64663.0,0.0,2024852.0,0.0,6744259.0,0.0,9117833.0,11382021.0,6070580.0,82680.0,2625507.0,34.17,7.49,,2.42,65.68,70.76,42.89,34.17,-6.162883175978525,106.8097490702202
2019,12,PT Bank Perekonomian Rakyat Syariah Madina Mandiri Sejahtera,Kab. Bantul,Provinsi D.I. Yogyakarta,620118,85901668.0,65861900.0,0.0,1557817.0,0.0,0.0,3157763.0,5606529.0,0.0,0.0,855693.0,6181131.0,1664177.0,48489500.0,336522.0,975999.0,1594752.0,0.0,18779052.0,0.0,682722.0,0.0,6373502.0,12904713.0,5863502.0,0.0,2832871.0,21.0,10.5,,3.65,90.35,99.32,43.56,21.0,-6.160825160234478,106.80699763980014
2019,12,PT Bank Perekonomian Rakyat Syariah Margirizki Bahagia,Kab. Bantul,Provinsi D.I. Yogyakarta,620017,58007818.0,19503033.0,0.0,0.0,0.0,0.0,37297.0,10748785.0,0.0,0.0,84200.0,7576694.0,5319000.0,29298250.0,275497.0,823177.0,23466.0,0.0,7608973.0,0.0,671012.0,0.0,3425551.0,6541644.0,2608569.0,0.0,1451646.0,22.26,13.12,,3.05,61.74,60.82,115.23,22.26,-6.173931205857998,106.82055050685378
2019,12,PT Bank Perekonomian Rakyat Syariah Cahaya Hidup,Kab. Sleman,Provinsi D.I. Yogyakarta,620163,33308400.0,23936603.0,0.0,543090.0,0.0,0.0,0.0,402937.0,0.0,0.0,0.0,2276507.0,1059611.0,16263646.0,86426.0,588576.0,215745.0,0.0,9245587.0,0.0,156283.0,0.0,2336948.0,4424097.0,1987617.0,16275.0,534690.0,16.27,12.41,,1.82,85.05,86.26,28.36,16.27,,
2019,12,PT Bank Perekonomian Rakyat Syariah Danagung Syariah,Kab. Sleman,Provinsi D.I. Yogyakarta,620128,49838855.0,14474659.0,0.0,10844805.0,14112.0,0.0,0.0,3045795.0,0.0,0.0,0.0,2409111.0,176939.0,17861750.0,156663.0,64816.0,56893.0,0.0,22193945.0,0.0,720665.0,0.0,2784473.0,5854180.0,3316374.0,0.0,291259.0,,24.62,,0.69,105.98,143.57,8.0,,,
2019,12,PT Bank Perekonomian Rakyat Syariah Formes Sleman,Kab. Sleman,Provinsi D.I. Yogyakarta,620136,43715271.0,24128696.0,0.0,1284638.0,520000.0,0.0,1884986.0,742938.0,0.0,0.0,1112453.0,6187301.0,0.0,0.0,172378.0,604706.0,225955.0,0.0,10758722.0,0.0,123068.0,19536942.0,2598289.0,3686701.0,2980336.0,0.0,43410.0,67.32,3.45,,50.21,116.73,110.52,41.88,67.32,,
2019,12,PT Bank Perekonomian Rakyat Syariah Harta Insan Karimah Mitra Cahaya Indonesia,Kab. Sleman,Provinsi D.I. Yogyakarta,620133,159142538.0,63114289.0,0.0,2383855.0,0.0,0.0,271705.0,6505634.0,0.0,0.0,1200173.0,8728766.0,5957586.0,94739792.0,768204.0,745691.0,398826.0,0.0,0.0,26527778.0,819663.0,0.0,10268923.0,18918917.0,7176036.0,0.0,3330410.0,29.34,3.21,,4.04,63.67,70.0,122.5,29.34,,
2019,12,PT Bank Perekonomian Rakyat Syariah Mitra Amal Mulia,Kab. Sleman,Provinsi D.I. Yogyakarta,620117,56493905.0,38470072.0,0.0,1414864.0,142234.0,0.0,151085.0,241040.0,0.0,0.0,0.0,3167485.0,1515324.0,28920000.0,156857.0,569244.0,28193.0,0.0,2589925.0,2388879.0,828128.0,10022507.0,4704231.0,8267475.0,4329238.0,11935.0,473879.0,15.68,6.68,,0.64,91.22,90.28,21.73,15.68,,
2019,12,PT Bank Perekonomian Rakyat Syariah Sleman (Perseroda),Kab. Sleman,Provinsi D.I. Yogyakarta,620193,,,,,,,,,,,,,,,,,,,,,,,,,,,,,,,,,,,,,
2019,12,PT Bank Perekonomian Rakyat Syariah Barokah Dana Sejahtera,Kota Yogyakarta,Provinsi D.I. Yogyakarta,620115,136115888.0,38162439.0,192482.0,3353848.0,193207.0,14827.0,62562.0,49697653.0,0.0,0.0,2791700.0,25355638.0,19179405.0,64839015.0,472810.0,1059508.0,511061.0,0.0,8071355.0,3749656.0,309714.0,0.0,9758280.0,16314597.0,7353322.0,0.0,2690147.0,0.21,0.04,,0.03,0.72,0.84,0.24,0.21,-7.808951498748443,110.36881342877136
2019,12,PT Bank Perekonomian Rakyat Syariah Dana Hidayatullah,Kota Yogyakarta,Provinsi D.I. Yogyakarta,620107,26006558.0,8778206.0,0.0,119049.0,100700.0,0.0,80515.0,9140554.0,0.0,0.0,0.0,1261908.0,5750964.0,8970500.0,78838.0,212214.0,67718.0,0.0,0.0,0.0,65902.0,2180542.0,2886512.0,4016091.0,2480510.0,0.0,1086811.0,42.02,8.2,,4.05,69.07,73.91,27.62,42.02,-7.805830145091572,110.3718318454461
2019,12,PT Bank Perekonomian Rakyat Syariah Mitra Harmoni Yogyakarta,Kota Yogyakarta,Provinsi D.I. Yogyakarta,620149,72656091.0,52789559.0,0.0,548256.0,0.0,0.0,6041700.0,0.0,0.0,0.0,0.0,4593374.0,10447660.0,34132380.0,225516.0,220353.0,219936.0,0.0,14205385.0,0.0,412265.0,0.0,5291390.0,10839360.0,5574381.0,0.0,961962.0,15.69,8.5,,1.66,90.48,94.33,60.53,15.69,-7.803051873506947,110.36402782968446
2019,12,PT Bank Perekonomian Rakyat Syariah Unisia Insan Indonesia,Kota Yogyakarta,Provinsi D.I. Yogyakarta,620178,69054149.0,29986162.0,4573.0,227779.0,0.0,0.0,8738817.0,2379211.0,0.0,0.0,0.0,10257711.0,7924918.0,34143250.0,339277.0,0.0,217367.0,0.0,6500000.0,0.0,348225.0,0.0,4071756.0,6688070.0,3625422.0,0.0,751400.0,21.29,,,1.64,90.82,79.02,30.92,21.29,-7.811119305839534,110.36108720090904
2019,12,PT BPRS Hidayah,Wil. Kota Jakarta Barat,Provinsi DKI Jakarta,620119,,,,,,,,,,,,,,,,,,,,,,,,,,,,,,,,,,,,,
2019,12,PT Bank Perekonomian Rakyat Syariah Hijra Alami,Wil. Kota Jakarta Selatan,Provinsi DKI Jakarta,620138,16527505.0,6235103.0,0.0,699386.0,66000.0,0.0,0.0,2635050.0,0.0,0.0,0.0,1002104.0,392982.0,10063032.0,66782.0,143705.0,107731.0,0.0,2514680.0,0.0,154435.0,0.0,1527326.0,2631345.0,2263161.0,0.0,-638468.0,37.01,15.75,,2.0,75.95,60.03,22.76,37.01,,
2019,12,PT Bank Perekonomian Rakyat Syariah Al Ihsan,Kab. Bandung,Provinsi Jawa Barat,620044,15028969.0,7393379.0,0.0,1308536.0,77800.0,0.0,0.0,5313.0,0.0,0.0,170750.0,3375565.0,0.0,5726000.0,28465.0,267061.0,54107.0,0.0,3600000.0,0.0,28372.0,0.0,1875450.0,2623332.0,1675831.0,0.0,404753.0,21.95,9.54,,2.69,61.45,64.39,47.41,21.95,-6.971851712893827,107.5425031409888
2019,12,PT Bank Perekonomian Rakyat Syariah Almasoem,Kab. Bandung,Provinsi Jawa Barat,620027,217915.0,151472.0,0.0,7101.0,18206.0,0.0,0.0,5969.0,0.0,0.0,535.0,66865.0,3340.0,106462.0,903.0,2300.0,2007.0,0.0,15572.0,0.0,4478.0,0.0,19677.0,30894.0,17291.0,0.0,3546.0,,10.99,,2.36,86.05,95.14,10.29,,-6.97009496632967,107.54174350568084
2019,12,PT Bank Perekonomian Rakyat Syariah Amanah Rabbaniah,Kab. Bandung,Provinsi Jawa Barat,620002,92447918.0,46967894.0,0.0,14669241.0,391051.0,0.0,0.0,775612.0,0.0,0.0,76952.0,30202675.0,4165423.0,38977550.0,319750.0,1038434.0,441762.0,0.0,1000000.0,4908870.0,1791317.0,0.0,11305149.0,15974498.0,8028448.0,48000.0,4005111.0,18.11,0.2,,3.67,48.97,99.69,15.42,18.11,-6.981512329239818,107.54983972422548
2019,12,PT Bank Perekonomian Rakyat Syariah Harta Insan Karimah Parahyangan,Kab. Bandung,Provinsi Jawa Barat,620054,1402051289.0,1038513244.0,0.0,1413780.0,2225303.0,0.0,647991.0,33461352.0,0.0,0.0,1082988.0,160060470.0,0.0,0.0,6675884.0,13632399.0,16960524.0,0.0,0.0,388175532.0,0.0,677670038.0,157589095.0,258742103.0,103212106.0,1462500.0,42321485.0,16.37,1.35,,4.68,77.75,87.79,49.19,16.37,-6.965455511896712,107.55659356508802
2019,12,PT Bank Perekonomian Rakyat Syariah Amanah Insani,Kab. Bekasi,Provinsi Jawa Barat,620066,64834.0,34236.0,0.0,0.0,584.0,0.0,347.0,0.0,0.0,0.0,0.0,25356.0,0.0,27997.0,356.0,0.0,1521.0,0.0,0.0,0.0,1341.0,0.0,5555.0,8392.0,31159.0,556.0,-19584.0,25.0,22.16,,,230.0,66.0,49.0,25.0,-6.204349585324721,107.17320288461552
2019,12,PT BPRS Bogor Tegar Beriman,Kab. Bogor,Provinsi Jawa Barat,620177,51392786.0,26760647.0,0.0,2549720.0,0.0,0.0,1447144.0,2271620.0,0.0,0.0,350000.0,588638.0,0.0,0.0,219009.0,1275417.0,41143.0,0.0,50348.0,0.0,677088.0,31399023.0,4965950.0,7072529.0,5386212.0,0.0,958401.0,54.5,11.65,,1.99,87.89,63.31,43.99,54.5,-6.552632627212006,107.00079770326322
2019,12,PT Bank Perekonomian Rakyat Syariah Amanah Ummah,Kab. Bogor,Provinsi Jawa Barat,620004,300204306.0,191444356.0,6749376.0,322801.0,3925584.0,0.0,1300000.0,10264289.0,0.0,0.0,0.0,166321104.0,2883049.0,84629186.0,1401807.0,1484995.0,2682959.0,0.0,9329461.0,0.0,588356.0,0.0,30262871.0,36656873.0,22115329.0,713500.0,7090683.0,26.66,1.28,,3.31,71.71,73.6,20.82,26.66,-6.547796294132246,107.00834446079764
2019,12,PT Bank Perekonomian Rakyat Syariah Botani Bina Rahmah,Kab. Bogor,Provinsi Jawa Barat,620061,18751251.0,13000874.0,0.0,1500961.0,1196400.0,0.0,130000.0,0.0,0.0,0.0,0.0,5733713.0,0.0,10683500.0,84695.0,475198.0,19846.0,0.0,100275.0,0.0,278450.0,0.0,1844677.0,2537697.0,2028980.0,0.0,540638.0,15.81,6.58,,1.97,6.11,128.36,24.31,15.81,-6.546441998522415,106.99684935942706
2019,12,PT Bank Perekonomian Rakyat Syariah Harta Insan Karimah Insan Cita,Kab. Bogor,Provinsi Jawa Barat,620069,113080938.0,72389994.0,0.0,4236276.0,493372.0,0.0,1670725.0,7465237.0,0.0,0.0,0.0,15259416.0,2629095.0,35761052.0,636367.0,399353.0,1173326.0,0.0,33500010.0,13272889.0,621170.0,0.0,8998509.0,15849372.0,7764268.0,0.0,2095312.0,13.53,2.11,,2.31,74.18,89.35,81.35,13.53,-6.539331604489986,107.00639936483655
2019,12,PT. BPRS Rif'atul Ummah,Kab. Bogor,Provinsi Jawa Barat,620068,8764790.0,6251988.0,192550.0,576901.0,712590.0,0.0,0.0,294573.0,0.0,0.0,74421.0,1938847.0,0.0,2141400.0,37685.0,15335.0,149876.0,0.0,3084807.0,0.0,129276.0,0.0,1221814.0,1670467.0,995275.0,0.0,639190.0,18.81,9.52,,-21.7,57.6,112.0,22.55,18.81,-6.544725297552011,107.0028264990046
2019,12,PT Bank Perekonomian Rakyat Syariah Gaido Indonesia,Kab. Cianjur,Provinsi Jawa Barat,620043,16790766.0,11032598.0,0.0,2100510.0,110785.0,0.0,0.0,0.0,0.0,0.0,0.0,3939378.0,1233440.0,6774000.0,68011.0,148849.0,281554.0,0.0,0.0,0.0,0.0,3633543.0,1451948.0,2184247.0,2348873.0,0.0,296805.0,12.46,11.93,,1.77,105.56,89.56,10.11,12.46,-6.563150818639635,106.73146469181188
2019,12,PT Bank Perekonomian Rakyat Syariah Harum Hikmahnugraha,Kab. Garut,Provinsi Jawa Barat,620029,73167806.0,44112085.0,0.0,136979.0,1060700.0,0.0,0.0,0.0,0.0,0.0,0.0,22351278.0,0.0,0.0,162048.0,215085.0,199351.0,0.0,0.0,0.0,493830.0,39574356.0,6576639.0,10506250.0,5659311.0,0.0,763993.0,31.59,3.27,,0.55,46.55,160.54,42.63,31.59,-7.201021164642222,107.90284024114014
2019,12,PT Bank Perekonomian Rakyat Syariah PNM Mentari,Kab. Garut,Provinsi Jawa Barat,620008,86270745.0,59427640.0,0.0,12086027.0,3230139.0,0.0,0.0,1490590.0,0.0,0.0,0.0,5294318.0,11524408.0,33382542.0,342510.0,372200.0,311043.0,0.0,20400000.0,3224678.0,1531256.0,0.0,9219545.0,14908494.0,7539227.0,0.0,2301254.0,16.77,6.39,,3.62,82.17,91.55,14.22,16.77,-7.195611181584734,107.90948097277126
2019,12,PT. BPRS Gotong Royong,Kab. Subang,Provinsi Jawa Barat,620172,12789350.0,6892622.0,0.0,617916.0,56483.0,0.0,0.0,3552706.0,0.0,0.0,0.0,1469372.0,0.0,0.0,32122.0,1283000.0,63049.0,0.0,0.0,0.0,38132.0,10779019.0,171948.0,1215751.0,2726693.0,0.0,-2363894.0,7.01,53.66,,-18.41,266.3,90.79,20.91,7.01,-6.553534544317955,107.7543397767086
2019,12,PT. BPRS Gotong Royong,Kab. Subang,Provinsi Jawa Barat,620172,12789350.0,6892622.0,0.0,617916.0,56483.0,0.0,0.0,3552706.0,0.0,0.0,0.0,1469372.0,0.0,0.0,32122.0,1283000.0,63049.0,0.0,0.0,0.0,38132.0,10779019.0,171948.0,1215751.0,2726693.0,0.0,-2363894.0,7.01,53.66,,-18.41,266.3,90.79,20.91,7.01,-6.916774443100237,106.9293590384548
2019,12,PT BPRS Berkah Amal Salman,Kota Bandung,Provinsi Jawa Barat,620001,,,,,,,,,,,,,,,,,,,,,,,,,,,,,,,,,,,,-6.918139601318028,107.60647461822626
2019,12,PT BPRS Berkah Amal Salman,Kota Bandung,Provinsi Jawa Barat,620001,,,,,,,,,,,,,,,,,,,,,,,,,,,,,,,,,,,,-6.600064385549815,106.7999819599572
2019,12,PT Bank Perekonomian Rakyat Syariah Baiturridha Pusaka,Kota Bandung,Provinsi Jawa Barat,620011,116339067.0,17767201.0,0.0,67061868.0,0.0,0.0,600000.0,3170000.0,0.0,0.0,263544.0,12165901.0,15203078.0,38578994.0,549589.0,708947.0,219370.0,0.0,4300000.0,23455822.0,3214457.0,0.0,19456484.0,23593294.0,12848159.0,199084.0,6009422.0,18.61,1.74,,7.46,71.01,83.47,11.35,18.61,-6.926057921061269,107.60382508821964
2019,12,PT Bank Perekonomian Rakyat Syariah Baiturridha Pusaka,Kota Bandung,Provinsi Jawa Barat,620011,116339067.0,17767201.0,0.0,67061868.0,0.0,0.0,600000.0,3170000.0,0.0,0.0,263544.0,12165901.0,15203078.0,38578994.0,549589.0,708947.0,219370.0,0.0,4300000.0,23455822.0,3214457.0,0.0,19456484.0,23593294.0,12848159.0,199084.0,6009422.0,18.61,1.74,,7.46,71.01,83.47,11.35,18.61,-6.5950591985824625,106.79485467015364
2019,12,PT Bank Perekonomian Rakyat Syariah Mitra Harmoni Kota Bandung,Kota Bandung,Provinsi Jawa Barat,620161,24486169.0,17604958.0,0.0,661306.0,0.0,0.0,0.0,0.0,0.0,0.0,857835.0,1602209.0,617439.0,9719956.0,74275.0,90193.0,329089.0,0.0,6086442.0,0.0,65609.0,0.0,2779134.0,4155569.0,3518820.0,0.0,-177586.0,32.0,21.0,,-1.0,104.0,76.0,36.0,32.0,-6.930306124913997,107.60122007641682
2019,12,PT Bank Perekonomian Rakyat Syariah Mitra Harmoni Kota Bandung,Kota Bandung,Provinsi Jawa Barat,620161,24486169.0,17604958.0,0.0,661306.0,0.0,0.0,0.0,0.0,0.0,0.0,857835.0,1602209.0,617439.0,9719956.0,74275.0,90193.0,329089.0,0.0,6086442.0,0.0,65609.0,0.0,2779134.0,4155569.0,3518820.0,0.0,-177586.0,32.0,21.0,,-1.0,104.0,76.0,36.0,32.0,-6.605274910968337,106.787676963878
2019,12,PT BANK PEREKONOMIAN RAKYAT ARTHA MADANI,Kota Bekasi,Provinsi Jawa Barat,620088,183358445.0,94753051.0,0.0,2913631.0,226858.0,0.0,0.0,13563992.0,0.0,0.0,2240638.0,20567944.0,1036394.0,71878000.0,489447.0,3492240.0,1711503.0,0.0,69929533.0,0.0,798695.0,0.0,16168166.0,29857610.0,16661619.0,0.0,1670812.0,,3.74,,0.91,94.79,74.1,62.01,,-6.235802486784483,106.99167237097036
2019,12,PT Bank Perekonomian Rakyat Syariah Harta Insan Karimah Bekasi,Kota Bekasi,Provinsi Jawa Barat,620015,380976328.0,197572322.0,0.0,71400815.0,136397.0,0.0,10617968.0,34280488.0,0.0,0.0,5936389.0,40808346.0,1227391.0,225112851.0,1574984.0,4631913.0,465918.0,0.0,77491601.0,0.0,5584836.0,0.0,30341966.0,53392480.0,42052408.0,165000.0,-828771.0,11.0,11.54,,,107.0,93.0,55.0,11.0,-6.237084227639964,106.9866402479551
2019,12,PT Bank Perekonomian Rakyat Syariah Harta Insan Karimah Cibitung,Kota Bekasi,Provinsi Jawa Barat,620020,542848487.0,227342418.0,0.0,130607745.0,1333.0,0.0,6358146.0,51685492.0,0.0,0.0,0.0,55957059.0,5070085.0,183346058.0,2632417.0,2998231.0,7926747.0,0.0,61490000.0,159854037.0,11894042.0,0.0,62532143.0,97754157.0,37924017.0,748949.0,21412990.0,16.15,0.86,,6.81,55.75,90.4,48.99,16.15,-6.225695831277773,106.98845203769474
2019,12,PT Bank Perekonomian Rakyat Syariah Patriot Bekasi Perseroda,Kota Bekasi,Provinsi Jawa Barat,620108,258646752.0,133603648.0,0.0,9353641.0,2214035.0,0.0,0.0,52964576.0,0.0,0.0,0.0,31040250.0,1403115.0,83351734.0,2269849.0,2634172.0,1095181.0,0.0,26200000.0,50828508.0,20945566.0,0.0,31229505.0,40986415.0,22661300.0,0.0,6781018.0,22.68,-0.23,,4.38,77.99,102.76,12.11,22.68,-6.2278728540382104,107.00170463692426
2019,12,PT Bank Perekonomian Rakyat Syariah Riyal Irsyadi,Kota Bekasi,Provinsi Jawa Barat,620005,44790819.0,19372393.0,0.0,0.0,1800.0,0.0,0.0,4466059.0,0.0,0.0,654000.0,7587113.0,18644.0,27317780.0,166450.0,752069.0,153096.0,0.0,4883754.0,18509.0,393017.0,0.0,2603666.0,5577865.0,8327716.0,0.0,-3924435.0,21.31,36.01,,-10.28,-0.27,63.37,33.37,21.31,-6.225147459974553,106.99631349110932
2019,12,PT BPRS Berkah Amal Salman,Kota Bogor,Provinsi Jawa Barat,620001,,,,,,,,,,,,,,,,,,,,,,,,,,,,,,,,,,,,-6.918139601318028,107.60647461822626
2019,12,PT BPRS Berkah Amal Salman,Kota Bogor,Provinsi Jawa Barat,620001,,,,,,,,,,,,,,,,,,,,,,,,,,,,,,,,,,,,-6.600064385549815,106.7999819599572
2019,12,PT Bank Perekonomian Rakyat Syariah Baiturridha Pusaka,Kota Bogor,Provinsi Jawa Barat,620011,116339067.0,17767201.0,0.0,67061868.0,0.0,0.0,600000.0,3170000.0,0.0,0.0,263544.0,12165901.0,15203078.0,38578994.0,549589.0,708947.0,219370.0,0.0,4300000.0,23455822.0,3214457.0,0.0,19456484.0,23593294.0,12848159.0,199084.0,6009422.0,18.61,1.74,,7.46,71.01,83.47,11.35,18.61,-6.926057921061269,107.60382508821964
2019,12,PT Bank Perekonomian Rakyat Syariah Baiturridha Pusaka,Kota Bogor,Provinsi Jawa Barat,620011,116339067.0,17767201.0,0.0,67061868.0,0.0,0.0,600000.0,3170000.0,0.0,0.0,263544.0,12165901.0,15203078.0,38578994.0,549589.0,708947.0,219370.0,0.0,4300000.0,23455822.0,3214457.0,0.0,19456484.0,23593294.0,12848159.0,199084.0,6009422.0,18.61,1.74,,7.46,71.01,83.47,11.35,18.61,-6.5950591985824625,106.79485467015364
2019,12,PT Bank Perekonomian Rakyat Syariah Mitra Harmoni Kota Bandung,Kota Bogor,Provinsi Jawa Barat,620161,24486169.0,17604958.0,0.0,661306.0,0.0,0.0,0.0,0.0,0.0,0.0,857835.0,1602209.0,617439.0,9719956.0,74275.0,90193.0,329089.0,0.0,6086442.0,0.0,65609.0,0.0,2779134.0,4155569.0,3518820.0,0.0,-177586.0,32.0,21.0,,-1.0,104.0,76.0,36.0,32.0,-6.930306124913997,107.60122007641682
2019,12,PT Bank Perekonomian Rakyat Syariah Mitra Harmoni Kota Bandung,Kota Bogor,Provinsi Jawa Barat,620161,24486169.0,17604958.0,0.0,661306.0,0.0,0.0,0.0,0.0,0.0,0.0,857835.0,1602209.0,617439.0,9719956.0,74275.0,90193.0,329089.0,0.0,6086442.0,0.0,65609.0,0.0,2779134.0,4155569.0,3518820.0,0.0,-177586.0,32.0,21.0,,-1.0,104.0,76.0,36.0,32.0,-6.605274910968337,106.787676963878
2019,12,PT BPRS SHADIQ AMANAH,Kota Cimahi,Provinsi Jawa Barat,620019,,,,,,,,,,,,,,,,,,,,,,,,,,,,,,,,,,,,-6.863473787610629,107.53563110990164
2019,12,PT Bank Perekonomian Rakyat Syariah Daarul Hayat,Kota Cimahi,Provinsi Jawa Barat,620035,13671084.0,6052113.0,0.0,647270.0,571438.0,0.0,323833.0,1117655.0,0.0,0.0,144375.0,4176881.0,2689893.0,5686474.0,57172.0,35979.0,12316.0,0.0,0.0,103017.0,12262.0,0.0,994450.0,1333937.0,1321732.0,0.0,24210.0,18.82,7.98,,0.21,98.59,69.4,29.44,18.82,-6.867341948596262,107.55153148405364
2019,12,PT Bank Perekonomian Rakyat Syariah Albarokah,Kota Depok,Provinsi Jawa Barat,620053,14723056.0,7711756.0,0.0,704218.0,27333.0,0.0,341393.0,1651950.0,0.0,0.0,199967.0,16091.0,1409730.0,9104254.0,40000.0,31500.0,18564.0,0.0,0.0,0.0,226984.0,0.0,1952623.0,2806981.0,1979133.0,0.0,300366.0,56.94,15.49,,2.1,74.91,81.58,19.54,56.94,-6.414286608555458,106.82408456386716
2019,12,PT Bank Perekonomian Rakyat Syariah Alhijrah Amanah,Kota Depok,Provinsi Jawa Barat,620062,31853933.0,17605251.0,0.0,1822976.0,168477.0,0.0,0.0,6049330.0,0.0,0.0,549648.0,4253055.0,0.0,0.0,97078.0,643480.0,274242.0,0.0,0.0,0.0,174900.0,24338208.0,2685295.0,4546842.0,3114326.0,0.0,102959.0,13.47,8.59,,0.27,98.7,89.77,24.65,13.47,-6.4012211998367325,106.81183657113324
2019,12,PT Bank Perekonomian Rakyat Syariah Alsalaam Amal Salman,Kota Depok,Provinsi Jawa Barat,620101,339600062.0,217207149.0,3513227.0,6901838.0,474975.0,0.0,10446030.0,3955385.0,0.0,0.0,0.0,18827170.0,0.0,0.0,1422203.0,3401414.0,1109220.0,0.0,0.0,0.0,7546876.0,271351943.0,44072365.0,62723467.0,37155316.0,0.0,5576809.0,20.0,3.53,,2.31,82.5,83.57,6.22,20.0,-6.416217509745828,106.80751636393872
2019,12,PT Bank Perekonomian Rakyat Syariah Hasanah Mandiri,Kota Depok,Provinsi Jawa Barat,620006,93866489.0,69488745.0,3381045.0,7181892.0,723125.0,0.0,1713758.0,0.0,0.0,0.0,0.0,728486.0,4978058.0,51236757.0,397597.0,959214.0,87419.0,0.0,16250326.0,3316748.0,3332427.0,0.0,6200099.0,12449053.0,5618720.0,0.0,3901114.0,31.25,4.32,,4.09,77.2,144.86,12.25,31.25,-6.40152714268215,106.8199776998472
2019,12,PT. BPRS Gotong Royong,Kota Sukabumi,Provinsi Jawa Barat,620172,12789350.0,6892622.0,0.0,617916.0,56483.0,0.0,0.0,3552706.0,0.0,0.0,0.0,1469372.0,0.0,0.0,32122.0,1283000.0,63049.0,0.0,0.0,0.0,38132.0,10779019.0,171948.0,1215751.0,2726693.0,0.0,-2363894.0,7.01,53.66,,-18.41,266.3,90.79,20.91,7.01,-6.553534544317955,107.7543397767086
2019,12,PT. BPRS Gotong Royong,Kota Sukabumi,Provinsi Jawa Barat,620172,12789350.0,6892622.0,0.0,617916.0,56483.0,0.0,0.0,3552706.0,0.0,0.0,0.0,1469372.0,0.0,0.0,32122.0,1283000.0,63049.0,0.0,0.0,0.0,38132.0,10779019.0,171948.0,1215751.0,2726693.0,0.0,-2363894.0,7.01,53.66,,-18.41,266.3,90.79,20.91,7.01,-6.916774443100237,106.9293590384548
2019,12,PT Bank Perekonomian Rakyat Syariah Almadinah Tasikmalaya Perseroda,Kota Tasikmalaya,Provinsi Jawa Barat,620156,33310124.0,25503479.0,0.0,1020422.0,621341.0,0.0,0.0,417193.0,0.0,0.0,0.0,5079952.0,7671194.0,6911750.0,152527.0,158440.0,21139.0,0.0,2300000.0,0.0,444999.0,0.0,3746360.0,4738452.0,3497077.0,0.0,1013256.0,47.51,9.86,,3.13,74.5,140.17,25.16,47.51,-7.3283420052585,108.22977779026246
2019,12,PT Bank Perekonomian Rakyat Syariah Alwadiah,Kota Tasikmalaya,Provinsi Jawa Barat,620037,45152711.0,34386445.0,0.0,0.0,0.0,0.0,23862.0,1795000.0,0.0,0.0,0.0,1617645.0,0.0,0.0,0.0,1222072.0,38275.0,0.0,0.0,0.0,447537.0,36791497.0,4517992.0,7184946.0,4508194.0,0.0,267630.0,22.72,10.38,,0.74,4.27,117.38,31.25,22.72,-7.31950171379176,108.2182123272616
2019,12,PT Bank Perekonomian Rakyat Syariah Arta Leksana,Kab. Banyumas,Provinsi Jawa Tengah,620110,47662926.0,13502592.0,0.0,429516.0,0.0,0.0,0.0,13361150.0,0.0,0.0,365993.0,20324112.0,4089104.0,14611000.0,136851.0,45062.0,95795.0,0.0,2636800.0,0.0,227210.0,0.0,3955560.0,5515317.0,3344126.0,0.0,632400.0,18.99,4.52,,1.96,82.74,69.47,33.47,18.99,-7.440480384054677,109.32329819176095
2019,12,PT Bank Perekonomian Rakyat Syariah Bina Amanah Satria,Kab. Banyumas,Provinsi Jawa Tengah,620087,60269355.0,37650479.0,0.0,802924.0,688564.0,0.0,0.0,1234709.0,0.0,0.0,980744.0,21275224.0,4434139.0,18825894.0,222673.0,322740.0,235019.0,0.0,5207203.0,2000000.0,147018.0,0.0,5954107.0,8044418.0,4285279.0,0.0,1457037.0,31.0,4.36,,3.37,82.61,79.14,56.3,31.0,-7.448909227338186,109.32815980963753
2019,12,PT Bank Perekonomian Rakyat Syariah Gunung Slamet,Kab. Banyumas,Provinsi Jawa Tengah,620146,101594968.0,70410960.0,0.0,3104525.0,531000.0,0.0,1773000.0,2438000.0,0.0,0.0,0.0,17555338.0,197507.0,70228800.0,388521.0,27927.0,361746.0,0.0,1916386.0,0.0,1313577.0,0.0,7781303.0,14061166.0,5643608.0,0.0,2002527.0,16.0,9.3,,2.61,82.49,88.95,21.6,16.0,-7.437522556194236,109.32557212705542
2019,12,PT Bank Perekonomian Rakyat Syariah Harta Insan Karimah Jawa Tengah,Kab. Banyumas,Provinsi Jawa Tengah,620089,13944532.0,4669579.0,0.0,585556.0,81385.0,0.0,0.0,4999071.0,0.0,0.0,0.0,2424070.0,1622964.0,4056706.0,46555.0,149535.0,11488.0,0.0,4446480.0,0.0,30301.0,0.0,1170550.0,1761531.0,1517435.0,0.0,-166814.0,13.7,8.92,,-0.01,111.45,102.64,28.72,13.7,-7.445092454041309,109.33485862481956
2019,12,PT Bank Perekonomian Rakyat Syariah Bangun Arta,Kab. Cilacap,Provinsi Jawa Tengah,620195,,,,,,,,,,,,,,,,,,,,,,,,,,,,,,,,,,,,-7.720557123602994,109.02471707185968
2019,12,PT Bank Perekonomian Rakyat Syariah Bumi Artha Sampang,Kab. Cilacap,Provinsi Jawa Tengah,620112,42222810.0,18921549.0,0.0,104513.0,0.0,0.0,6740000.0,4090000.0,0.0,0.0,77083.0,10563586.0,3037703.0,18396050.0,120371.0,369908.0,210770.0,0.0,0.0,0.0,198927.0,4393293.0,4374673.0,6491516.0,3901219.0,0.0,724964.0,27.07,10.9,,2.28,85.35,93.31,66.94,27.07,-7.709897309774618,109.02363619954758
2019,12,PT Bank Perekonomian Rakyat Syariah Suriyah,Kab. Cilacap,Provinsi Jawa Tengah,620086,196298648.0,115611075.0,5100.0,9461990.0,0.0,0.0,7064718.0,18078422.0,0.0,0.0,2113446.0,53174355.0,3386095.0,85491877.0,709584.0,851395.0,1946227.0,0.0,19898716.0,14187734.0,22394.0,0.0,13839444.0,23278483.0,12407105.0,0.0,2502611.0,15.0,6.4,,2.6,78.0,89.0,35.0,15.0,-7.720360645096571,109.02261136336097
2019,12,PT Bank Perekonomian Rakyat Syariah Gala Mitra Abadi,Kab. Grobogan,Provinsi Jawa Tengah,620063,26613813.0,15073148.0,0.0,1337621.0,408327.0,0.0,73500.0,6032958.0,0.0,0.0,0.0,4937086.0,703820.0,15720575.0,100780.0,95694.0,169834.0,0.0,2598889.0,0.0,166312.0,0.0,2540940.0,4186444.0,2202667.0,0.0,444683.0,14.05,3.52,,1.75,81.9,95.67,17.89,14.05,-7.088219305964116,110.9101564089674
2019,12,PT. BPRS Ikhsanul Amal,Kab. Kebumen,Provinsi Jawa Tengah,620047,21983091.0,11850398.0,0.0,112282.0,0.0,0.0,0.0,3327945.0,0.0,0.0,375707.0,724301.0,10111811.0,7387300.0,65426.0,131219.0,19176.0,0.0,132933.0,0.0,360929.0,0.0,1789123.0,2678130.0,1767431.0,0.0,367889.0,32.42,6.22,,2.09,81.97,83.91,60.24,32.42,-7.7499614325424,109.74028135566994
2019,12,PT. BPRS Asad Alif,Kab. Kendal,Provinsi Jawa Tengah,620070,30127247.0,17770576.0,0.0,67901.0,0.0,0.0,0.0,4078952.0,0.0,0.0,351522.0,799420.0,8847653.0,7769800.0,111300.0,243970.0,1310.0,0.0,8030460.0,0.0,600116.0,0.0,3128478.0,4538164.0,3099176.0,19600.0,592489.0,17.16,2.06,,2.36,80.01,86.13,24.33,17.16,,
2019,12,PT Bank Perekonomian Rakyat Syariah Almabrur Klaten,Kab. Klaten,Provinsi Jawa Tengah,620142,19325652.0,10916502.0,0.0,554398.0,0.0,0.0,0.0,223100.0,0.0,0.0,0.0,1018.0,6676587.0,8720172.0,76242.0,153138.0,17594.0,0.0,114394.0,0.0,208129.0,0.0,1760920.0,2722382.0,1498465.0,10803.0,406863.0,29.0,8.79,,2.22,77.51,61.26,43.38,29.0,,
2019,12,PT Bank Perekonomian Rakyat Syariah Dharma Kuwera,Kab. Klaten,Provinsi Jawa Tengah,620159,45066311.0,33382216.0,0.0,515847.0,31057.0,0.0,1023072.0,1478308.0,0.0,0.0,1319058.0,2913268.0,2630474.0,16821282.0,142611.0,375376.0,276016.0,0.0,14924136.0,0.0,399634.0,0.0,3960054.0,6394950.0,3013855.0,0.0,1240136.0,19.56,6.83,,3.29,66.61,97.7,18.18,19.56,,
2019,12,PT BPRS Saka Dana Mulia,Kab. Kudus,Provinsi Jawa Tengah,620167,28459229.0,12806535.0,0.0,38842.0,26500.0,0.0,0.0,8489700.0,0.0,0.0,1015137.0,4779237.0,0.0,11647050.0,117383.0,135650.0,40187.0,0.0,8947140.0,0.0,253811.0,0.0,2537952.0,4079078.0,2870067.0,0.0,353526.0,15.52,7.87,,1.65,88.21,84.19,69.16,15.52,-6.752673980908147,111.02119203015354
2019,12,PT Bank Perekonomian Rakyat Syariah Meru Nusantara Mandiri,Kab. Magelang,Provinsi Jawa Tengah,620143,13744840.0,5802197.0,0.0,604622.0,0.0,0.0,2432000.0,627700.0,0.0,0.0,303125.0,1076096.0,2193905.0,6940107.0,39235.0,63831.0,13168.0,0.0,1017495.0,0.0,1406069.0,0.0,1062005.0,1716053.0,1171789.0,0.0,135639.0,11.21,4.14,,0.01,110.34,92.71,38.85,11.21,-7.483143805876312,110.21226325844997
2019,12,PT. BPRS Artha Mas Abadi,Kab. Pati,Provinsi Jawa Tengah,620100,36437816.0,20830533.0,0.0,57734.0,63400.0,0.0,0.0,5906300.0,0.0,0.0,82460.0,12289310.0,1138697.0,12701250.0,107815.0,254087.0,24869.0,0.0,3786155.0,1000000.0,794999.0,0.0,4876533.0,6254243.0,4340571.0,26817.0,876597.0,28.95,6.7,,3.18,79.97,78.55,58.09,28.95,-6.770220705556133,111.02002545693522
2019,12,PT Bank Perekonomian Rakyat Syariah Buana Mitra Perwira,Kab. Purbalingga,Provinsi Jawa Tengah,620083,165899152.0,98575163.0,0.0,5827383.0,1738424.0,0.0,0.0,21442047.0,0.0,0.0,1069677.0,46337701.0,11487829.0,60169120.0,692103.0,499850.0,815717.0,0.0,28588936.0,2999994.0,1460008.0,0.0,11480054.0,17644373.0,8905731.0,0.0,3099785.0,15.51,5.25,,2.76,73.56,85.29,38.7,15.51,-7.38620934652322,109.3482136658594
2019,12,PT Bank Perekonomian Rakyat Syariah Artha Amanah Ummat,Kab. Semarang,Provinsi Jawa Tengah,620116,38031315.0,20777569.0,0.0,1055584.0,16760.0,0.0,0.0,4972458.0,0.0,0.0,0.0,737620.0,5380430.0,17003600.0,127425.0,296526.0,38922.0,0.0,7213739.0,2388791.0,445103.0,0.0,2911082.0,5239936.0,2731914.0,15960.0,593804.0,16.65,3.77,,1.79,81.26,116.0,29.1,16.65,-7.138606830428244,110.40957996108703
2019,12,PT Bank Perekonomian Rakyat Syariah Sukowati Sragen (Perseroda),Kab. Sragen,Provinsi Jawa Tengah,620124,212268719.0,118115783.0,0.0,30351683.0,232991.0,0.0,1994015.0,15050133.0,0.0,0.0,2097857.0,27951494.0,12481006.0,94392995.0,1335052.0,782967.0,6201725.0,0.0,37602269.0,7500000.0,2816507.0,0.0,18975144.0,31394874.0,14033259.0,0.0,4915495.0,29.99,6.05,,3.38,79.93,108.95,73.92,29.99,,
2019,12,PT Bank Perekonomian Rakyat Syariah Insan Madani,Kab. Sukoharjo,Provinsi Jawa Tengah,620154,51160339.0,19771087.0,0.0,0.0,0.0,0.0,500000.0,17745286.0,0.0,0.0,0.0,2561914.0,1784142.0,30939372.0,175198.0,54325.0,225327.0,0.0,4500000.0,0.0,2144638.0,0.0,3101195.0,6357830.0,2980372.0,0.0,723513.0,48.4,11.24,,1.69,78.91,95.53,11.8,48.4,-7.980423788495279,112.63614303338588
2019,12,PT BPRS Artha Surya Barokah,Kota Semarang,Provinsi Jawa Tengah,620084,141084966.0,56027365.0,0.0,2102724.0,281566.0,0.0,804784.0,32468711.0,0.0,0.0,3516742.0,40551956.0,495921.0,74029841.0,522088.0,1509185.0,643780.0,0.0,6410849.0,0.0,6909185.0,0.0,10469853.0,16409286.0,12495900.0,94640.0,2867294.0,18.55,5.44,,3.0,76.62,79.67,29.82,18.55,-6.992447596736079,110.42988872705932
2019,12,PT BPRS Bina Finansia,Kota Semarang,Provinsi Jawa Tengah,620102,30003512.0,22834346.0,0.0,1489254.0,0.0,0.0,0.0,1240813.0,0.0,0.0,251765.0,0.0,8230350.0,16772061.0,118368.0,1754605.0,0.0,0.0,1823326.0,0.0,794831.0,0.0,3132197.0,5324056.0,4716008.0,0.0,-1596508.0,12.11,11.34,,-5.23,151.35,86.12,8.83,12.11,-6.984027795058197,110.415867283899
2019,12,PT Bank Perekonomian Rakyat Syariah Kedung Arto,Kota Semarang,Provinsi Jawa Tengah,620191,,,,,,,,,,,,,,,,,,,,,,,,,,,,,,,,,,,,-6.984249050778415,110.4263886103255
2019,12,PT. BPRS Mitra Harmoni Kota Semarang,Kota Semarang,Provinsi Jawa Tengah,620151,37716154.0,26713229.0,0.0,539179.0,0.0,0.0,4784000.0,0.0,0.0,0.0,0.0,2198252.0,3889810.0,12798400.0,114825.0,701281.0,644838.0,0.0,10502587.0,0.0,122270.0,0.0,3491916.0,5827603.0,3927999.0,0.0,415461.0,23.07,5.63,,1.41,92.46,109.01,32.22,23.07,-6.989034701457653,110.42390375172975
2019,12,PT Bank Perekonomian Rakyat Syariah Central Syariah Utama,Kota Surakarta/Solo,Provinsi Jawa Tengah,620137,21887932.0,13303776.0,0.0,2786679.0,171068.0,24876.0,0.0,113363.0,0.0,0.0,68194.0,997035.0,67821.0,9604000.0,75887.0,426769.0,205706.0,0.0,9195026.0,0.0,5542.0,0.0,2112234.0,4045002.0,3313862.0,0.0,-1059388.0,14.56,23.18,,-4.63,146.0,164.59,8.49,14.56,-7.583455291786536,110.81861293442316
2019,12,PT Bank Perekonomian Rakyat Syariah Dana Amanah Surakarta,Kota Surakarta/Solo,Provinsi Jawa Tengah,620125,41891968.0,18586406.0,65111.0,11690898.0,0.0,0.0,207875.0,3263347.0,0.0,0.0,669246.0,4355631.0,20491.0,11260875.0,214681.0,504606.0,27524.0,0.0,21214564.0,0.0,137062.0,0.0,3068451.0,5649757.0,2871328.0,0.0,559975.0,15.06,9.68,,1.61,81.97,216.24,10.56,15.06,-7.582281788876442,110.82735174142871
2019,12,PT Bank Perekonomian Rakyat Syariah Dana Mulia,Kota Surakarta/Solo,Provinsi Jawa Tengah,620122,49721239.0,28854246.0,0.0,10031149.0,32720.0,0.0,0.0,1084752.0,0.0,0.0,0.0,5634239.0,11274521.0,19732765.0,170877.0,502585.0,40972.0,0.0,6096023.0,0.0,1508016.0,0.0,4708359.0,7478114.0,3793272.0,23750.0,1298457.0,17.18,5.81,,2.75,73.67,109.71,27.11,17.18,-7.5721076896369475,110.81636511954429
2019,12,PT Bank Perekonomian Rakyat Syariah Hikmah Khazanah,Kota Surakarta/Solo,Provinsi Jawa Tengah,620171,172623195.0,113180158.0,0.0,382132.0,0.0,0.0,0.0,19507480.0,0.0,0.0,0.0,13553755.0,2477293.0,68266837.0,674290.0,661203.0,2421982.0,0.0,27802366.0,0.0,3095937.0,36166996.0,18244705.0,28674812.0,10377993.0,243397.0,6949139.0,16.4,0.43,,6.48,56.88,89.75,38.27,16.4,-7.578734267499703,110.8209373266183
2019,12,PT Bank Perekonomian Rakyat Syariah Hikmah Bahari,Kota Tegal,Provinsi Jawa Tengah,620174,147460108.0,104841316.0,0.0,0.0,16250.0,0.0,1725111.0,7000091.0,0.0,0.0,0.0,19692872.0,180847.0,44686500.0,754705.0,448172.0,2564589.0,0.0,56695470.0,0.0,1711221.0,0.0,19147653.0,27784778.0,9739346.0,290623.0,8446069.0,21.84,0.73,,8.64,51.39,93.67,21.64,21.84,-6.861973262113324,109.13573876794256
2019,12,PT Bank Perekonomian Rakyat Syariah Amanah Sejahtera,Kab. Gresik,Provinsi Jawa Timur,620050,97406907.0,50498750.0,0.0,1010753.0,1092439.0,0.0,4201201.0,17853509.0,0.0,0.0,0.0,25109525.0,39982504.0,16444850.0,357155.0,333827.0,36994.0,0.0,3578978.0,0.0,1489068.0,0.0,9624003.0,11359432.0,13459821.0,10003.0,329396.0,13.88,10.57,,4.61,95.68,91.56,14.67,13.88,-7.171206060982263,112.65347308804564
2019,12,PT Bank Perekonomian Rakyat Syariah Mandiri Mitra Sukses,Kab. Gresik,Provinsi Jawa Timur,620126,69729100.0,37225867.0,0.0,20000.0,6328526.0,0.0,0.0,12746041.0,0.0,0.0,0.0,1651740.0,22245672.0,34390500.0,313851.0,210596.0,429618.0,0.0,5504089.0,0.0,85266.0,0.0,8542162.0,10405363.0,8576463.0,0.0,10901.0,,,,,,,1.63,,-7.1749772829692935,112.65847748596217
2019,12,PT. BPRS Asri Madani Nusantara,Kab. Jember,Provinsi Jawa Timur,620033,26986202.0,24236924.0,0.0,67729.0,158000.0,0.0,29900.0,100000.0,0.0,0.0,0.0,22213.0,10990313.0,7319000.0,55251.0,749458.0,194279.0,0.0,4498864.0,0.0,407756.0,0.0,2500335.0,4055272.0,3744807.0,0.0,105463.0,15.76,7.54,,0.49,99.46,96.31,8.13,15.76,-8.154319698220284,113.71768742028424
2019,12,PT Bank Perekonomian Rakyat Syariah Lantabur Tebuireng,Kab. Jombang,Provinsi Jawa Timur,620098,196119326.0,127335731.0,0.0,5555162.0,1038900.0,0.0,79000.0,18230815.0,0.0,0.0,0.0,3280886.0,89892274.0,59699427.0,718218.0,750043.0,710924.0,0.0,13560344.0,0.0,4448864.0,0.0,19749546.0,25617469.0,9098474.0,280681.0,9526607.0,138.0,3.37,,4.06,65.0,102.0,13.98,138.0,-7.593963133811971,112.26493196168056
2019,12,PT Bank Perekonomian Rakyat Syariah Artha Pamenang,Kab. Kediri,Provinsi Jawa Timur,620147,47705104.0,32196384.0,0.0,4497543.0,0.0,0.0,0.0,783588.0,0.0,0.0,0.0,2144629.0,2727812.0,33469900.0,184804.0,225681.0,285678.0,0.0,0.0,0.0,855827.0,0.0,7194207.0,10044489.0,6782034.0,40190.0,1776155.0,19.66,2.2,,4.56,83.67,97.74,52.82,19.66,-7.81422235884534,112.0257736866079
2019,12,PT Bank Perekonomian Rakyat Syariah Rahma Syariah,Kab. Kediri,Provinsi Jawa Timur,620150,8330189.0,3078949.0,0.0,42069.0,0.0,0.0,1200600.0,150000.0,0.0,0.0,0.0,5171030.0,0.0,400500.0,17859.0,28754.0,19886.0,0.0,0.0,0.0,108172.0,0.0,864120.0,1005999.0,935610.0,0.0,116962.0,63.25,8.19,,1.42,92.89,54.51,52.67,63.25,-7.821654764489613,112.02781200727956
2019,12,PT Bank Perekonomian Rakyat Syariah Tunas Artha Jaya Abadi,Kab. Kediri,Provinsi Jawa Timur,620200,,,,,,,,,,,,,,,,,,,,,,,,,,,,,,,,,,,,-7.816904745358005,112.01148890547412
2019,12,PT Bank Perekonomian Rakyat Syariah Madinah,Kab. Lamongan,Provinsi Jawa Timur,620139,27149584.0,12191411.0,0.0,0.0,0.0,0.0,0.0,6283000.0,0.0,0.0,0.0,864536.0,12621551.0,6829033.0,125538.0,38819.0,55062.0,0.0,500000.0,0.0,884253.0,0.0,3725186.0,4375675.0,3072967.0,19936.0,767839.0,24.68,6.91,,3.36,78.95,109.96,37.23,24.68,-7.123303358568694,112.40966669736945
2019,12,PT BPRS Magetan (Perseroda),Kab. Magetan,Provinsi Jawa Timur,620165,40002111.0,23818369.0,0.0,52361.0,0.0,0.0,1391795.0,0.0,0.0,0.0,418416.0,6616460.0,0.0,0.0,159293.0,321687.0,203172.0,0.0,0.0,0.0,396139.0,15669965.0,4629122.0,4706368.0,3749652.0,39641.0,1709987.0,80.65,3.18,,4.6,69.4,,47.61,80.65,,
2019,12,PT BPRS Bhakti Haji,Kab. Malang,Provinsi Jawa Timur,620048,4453519.0,1748173.0,0.0,208776.0,0.0,0.0,0.0,229000.0,0.0,0.0,0.0,467397.0,1265163.0,694000.0,19012.0,73641.0,2648.0,0.0,0.0,0.0,1013662.0,0.0,407691.0,476414.0,670137.0,0.0,-156216.0,,,,,,,,,-7.991553338452736,112.64203778122696
2019,12,PT Bank Perekonomian Rakyat Syariah Al Hijrah Thayibah,Kab. Malang,Provinsi Jawa Timur,620198,,,,,,,,,,,,,,,,,,,,,,,,,,,,,,,,,,,,-7.974001944706607,112.6341027425821
2019,12,PT Bank Perekonomian Rakyat Syariah Bumi Rinjani Kepanjen,Kab. Malang,Provinsi Jawa Timur,620106,67052665.0,44413706.0,0.0,96248.0,0.0,0.0,0.0,5446303.0,0.0,0.0,0.0,2374207.0,13837375.0,32152450.0,246953.0,1120081.0,80189.0,0.0,1504031.0,3738594.0,2931898.0,0.0,10144416.0,14325259.0,8469270.0,68025.0,2033920.0,19.93,7.89,,4.52,73.28,79.27,,19.93,-7.986689742538544,112.63775505887186
2019,12,PT Bank Perekonomian Rakyat Syariah Kabupaten Ngawi Perseroda,Kab. Ngawi,Provinsi Jawa Timur,620183,16997801.0,5613942.0,0.0,0.0,0.0,0.0,0.0,0.0,0.0,0.0,0.0,1104379.0,0.0,5000.0,60352.0,0.0,53107.0,0.0,0.0,0.0,51955.0,0.0,189940.0,189940.0,993604.0,1112.0,33360.0,10.0,0.01,,0.26,96.0,506.0,934.0,10.0,-7.420451120596442,111.441830004461
2019,12,PT Bank Perekonomian Rakyat Syariah Sarana Prima Mandiri,Kab. Pamekasan,Provinsi Jawa Timur,620127,110368559.0,40825670.0,0.0,176387.0,10335029.0,0.0,23492444.0,502938.0,0.0,0.0,0.0,21448617.0,186136.0,62920832.0,465671.0,88002.0,123520.0,0.0,14283331.0,2222220.0,972924.0,0.0,9894241.0,15998223.0,9698788.0,0.0,485257.0,12.61,0.88,,0.39,59.51,100.24,21.05,12.61,,
2019,12,PT BPRS Al Hidayah,Kab. Pasuruan,Provinsi Jawa Timur,620072,,,,,,,,,,,,,,,,,,,,,,,,,,,,,,,,,,,,-7.64945314625638,112.90608207619024
2019,12,PT Bank Perekonomian Rakyat Syariah Daya Artha Mentari,Kab. Pasuruan,Provinsi Jawa Timur,620056,14760985.0,7131421.0,0.0,1999819.0,199814.0,0.0,1420553.0,381681.0,0.0,0.0,388466.0,1268067.0,6554307.0,3250500.0,56071.0,122037.0,3895.0,0.0,1607926.0,0.0,114997.0,0.0,1315273.0,1693094.0,1752509.0,5846.0,228007.0,16.0,14.0,,2.0,88.0,88.0,14.0,16.0,-7.654596803987085,112.9133678475593
2019,12,PT. BPRS Jabal Tsur,Kab. Pasuruan,Provinsi Jawa Timur,620103,,,,,,,,,,,,,,,,,,,,,,,,,,,,,,,,,,,,-7.642622137527749,112.90214649056595
2019,12,PT. BPRS Ummu,Kab. Pasuruan,Provinsi Jawa Timur,620074,11265405.0,5700063.0,0.0,0.0,0.0,0.0,0.0,452647.0,0.0,0.0,0.0,7195549.0,1749421.0,201000.0,42949.0,81650.0,3170.0,0.0,0.0,0.0,118394.0,0.0,1380655.0,1435566.0,1717393.0,0.0,3297.0,28.57,22.29,,0.03,109.25,22.22,38.43,28.57,-7.65021334152576,112.89863930816225
2019,12,PT Bank Perekonomian Rakyat Syariah Almabrur Babadan,Kab. Ponorogo,Provinsi Jawa Timur,620073,44524091.0,34016115.0,0.0,0.0,9600.0,0.0,2715245.0,0.0,0.0,0.0,0.0,89680.0,19021159.0,10276183.0,193168.0,337453.0,11567.0,0.0,7453036.0,0.0,417519.0,0.0,6010541.0,6010541.0,5516657.0,31102.0,909723.0,22.29,3.86,,2.85,81.26,103.8,21.84,22.29,,
2019,12,PT Bank Perekonomian Rakyat Syariah Mitra Mentari Sejahtera,Kab. Ponorogo,Provinsi Jawa Timur,620180,21778092.0,9717729.0,0.0,67500.0,0.0,0.0,0.0,320000.0,0.0,0.0,0.0,9984376.0,0.0,5083500.0,55683.0,0.0,13004.0,0.0,0.0,0.0,161322.0,0.0,2021785.0,2250934.0,1610019.0,12396.0,461150.0,60.64,2.73,,2.69,74.11,67.06,27.38,60.64,,
2019,12,PT BPRS Bumi Rinjani Probolinggo,Kab. Probolinggo,Provinsi Jawa Timur,620105,,,,,,,,,,,,,,,,,,,,,,,,,,,,,,,,,,,,,
2019,12,PT Bank Perekonomian Rakyat Syariah Sampang Perseroda,Kab. Sampang,Provinsi Jawa Timur,620166,86053656.0,54154936.0,0.0,1573965.0,1069914.0,0.0,3302890.0,6376784.0,0.0,0.0,931075.0,17049557.0,0.0,15500681.0,224213.0,909186.0,154597.0,0.0,28861862.0,1507664.0,530365.0,0.0,5758615.0,10436419.0,5640307.0,0.0,1101158.0,31.03,22.65,,14.42,91.04,371.15,40.66,31.03,-7.177646641310815,113.22928610732424
2019,12,PT Bank Perekonomian Rakyat Syariah Annisa Mukti,Kab. Sidoarjo,Provinsi Jawa Timur,620135,13562615.0,8969169.0,0.0,0.0,0.0,0.0,0.0,1246442.0,0.0,0.0,0.0,0.0,1550870.0,4048231.0,50646.0,20520.0,74293.0,0.0,2342543.0,0.0,684981.0,0.0,2456353.0,2910342.0,2138265.0,8629.0,559060.0,46.72,0.65,,5.08,81.17,182.45,34.45,46.72,,
2019,12,PT Bank Perekonomian Rakyat Syariah Baktimakmur Indah,Kab. Sidoarjo,Provinsi Jawa Timur,620022,163147899.0,57533015.0,0.0,921316.0,1300000.0,0.0,0.0,67053199.0,0.0,0.0,6043036.0,9818821.0,0.0,0.0,611645.0,246502.0,556418.0,0.0,108259.0,0.0,5111499.0,123294342.0,13391011.0,18496434.0,11664003.0,116181.0,3425195.0,59.49,4.62,,3.08,79.48,100.81,24.21,59.49,,
2019,12,PT Bank Perekonomian Rakyat Syariah Unawi Barokah,Kab. Sidoarjo,Provinsi Jawa Timur,620155,3947628.0,2176346.0,0.0,0.0,0.0,0.0,0.0,0.0,0.0,0.0,0.0,56197.0,1509569.0,1046491.0,10730.0,8650.0,14850.0,0.0,750000.0,0.0,168369.0,0.0,613684.0,733562.0,692847.0,0.0,569.0,19.58,1.39,,1.61,99.33,83.31,24.87,19.58,,
2019,12,PT Bank Perekonomian Rakyat Syariah Situbondo,Kab. Situbondo,Provinsi Jawa Timur,620081,13277139.0,7214435.0,0.0,163530.0,198527.0,0.0,2801529.0,50000.0,0.0,0.0,0.0,1200231.0,3239818.0,1456200.0,45806.0,430053.0,220112.0,0.0,11051.0,0.0,197890.0,0.0,2138880.0,2420796.0,2389237.0,0.0,23469.0,78.59,12.15,,0.28,97.22,89.63,33.77,78.59,-7.702911353591342,113.9806037668517
2019,12,PT Bank Perekonomian Rakyat Syariah Bhakti Sumekar Perseroda,Kab. Sumenep,Provinsi Jawa Timur,620085,966355371.0,548303320.0,0.0,5516540.0,86684427.0,1290804.0,9226068.0,10589000.0,0.0,0.0,0.0,245662902.0,2244181.0,410829120.0,3807907.0,3124386.0,1761544.0,0.0,0.0,163828078.0,7815662.0,0.0,55695457.0,102603660.0,48213468.0,0.0,9185543.0,30.42,3.77,,1.45,88.15,102.36,25.46,30.42,,
2019,12,PT BPRS Bumi Rinjani,Kota Batu,Provinsi Jawa Timur,620109,,,,,,,,,,,,,,,,,,,,,,,,,,,,,,,,,,,,-7.86392956395291,112.52576707537388
2019,12,PT Bank Perekonomian Rakyat Syariah Arsa Sejahtera,Kota Batu,Provinsi Jawa Timur,620079,19752688.0,7869541.0,0.0,243500.0,0.0,0.0,0.0,774545.0,0.0,0.0,0.0,11599.0,3819509.0,6195194.0,76793.0,445683.0,17533.0,0.0,18.0,0.0,4034718.0,0.0,2314200.0,3048345.0,2320682.0,0.0,72713.0,52.73,33.08,,0.55,100.28,143.45,137.65,52.73,-7.8807671610865775,112.532451265561
2019,12,PT Bank Perekonomian Rakyat Syariah Tanmiya Artha,Kota Kediri,Provinsi Jawa Timur,620130,16231304.0,11013168.0,0.0,1247086.0,0.0,0.0,278528.0,294000.0,0.0,0.0,0.0,827818.0,3521175.0,5739000.0,50777.0,182387.0,41406.0,0.0,2400000.0,0.0,375735.0,0.0,2121795.0,2649925.0,1431585.0,22787.0,743563.0,24.24,4.51,,5.26,60.5,83.38,57.62,24.24,-7.804361795474596,112.00698794188358
2019,12,PT BPRS Bumi Rinjani Malang,Kota Malang,Provinsi Jawa Timur,620078,,,,,,,,,,,,,,,,,,,,,,,,,,,,,,,,,,,,-7.974100981138048,112.64136686861058
2019,12,PT Bank Perekonomian Rakyat Syariah Mitra Harmoni Kota Malang,Kota Malang,Provinsi Jawa Timur,620153,27148343.0,19184500.0,0.0,1027870.0,0.0,0.0,150000.0,222000.0,0.0,0.0,0.0,3716659.0,691788.0,7206000.0,73180.0,46045.0,57202.0,0.0,7500000.0,0.0,218542.0,0.0,3550157.0,4612969.0,3138639.0,0.0,650778.0,38.0,7.0,,2.0,86.0,108.0,44.0,38.0,-7.984781410422721,112.62624122586716
2019,12,PT BPRS Mojo Artho Kota Mojokerto Perseroda,Kota Mojokerto,Provinsi Jawa Timur,620160,163589154.0,96431036.0,4492680.0,2229978.0,2385148.0,0.0,12000.0,27360033.0,0.0,0.0,3012606.0,5595511.0,17571733.0,50113050.0,654824.0,238240.0,1757954.0,0.0,44687664.0,0.0,2242097.0,18448417.0,8847324.0,19810519.0,8751829.0,30897.0,2541499.0,22.0,3.98,,1.7,89.46,96.0,15.0,22.0,-7.460555185064369,112.43110318032298
2019,12,PT Bank Perekonomian Rakyat Syariah Karya Mugi Sentosa,Kota Surabaya,Provinsi Jawa Timur,620113,64487183.0,41313116.0,0.0,3069223.0,1069156.0,0.0,244798.0,1100000.0,0.0,0.0,383652.0,23463168.0,8073588.0,14889550.0,299571.0,726243.0,357546.0,0.0,302504.0,2500000.0,1260673.0,0.0,11787332.0,12776361.0,9508213.0,0.0,2749876.0,26.14,5.24,,2.38,84.1,96.55,31.92,26.14,-7.248497572190274,112.74359015261464
2019,12,PT. BPRS Jabal Nur Tebuireng,Kota Surabaya,Provinsi Jawa Timur,620114,35150950.0,21534007.0,0.0,366619.0,1945352.0,0.0,0.0,5625925.0,0.0,0.0,2533540.0,8834014.0,3733.0,10650500.0,109787.0,616932.0,38206.0,0.0,12600000.0,0.0,59990.0,0.0,1641944.0,3542499.0,2031733.0,0.0,-74388.0,12.7,19.48,,-0.21,98.06,91.85,13.63,12.7,-7.253401930640896,112.73115332691698
2019,12,PT Bank Perekonomian Rakyat Syariah Barkah Gemadana,Kab. Banjar,Provinsi Kalimantan Selatan,620013,56090032.0,18104013.0,0.0,1394597.0,14556728.0,0.0,703382.0,543050.0,0.0,0.0,0.0,140269.0,20019682.0,23463800.0,215352.0,660958.0,102893.0,0.0,615456.0,0.0,224478.0,0.0,3940761.0,6227344.0,3424486.0,0.0,1436963.0,28.13,6.25,,3.41,66.91,79.8,43.63,28.13,-0.6588763736841944,101.48260796449918
2019,12,PT BPRS Mitra Amanah,Kota Palangkaraya,Provinsi Kalimantan Tengah,620170,7883043.0,4517160.0,0.0,381840.0,87500.0,0.0,63100.0,0.0,0.0,0.0,323806.0,630884.0,1895442.0,1930000.0,26699.0,588770.0,20901.0,0.0,1300000.0,0.0,144773.0,0.0,1681732.0,1943358.0,2258328.0,0.0,-445702.0,40.38,23.6,,-25.87,97.1,87.72,64.78,40.38,-2.20055455187618,113.91600497570754
2019,12,PT Bank Perekonomian Rakyat Syariah Manfaatsyariah,Kab. Kutai Kartanegara,Provinsi Kalimantan Timur,620014,13815184.0,4223943.0,0.0,278028.0,0.0,0.0,3074.0,0.0,0.0,0.0,0.0,49351.0,8201896.0,10000.0,21542.0,51820.0,3267.0,0.0,0.0,0.0,17765.0,0.0,979150.0,1078250.0,1176681.0,0.0,411983.0,77.98,3.36,,2.16,85.54,39.33,13.71,77.98,-0.4108304755501372,116.98709494185226
2019,12,PT Bank Perekonomian Rakyat Syariah Bangka Belitung,Kota Pangkal Pinang,Provinsi Kep. Bangka Belitung,620076,490735915.0,315899079.0,0.0,4210737.0,619603.0,0.0,0.0,45647609.0,0.0,0.0,5992818.0,7390043.0,199265076.0,239742356.0,3550629.0,39909839.0,907118.0,0.0,0.0,6000000.0,12278512.0,0.0,40642379.0,62619320.0,72735420.0,0.0,-29177331.0,8.06,25.4,,-1.83,121.75,75.21,16.56,8.06,-2.120239693370022,106.11713996558484
2019,12,PT Bank Perekonomian Rakyat Syariah Syarikat Madani,Kota Batam,Provinsi Kep. Riau,620121,98919944.0,54505553.0,0.0,29846866.0,3499791.0,0.0,0.0,0.0,0.0,0.0,1112118.0,0.0,9173270.0,37453953.0,348518.0,694634.0,1058258.0,0.0,35999495.0,0.0,1884328.0,0.0,8752492.0,14958420.0,10682394.0,30000.0,1300640.0,19.42,8.89,,1.69,85.45,106.32,27.99,19.42,1.1025924305431083,104.04282617621487
2019,12,PT Bank Perekonomian Rakyat Syariah Vitka Central,Kota Batam,Provinsi Kep. Riau,620134,50810961.0,36944510.0,0.0,1973698.0,726986.0,0.0,0.0,0.0,0.0,0.0,0.0,1121870.0,11346056.0,25070529.0,122484.0,2230494.0,151184.0,0.0,10275000.0,0.0,671747.0,0.0,3289290.0,6711763.0,6541217.0,0.0,-2853210.0,7.36,25.05,,-5.62,140.04,73.31,17.42,7.36,1.0997027965875927,104.0345602824064
2019,12,PT Bank Perekonomian Rakyat Syariah Lampung Barat (Perseroda),Kab. Lampung Barat,Provinsi Lampung,620175,41691400.0,13051549.0,0.0,21524104.0,0.0,0.0,0.0,0.0,0.0,0.0,0.0,1479927.0,1909104.0,8587000.0,190007.0,391545.0,348787.0,0.0,17350000.0,3664928.0,130070.0,0.0,4555502.0,7587689.0,2875321.0,0.0,1670852.0,,1.05,,,,,,,,
2019,12,PT Bank Perekonomian Rakyat Syariah Kotabumi (Perseroda),Kab. Lampung Selatan,Provinsi Lampung,620131,192409320.0,27731228.0,0.0,91150109.0,1320500.0,0.0,495000.0,0.0,0.0,0.0,0.0,29596024.0,215876.0,74594669.0,863724.0,779358.0,1311867.0,0.0,31610669.0,27199014.0,1520712.0,0.0,20868253.0,35872312.0,13745019.0,180000.0,7216167.0,22.03,2.01,,4.91,81.33,115.6,35.71,22.03,,
2019,12,PT Bank Perekonomian Rakyat Syariah Way Kanan (Perseroda),Kab. Lampung Selatan,Provinsi Lampung,620157,69865633.0,10156126.0,0.0,36976836.0,316106.0,0.0,0.0,0.0,0.0,0.0,0.0,11735586.0,7196647.0,8733500.0,330315.0,1760166.0,627617.0,0.0,25100000.0,3556259.0,442263.0,0.0,7748900.0,12251390.0,5799062.0,0.0,2398288.0,42.5,3.03,,3.69,47.35,95.33,57.63,42.5,,
2019,12,PT Bank Perekonomian Rakyat Syariah Rajasa Lampung Tengah (Perseroda),Kab. Lampung Tengah,Provinsi Lampung,620129,44424401.0,3559598.0,0.0,28872876.0,34000.0,0.0,0.0,0.0,0.0,0.0,133178.0,5704634.0,776901.0,4573000.0,185709.0,883884.0,163900.0,0.0,20789863.0,0.0,404646.0,1000000.0,7740295.0,9446983.0,5120909.0,0.0,2606150.0,0.25,1.26,,7.62,51.0,134.69,90.07,0.25,,
2019,12,PT Bank Perekonomian Rakyat Syariah Aman Syariah,Kab. Lampung Timur,Provinsi Lampung,620173,20348859.0,8795102.0,0.0,3609242.0,1500.0,0.0,479158.0,0.0,0.0,0.0,0.0,3671606.0,411604.0,4542474.0,57109.0,0.0,46425.0,0.0,7550000.0,0.0,208405.0,0.0,2308175.0,3334986.0,1961929.0,0.0,455168.0,31.5,5.21,,2.32,80.32,79.66,31.83,31.5,,
2019,12,PT Bank Perekonomian Rakyat Syariah Lampung Timur (Perseroda),Kab. Lampung Timur,Provinsi Lampung,620140,48902610.0,2137413.0,0.0,37458751.0,0.0,0.0,0.0,92381.0,0.0,0.0,0.0,7371829.0,770234.0,7182000.0,273108.0,1197274.0,561627.0,0.0,18177509.0,0.0,783313.0,0.0,8305062.0,12335907.0,3906733.0,0.0,3584696.0,29.43,4.53,,9.34,64.0,83.41,27.35,29.43,,
2019,12,PT Bank Perekonomian Rakyat Syariah Tanggamus (Perseroda),Kab. Tanggamus,Provinsi Lampung,620082,50433950.0,36830037.0,0.0,175269.0,0.0,0.0,0.0,0.0,0.0,0.0,50000.0,842744.0,22049793.0,3556200.0,239685.0,634444.0,198199.0,0.0,1500000.0,5000000.0,2885725.0,0.0,6044900.0,7884919.0,4048684.0,0.0,2098824.0,54.93,0.42,,5.58,61.58,139.91,27.1,54.93,-5.4369356106235,104.72189977284216
2019,12,PT Bank Perekonomian Rakyat Syariah Tani Tulang Bawang Barat (Perseroda),Kab. Tulang Bawang Barat,Provinsi Lampung,620176,,,,,,,,,,,,,,,,,,,,,,,,,,,,,,,,,,,,,
2019,12,PT Bank Perekonomian Rakyat Syariah Bandar Lampung (Perseroda),Kota Bandar Lampung,Provinsi Lampung,620051,105471869.0,31510234.0,0.0,46018866.0,221200.0,0.0,0.0,0.0,0.0,0.0,0.0,11831806.0,2268000.0,22075600.0,435662.0,1565889.0,296066.0,0.0,47430544.0,0.0,2304360.0,0.0,10405080.0,17796786.0,7391544.0,0.0,2509457.0,22.04,2.96,,3.42,77.49,88.14,16.73,22.04,-5.451430777916592,105.26097314570632
2019,12,PT Bank Perekonomian Rakyat Syariah Mitra Agro Usaha,Kota Bandar Lampung,Provinsi Lampung,620169,31011121.0,19612306.0,0.0,473079.0,0.0,0.0,0.0,0.0,0.0,0.0,0.0,3206345.0,63480.0,9776500.0,166227.0,0.0,132998.0,0.0,6650000.0,3397978.0,662485.0,0.0,4278986.0,6015032.0,2934539.0,0.0,1122244.0,59.87,6.57,,3.73,77.91,85.88,121.83,59.87,-5.443193541153916,105.2697528392836
2019,12,PT Bank Perekonomian Rakyat Syariah Metro Madani,Kota Metro,Provinsi Lampung,620091,84055547.0,29518954.0,0.0,11788698.0,3661522.0,0.0,3775804.0,625000.0,0.0,0.0,601694.0,29798007.0,7326243.0,24708950.0,358275.0,695743.0,252662.0,0.0,7682365.0,2152778.0,1031731.0,0.0,9591916.0,12751607.0,7299124.0,0.0,2343742.0,19.86,6.41,,3.75,69.11,73.87,33.76,19.86,-5.109743260376518,105.31422432780674
2019,12,PT Bank Perekonomian Rakyat Syariah Saruma Sejahtera Halmahera Selatan,Kab. Halmahera Selatan,Provinsi Maluku Utara,620182,28526862.0,17037444.0,0.0,2142833.0,0.0,0.0,0.0,0.0,0.0,0.0,0.0,468103.0,13307977.0,2429625.0,96169.0,0.0,55694.0,0.0,0.0,0.0,56575.0,0.0,2093111.0,2195537.0,2792477.0,0.0,368235.0,,,,0.03,114.95,118.36,29.88,,,
2019,12,PT Bank Perekonomian Rakyat Syariah Bahari Berkesan,Kota Ternate,Provinsi Maluku Utara,620164,105777689.0,31591641.0,0.0,36754731.0,452808.0,0.0,1011650.0,0.0,0.0,0.0,0.0,2069506.0,31271913.0,3980250.0,480912.0,877827.0,6434842.0,0.0,0.0,40510540.0,128013.0,0.0,6602483.0,10714705.0,4744697.0,82723.0,2577239.0,27.21,3.01,,29.24,41.21,142.59,81.21,27.21,0.7773589145132459,127.38615026515367
2019,12,PT Bank Perekonomian Rakyat Syariah Bobato Lestari,Kota Tidore Kepulauan,Provinsi Maluku Utara,620179,20286852.0,11819888.0,0.0,0.0,0.0,0.0,1061969.0,0.0,0.0,0.0,0.0,154412.0,4883962.0,7036835.0,78972.0,8022.0,11400.0,0.0,733041.0,0.0,331113.0,0.0,2560156.0,3259054.0,1888402.0,0.0,949812.0,81.45,0.2,,4.68,52.86,68.49,30.91,81.45,0.6690346107462076,127.44399032218512
2019,12,PT Bank Perekonomian Rakyat Syariah Baiturrahman,Kab. Aceh Besar,Provinsi NAD,620024,41725311.0,25744853.0,0.0,0.0,0.0,0.0,0.0,0.0,0.0,0.0,0.0,0.0,9444615.0,21442300.0,64880.0,468501.0,31225.0,0.0,6390780.0,0.0,142405.0,0.0,3124825.0,5164522.0,3398137.0,0.0,60316.0,21.86,11.0,,0.37,97.32,82.84,19.42,21.86,,
2019,12,PT Bank Perekonomian Rakyat Syariah Ingin Jaya,Kab. Aceh Besar,Provinsi NAD,620203,,,,,,,,,,,,,,,,,,,,,,,,,,,,,,,,,,,,,
2019,12,PT. BPRS Hareukat,Kab. Aceh Besar,Provinsi NAD,620003,,,,,,,,,,,,,,,,,,,,,,,,,,,,,,,,,,,,,
2019,12,PT BPRS Kota Juang Perseroda,Kab. Aceh Jeumpa/Bireuen,Provinsi NAD,620144,9915215.0,7200681.0,0.0,0.0,0.0,0.0,0.0,0.0,0.0,0.0,165108.0,121.0,2335601.0,357000.0,43241.0,58710.0,13358.0,0.0,4067968.0,0.0,135587.0,0.0,1041520.0,1507082.0,1307140.0,0.0,-239415.0,33.0,8.41,,2.41,125.5,73.73,90.71,33.0,,
2019,12,PT Bank Perekonomian Rakyat Syariah Rahmania Dana Sejahtera,Kab. Aceh Jeumpa/Bireuen,Provinsi NAD,620148,26064213.0,17370555.0,0.0,0.0,0.0,0.0,50000.0,1890000.0,0.0,0.0,0.0,970333.0,0.0,0.0,94678.0,49878.0,131395.0,0.0,4500000.0,1000000.0,114.0,15495169.0,2255914.0,4015264.0,1850218.0,15740.0,592579.0,21.39,3.69,,2.31,75.88,87.91,28.08,21.39,,
2019,12,PT Bank Pembiayaan Rakyat Syariah Gayo Perseroda,Kab. Aceh Tengah,Provinsi NAD,620120,35649600.0,27098134.0,0.0,0.0,0.0,0.0,0.0,0.0,0.0,0.0,124097.0,17716.0,13617911.0,9601000.0,107059.0,126097.0,31813.0,0.0,0.0,0.0,98570.0,0.0,3038380.0,4715533.0,2694430.0,15446.0,540158.0,43.94,8.69,,1.6,82.9,116.62,24.48,43.94,,
2019,12,PT Bank Perekonomian Rakyat Syariah Tengku Chiek Dipante,Kab. Pidie,Provinsi NAD,620025,7622665.0,3916724.0,0.0,0.0,0.0,0.0,60000.0,0.0,0.0,0.0,337949.0,9613.0,2137013.0,2179000.0,17435.0,127472.0,16584.0,0.0,1874875.0,0.0,196471.0,0.0,794779.0,1172119.0,1534908.0,0.0,-584778.0,22.61,12.04,,-7.07,51.78,91.59,52.98,22.61,3.7476617007670936,96.82987163456816
2019,12,PT Bank Perekonomian Rakyat Syariah Arthaaceh Sejahtera,Kota Banda Aceh,Provinsi NAD,620192,,,,,,,,,,,,,,,,,,,,,,,,,,,,,,,,,,,,5.548455343437354,95.3146280603469
2019,12,PT Bank Perekonomian Rakyat Syariah Hikmah Wakilah,Kota Banda Aceh,Provinsi NAD,620046,111993276.0,48017071.0,0.0,1544457.0,0.0,0.0,4119691.0,9370000.0,0.0,0.0,122445.0,4463812.0,16716045.0,74971259.0,525942.0,197666.0,378096.0,0.0,262924.0,2858286.0,756683.0,0.0,7880825.0,14372457.0,5927488.0,0.0,2123625.0,18.28,2.64,,2.63,6.72,69.36,38.61,18.28,5.543176806651055,95.31537211187955
2019,12,PT Bank Perekonomian Rakyat Syariah Mustaqim Aceh Perseroda,Kota Banda Aceh,Provinsi NAD,620187,,,,,,,,,,,,,,,,,,,,,,,,,,,,,,,,,,,,5.5514463466260295,95.31786202059116
2019,12,PT Bank Perekonomian Rakyat Syariah Taman Indah Darussalam,Kota Banda Aceh,Provinsi NAD,620158,6792171.0,542000.0,0.0,0.0,0.0,0.0,0.0,0.0,0.0,0.0,0.0,671460.0,0.0,0.0,31978.0,0.0,1084.0,0.0,0.0,0.0,14975.0,450000.0,246692.0,330026.0,1163783.0,0.0,-863843.0,469.0,,,-12.72,382.66,48.33,19.69,469.0,5.544809666796793,95.3231595660368
2019,12,PT Bank Perekonomian Rakyat Syariah Adeco,Kota Langsa,Provinsi NAD,620141,60802746.0,39714331.0,0.0,0.0,0.0,0.0,558000.0,0.0,0.0,0.0,57066.0,1195183.0,3293505.0,20300500.0,494841.0,64841.0,268333.0,0.0,19295000.0,5383696.0,152220.0,0.0,5301666.0,9478652.0,3789950.0,68269.0,2130268.0,28.68,2.73,,4.38,62.61,74.52,44.12,28.68,4.464710385925349,97.9655777382901
2019,12,PT Bank Perekonomian Rakyat Syariah Serambi Mekah,Kota Langsa,Provinsi NAD,620152,12861643.0,9684716.0,0.0,0.0,0.0,0.0,0.0,300000.0,0.0,0.0,0.0,497411.0,0.0,1665750.0,55422.0,41105.0,19530.0,0.0,7368416.0,870306.0,45.0,0.0,1161659.0,2005077.0,1226216.0,0.0,112999.0,29.08,2.4,,0.08,95.5,104.75,24.14,29.08,4.466232402810879,97.97539511921892
2019,12,PT Bank Perekonomian Rakyat Syariah Rahmah Hijrah Agung,Kota Lhokseumawe,Provinsi NAD,620049,37942879.0,29472402.0,0.0,0.0,0.0,0.0,0.0,15000.0,0.0,0.0,837695.0,1238268.0,8715258.0,19456100.0,105578.0,106387.0,37023.0,0.0,2085263.0,0.0,1216337.0,0.0,2660813.0,4439693.0,2887443.0,3071.0,104626.0,19.24,6.96,,0.5,98.8,100.26,38.67,19.24,5.1766961991986555,97.14916447763574
2019,12,PT Bank Perekonomian Rakyat Syariah Tulen Amanah,Kab. Lombok Tengah,Provinsi Nusa Tenggara Barat,620009,58188626.0,40825021.0,0.0,0.0,0.0,0.0,0.0,0.0,0.0,0.0,0.0,0.0,15209254.0,32245950.0,245256.0,1431204.0,219817.0,0.0,0.0,0.0,844905.0,0.0,11741303.0,15442913.0,8982830.0,50948.0,2732025.0,19.48,24.23,,5.73,80.37,86.03,29.29,19.48,-8.70747522600701,116.25948057531416
2019,12,PT. BANK PEREKONOMIAN RAKYAT SYARIAH DINAR ASHRI,Kota Mataram,Provinsi Nusa Tenggara Barat,620104,623652098.0,274062670.0,0.0,0.0,10633297.0,0.0,50569524.0,160198571.0,0.0,0.0,140856.0,37626257.0,90130929.0,254839342.0,2416541.0,280263.0,8509441.0,0.0,144803637.0,7253291.0,9608466.0,0.0,34411893.0,73030220.0,26492619.0,965422.0,27561452.0,14.06,0.59,,7.21,61.75,143.63,15.12,14.06,-8.593657692387334,116.10734653727864
2019,12,PT. BANK PEREKONOMIAN RAKYAT SYARIAH PNM PATUH BERAMAL AMALI,Kota Mataram,Provinsi Nusa Tenggara Barat,620021,65588700.0,40449831.0,0.0,0.0,1554657.0,0.0,1680000.0,0.0,0.0,0.0,259100.0,56518.0,11673504.0,21498614.0,234834.0,356516.0,889322.0,0.0,18824168.0,0.0,1948097.0,0.0,7876163.0,11638328.0,4642056.0,94434.0,2861151.0,38.82,3.77,,6.66,55.09,81.52,69.14,38.82,-8.58389278031459,116.11057126739846
2019,12,PT. BPRS Muamalat Yotefa,Kab. Jayapura,Provinsi Papua,620067,,,,,,,,,,,,,,,,,,,,,,,,,,,,,,,,,,,,-2.550807165553799,140.48835142200244
2019,12,PT Bank Perekonomian Rakyat Syariah Berkah Dana Fadhlillah (Perseroda),Kab. Kampar,Provinsi Riau,620060,39387798.0,20894295.0,0.0,62427.0,185909.0,0.0,0.0,0.0,0.0,0.0,69263.0,26244007.0,0.0,7139582.0,132280.0,437859.0,13386.0,0.0,1000000.0,0.0,1195884.0,0.0,4536912.0,4834023.0,3609333.0,0.0,982692.0,,13.96,,2.65,7.68,62.82,31.62,,0.8689938830957369,101.2803342082979
2019,12,PT BANK PEREKONOMIAN RAKYAT SYARIAH SIAK JAYA,Kab. Siak,Provinsi Riau,620189,,,,,,,,,,,,,,,,,,,,,,,,,,,,,,,,,,,,0.6271089398798741,101.56683647826335
2019,12,PT Bank Perekonomian Rakyat Syariah Hasanah,Kota Pekanbaru,Provinsi Riau,620041,12344606.0,6902601.0,0.0,173425.0,0.0,0.0,0.0,424515.0,0.0,0.0,350359.0,440987.0,2260209.0,4593776.0,48809.0,346332.0,64756.0,0.0,3320000.0,0.0,1151479.0,0.0,1149397.0,1787086.0,1815652.0,0.0,-586728.0,9.0,14.32,,-1.87,122.71,96.86,16.13,9.0,0.5249696427966165,101.44758104638636
2019,12,PT Bank Perekonomian Rakyat Syariah Nurul Ikhwan,Kab. Polewali Mandar,Provinsi Sulawesi Barat,620045,359063.0,0.0,0.0,0.0,0.0,0.0,0.0,0.0,0.0,0.0,0.0,0.0,50741.0,0.0,1400.0,0.0,104432.0,0.0,0.0,0.0,26450.0,0.0,13544.0,13544.0,58324.0,0.0,35925.0,100.0,,,10.01,61.76,,222.33,100.0,-3.4069455429190376,119.31879018370128
2019,12,PT Bank Perekonomian Rakyat Syariah Gowata,Kab. Gowa,Provinsi Sulawesi Selatan,620065,3564866.0,1657745.0,0.0,254775.0,0.0,0.0,0.0,0.0,0.0,0.0,0.0,0.0,361685.0,460000.0,8802.0,85263.0,4781.0,0.0,6402.0,0.0,82714.0,0.0,742574.0,766380.0,555827.0,0.0,278150.0,113.56,4.97,,2.86,67.74,213.82,113.47,113.56,-5.225938686460566,120.0079553182381
2019,12,PT Bank Perekonomian Rakyat Syariah Surya Sejati,Kab. Takalar,Provinsi Sulawesi Selatan,620031,3745670.0,1641720.0,0.0,0.0,0.0,0.0,0.0,0.0,0.0,0.0,0.0,0.0,464748.0,628000.0,14679.0,63863.0,2321.0,0.0,447763.0,12685.0,1082257.0,0.0,658019.0,712725.0,605483.0,0.0,38139.0,50.48,19.67,,1.9,92.02,150.24,168.12,50.48,-5.431354763307175,119.44652127180228
2019,12,PT BANK PEREKONOMIAN RAKYAT SYARIAH NIAGA MADANI,Kota Makassar,Provinsi Sulawesi Selatan,620039,14580908.0,11804582.0,0.0,0.0,26383.0,0.0,0.0,0.0,0.0,0.0,320833.0,0.0,1994505.0,3290040.0,49652.0,16829.0,109061.0,0.0,4276709.0,2911181.0,643010.0,0.0,3757994.0,4323313.0,4245478.0,0.0,294324.0,11.56,16.38,,1.98,92.39,222.84,16.01,11.56,-5.127789499318414,119.412410921333
2019,12,PT Bank Perekonomian Rakyat Syariah Dana Moneter,Kota Makassar,Provinsi Sulawesi Selatan,620030,56021601.0,45217725.0,0.0,0.0,0.0,0.0,0.0,0.0,0.0,0.0,495191.0,9571884.0,2990441.0,7996600.0,179751.0,912235.0,203208.0,0.0,9860155.0,11527897.0,479096.0,0.0,4002413.0,7408116.0,5104471.0,0.0,-1150296.0,27.3,7.49,,-1.98,117.19,219.94,29.74,27.3,-5.132293953516857,119.41407701618245
2019,12,PT Bank Perekonomian Rakyat Syariah Harta Insan Karimah Fajar Nitro,Kota Makassar,Provinsi Sulawesi Selatan,620168,10641001.0,8795149.0,0.0,0.0,0.0,0.0,0.0,0.0,0.0,0.0,0.0,82481.0,1103885.0,1329800.0,44412.0,981314.0,14158.0,0.0,5700000.0,0.0,739466.0,0.0,1731602.0,2357922.0,1762415.0,0.0,263450.0,20.19,28.51,,2.94,68.91,107.05,77.74,20.19,-5.128522770098106,119.41038261376706
2019,12,PT Bank Perekonomian Rakyat Syariah Indo Timur,Kota Makassar,Provinsi Sulawesi Selatan,620010,9562432.0,1190650.0,0.0,0.0,0.0,0.0,0.0,0.0,0.0,0.0,0.0,5553995.0,667192.0,0.0,21730.0,124097.0,8542.0,0.0,0.0,0.0,685855.0,0.0,617876.0,644296.0,563861.0,0.0,94731.0,96.87,1.09,,0.07,88.26,19.14,81.61,96.87,-5.143550328284089,119.4138433249748
2019,12,PT Bank Perekonomian Rakyat Syariah Investama Mega Bakti,Kota Makassar,Provinsi Sulawesi Selatan,620077,40652062.0,24615004.0,0.0,103418.0,865152.0,0.0,1912913.0,6117137.0,0.0,0.0,1399678.0,37809.0,2910842.0,2939000.0,156714.0,68074.0,9230.0,0.0,0.0,29657699.0,40284.0,0.0,2444194.0,5932194.0,2570913.0,0.0,80379.0,24.33,15.88,,0.19,98.33,136.86,67.27,24.33,-5.131381407363007,119.4094893372462
2019,12,PT Bank Perekonomian Rakyat Syariah Khairan Inti Amanah,Kab. Parimo/Banggai,Provinsi Sulawesi Tengah,620188,,,,,,,,,,,,,,,,,,,,,,,,,,,,,,,,,,,,,
2019,12,PT BANK PEREKONOMIAN RAKYAT SYARIAH MASYARAKAT LINTAU BUO,Kab. Agam,Provinsi Sumatera Barat,620196,,,,,,,,,,,,,,,,,,,,,,,,,,,,,,,,,,,,,
2019,12,PT BPRS Sungai PuaSyariah,Kab. Agam,Provinsi Sumatera Barat,620186,,,,,,,,,,,,,,,,,,,,,,,,,,,,,,,,,,,,,
2019,12,PT Bank Perekonomian Rakyat Syariah Ampek Angkek Candung,Kab. Agam,Provinsi Sumatera Barat,620071,53681901.0,32840691.0,0.0,0.0,0.0,0.0,0.0,0.0,0.0,0.0,185002.0,24481332.0,152790.0,19900124.0,125561.0,453056.0,272577.0,0.0,1271876.0,0.0,1031455.0,0.0,5595220.0,6490784.0,5260781.0,0.0,653141.0,19.83,14.72,,1.61,81.88,63.74,6.74,19.83,,
2019,12,PT Bank Perekonomian Rakyat Syariah Carana Kiat Andalas,Kab. Agam,Provinsi Sumatera Barat,620064,21815664.0,15394725.0,0.0,0.0,0.0,0.0,0.0,0.0,0.0,0.0,1655513.0,12131595.0,0.0,6087432.0,70890.0,63309.0,225583.0,0.0,500115.0,0.0,11602.0,0.0,2191831.0,2489838.0,2140940.0,0.0,366484.0,20.66,10.34,,1.95,86.18,84.5,31.66,20.66,,
2019,12,PT BPRS Guguk Mas Makmur,Kab. Limapuluh Koto,Provinsi Sumatera Barat,620194,,,,,,,,,,,,,,,,,,,,,,,,,,,,,,,,,,,,,
2019,12,PT BPRS Taeh Baruah,Kab. Limapuluh Koto,Provinsi Sumatera Barat,620190,,,,,,,,,,,,,,,,,,,,,,,,,,,,,,,,,,,,,
2019,12,PT Bank Perekonomian Rakyat Syariah Khatulistiwa,Kab. Pasaman,Provinsi Sumatera Barat,620201,,,,,,,,,,,,,,,,,,,,,,,,,,,,,,,,,,,,,
2019,12,PT BPRS Mentari Pasaman Saiyo,Kab. Pasaman Barat,Provinsi Sumatera Barat,620059,12850043.0,9059136.0,0.0,398284.0,57300.0,0.0,111250.0,900000.0,0.0,0.0,231335.0,239871.0,6715442.0,2223400.0,44178.0,392061.0,203518.0,0.0,1055268.0,0.0,621099.0,0.0,1509280.0,1935983.0,1734301.0,12000.0,172726.0,25.51,10.57,,0.08,93.01,98.02,14.31,25.51,,
2019,12,PT BPRS Haji Miskin,Kab. Tanah Datar,Provinsi Sumatera Barat,620099,52283303.0,33204233.0,0.0,3134869.0,0.0,6594.0,1151215.0,3828171.0,0.0,0.0,0.0,3002239.0,12347910.0,19759544.0,239715.0,693471.0,518432.0,0.0,6450000.0,0.0,1910463.0,0.0,5354730.0,8156962.0,4234145.0,45386.0,1439281.0,28.33,2.79,,2.4,73.53,86.55,10.34,28.33,0.7957568848810034,100.72783265816751
2019,12,PT Bank Perekonomian Rakyat Syariah Balerong Bunta,Kab. Tanah Datar,Provinsi Sumatera Barat,620197,,,,,,,,,,,,,,,,,,,,,,,,,,,,,,,,,,,,0.8031965185093075,100.73793330633296
2019,12,PT Bank Pembiayaan Rakyat Syariah Jam Gadang Perseroda,Kota Bukittinggi,Provinsi Sumatera Barat,620185,,,,,,,,,,,,,,,,,,,,,,,,,,,,,,,,,,,,-0.2958866590933593,100.36052326690393
2019,12,PT BANK PEREKONOMIAN RAKYAT SYARIAH AL MAKMUR,Kota Payakumbuh,Provinsi Sumatera Barat,620132,56000499.0,30595123.0,0.0,671337.0,27500.0,0.0,0.0,7919408.0,0.0,0.0,746306.0,21325665.0,1382141.0,19101602.0,265871.0,55801.0,179262.0,0.0,6262681.0,0.0,1038586.0,0.0,4546253.0,6380329.0,4336181.0,0.0,974998.0,27.36,1.12,,0.78,88.47,82.5,11.52,27.36,-0.2305304689386322,100.63568358146692
2019,12,PT BPRS Gajahtongga KotoPiliang,Kota Sawahlunto,Provinsi Sumatera Barat,620162,31515224.0,24110041.0,0.0,0.0,0.0,0.0,0.0,1282561.0,0.0,0.0,0.0,12944166.0,0.0,10748700.0,150303.0,648495.0,116343.0,0.0,150000.0,0.0,481961.0,0.0,3794992.0,4774169.0,3131411.0,0.0,1044656.0,45.68,3.4,,3.73,72.63,107.18,45.25,45.68,-0.6873833320816837,100.76958758372275
2019,12,PT BPRS Barakah Nawaitul Ikhlas,Kota Solok,Provinsi Sumatera Barat,620123,8058114.0,5237618.0,0.0,492832.0,0.0,0.0,0.0,0.0,0.0,0.0,0.0,328681.0,4305871.0,2125700.0,32825.0,314328.0,12860.0,0.0,20000.0,0.0,28565.0,0.0,1077808.0,1391010.0,1423881.0,3733.0,-200217.0,28.77,1.37,,-0.88,109.12,71.48,31.81,28.77,-0.8090450252633046,100.6628003414127
2019,12,PT Bank Perekonomian Rakyat Syariah Al Falah,Kab. Banyuasin,Provinsi Sumatera Selatan,620040,24296976.0,14104995.0,0.0,830862.0,0.0,0.0,402778.0,0.0,0.0,0.0,0.0,188796.0,4413648.0,6510960.0,107425.0,163966.0,12747.0,0.0,6249371.0,0.0,275472.0,0.0,3191760.0,4350818.0,2250769.0,0.0,1166583.0,40.28,3.88,,5.42,74.67,65.54,28.98,40.28,,
2019,12,PT Bank Perekonomian Rakyat Syariah Amanah Insan Cita,Kab. Deli Serdang,Provinsi Sumatera Utara,620145,12120128.0,9502995.0,0.0,0.0,0.0,0.0,1052248.0,0.0,0.0,0.0,0.0,1587133.0,0.0,7721500.0,38234.0,59167.0,40756.0,0.0,13013.0,0.0,193979.0,0.0,1267575.0,1741856.0,2315311.0,0.0,290130.0,25.31,3.51,,3.3,72.51,89.85,62.23,25.31,,
2019,12,PT Bank Perekonomian Rakyat Syariah Puduarta Insani,Kab. Deli Serdang,Provinsi Sumatera Utara,620058,59576953.0,34414963.0,0.0,0.0,0.0,0.0,0.0,0.0,0.0,0.0,0.0,12999920.0,0.0,37538981.0,277588.0,140480.0,80758.0,0.0,672253.0,0.0,1016683.0,0.0,4573396.0,7618719.0,4071486.0,0.0,746256.0,24.14,1.58,,1.82,77.89,60.13,14.89,24.14,,
2019,12,PT Bank Perekonomian Rakyat Syariah Sindanglaya Kotanopan,Kab. Mandailing Natal,Provinsi Sumatera Utara,620111,9031968.0,3730380.0,0.0,522183.0,0.0,0.0,0.0,1542006.0,0.0,0.0,0.0,2849201.0,0.0,4182300.0,27603.0,31081.0,7876.0,0.0,0.0,0.0,244810.0,11320.0,1280048.0,1530555.0,1090367.0,0.0,306288.0,26.42,7.42,,3.49,77.56,82.28,38.13,26.42,,
2019,12,PT Bank Perekonomian Rakyat Syariah Amanah Bangsa,Kab. Simalungun,Provinsi Sumatera Utara,620032,65006108.0,49386430.0,0.0,177017.0,0.0,0.0,725000.0,0.0,0.0,0.0,0.0,9450794.0,0.0,17226700.0,249293.0,679714.0,149175.0,0.0,12703453.0,17554325.0,863271.0,0.0,5965291.0,10170412.0,6734976.0,0.0,872373.0,21.1,3.35,,2.08,88.58,78.65,50.53,21.1,,
2019,12,PT. BPRS Al-Yaqin,Kab. Simalungun,Provinsi Sumatera Utara,620092,8168191.0,5194186.0,0.0,223324.0,0.0,0.0,251980.0,35000.0,0.0,0.0,688605.0,947971.0,501630.0,5623800.0,26298.0,103744.0,45980.0,0.0,250000.0,0.0,30933.0,0.0,852417.0,1468466.0,1243329.0,0.0,-264537.0,,,,,,,,,,
2019,12,PT Bank Perekonomian Rakyat Syariah Al Washliyah,Kota Medan,Provinsi Sumatera Utara,620036,15273349.0,5842022.0,0.0,1583532.0,18000.0,0.0,615411.0,200000.0,0.0,0.0,26970.0,1004654.0,1587777.0,11039500.0,56142.0,130878.0,185303.0,0.0,97667.0,0.0,50151.0,0.0,856863.0,1842985.0,1762177.0,0.0,-624204.0,14.37,8.29,,-4.02,86.62,60.59,12.59,14.37,3.5953913881617754,98.67901076224275
2019,12,PT Bank Perekonomian Rakyat Syariah Gebu Prima,Kota Medan,Provinsi Sumatera Utara,620055,35002958.0,17503875.0,0.0,684630.0,0.0,0.0,2713000.0,0.0,0.0,0.0,0.0,123604.0,4864876.0,19063000.0,137052.0,36906.0,37943.0,0.0,8115365.0,0.0,24248.0,0.0,1237681.0,3798912.0,1643192.0,0.0,30299.0,12.31,3.16,,-0.04,103.43,65.1,21.68,12.31,3.580883089096215,98.66623055730342
2020,12,PT Bank Perekonomian Rakyat Syariah Fajar Sejahtera Bali,Kab. Badung,Provinsi Bali,620026,16590902.0,2483369.0,0.0,4423726.0,4750.0,0.0,2744819.0,953020.0,0.0,0.0,0.0,349874.0,3899686.0,8564000.0,342127.0,19860.0,139421.0,0.0,0.0,0.0,0.0,0.0,1540474.0,1992723.0,1521907.0,0.0,230206.0,37.17,4.47,,1.39,88.34,79.55,42.1,37.17,-8.645170567141806,115.27693679878858
2020,12,PT Bank Perekonomian Rakyat Syariah Muamalah Cilegon,Kota Cilegon,Provinsi Banten,620034,48823679.0,23752473.0,306324.0,1656450.0,286000.0,0.0,28934.0,2894239.0,0.0,0.0,0.0,20279732.0,2494184.0,13846900.0,146961.0,661219.0,590756.0,0.0,4393135.0,0.0,205409.0,0.0,6090122.0,7406214.0,4971169.0,45754.0,1220535.0,45.11,2.83,,3.22,81.72,70.52,41.0,45.11,-6.013534007648159,106.0585828108812
2020,12,PT. BPRS Cilegon Mandiri,Kota Cilegon,Provinsi Banten,620080,121038009.0,84479842.0,171024.0,7115378.0,97400.0,0.0,0.0,14327878.0,0.0,0.0,689900.0,5103639.0,16305775.0,25034619.0,407937.0,356467.0,248064.0,0.0,9050000.0,0.0,758373.0,0.0,9476772.0,11903120.0,10553167.0,0.0,-430997.0,102.48,10.49,,-0.39,101.45,191.36,19.06,102.48,-6.0121840147933305,106.06249216016823
2020,12,PT BPRS Harta Insan Karimah,Kota Tangerang,Provinsi Banten,620012,588254110.0,202045881.0,0.0,63314383.0,515123.0,0.0,5339678.0,162439947.0,0.0,0.0,3933450.0,25312693.0,68395341.0,407554540.0,1845105.0,6070157.0,669123.0,0.0,19811833.0,0.0,5688471.0,0.0,37284110.0,74478722.0,39150271.0,31819.0,737402.0,20.48,11.98,,0.16,96.16,83.23,7.35,20.48,-6.168514895786671,106.6333010221693
2020,12,PT Bank Perekonomian Rakyat Syariah Musyarakah Ummat Indonesia,Kota Tangerang,Provinsi Banten,620007,21305364.0,13087336.0,0.0,2261480.0,306858.0,0.0,69100.0,772041.0,0.0,0.0,479840.0,768285.0,421651.0,11390487.0,0.0,528765.0,27713.0,0.0,7150000.0,0.0,2610.0,0.0,1594307.0,3144308.0,1779889.0,0.0,83813.0,22.05,12.22,,0.52,97.87,83.61,6.9,22.05,-6.17429154031784,106.64290706543798
2020,12,PT Bank Perekonomian Rakyat Syariah Rizky Barokah,Kota Tangerang Selatan,Provinsi Banten,620199,,,,,,,,,,,,,,,,,,,,,,,,,,,,,,,,,,,,-6.320385744555436,106.69864713138224
2020,12,PT Bank Perekonomian Rakyat Syariah Muamalat Harkat,Kab. Seluma,Provinsi Bengkulu,620052,63292123.0,44027190.0,0.0,0.0,0.0,0.0,0.0,0.0,0.0,0.0,0.0,6743891.0,15771578.0,25751500.0,287852.0,508470.0,69635.0,0.0,5450427.0,0.0,553000.0,0.0,7567279.0,10769114.0,5536972.0,42746.0,1879860.0,17.15,9.66,,3.73,70.13,71.18,37.63,17.15,,
2020,12,PT Bank Perekonomian Rakyat Syariah Fadhilah Kota Bengkulu (Perseroda),Kota Bengkulu,Provinsi Bengkulu,620184,11185650.0,248750.0,0.0,68833.0,0.0,0.0,0.0,0.0,0.0,0.0,0.0,3689909.0,0.0,1500.0,22268.0,0.0,12390.0,0.0,0.0,0.0,38291.0,0.0,43351.0,43440.0,587470.0,0.0,373560.0,1.0,0.01,,5.07,50.93,16.46,222.91,1.0,-3.798786993847248,102.26066774117557
2020,12,PT Bank Perekonomian Rakyat Syariah Maslahat Dana Syariah Nusantara,Kota Bengkulu,Provinsi Bengkulu,620181,13805788.0,10725130.0,0.0,3956321.0,0.0,0.0,0.0,0.0,0.0,0.0,1700000.0,1895443.0,0.0,9194500.0,29274.0,3849762.0,127385.0,0.0,424342.0,0.0,26087.0,0.0,803834.0,1629970.0,4806257.0,0.0,-3201877.0,15.08,29.38,,-19.04,159.15,156.0,18.38,15.08,-3.791547736340278,102.2560829253008
2020,12,PT. BPRS Safir,Kota Bengkulu,Provinsi Bengkulu,620090,,,,,,,,,,,,,,,,,,,,,,,,,,,,,,,,,,,,-3.8005555705877825,102.2529282154658
2020,12,PT Bank Perekonomian Rakyat Syariah Bangun Drajat Warga,Kab. Bantul,Provinsi D.I. Yogyakarta,620018,150352310.0,60762878.0,0.0,785769.0,10000.0,42687.0,17649122.0,10048047.0,0.0,0.0,486362.0,72413915.0,26799682.0,28547945.0,582651.0,1026339.0,64137.0,0.0,1532657.0,0.0,5751913.0,0.0,8688254.0,10788995.0,6474699.0,61815.0,1963165.0,31.46,6.24,,1.77,75.45,72.78,40.65,31.46,-6.162883175978525,106.8097490702202
2020,12,PT Bank Perekonomian Rakyat Syariah Madina Mandiri Sejahtera,Kab. Bantul,Provinsi D.I. Yogyakarta,620118,78177757.0,57801061.0,0.0,1472003.0,84948.0,0.0,2426304.0,8501097.0,0.0,0.0,2056857.0,4697345.0,1645254.0,44643700.0,0.0,711699.0,1535927.0,0.0,18677365.0,0.0,918968.0,0.0,1461029.0,8098538.0,5322648.0,0.0,-1658839.0,16.38,9.14,,-2.12,114.38,100.89,10.75,16.38,-6.160825160234478,106.80699763980014
2020,12,PT Bank Perekonomian Rakyat Syariah Margirizki Bahagia,Kab. Bantul,Provinsi D.I. Yogyakarta,620017,42061864.0,18102987.0,0.0,5667.0,10000.0,0.0,0.0,7307870.0,0.0,0.0,84200.0,6365840.0,2761622.0,20081600.0,178170.0,810503.0,15449.0,0.0,6270176.0,0.0,352925.0,0.0,2476647.0,5034140.0,2465139.0,0.0,155474.0,22.14,10.57,,2.27,77.14,71.67,87.71,22.14,-6.173931205857998,106.82055050685378
2020,12,PT Bank Perekonomian Rakyat Syariah Cahaya Hidup,Kab. Sleman,Provinsi D.I. Yogyakarta,620163,32782949.0,23230148.0,0.0,502718.0,65545.0,0.0,0.0,860043.0,0.0,0.0,0.0,769234.0,784097.0,19121745.0,104215.0,570787.0,170942.0,0.0,7620817.0,0.0,99767.0,0.0,1668959.0,3879529.0,1647950.0,6050.0,236348.0,37.11,12.75,,0.74,85.99,87.15,39.65,37.11,,
2020,12,PT Bank Perekonomian Rakyat Syariah Danagung Syariah,Kab. Sleman,Provinsi D.I. Yogyakarta,620128,38698736.0,14252500.0,0.0,8511059.0,27000.0,0.0,0.0,1734633.0,0.0,0.0,0.0,1555509.0,148869.0,14693250.0,97576.0,144717.0,247537.0,0.0,16415796.0,0.0,188931.0,0.0,1768432.0,4511588.0,3197140.0,0.0,-970708.0,36.97,11.98,,-2.38,118.49,112.26,117.27,36.97,,
2020,12,PT Bank Perekonomian Rakyat Syariah Formes Sleman,Kab. Sleman,Provinsi D.I. Yogyakarta,620136,43947761.0,22983917.0,0.0,932920.0,610000.0,0.0,1432505.0,1117938.0,0.0,0.0,1035696.0,3476139.0,13502389.0,10909150.0,85573.0,248752.0,398121.0,0.0,5382296.0,3262775.0,1830250.0,0.0,2511417.0,3661380.0,3658161.0,0.0,810356.0,35.42,10.99,,1.92,81.87,86.92,54.01,35.42,,
2020,12,PT Bank Perekonomian Rakyat Syariah Harta Insan Karimah Mitra Cahaya Indonesia,Kab. Sleman,Provinsi D.I. Yogyakarta,620133,172095494.0,55573642.0,0.0,1241251.0,10000.0,0.0,256179.0,19975162.0,0.0,0.0,817873.0,11623931.0,623312.0,82312792.0,0.0,653594.0,523347.0,0.0,34341881.0,20694444.0,671284.0,0.0,8359201.0,18847359.0,7578517.0,0.0,2015355.0,28.84,3.37,,1.6,76.75,81.49,119.86,28.84,,
2020,12,PT Bank Perekonomian Rakyat Syariah Mitra Amal Mulia,Kab. Sleman,Provinsi D.I. Yogyakarta,620117,57405823.0,37106525.0,0.0,1575889.0,174900.0,0.0,0.0,608333.0,0.0,0.0,562133.0,5631826.0,1518611.0,23699419.0,1342.0,38115.0,26277.0,0.0,15894865.0,2944436.0,612350.0,0.0,4534219.0,7682915.0,4323951.0,1278.0,430941.0,23.5,1.96,,0.96,87.72,88.51,19.73,23.5,,
2020,12,PT Bank Perekonomian Rakyat Syariah Sleman (Perseroda),Kab. Sleman,Provinsi D.I. Yogyakarta,620193,,,,,,,,,,,,,,,,,,,,,,,,,,,,,,,,,,,,,
2020,12,PT Bank Perekonomian Rakyat Syariah Barokah Dana Sejahtera,Kota Yogyakarta,Provinsi D.I. Yogyakarta,620115,144469800.0,37277088.0,251665.0,2543209.0,178032.0,21390.0,2445410.0,53926502.0,0.0,0.0,769479.0,27120008.0,15305072.0,74932662.0,515965.0,1098159.0,554796.0,0.0,6183084.0,7409845.0,192609.0,0.0,7413820.0,13656970.0,6552872.0,0.0,986577.0,21.34,3.29,,0.87,84.33,82.84,19.91,21.34,-7.808951498748443,110.36881342877136
2020,12,PT Bank Perekonomian Rakyat Syariah Dana Hidayatullah,Kota Yogyakarta,Provinsi D.I. Yogyakarta,620107,24949685.0,13385122.0,0.0,117241.0,55043.0,0.0,61515.0,6735636.0,0.0,0.0,0.0,1600287.0,3155139.0,8433500.0,87005.0,13807.0,63720.0,0.0,537580.0,0.0,36369.0,3550000.0,2050247.0,3035591.0,2669407.0,0.0,733515.0,86.6,3.74,,3.0,78.31,94.69,24.21,86.6,-7.805830145091572,110.3718318454461
2020,12,PT Bank Perekonomian Rakyat Syariah Mitra Harmoni Yogyakarta,Kota Yogyakarta,Provinsi D.I. Yogyakarta,620149,78936641.0,58981718.0,0.0,457250.0,10000.0,0.0,3628100.0,0.0,0.0,0.0,0.0,6343947.0,7165168.0,39499780.0,60203.0,557033.0,283662.0,0.0,13455459.0,4472843.0,322675.0,0.0,4144956.0,9473155.0,6477536.0,0.0,-766985.0,20.02,5.57,,-0.97,113.48,94.89,32.52,20.02,-7.803051873506947,110.36402782968446
2020,12,PT Bank Perekonomian Rakyat Syariah Unisia Insan Indonesia,Kota Yogyakarta,Provinsi D.I. Yogyakarta,620178,75928681.0,32092167.0,2139.0,395307.0,1222500.0,0.0,5740788.0,5221799.0,0.0,0.0,0.0,6403382.0,11469633.0,40053925.0,9314.0,0.0,228552.0,0.0,8000000.0,0.0,142242.0,0.0,3302383.0,6138361.0,3351649.0,0.0,400324.0,47.68,3.78,,0.78,98.94,77.44,37.1,47.68,-7.811119305839534,110.36108720090904
2020,12,PT BPRS Hidayah,Wil. Kota Jakarta Barat,Provinsi DKI Jakarta,620119,,,,,,,,,,,,,,,,,,,,,,,,,,,,,,,,,,,,,
2020,12,PT Bank Perekonomian Rakyat Syariah Hijra Alami,Wil. Kota Jakarta Selatan,Provinsi DKI Jakarta,620138,16765348.0,4401405.0,0.0,349133.0,59600.0,0.0,0.0,1210050.0,0.0,0.0,0.0,728655.0,319937.0,6298647.0,824.0,259446.0,116316.0,0.0,536083.0,0.0,7110380.0,0.0,931837.0,1812947.0,1678136.0,0.0,-637212.0,37.91,31.11,,-4.56,83.86,58.64,33.0,37.91,,
2020,12,PT Bank Perekonomian Rakyat Syariah Al Ihsan,Kab. Bandung,Provinsi Jawa Barat,620044,31387111.0,18373069.0,0.0,815769.0,73150.0,0.0,0.0,0.0,0.0,0.0,0.0,3727666.0,0.0,20780000.0,366.0,195481.0,66315.0,0.0,3350000.0,0.0,27118.0,0.0,1909304.0,2665538.0,1772927.0,0.0,204723.0,40.04,2.46,,0.65,85.65,66.42,42.14,40.04,-6.971851712893827,107.5425031409888
2020,12,PT Bank Perekonomian Rakyat Syariah Almasoem,Kab. Bandung,Provinsi Jawa Barat,620027,238862177.0,155450587.0,0.0,8412982.0,20250071.0,0.0,0.0,4751522.0,0.0,0.0,534899.0,69039150.0,3830289.0,117500263.0,830895.0,3281740.0,2227573.0,0.0,21172306.0,0.0,3014024.0,0.0,21649820.0,33449213.0,18358108.0,0.0,4607399.0,14.48,12.03,,2.43,83.94,89.28,25.42,14.48,-6.97009496632967,107.54174350568084
2020,12,PT Bank Perekonomian Rakyat Syariah Amanah Rabbaniah,Kab. Bandung,Provinsi Jawa Barat,620002,96912605.0,56925246.0,0.0,11101979.0,669493.0,0.0,0.0,625612.0,0.0,0.0,76952.0,29917814.0,4878581.0,41271293.0,336691.0,1271494.0,561628.0,0.0,1500000.0,5541375.0,2077042.0,0.0,12497177.0,16773270.0,8992825.0,72000.0,4059663.0,19.59,3.21,,5.64,71.97,76.46,25.05,19.59,-6.981512329239818,107.54983972422548
2020,12,PT Bank Perekonomian Rakyat Syariah Harta Insan Karimah Parahyangan,Kab. Bandung,Provinsi Jawa Barat,620054,1314519792.0,913728006.0,0.0,903590.0,2326594.0,0.0,484931.0,82668358.0,0.0,0.0,6582988.0,116756498.0,10471700.0,611287159.0,5021992.0,11272266.0,11453321.0,0.0,59569994.0,335396840.0,0.0,0.0,125471744.0,217021832.0,92147266.0,948000.0,28721040.0,17.3,1.85,,2.94,82.9,88.23,54.06,17.3,-6.965455511896712,107.55659356508802
2020,12,PT Bank Perekonomian Rakyat Syariah Amanah Insani,Kab. Bekasi,Provinsi Jawa Barat,620066,73636956.0,33076559.0,0.0,0.0,448277.0,0.0,2319626.0,0.0,0.0,0.0,0.0,31027384.0,0.0,31065918.0,344245.0,416122.0,293227.0,0.0,0.0,0.0,1182733.0,0.0,5263485.0,7366869.0,8057774.0,165155.0,1438942.0,12.0,20.17,,1.57,87.66,57.73,30.21,12.0,-6.204349585324721,107.17320288461552
2020,12,PT BPRS Bogor Tegar Beriman,Kab. Bogor,Provinsi Jawa Barat,620177,98862867.0,46754668.0,0.0,3157172.0,0.0,0.0,66667.0,5923232.0,0.0,0.0,350000.0,785851.0,0.0,0.0,207860.0,989288.0,1113507.0,0.0,3000000.0,0.0,1799669.0,69957806.0,8822475.0,11729894.0,6337612.0,0.0,3570110.0,58.74,2.87,,8.04,61.84,79.02,90.36,58.74,-6.552632627212006,107.00079770326322
2020,12,PT Bank Perekonomian Rakyat Syariah Amanah Ummah,Kab. Bogor,Provinsi Jawa Barat,620004,343396371.0,196083172.0,8403044.0,143201.0,3860359.0,0.0,2955000.0,3283298.0,0.0,0.0,0.0,200870916.0,2288868.0,102321406.0,1440708.0,1571980.0,3847212.0,0.0,4023995.0,0.0,687359.0,0.0,29885978.0,37863048.0,21807788.0,837000.0,7080956.0,19.43,2.38,,2.99,73.39,66.15,21.11,19.43,-6.547796294132246,107.00834446079764
2020,12,PT Bank Perekonomian Rakyat Syariah Botani Bina Rahmah,Kab. Bogor,Provinsi Jawa Barat,620061,27567881.0,19437192.0,0.0,1590280.0,1008435.0,0.0,88000.0,0.0,0.0,0.0,0.0,5128446.0,0.0,12456500.0,93869.0,405444.0,192198.0,0.0,6725263.0,0.0,935867.0,0.0,2027446.0,3064690.0,2186355.0,0.0,256765.0,18.53,3.62,,1.32,95.39,91.38,42.25,18.53,-6.546441998522415,106.99684935942706
2020,12,PT Bank Perekonomian Rakyat Syariah Harta Insan Karimah Insan Cita,Kab. Bogor,Provinsi Jawa Barat,620069,118451228.0,86369601.0,0.0,5448217.0,472530.0,0.0,1342368.0,8882660.0,0.0,0.0,0.0,11613189.0,1366142.0,51631757.0,485315.0,715964.0,677576.0,0.0,29940488.0,12029358.0,991498.0,0.0,7694121.0,15836752.0,7203103.0,0.0,1171874.0,16.33,4.02,,1.34,81.07,157.21,54.47,16.33,-6.539331604489986,107.00639936483655
2020,12,PT. BPRS Rif'atul Ummah,Kab. Bogor,Provinsi Jawa Barat,620068,13209135.0,6998325.0,191650.0,848494.0,680148.0,0.0,0.0,281107.0,0.0,0.0,27785.0,1767244.0,0.0,5257854.0,3781.0,49503.0,201709.0,0.0,3874305.0,0.0,624022.0,0.0,990840.0,1602069.0,919600.0,0.0,171889.0,18.0,11.54,,-12.05,89.24,82.56,40.43,18.0,-6.544725297552011,107.0028264990046
2020,12,PT Bank Perekonomian Rakyat Syariah Gaido Indonesia,Kab. Cianjur,Provinsi Jawa Barat,620043,20289226.0,13484370.0,0.0,1261372.0,108797.0,0.0,0.0,902807.0,0.0,0.0,0.0,3036408.0,1856919.0,8721000.0,0.0,453326.0,82209.0,0.0,0.0,0.0,0.0,6360198.0,1201098.0,2430196.0,2465151.0,0.0,-696360.0,23.61,5.31,,-1.97,141.73,77.64,32.59,23.61,-6.563150818639635,106.73146469181188
2020,12,PT Bank Perekonomian Rakyat Syariah Harum Hikmahnugraha,Kab. Garut,Provinsi Jawa Barat,620029,75497064.0,43052578.0,0.0,90087.0,1460149.0,0.0,0.0,0.0,0.0,0.0,0.0,23971058.0,303905.0,33860965.0,188347.0,389618.0,69576.0,0.0,5380000.0,740104.0,395874.0,0.0,5700515.0,9303165.0,4720836.0,0.0,810650.0,37.49,13.43,,9.59,49.24,1.3,35.72,37.49,-7.201021164642222,107.90284024114014
2020,12,PT Bank Perekonomian Rakyat Syariah PNM Mentari,Kab. Garut,Provinsi Jawa Barat,620008,106605134.0,65252428.0,0.0,12872265.0,1808068.0,0.0,0.0,1931085.0,0.0,0.0,0.0,6021385.0,11630055.0,45934657.0,419018.0,295951.0,1169675.0,0.0,28000000.0,1361504.0,1270710.0,0.0,10620256.0,17464992.0,8351168.0,0.0,2823852.0,31.26,5.86,,3.7,70.58,89.48,21.32,31.26,-7.195611181584734,107.90948097277126
2020,12,PT. BPRS Gotong Royong,Kab. Subang,Provinsi Jawa Barat,620172,,,,,,,,,,,,,,,,,,,,,,,,,,,,,,,,,,,,-6.553534544317955,107.7543397767086
2020,12,PT. BPRS Gotong Royong,Kab. Subang,Provinsi Jawa Barat,620172,,,,,,,,,,,,,,,,,,,,,,,,,,,,,,,,,,,,-6.916774443100237,106.9293590384548
2020,12,PT BPRS Berkah Amal Salman,Kota Bandung,Provinsi Jawa Barat,620001,,,,,,,,,,,,,,,,,,,,,,,,,,,,,,,,,,,,-6.918139601318028,107.60647461822626
2020,12,PT BPRS Berkah Amal Salman,Kota Bandung,Provinsi Jawa Barat,620001,,,,,,,,,,,,,,,,,,,,,,,,,,,,,,,,,,,,-6.600064385549815,106.7999819599572
2020,12,PT Bank Perekonomian Rakyat Syariah Baiturridha Pusaka,Kota Bandung,Provinsi Jawa Barat,620011,131339133.0,19552475.0,0.0,66367726.0,3255000.0,0.0,500000.0,325000.0,0.0,0.0,0.0,12709200.0,11566086.0,48934400.0,570590.0,849045.0,2284068.0,0.0,6300000.0,22844798.0,2800457.0,0.0,24047611.0,28671870.0,15747902.0,243758.0,7547065.0,28.18,1.74,,7.78,62.89,73.1,52.76,28.18,-6.926057921061269,107.60382508821964
2020,12,PT Bank Perekonomian Rakyat Syariah Baiturridha Pusaka,Kota Bandung,Provinsi Jawa Barat,620011,131339133.0,19552475.0,0.0,66367726.0,3255000.0,0.0,500000.0,325000.0,0.0,0.0,0.0,12709200.0,11566086.0,48934400.0,570590.0,849045.0,2284068.0,0.0,6300000.0,22844798.0,2800457.0,0.0,24047611.0,28671870.0,15747902.0,243758.0,7547065.0,28.18,1.74,,7.78,62.89,73.1,52.76,28.18,-6.5950591985824625,106.79485467015364
2020,12,PT Bank Perekonomian Rakyat Syariah Mitra Harmoni Kota Bandung,Kota Bandung,Provinsi Jawa Barat,620161,25731870.0,16102061.0,0.0,865163.0,0.0,22100.0,0.0,0.0,0.0,0.0,458667.0,2285796.0,913779.0,8842946.0,65169.0,137665.0,279552.0,0.0,6676733.0,0.0,1539431.0,0.0,2712678.0,3917623.0,4167050.0,0.0,-871825.0,46.0,18.0,,-4.0,119.0,92.0,35.0,46.0,-6.930306124913997,107.60122007641682
2020,12,PT Bank Perekonomian Rakyat Syariah Mitra Harmoni Kota Bandung,Kota Bandung,Provinsi Jawa Barat,620161,25731870.0,16102061.0,0.0,865163.0,0.0,22100.0,0.0,0.0,0.0,0.0,458667.0,2285796.0,913779.0,8842946.0,65169.0,137665.0,279552.0,0.0,6676733.0,0.0,1539431.0,0.0,2712678.0,3917623.0,4167050.0,0.0,-871825.0,46.0,18.0,,-4.0,119.0,92.0,35.0,46.0,-6.605274910968337,106.787676963878
2020,12,PT BANK PEREKONOMIAN RAKYAT ARTHA MADANI,Kota Bekasi,Provinsi Jawa Barat,620088,199196804.0,125174327.0,0.0,4961038.0,236432.0,0.0,0.0,12271210.0,0.0,0.0,2028675.0,21179201.0,2651978.0,80951000.0,0.0,4142082.0,2716827.0,0.0,74672995.0,0.0,448610.0,0.0,16313492.0,26902291.0,20782192.0,0.0,1042573.0,17.25,1.94,,0.84,93.5,82.52,32.15,17.25,-6.235802486784483,106.99167237097036
2020,12,PT Bank Perekonomian Rakyat Syariah Harta Insan Karimah Bekasi,Kota Bekasi,Provinsi Jawa Barat,620015,323328183.0,178576619.0,0.0,48128107.0,2200520.0,0.0,7758763.0,30137979.0,0.0,0.0,5887389.0,17247097.0,811453.0,222018920.0,65795.0,9890167.0,387294.0,0.0,44453007.0,550000.0,7010594.0,0.0,28484723.0,56749272.0,34660763.0,157500.0,255433.0,22.0,17.89,,0.16,99.15,95.13,57.07,22.0,-6.237084227639964,106.9866402479551
2020,12,PT Bank Perekonomian Rakyat Syariah Harta Insan Karimah Cibitung,Kota Bekasi,Provinsi Jawa Barat,620020,525195694.0,224277959.0,0.0,75470876.0,0.0,0.0,0.0,116055501.0,0.0,0.0,0.0,40338004.0,3202823.0,225117248.0,2419406.0,6282303.0,4275746.0,0.0,49462388.0,129580548.0,10445388.0,0.0,53922974.0,92080755.0,46286556.0,533509.0,16199992.0,23.18,0.94,,4.42,65.95,93.85,61.24,23.18,-6.225695831277773,106.98845203769474
2020,12,PT Bank Perekonomian Rakyat Syariah Patriot Bekasi Perseroda,Kota Bekasi,Provinsi Jawa Barat,620108,272468144.0,149416581.0,0.0,8838388.0,2204150.0,0.0,0.0,47173507.0,0.0,0.0,738500.0,28026945.0,1441915.0,108043173.0,3217792.0,138482.0,2154871.0,0.0,23100000.0,47059492.0,19412778.0,0.0,28175138.0,40347968.0,22055850.0,0.0,5190031.0,23.02,1.32,,2.38,82.8,99.98,85.68,23.02,-6.2278728540382104,107.00170463692426
2020,12,PT Bank Perekonomian Rakyat Syariah Riyal Irsyadi,Kota Bekasi,Provinsi Jawa Barat,620005,57767832.0,17374243.0,0.0,0.0,129244.0,0.0,607068.0,7590825.0,0.0,0.0,716000.0,6343317.0,24891.0,29522030.0,0.0,627292.0,513543.0,0.0,7001383.0,0.0,201578.0,0.0,1855198.0,4724970.0,3642282.0,0.0,-257815.0,46.74,14.07,,-0.45,118.86,63.36,47.71,46.74,-6.225147459974553,106.99631349110932
2020,12,PT BPRS Berkah Amal Salman,Kota Bogor,Provinsi Jawa Barat,620001,,,,,,,,,,,,,,,,,,,,,,,,,,,,,,,,,,,,-6.918139601318028,107.60647461822626
2020,12,PT BPRS Berkah Amal Salman,Kota Bogor,Provinsi Jawa Barat,620001,,,,,,,,,,,,,,,,,,,,,,,,,,,,,,,,,,,,-6.600064385549815,106.7999819599572
2020,12,PT Bank Perekonomian Rakyat Syariah Baiturridha Pusaka,Kota Bogor,Provinsi Jawa Barat,620011,131339133.0,19552475.0,0.0,66367726.0,3255000.0,0.0,500000.0,325000.0,0.0,0.0,0.0,12709200.0,11566086.0,48934400.0,570590.0,849045.0,2284068.0,0.0,6300000.0,22844798.0,2800457.0,0.0,24047611.0,28671870.0,15747902.0,243758.0,7547065.0,28.18,1.74,,7.78,62.89,73.1,52.76,28.18,-6.926057921061269,107.60382508821964
2020,12,PT Bank Perekonomian Rakyat Syariah Baiturridha Pusaka,Kota Bogor,Provinsi Jawa Barat,620011,131339133.0,19552475.0,0.0,66367726.0,3255000.0,0.0,500000.0,325000.0,0.0,0.0,0.0,12709200.0,11566086.0,48934400.0,570590.0,849045.0,2284068.0,0.0,6300000.0,22844798.0,2800457.0,0.0,24047611.0,28671870.0,15747902.0,243758.0,7547065.0,28.18,1.74,,7.78,62.89,73.1,52.76,28.18,-6.5950591985824625,106.79485467015364
2020,12,PT Bank Perekonomian Rakyat Syariah Mitra Harmoni Kota Bandung,Kota Bogor,Provinsi Jawa Barat,620161,25731870.0,16102061.0,0.0,865163.0,0.0,22100.0,0.0,0.0,0.0,0.0,458667.0,2285796.0,913779.0,8842946.0,65169.0,137665.0,279552.0,0.0,6676733.0,0.0,1539431.0,0.0,2712678.0,3917623.0,4167050.0,0.0,-871825.0,46.0,18.0,,-4.0,119.0,92.0,35.0,46.0,-6.930306124913997,107.60122007641682
2020,12,PT Bank Perekonomian Rakyat Syariah Mitra Harmoni Kota Bandung,Kota Bogor,Provinsi Jawa Barat,620161,25731870.0,16102061.0,0.0,865163.0,0.0,22100.0,0.0,0.0,0.0,0.0,458667.0,2285796.0,913779.0,8842946.0,65169.0,137665.0,279552.0,0.0,6676733.0,0.0,1539431.0,0.0,2712678.0,3917623.0,4167050.0,0.0,-871825.0,46.0,18.0,,-4.0,119.0,92.0,35.0,46.0,-6.605274910968337,106.787676963878
2020,12,PT BPRS SHADIQ AMANAH,Kota Cimahi,Provinsi Jawa Barat,620019,,,,,,,,,,,,,,,,,,,,,,,,,,,,,,,,,,,,-6.863473787610629,107.53563110990164
2020,12,PT Bank Perekonomian Rakyat Syariah Daarul Hayat,Kota Cimahi,Provinsi Jawa Barat,620035,15795647.0,6569216.0,0.0,856224.0,977702.0,0.0,289778.0,999742.0,0.0,0.0,144375.0,4519637.0,2360825.0,5580474.0,63758.0,42153.0,13831.0,0.0,250000.0,0.0,18922.0,0.0,1011971.0,1273305.0,1138884.0,0.0,8191.0,64.82,2.7,,0.23,76.0,77.8,62.31,64.82,-6.867341948596262,107.55153148405364
2020,12,PT Bank Perekonomian Rakyat Syariah Albarokah,Kota Depok,Provinsi Jawa Barat,620053,14350157.0,7940829.0,0.0,664238.0,37539.0,0.0,257914.0,1312180.0,0.0,0.0,199967.0,58629.0,1366871.0,6457518.0,44577.0,281423.0,102560.0,0.0,0.0,0.0,2220656.0,0.0,1417230.0,2035096.0,1531709.0,0.0,196490.0,72.44,25.53,,1.03,87.2,86.93,17.87,72.44,-6.414286608555458,106.82408456386716
2020,12,PT Bank Perekonomian Rakyat Syariah Alhijrah Amanah,Kota Depok,Provinsi Jawa Barat,620062,36556498.0,20808286.0,0.0,1516146.0,738471.0,524.0,0.0,7899072.0,0.0,0.0,514883.0,3511695.0,119298.0,11503937.0,182843.0,636237.0,289923.0,0.0,13934907.0,3000000.0,63784.0,0.0,2285742.0,4437572.0,2484138.0,0.0,119427.0,23.01,6.56,,0.35,95.49,96.6,38.02,23.01,-6.4012211998367325,106.81183657113324
2020,12,PT Bank Perekonomian Rakyat Syariah Alsalaam Amal Salman,Kota Depok,Provinsi Jawa Barat,620101,334568927.0,175830390.0,3015860.0,4461926.0,416286.0,0.0,7427994.0,5864016.0,0.0,0.0,0.0,16672583.0,0.0,0.0,1531440.0,1705518.0,754481.0,0.0,0.0,0.0,6476858.0,265485197.0,38306998.0,56804651.0,37242480.0,0.0,2509536.0,26.91,2.02,,1.01,61.67,70.1,8.04,26.91,-6.416217509745828,106.80751636393872
2020,12,PT Bank Perekonomian Rakyat Syariah Hasanah Mandiri,Kota Depok,Provinsi Jawa Barat,620006,98504352.0,67800531.0,6496908.0,3041996.0,1691151.0,0.0,707591.0,0.0,0.0,0.0,0.0,685357.0,5205866.0,55180408.0,381661.0,1015456.0,248811.0,0.0,17200326.0,4080042.0,4064185.0,0.0,5127871.0,11290698.0,5978648.0,0.0,903091.0,32.9,2.39,,0.87,93.08,96.72,17.6,32.9,-6.40152714268215,106.8199776998472
2020,12,PT. BPRS Gotong Royong,Kota Sukabumi,Provinsi Jawa Barat,620172,,,,,,,,,,,,,,,,,,,,,,,,,,,,,,,,,,,,-6.553534544317955,107.7543397767086
2020,12,PT. BPRS Gotong Royong,Kota Sukabumi,Provinsi Jawa Barat,620172,,,,,,,,,,,,,,,,,,,,,,,,,,,,,,,,,,,,-6.916774443100237,106.9293590384548
2020,12,PT Bank Perekonomian Rakyat Syariah Almadinah Tasikmalaya Perseroda,Kota Tasikmalaya,Provinsi Jawa Barat,620156,36369355.0,23780787.0,0.0,1256381.0,16782.0,0.0,0.0,1437446.0,0.0,0.0,0.0,5776413.0,5727166.0,8434050.0,166703.0,212073.0,20196.0,0.0,4000000.0,0.0,422256.0,0.0,3677198.0,4718716.0,3621915.0,0.0,418604.0,80.16,5.42,,1.58,88.2,132.85,36.82,80.16,-7.3283420052585,108.22977779026246
2020,12,PT Bank Perekonomian Rakyat Syariah Alwadiah,Kota Tasikmalaya,Provinsi Jawa Barat,620037,43024847.0,32162054.0,0.0,0.0,0.0,0.0,23862.0,4415000.0,0.0,0.0,0.0,1494399.0,8375255.0,17900088.0,136701.0,935371.0,75219.0,0.0,1700000.0,6401608.0,357943.0,0.0,3532551.0,5873418.0,3694451.0,0.0,462579.0,17.84,4.21,,1.28,86.4,124.2,7.28,17.84,-7.31950171379176,108.2182123272616
2020,12,PT Bank Perekonomian Rakyat Syariah Arta Leksana,Kab. Banyumas,Provinsi Jawa Tengah,620110,48095587.0,21670816.0,0.0,329622.0,0.0,0.0,700000.0,5887223.0,0.0,0.0,310557.0,18650386.0,3930278.0,16743500.0,119997.0,35749.0,64027.0,0.0,807328.0,541333.0,300401.0,0.0,4211549.0,5777523.0,3204542.0,0.0,1057560.0,31.37,4.67,,2.89,77.02,70.35,47.72,31.37,-7.440480384054677,109.32329819176095
2020,12,PT Bank Perekonomian Rakyat Syariah Bina Amanah Satria,Kab. Banyumas,Provinsi Jawa Tengah,620087,66540175.0,39743497.0,0.0,683476.0,517956.0,43700.0,0.0,1101876.0,0.0,0.0,980744.0,22775966.0,3321601.0,21002844.0,185997.0,371871.0,81629.0,0.0,4549538.0,6090966.0,170956.0,0.0,5641527.0,7944144.0,4482961.0,0.0,1385744.0,33.22,4.57,,2.33,84.02,89.63,59.06,33.22,-7.448909227338186,109.32815980963753
2020,12,PT Bank Perekonomian Rakyat Syariah Gunung Slamet,Kab. Banyumas,Provinsi Jawa Tengah,620146,107427672.0,73168872.0,0.0,2301788.0,8500.0,0.0,3054000.0,2893000.0,0.0,0.0,0.0,17293850.0,214528.0,76980350.0,384759.0,927.0,279334.0,0.0,1326666.0,0.0,969765.0,0.0,6868612.0,13339649.0,5584783.0,0.0,1344093.0,25.0,8.2,,1.65,85.24,86.17,21.31,25.0,-7.437522556194236,109.32557212705542
2020,12,PT Bank Perekonomian Rakyat Syariah Harta Insan Karimah Jawa Tengah,Kab. Banyumas,Provinsi Jawa Tengah,620089,12462928.0,5965117.0,0.0,451680.0,90262.0,0.0,0.0,2491248.0,0.0,0.0,0.0,2506867.0,2693400.0,4224095.0,0.0,94195.0,11973.0,0.0,2077554.0,0.0,18588.0,0.0,676407.0,1114416.0,1548595.0,0.0,-422073.0,14.15,9.12,,-37.1,141.22,74.24,21.58,14.15,-7.445092454041309,109.33485862481956
2020,12,PT Bank Perekonomian Rakyat Syariah Bangun Arta,Kab. Cilacap,Provinsi Jawa Tengah,620195,,,,,,,,,,,,,,,,,,,,,,,,,,,,,,,,,,,,-7.720557123602994,109.02471707185968
2020,12,PT Bank Perekonomian Rakyat Syariah Bumi Artha Sampang,Kab. Cilacap,Provinsi Jawa Tengah,620112,45463890.0,22172943.0,0.0,147574.0,0.0,0.0,8605277.0,735000.0,0.0,0.0,338198.0,12544825.0,2299520.0,19016700.0,87197.0,433228.0,243897.0,0.0,4187251.0,254462.0,177692.0,0.0,4552227.0,6526606.0,4003117.0,0.0,667063.0,34.63,8.18,,1.97,84.08,93.5,35.02,34.63,-7.709897309774618,109.02363619954758
2020,12,PT Bank Perekonomian Rakyat Syariah Suriyah,Kab. Cilacap,Provinsi Jawa Tengah,620086,205821956.0,110467158.0,87000.0,12716816.0,75000.0,0.0,5599394.0,29828765.0,0.0,0.0,2076500.0,53283379.0,3355909.0,96880622.0,617957.0,988311.0,2107659.0,0.0,23608484.0,8778784.0,22394.0,0.0,13484910.0,23644529.0,11902122.0,0.0,2096086.0,17.61,3.9,,1.36,82.09,85.63,40.86,17.61,-7.720360645096571,109.02261136336097
2020,12,PT Bank Perekonomian Rakyat Syariah Gala Mitra Abadi,Kab. Grobogan,Provinsi Jawa Tengah,620063,43774671.0,21672971.0,0.0,2954907.0,163195.0,0.0,264320.0,13632732.0,0.0,0.0,0.0,5592632.0,831369.0,19184775.0,1004.0,97184.0,194570.0,0.0,13209611.0,0.0,244022.0,0.0,4516156.0,7099454.0,2884249.0,0.0,1700395.0,17.39,2.76,,61.77,64.0,93.29,24.53,17.39,-7.088219305964116,110.9101564089674
2020,12,PT. BPRS Ikhsanul Amal,Kab. Kebumen,Provinsi Jawa Tengah,620047,24442205.0,13938624.0,0.0,83357.0,0.0,0.0,0.0,4690844.0,0.0,0.0,375707.0,785489.0,10408159.0,6167800.0,34354.0,152777.0,14642.0,0.0,1114661.0,1344439.0,283813.0,0.0,1704103.0,2567393.0,1759256.0,3855.0,150140.0,44.2,5.05,,0.7,92.58,107.78,24.58,44.2,-7.7499614325424,109.74028135566994
2020,12,PT. BPRS Asad Alif,Kab. Kendal,Provinsi Jawa Tengah,620070,35750850.0,21276044.0,0.0,432692.0,0.0,0.0,0.0,5254202.0,0.0,0.0,657988.0,710464.0,9614104.0,10750800.0,1943.0,64574.0,12446.0,0.0,9559490.0,0.0,556612.0,0.0,3304151.0,4914948.0,3388020.0,10000.0,467939.0,22.24,1.95,,1.62,83.47,90.1,22.26,22.24,,
2020,12,PT Bank Perekonomian Rakyat Syariah Almabrur Klaten,Kab. Klaten,Provinsi Jawa Tengah,620142,75294991.0,16129067.0,0.0,2185117.0,0.0,0.0,1381749.0,4750034.0,0.0,0.0,1311200.0,30708.0,16087739.0,50072180.0,0.0,0.0,319776.0,0.0,2055336.0,0.0,286922.0,0.0,1942039.0,3254434.0,2090878.0,0.0,354572.0,17.69,1.7,,1.11,96.86,37.55,25.29,17.69,,
2020,12,PT Bank Perekonomian Rakyat Syariah Dharma Kuwera,Kab. Klaten,Provinsi Jawa Tengah,620159,46892491.0,30821037.0,0.0,404409.0,196915.0,0.0,663072.0,6073493.0,0.0,0.0,1096492.0,3295392.0,2845898.0,24757144.0,179655.0,191811.0,362126.0,0.0,8459028.0,221184.0,385904.0,0.0,2951942.0,5422543.0,3376781.0,0.0,206315.0,19.06,5.57,,0.59,89.55,96.95,16.64,19.06,,
2020,12,PT BPRS Saka Dana Mulia,Kab. Kudus,Provinsi Jawa Tengah,620167,32344490.0,10304890.0,0.0,23687.0,34400.0,0.0,0.0,16070856.0,0.0,0.0,905238.0,4914920.0,0.0,8332050.0,0.0,268776.0,29304.0,0.0,15726442.0,0.0,197219.0,0.0,1962584.0,3987559.0,3074928.0,0.0,-297248.0,19.18,8.65,,-0.99,110.05,91.23,24.85,19.18,-6.752673980908147,111.02119203015354
2020,12,PT Bank Perekonomian Rakyat Syariah Meru Nusantara Mandiri,Kab. Magelang,Provinsi Jawa Tengah,620143,21845291.0,7217446.0,0.0,3849759.0,15833.0,0.0,916000.0,3293790.0,0.0,0.0,303125.0,2325914.0,2669149.0,12554707.0,62284.0,49055.0,45008.0,0.0,907800.0,0.0,132956.0,0.0,1424174.0,2304944.0,1599593.0,0.0,336759.0,33.13,5.27,,3.58,72.27,82.85,37.44,33.13,-7.483143805876312,110.21226325844997
2020,12,PT. BPRS Artha Mas Abadi,Kab. Pati,Provinsi Jawa Tengah,620100,39902627.0,22239731.0,0.0,48030.0,36100.0,0.0,0.0,7854436.0,0.0,0.0,0.0,12360401.0,1151725.0,11899368.0,141371.0,203735.0,22448.0,0.0,6104508.0,1583330.0,1076780.0,0.0,5304889.0,6785701.0,4572599.0,30121.0,1001532.0,29.98,4.44,,3.29,78.92,82.19,50.41,29.98,-6.770220705556133,111.02002545693522
2020,12,PT Bank Perekonomian Rakyat Syariah Buana Mitra Perwira,Kab. Purbalingga,Provinsi Jawa Tengah,620083,185464803.0,106561915.0,0.0,6151749.0,910320.0,0.0,0.0,24216892.0,0.0,0.0,1050000.0,54857459.0,13719409.0,67578920.0,716058.0,627401.0,482024.0,0.0,21875860.0,9590405.0,1405271.0,0.0,12268415.0,19809071.0,9513463.0,0.0,3410936.0,16.91,5.75,,2.66,71.69,82.23,52.72,16.91,-7.38620934652322,109.3482136658594
2020,12,PT Bank Perekonomian Rakyat Syariah Artha Amanah Ummat,Kab. Semarang,Provinsi Jawa Tengah,620116,37205889.0,15664714.0,0.0,948003.0,170000.0,0.0,0.0,7736808.0,0.0,0.0,0.0,554403.0,7110186.0,15391100.0,104388.0,182250.0,37387.0,0.0,6558172.0,2130544.0,391945.0,0.0,2409973.0,4606760.0,2437462.0,6037.0,209042.0,27.86,2.47,,0.65,90.65,82.79,33.43,27.86,-7.138606830428244,110.40957996108703
2020,12,PT Bank Perekonomian Rakyat Syariah Sukowati Sragen (Perseroda),Kab. Sragen,Provinsi Jawa Tengah,620124,234877224.0,99290774.0,0.0,29714850.0,33324.0,0.0,3113972.0,40017900.0,0.0,0.0,4408205.0,36279719.0,15193102.0,97164762.0,891299.0,1328772.0,3248865.0,0.0,36442434.0,13250000.0,2841754.0,0.0,15808976.0,27592208.0,11342398.0,0.0,4308184.0,37.96,4.9,,2.56,81.1,100.88,94.02,37.96,,
2020,12,PT Bank Perekonomian Rakyat Syariah Insan Madani,Kab. Sukoharjo,Provinsi Jawa Tengah,620154,61501097.0,24346576.0,0.0,0.0,0.0,0.0,500000.0,17913999.0,0.0,0.0,0.0,3000501.0,4269233.0,35011257.0,238335.0,4325.0,275552.0,0.0,8480953.0,0.0,700558.0,0.0,2406381.0,5373984.0,2908124.0,0.0,758096.0,33.73,7.74,,1.6,78.14,84.24,11.87,33.73,-7.980423788495279,112.63614303338588
2020,12,PT BPRS Artha Surya Barokah,Kota Semarang,Provinsi Jawa Tengah,620084,145947123.0,48322243.0,0.0,2208738.0,1242197.0,0.0,1005721.0,47103798.0,0.0,0.0,826396.0,43855335.0,1808793.0,73889070.0,540374.0,1564159.0,430702.0,0.0,3736606.0,0.0,2032246.0,0.0,8695840.0,14257243.0,9704619.0,73621.0,2321480.0,29.14,2.0,,2.11,75.09,83.55,27.51,29.14,-6.992447596736079,110.42988872705932
2020,12,PT BPRS Bina Finansia,Kota Semarang,Provinsi Jawa Tengah,620102,33739606.0,22266149.0,0.0,1214367.0,0.0,0.0,0.0,938713.0,0.0,0.0,1212825.0,0.0,8952221.0,18602473.0,0.0,374270.0,237571.0,0.0,1328317.0,0.0,222867.0,0.0,2419473.0,4214357.0,2888236.0,0.0,13213.0,24.78,9.62,,0.09,114.3,88.62,11.91,24.78,-6.984027795058197,110.415867283899
2020,12,PT Bank Perekonomian Rakyat Syariah Kedung Arto,Kota Semarang,Provinsi Jawa Tengah,620191,,,,,,,,,,,,,,,,,,,,,,,,,,,,,,,,,,,,-6.984249050778415,110.4263886103255
2020,12,PT. BPRS Mitra Harmoni Kota Semarang,Kota Semarang,Provinsi Jawa Tengah,620151,40149818.0,30715699.0,0.0,965265.0,0.0,0.0,1348807.0,0.0,0.0,0.0,0.0,1817887.0,2551710.0,14008800.0,0.0,902477.0,184528.0,0.0,13974470.0,0.0,73202.0,0.0,3195679.0,5512417.0,4083304.0,0.0,-20776.0,42.57,5.71,,-0.05,100.28,102.09,24.81,42.57,-6.989034701457653,110.42390375172975
2020,12,PT Bank Perekonomian Rakyat Syariah Central Syariah Utama,Kota Surakarta/Solo,Provinsi Jawa Tengah,620137,33800178.0,23472772.0,0.0,2268091.0,87723.0,23982.0,0.0,367695.0,0.0,0.0,67687.0,1911811.0,5479.0,18190000.0,0.0,915987.0,53221.0,0.0,10237607.0,0.0,110200.0,0.0,1068291.0,2009802.0,2554169.0,0.0,-1520941.0,27.1,8.54,,-5.83,234.89,133.15,18.19,27.1,-7.583455291786536,110.81861293442316
2020,12,PT Bank Perekonomian Rakyat Syariah Dana Amanah Surakarta,Kota Surakarta/Solo,Provinsi Jawa Tengah,620125,53927470.0,14889310.0,37688.0,9074596.0,486695.0,0.0,72660.0,12446533.0,0.0,0.0,984563.0,5546763.0,2002255.0,16771375.0,154100.0,614537.0,36597.0,0.0,24086103.0,0.0,187720.0,0.0,2539100.0,5191424.0,2598652.0,0.0,272213.0,16.37,3.11,,0.72,88.57,155.03,40.32,16.37,-7.582281788876442,110.82735174142871
2020,12,PT Bank Perekonomian Rakyat Syariah Dana Mulia,Kota Surakarta/Solo,Provinsi Jawa Tengah,620122,59271119.0,35517288.0,0.0,8456142.0,28720.0,0.0,0.0,986579.0,0.0,0.0,0.0,6010713.0,11305041.0,23738954.0,163867.0,434338.0,46516.0,0.0,8871228.0,0.0,2034403.0,0.0,4857249.0,7828815.0,4008556.0,2500.0,1529151.0,25.98,6.37,,2.84,79.57,109.58,15.64,25.98,-7.5721076896369475,110.81636511954429
2020,12,PT Bank Perekonomian Rakyat Syariah Hikmah Khazanah,Kota Surakarta/Solo,Provinsi Jawa Tengah,620171,196813525.0,106546741.0,0.0,143299.0,0.0,0.0,0.0,47341312.0,0.0,0.0,0.0,16848227.0,3155854.0,87710361.0,741696.0,1686092.0,4278876.0,0.0,30172822.0,0.0,3126142.0,30228812.0,18788304.0,32111507.0,12982185.0,158245.0,5928972.0,17.42,0.85,,4.31,69.1,91.62,69.03,17.42,-7.578734267499703,110.8209373266183
2020,12,PT Bank Perekonomian Rakyat Syariah Hikmah Bahari,Kota Tegal,Provinsi Jawa Tengah,620174,164749737.0,97985113.0,0.0,0.0,5833.0,0.0,2119600.0,25918216.0,0.0,0.0,0.0,15735508.0,303721.0,55969000.0,665079.0,891282.0,2739283.0,0.0,28124844.0,33636364.0,1263778.0,0.0,21243797.0,32266810.0,11270590.0,297550.0,9139546.0,24.63,1.17,,7.75,48.73,94.21,30.37,24.63,-6.861973262113324,109.13573876794256
2020,12,PT Bank Perekonomian Rakyat Syariah Amanah Sejahtera,Kab. Gresik,Provinsi Jawa Timur,620050,91478745.0,50871163.0,0.0,1145172.0,1138363.0,0.0,4302307.0,17339793.0,0.0,0.0,0.0,26298731.0,34098218.0,17801250.0,320290.0,301452.0,32646.0,0.0,880067.0,0.0,1413509.0,0.0,7729169.0,9107333.0,8113279.0,0.0,189336.0,23.95,8.11,,1.61,97.79,95.65,13.04,23.95,-7.171206060982263,112.65347308804564
2020,12,PT Bank Perekonomian Rakyat Syariah Mandiri Mitra Sukses,Kab. Gresik,Provinsi Jawa Timur,620126,67139436.0,28653079.0,0.0,20324.0,17411717.0,0.0,0.0,10700382.0,0.0,0.0,0.0,1099166.0,24273140.0,31354784.0,247618.0,252979.0,192431.0,0.0,5871241.0,0.0,98145.0,0.0,6576779.0,7806077.0,7950125.0,0.0,-1301885.0,11.14,30.34,,-0.16,114.66,84.95,11.71,11.14,-7.1749772829692935,112.65847748596217
2020,12,PT. BPRS Asri Madani Nusantara,Kab. Jember,Provinsi Jawa Timur,620033,20610949.0,21109217.0,0.0,318087.0,588143.0,0.0,175105.0,99222.0,0.0,0.0,0.0,593.0,6009394.0,8259813.0,0.0,4108354.0,281141.0,0.0,3550000.0,584698.0,115738.0,0.0,-342599.0,785384.0,5546300.0,0.0,-5744206.0,22.0,48.61,,-20.94,6.0,88.44,22.04,22.0,-8.154319698220284,113.71768742028424
2020,12,PT Bank Perekonomian Rakyat Syariah Lantabur Tebuireng,Kab. Jombang,Provinsi Jawa Timur,620098,240544710.0,130335940.0,0.0,6270191.0,3230239.0,0.0,79000.0,35502863.0,0.0,0.0,5580315.0,5336236.0,105169762.0,92578288.0,677913.0,1292244.0,1155932.0,0.0,7258906.0,0.0,2865665.0,0.0,18176593.0,26339917.0,11562713.0,173314.0,6590294.0,23.98,7.66,,3.11,71.0,86.38,22.54,23.98,-7.593963133811971,112.26493196168056
2020,12,PT Bank Perekonomian Rakyat Syariah Artha Pamenang,Kab. Kediri,Provinsi Jawa Timur,620147,50211606.0,32355155.0,0.0,4251611.0,0.0,0.0,0.0,2534133.0,0.0,0.0,0.0,1511678.0,4333712.0,34503700.0,176619.0,270138.0,239341.0,0.0,0.0,0.0,1493449.0,0.0,7765462.0,10850145.0,7508361.0,33207.0,1464280.0,27.36,4.37,,3.47,86.76,97.01,71.72,27.36,-7.81422235884534,112.0257736866079
2020,12,PT Bank Perekonomian Rakyat Syariah Rahma Syariah,Kab. Kediri,Provinsi Jawa Timur,620150,8197052.0,3282095.0,0.0,54319.0,0.0,0.0,792363.0,1690351.0,0.0,0.0,0.0,3690813.0,0.0,1072000.0,26706.0,31836.0,12713.0,0.0,25059.0,0.0,76904.0,0.0,1123541.0,1167946.0,819348.0,0.0,388961.0,62.24,6.05,,4.91,87.57,71.77,50.24,62.24,-7.821654764489613,112.02781200727956
2020,12,PT Bank Perekonomian Rakyat Syariah Tunas Artha Jaya Abadi,Kab. Kediri,Provinsi Jawa Timur,620200,,,,,,,,,,,,,,,,,,,,,,,,,,,,,,,,,,,,-7.816904745358005,112.01148890547412
2020,12,PT Bank Perekonomian Rakyat Syariah Madinah,Kab. Lamongan,Provinsi Jawa Timur,620139,27958050.0,13468101.0,0.0,0.0,0.0,0.0,0.0,5662000.0,0.0,0.0,0.0,1256574.0,11853755.0,7756233.0,103211.0,126489.0,54849.0,0.0,750000.0,0.0,590320.0,0.0,3401051.0,4133066.0,3224287.0,8219.0,301171.0,42.68,6.81,,1.29,90.17,88.5,35.1,42.68,-7.123303358568694,112.40966669736945
2020,12,PT BPRS Magetan (Perseroda),Kab. Magetan,Provinsi Jawa Timur,620165,44157190.0,29086889.0,0.0,284578.0,0.0,0.0,3725817.0,0.0,0.0,0.0,310416.0,8913576.0,1036083.0,15744310.0,178095.0,334006.0,127803.0,0.0,750000.0,0.0,503099.0,0.0,5066442.0,5117706.0,5427081.0,0.0,1400156.0,63.26,2.74,,3.38,76.39,128.81,25.03,63.26,,
2020,12,PT BPRS Bhakti Haji,Kab. Malang,Provinsi Jawa Timur,620048,6556776.0,2289863.0,0.0,176311.0,0.0,0.0,0.0,574851.0,0.0,0.0,100000.0,1986296.0,1004553.0,1863600.0,14765.0,0.0,2756.0,0.0,0.0,0.0,17902.0,0.0,389287.0,431747.0,777679.0,0.0,-328981.0,73.28,2.62,,-5.02,154.93,101.58,67.14,73.28,-7.991553338452736,112.64203778122696
2020,12,PT Bank Perekonomian Rakyat Syariah Al Hijrah Thayibah,Kab. Malang,Provinsi Jawa Timur,620198,,,,,,,,,,,,,,,,,,,,,,,,,,,,,,,,,,,,-7.974001944706607,112.6341027425821
2020,12,PT Bank Perekonomian Rakyat Syariah Bumi Rinjani Kepanjen,Kab. Malang,Provinsi Jawa Timur,620106,67022972.0,45216802.0,0.0,277208.0,0.0,0.0,0.0,4039585.0,0.0,0.0,0.0,2680368.0,13318178.0,33347350.0,249706.0,1365491.0,128023.0,0.0,1754281.0,2355942.0,2936388.0,0.0,9487824.0,13254635.0,7922075.0,67219.0,2102441.0,23.98,7.1,,4.16,74.18,94.37,82.02,23.98,-7.986689742538544,112.63775505887186
2020,12,PT Bank Perekonomian Rakyat Syariah Kabupaten Ngawi Perseroda,Kab. Ngawi,Provinsi Jawa Timur,620183,31855004.0,23183853.0,0.0,0.0,0.0,0.0,0.0,0.0,0.0,0.0,0.0,3637695.0,0.0,3045000.0,141743.0,0.0,23530.0,0.0,4000000.0,0.0,65871.0,0.0,2231242.0,2231242.0,1682245.0,0.0,1075236.0,164.0,0.01,,4.22,61.54,75.56,20.16,164.0,-7.420451120596442,111.441830004461
2020,12,PT Bank Perekonomian Rakyat Syariah Sarana Prima Mandiri,Kab. Pamekasan,Provinsi Jawa Timur,620127,88294574.0,22501668.0,0.0,59996.0,7104058.0,0.0,42657956.0,1256938.0,0.0,0.0,0.0,13927935.0,163762.0,48507490.0,0.0,406609.0,107690.0,0.0,17681800.0,1388880.0,592206.0,0.0,930487.0,6127036.0,6330278.0,0.0,-5286170.0,13.67,14.44,,-5.99,101.81,106.52,32.05,13.67,,
2020,12,PT BPRS Al Hidayah,Kab. Pasuruan,Provinsi Jawa Timur,620072,,,,,,,,,,,,,,,,,,,,,,,,,,,,,,,,,,,,-7.64945314625638,112.90608207619024
2020,12,PT Bank Perekonomian Rakyat Syariah Daya Artha Mentari,Kab. Pasuruan,Provinsi Jawa Timur,620056,16396678.0,8674111.0,0.0,1704743.0,326621.0,0.0,1838130.0,257700.0,0.0,0.0,189700.0,1030528.0,6539935.0,4179500.0,703.0,175540.0,5887.0,0.0,1153800.0,333333.0,67243.0,0.0,1389911.0,1731997.0,2194721.0,0.0,86448.0,22.57,15.26,,0.6,95.35,96.7,15.3,22.57,-7.654596803987085,112.9133678475593
2020,12,PT. BPRS Jabal Tsur,Kab. Pasuruan,Provinsi Jawa Timur,620103,,,,,,,,,,,,,,,,,,,,,,,,,,,,,,,,,,,,-7.642622137527749,112.90214649056595
2020,12,PT. BPRS Ummu,Kab. Pasuruan,Provinsi Jawa Timur,620074,16722440.0,5326531.0,0.0,0.0,0.0,0.0,0.0,557722.0,0.0,0.0,0.0,7089343.0,963924.0,755000.0,30468.0,6042.0,6673.0,0.0,0.0,0.0,7102366.0,0.0,1195403.0,1271595.0,3024344.0,0.0,-1192738.0,10.06,15.04,,-7.13,220.76,66.8,116.55,10.06,-7.65021334152576,112.89863930816225
2020,12,PT Bank Perekonomian Rakyat Syariah Almabrur Babadan,Kab. Ponorogo,Provinsi Jawa Timur,620073,45685209.0,33620239.0,0.0,0.0,4200.0,0.0,4067074.0,0.0,0.0,0.0,0.0,115646.0,20873748.0,11063483.0,28954.0,474288.0,11330.0,0.0,6420208.0,0.0,202850.0,0.0,3640613.0,5604076.0,3656998.0,16619.0,545758.0,21.68,4.73,,1.19,87.34,97.97,28.49,21.68,,
2020,12,PT Bank Perekonomian Rakyat Syariah Mitra Mentari Sejahtera,Kab. Ponorogo,Provinsi Jawa Timur,620180,33319184.0,10461325.0,0.0,42917.0,0.0,0.0,0.0,805000.0,0.0,0.0,0.0,10675220.0,33078.0,15133500.0,56062.0,0.0,15935.0,0.0,0.0,0.0,167139.0,0.0,2653699.0,3052948.0,1650940.0,25973.0,1012055.0,38.56,0.13,,4.1,42.3,43.82,40.22,38.56,,
2020,12,PT BPRS Bumi Rinjani Probolinggo,Kab. Probolinggo,Provinsi Jawa Timur,620105,,,,,,,,,,,,,,,,,,,,,,,,,,,,,,,,,,,,,
2020,12,PT Bank Perekonomian Rakyat Syariah Sampang Perseroda,Kab. Sampang,Provinsi Jawa Timur,620166,70656368.0,37046116.0,0.0,983569.0,252529.0,0.0,1163680.0,5813061.0,0.0,0.0,5320858.0,15187048.0,0.0,14275579.0,449.0,42016.0,152888.0,0.0,21551002.0,0.0,344542.0,0.0,3832005.0,7015975.0,6841351.0,0.0,-2422694.0,37.56,3.93,,-3.46,175.85,88.72,42.73,37.56,-7.177646641310815,113.22928610732424
2020,12,PT Bank Perekonomian Rakyat Syariah Annisa Mukti,Kab. Sidoarjo,Provinsi Jawa Timur,620135,17053833.0,9447012.0,0.0,0.0,0.0,0.0,0.0,2172933.0,0.0,0.0,0.0,0.0,1844627.0,6452081.0,74264.0,76802.0,68608.0,0.0,1452384.0,642889.0,634138.0,0.0,2295772.0,2976374.0,2150529.0,4692.0,347209.0,68.32,0.48,,2.23,89.14,83.89,32.83,68.32,,
2020,12,PT Bank Perekonomian Rakyat Syariah Baktimakmur Indah,Kab. Sidoarjo,Provinsi Jawa Timur,620022,154111274.0,56816543.0,0.0,1021003.0,0.0,0.0,0.0,63498053.0,0.0,0.0,6043036.0,8360995.0,0.0,0.0,330515.0,212955.0,535462.0,0.0,87324.0,0.0,2861403.0,118249308.0,11506297.0,15530072.0,10664937.0,61544.0,1933394.0,31.07,4.78,,1.67,85.89,100.44,17.44,31.07,,
2020,12,PT Bank Perekonomian Rakyat Syariah Unawi Barokah,Kab. Sidoarjo,Provinsi Jawa Timur,620155,4592639.0,3265237.0,0.0,0.0,0.0,0.0,0.0,0.0,0.0,0.0,0.0,37510.0,1288644.0,1385111.0,0.0,25845.0,12598.0,0.0,1000000.0,0.0,136272.0,0.0,659298.0,840688.0,752202.0,0.0,5352.0,26.24,1.19,,0.14,98.92,120.43,23.98,26.24,,
2020,12,PT Bank Perekonomian Rakyat Syariah Situbondo,Kab. Situbondo,Provinsi Jawa Timur,620081,20179123.0,9024667.0,0.0,270918.0,90311.0,0.0,1078000.0,4598011.0,0.0,0.0,0.0,1457820.0,4651975.0,6348000.0,64039.0,544721.0,268477.0,0.0,5739.0,0.0,171981.0,0.0,2326709.0,2782947.0,2187454.0,0.0,340359.0,70.69,3.88,,2.18,85.38,76.74,61.52,70.69,-7.702911353591342,113.9806037668517
2020,12,PT Bank Perekonomian Rakyat Syariah Bhakti Sumekar Perseroda,Kab. Sumenep,Provinsi Jawa Timur,620085,1027785109.0,540050490.0,0.0,8442297.0,77972761.0,432922.0,4014786.0,8192421.0,0.0,0.0,0.0,233516039.0,2310564.0,427810397.0,3058069.0,2588594.0,57400975.0,0.0,19000937.0,140576531.0,8563897.0,0.0,58007967.0,103948721.0,45452118.0,0.0,11999352.0,39.35,4.37,,1.71,84.44,98.26,57.96,39.35,,
2020,12,PT BPRS Bumi Rinjani,Kota Batu,Provinsi Jawa Timur,620109,,,,,,,,,,,,,,,,,,,,,,,,,,,,,,,,,,,,-7.86392956395291,112.52576707537388
2020,12,PT Bank Perekonomian Rakyat Syariah Arsa Sejahtera,Kota Batu,Provinsi Jawa Timur,620079,17395817.0,7830786.0,0.0,576835.0,0.0,0.0,0.0,278579.0,0.0,0.0,0.0,95038.0,3399451.0,5922550.0,0.0,15018.0,15347.0,0.0,0.0,0.0,3421156.0,0.0,2490047.0,2895042.0,3932802.0,390.0,-1131845.0,37.25,1.84,,-5.84,179.39,189.86,22.51,37.25,-7.8807671610865775,112.532451265561
2020,12,PT Bank Perekonomian Rakyat Syariah Tanmiya Artha,Kota Kediri,Provinsi Jawa Timur,620130,21749371.0,11722655.0,0.0,1867732.0,0.0,0.0,128269.0,2453652.0,0.0,0.0,82046.0,1236338.0,4865689.0,7635000.0,33655.0,135824.0,19519.0,0.0,3200000.0,0.0,467649.0,0.0,2668492.0,3525568.0,1617320.0,27732.0,1083714.0,28.32,3.96,,4.98,68.47,77.4,45.89,28.32,-7.804361795474596,112.00698794188358
2020,12,PT BPRS Bumi Rinjani Malang,Kota Malang,Provinsi Jawa Timur,620078,,,,,,,,,,,,,,,,,,,,,,,,,,,,,,,,,,,,-7.974100981138048,112.64136686861058
2020,12,PT Bank Perekonomian Rakyat Syariah Mitra Harmoni Kota Malang,Kota Malang,Provinsi Jawa Timur,620153,28753636.0,21159016.0,0.0,1093407.0,0.0,0.0,0.0,222000.0,0.0,0.0,0.0,4328252.0,737655.0,7654000.0,101638.0,44914.0,74856.0,0.0,7700000.0,0.0,172929.0,0.0,3494893.0,4628217.0,3356129.0,0.0,327793.0,53.0,6.75,,1.3,92.21,110.06,37.09,53.0,-7.984781410422721,112.62624122586716
2020,12,PT BPRS Mojo Artho Kota Mojokerto Perseroda,Kota Mojokerto,Provinsi Jawa Timur,620160,165687333.0,90280650.0,9652703.0,2100879.0,2824928.0,0.0,0.0,19060951.0,0.0,0.0,5422606.0,6084948.0,13534436.0,52332050.0,186724.0,505107.0,2772671.0,0.0,50724277.0,0.0,1746145.0,24223274.0,-2566517.0,8239157.0,9192149.0,0.0,-8938197.0,13.07,25.84,,-5.39,180.21,75.2,23.22,13.07,-7.460555185064369,112.43110318032298
2020,12,PT Bank Perekonomian Rakyat Syariah Karya Mugi Sentosa,Kota Surabaya,Provinsi Jawa Timur,620113,70141396.0,44895539.0,0.0,3661291.0,1076919.0,0.0,244798.0,3600000.0,0.0,0.0,383652.0,23471480.0,9699260.0,18605900.0,208541.0,675396.0,269892.0,0.0,60.0,2500000.0,1415859.0,0.0,9963476.0,10856925.0,10228103.0,25703.0,900653.0,42.17,6.1,,1.93,89.72,98.53,16.45,42.17,-7.248497572190274,112.74359015261464
2020,12,PT. BPRS Jabal Nur Tebuireng,Kota Surabaya,Provinsi Jawa Timur,620114,,,,,,,,,,,,,,,,,,,,,,,,,,,,,,,,,,,,-7.253401930640896,112.73115332691698
2020,12,PT Bank Perekonomian Rakyat Syariah Barkah Gemadana,Kab. Banjar,Provinsi Kalimantan Selatan,620013,73857685.0,28021037.0,0.0,1247297.0,27682501.0,0.0,369583.0,127500.0,0.0,0.0,0.0,272359.0,22176686.0,36768200.0,283542.0,649204.0,112558.0,0.0,1610907.0,0.0,314207.0,0.0,4532284.0,7653407.0,3758918.0,32662.0,1081460.0,19.73,2.84,,1.98,74.09,94.73,7.75,19.73,-0.6588763736841944,101.48260796449918
2020,12,PT BPRS Mitra Amanah,Kota Palangkaraya,Provinsi Kalimantan Tengah,620170,6340141.0,3176810.0,0.0,199701.0,0.0,0.0,0.0,0.0,0.0,0.0,976823.0,431558.0,943781.0,2080000.0,16067.0,25543.0,13839.0,0.0,0.0,0.0,132642.0,0.0,979733.0,1055594.0,1209662.0,0.0,277277.0,62.76,0.83,,4.28,81.33,97.77,104.0,62.76,-2.20055455187618,113.91600497570754
2020,12,PT Bank Perekonomian Rakyat Syariah Manfaatsyariah,Kab. Kutai Kartanegara,Provinsi Kalimantan Timur,620014,25179566.0,6078122.0,0.0,183483.0,110558.0,0.0,3074.0,0.0,0.0,0.0,101222.0,74917.0,6698416.0,11976000.0,4507.0,6791.0,15061.0,0.0,604742.0,0.0,33600.0,0.0,1696214.0,1696214.0,1799418.0,0.0,243925.0,55.91,1.68,,1.6,86.34,26.12,13.7,55.91,-0.4108304755501372,116.98709494185226
2020,12,PT Bank Perekonomian Rakyat Syariah Bangka Belitung,Kota Pangkal Pinang,Provinsi Kep. Bangka Belitung,620076,420806076.0,252887776.0,0.0,3971237.0,0.0,0.0,0.0,39501375.0,0.0,0.0,5944207.0,7456392.0,173379223.0,189086140.0,793161.0,29896406.0,1801728.0,0.0,0.0,4000000.0,7578856.0,0.0,31145566.0,48855477.0,170389239.0,0.0,12350926.0,11.51,31.79,,0.03,94.56,75.24,19.22,11.51,-2.120239693370022,106.11713996558484
2020,12,PT Bank Perekonomian Rakyat Syariah Syarikat Madani,Kota Batam,Provinsi Kep. Riau,620121,93986042.0,49285999.0,0.0,31247716.0,3689787.0,0.0,0.0,0.0,0.0,0.0,1000611.0,0.0,8730911.0,38356909.0,0.0,768271.0,747276.0,0.0,33302500.0,0.0,1199153.0,0.0,6676758.0,12944243.0,11108171.0,0.0,-400706.0,27.26,8.64,,-0.48,110.1,1.05,14.96,27.26,1.1025924305431083,104.04282617621487
2020,12,PT Bank Perekonomian Rakyat Syariah Vitka Central,Kota Batam,Provinsi Kep. Riau,620134,50351820.0,35200607.0,0.0,4393406.0,785589.0,0.0,0.0,0.0,0.0,0.0,1605818.0,1300469.0,10013561.0,22862580.0,158124.0,177795.0,42347.0,0.0,9050000.0,0.0,687793.0,0.0,3695076.0,6490664.0,4177227.0,0.0,420495.0,26.48,5.46,,0.84,94.31,91.1,11.44,26.48,1.0997027965875927,104.0345602824064
2020,12,PT Bank Perekonomian Rakyat Syariah Lampung Barat (Perseroda),Kab. Lampung Barat,Provinsi Lampung,620175,51208868.0,16754949.0,0.0,25023736.0,0.0,0.0,0.0,0.0,0.0,0.0,0.0,2588204.0,2231814.0,10902000.0,229193.0,877506.0,411321.0,0.0,17700000.0,7959996.0,271989.0,0.0,5404906.0,9222079.0,3134381.0,0.0,2141555.0,33.35,2.77,,5.52,53.38,87.3,72.12,33.35,,
2020,12,PT Bank Perekonomian Rakyat Syariah Kotabumi (Perseroda),Kab. Lampung Selatan,Provinsi Lampung,620131,192870372.0,27614955.0,0.0,94118085.0,22500.0,0.0,495000.0,0.0,0.0,0.0,0.0,25291893.0,138218.0,85118930.0,862038.0,1656146.0,775929.0,0.0,30681511.0,20963625.0,1533231.0,0.0,21547318.0,36408598.0,13891442.0,0.0,7762525.0,22.47,1.99,,5.11,79.99,110.58,43.61,22.47,,
2020,12,PT Bank Perekonomian Rakyat Syariah Way Kanan (Perseroda),Kab. Lampung Selatan,Provinsi Lampung,620157,76951094.0,30583782.0,0.0,22195976.0,89825.0,0.0,0.0,100000.0,0.0,0.0,0.0,12722114.0,7733842.0,9842000.0,177222.0,2032445.0,827662.0,0.0,28700000.0,1700036.0,2254517.0,0.0,8561616.0,13067311.0,5596975.0,0.0,2615793.0,35.05,0.68,,4.55,60.83,82.37,67.12,35.05,,
2020,12,PT Bank Perekonomian Rakyat Syariah Rajasa Lampung Tengah (Perseroda),Kab. Lampung Tengah,Provinsi Lampung,620129,59021798.0,4089587.0,0.0,28163554.0,51500.0,0.0,0.0,0.0,0.0,0.0,133178.0,13630760.0,829286.0,8169000.0,151863.0,1273240.0,286569.0,0.0,19817532.0,0.0,416918.0,666664.0,8154758.0,9936716.0,5637483.0,0.0,2517918.0,33.75,3.9,,6.39,58.74,89.54,135.11,33.75,,
2020,12,PT Bank Perekonomian Rakyat Syariah Aman Syariah,Kab. Lampung Timur,Provinsi Lampung,620173,21841335.0,10258373.0,0.0,3655446.0,4250.0,0.0,64057.0,6000.0,0.0,0.0,0.0,3402614.0,976033.0,5542482.0,60480.0,0.0,39840.0,0.0,7450000.0,0.0,225917.0,0.0,1969128.0,3005855.0,1805541.0,0.0,285997.0,45.05,5.41,,1.37,85.47,80.53,40.54,45.05,,
2020,12,PT Bank Perekonomian Rakyat Syariah Lampung Timur (Perseroda),Kab. Lampung Timur,Provinsi Lampung,620140,51156174.0,2692311.0,0.0,35966505.0,0.0,0.0,0.0,117381.0,0.0,0.0,0.0,9304533.0,1197137.0,7204000.0,204367.0,1283781.0,559685.0,0.0,17312449.0,0.0,766459.0,0.0,7700784.0,11949644.0,3794264.0,0.0,3265098.0,30.2,3.14,,8.07,45.04,82.17,64.68,30.2,,
2020,12,PT Bank Perekonomian Rakyat Syariah Tanggamus (Perseroda),Kab. Tanggamus,Provinsi Lampung,620082,62014453.0,47535454.0,0.0,337250.0,0.0,0.0,0.0,0.0,0.0,0.0,50000.0,1777918.0,22998905.0,6341500.0,296197.0,487764.0,275810.0,0.0,2500000.0,8518215.0,2565849.0,0.0,7683321.0,10096164.0,4604581.0,0.0,3394741.0,56.5,0.35,,7.41,52.56,153.84,47.15,56.5,-5.4369356106235,104.72189977284216
2020,12,PT Bank Perekonomian Rakyat Syariah Tani Tulang Bawang Barat (Perseroda),Kab. Tulang Bawang Barat,Provinsi Lampung,620176,,,,,,,,,,,,,,,,,,,,,,,,,,,,,,,,,,,,,
2020,12,PT Bank Perekonomian Rakyat Syariah Bandar Lampung (Perseroda),Kota Bandar Lampung,Provinsi Lampung,620051,118577590.0,37160185.0,0.0,46475777.0,72350.0,0.0,0.0,0.0,0.0,0.0,0.0,14784793.0,2298199.0,28358100.0,528958.0,1845697.0,356098.0,0.0,49623385.0,0.0,3102104.0,0.0,12171923.0,20017646.0,9360428.0,0.0,2744418.0,20.82,2.81,,3.15,78.15,83.49,15.64,20.82,-5.451430777916592,105.26097314570632
2020,12,PT Bank Perekonomian Rakyat Syariah Mitra Agro Usaha,Kota Bandar Lampung,Provinsi Lampung,620169,32057440.0,23466926.0,0.0,499576.0,0.0,0.0,0.0,0.0,0.0,0.0,0.0,4105071.0,75987.0,10206500.0,116904.0,19318.0,191592.0,0.0,6200000.0,3500501.0,646217.0,0.0,3804307.0,5386489.0,2976915.0,0.0,723598.0,49.64,2.31,,2.81,77.32,116.41,52.79,49.64,-5.443193541153916,105.2697528392836
2020,12,PT Bank Perekonomian Rakyat Syariah Metro Madani,Kota Metro,Provinsi Lampung,620091,94577750.0,32296880.0,0.0,17687119.0,4778565.0,0.0,1919501.0,638500.0,0.0,0.0,516494.0,28046807.0,7119982.0,39681258.0,303420.0,638673.0,269834.0,0.0,3000000.0,3586171.0,1923793.0,0.0,8735231.0,11420874.0,6869411.0,0.0,2073648.0,18.5,5.22,,2.0,88.47,73.63,25.02,18.5,-5.109743260376518,105.31422432780674
2020,12,PT Bank Perekonomian Rakyat Syariah Saruma Sejahtera Halmahera Selatan,Kab. Halmahera Selatan,Provinsi Maluku Utara,620182,51322199.0,33034824.0,0.0,1481837.0,0.0,0.0,0.0,0.0,0.0,0.0,0.0,1191282.0,29840594.0,1363827.0,182971.0,0.0,603156.0,0.0,0.0,1175629.0,262734.0,0.0,3419751.0,3901417.0,3342346.0,0.0,1001400.0,42.0,0.01,,1.95,71.23,106.54,55.65,42.0,,
2020,12,PT Bank Perekonomian Rakyat Syariah Bahari Berkesan,Kota Ternate,Provinsi Maluku Utara,620164,89807468.0,30913056.0,0.0,36073392.0,402329.0,0.0,0.0,0.0,0.0,0.0,0.0,818489.0,32991051.0,3708150.0,405021.0,943245.0,681311.0,0.0,1359121.0,28344104.0,215909.0,0.0,6633601.0,11997638.0,4632455.0,82264.0,2622282.0,30.49,2.15,,2.92,36.65,100.25,56.06,30.49,0.7773589145132459,127.38615026515367
2020,12,PT Bank Perekonomian Rakyat Syariah Bobato Lestari,Kota Tidore Kepulauan,Provinsi Maluku Utara,620179,28012062.0,16127339.0,0.0,0.0,0.0,0.0,1147212.0,0.0,0.0,0.0,0.0,314908.0,7375870.0,10799135.0,102456.0,8022.0,17830.0,0.0,1309748.0,0.0,375749.0,0.0,3509145.0,4520659.0,2228829.0,0.0,1610128.0,64.73,0.33,,5.76,48.92,66.42,32.86,64.73,0.6690346107462076,127.44399032218512
2020,12,PT Bank Perekonomian Rakyat Syariah Baiturrahman,Kab. Aceh Besar,Provinsi NAD,620024,46923408.0,29479186.0,0.0,0.0,0.0,0.0,0.0,0.0,0.0,0.0,0.0,20195.0,4353926.0,30086500.0,0.0,34691.0,27290.0,0.0,7922852.0,0.0,219303.0,0.0,2253530.0,5358872.0,3338143.0,0.0,-546261.0,18.65,14.59,,-1.04,114.37,85.59,9.58,18.65,,
2020,12,PT Bank Perekonomian Rakyat Syariah Ingin Jaya,Kab. Aceh Besar,Provinsi NAD,620203,,,,,,,,,,,,,,,,,,,,,,,,,,,,,,,,,,,,,
2020,12,PT. BPRS Hareukat,Kab. Aceh Besar,Provinsi NAD,620003,,,,,,,,,,,,,,,,,,,,,,,,,,,,,,,,,,,,,
2020,12,PT BPRS Kota Juang Perseroda,Kab. Aceh Jeumpa/Bireuen,Provinsi NAD,620144,12694595.0,9374407.0,0.0,0.0,0.0,0.0,0.0,0.0,0.0,0.0,235997.0,121.0,2207628.0,1347000.0,18593.0,58033.0,24525.0,0.0,6200000.0,0.0,1870.0,0.0,995707.0,1583288.0,1335073.0,0.0,-223046.0,30.0,10.57,,-1.93,123.92,96.1,68.39,30.0,,
2020,12,PT Bank Perekonomian Rakyat Syariah Rahmania Dana Sejahtera,Kab. Aceh Jeumpa/Bireuen,Provinsi NAD,620148,31179417.0,22372161.0,0.0,0.0,0.0,0.0,0.0,2090000.0,0.0,0.0,0.0,709224.0,0.0,0.0,0.0,117494.0,131505.0,0.0,6950000.0,1472218.0,371338.0,16693953.0,2404175.0,4426293.0,2081868.0,10388.0,383978.0,18.22,4.62,,1.3,83.78,80.43,24.52,18.22,,
2020,12,PT Bank Pembiayaan Rakyat Syariah Gayo Perseroda,Kab. Aceh Tengah,Provinsi NAD,620120,38173427.0,27366474.0,0.0,0.0,0.0,0.0,0.0,0.0,0.0,0.0,124097.0,7481.0,14825954.0,9974000.0,116317.0,261530.0,28334.0,0.0,1000000.0,0.0,93393.0,0.0,3166415.0,4735300.0,2936328.0,11122.0,393802.0,42.9,8.77,,1.16,86.76,106.04,27.79,42.9,,
2020,12,PT Bank Perekonomian Rakyat Syariah Tengku Chiek Dipante,Kab. Pidie,Provinsi NAD,620025,9490068.0,3827538.0,0.0,0.0,0.0,0.0,0.0,0.0,0.0,0.0,0.0,9613.0,1892198.0,2011000.0,16708.0,314823.0,20243.0,0.0,1908447.0,0.0,68951.0,0.0,741959.0,1085985.0,1128161.0,0.0,-129493.0,79.57,12.7,,-16.37,109.1,97.82,98.35,79.57,3.7476617007670936,96.82987163456816
2020,12,PT Bank Perekonomian Rakyat Syariah Arthaaceh Sejahtera,Kota Banda Aceh,Provinsi NAD,620192,,,,,,,,,,,,,,,,,,,,,,,,,,,,,,,,,,,,5.548455343437354,95.3146280603469
2020,12,PT Bank Perekonomian Rakyat Syariah Hikmah Wakilah,Kota Banda Aceh,Provinsi NAD,620046,117462853.0,54815121.0,0.0,983865.0,0.0,2295.0,3675964.0,9244988.0,0.0,0.0,0.0,900939.0,18103442.0,83265845.0,257665.0,525717.0,322094.0,0.0,530163.0,1458270.0,708328.0,0.0,6898178.0,13949142.0,6152111.0,0.0,1531592.0,25.51,3.51,,1.67,76.91,76.07,27.62,25.51,5.543176806651055,95.31537211187955
2020,12,PT Bank Perekonomian Rakyat Syariah Mustaqim Aceh Perseroda,Kota Banda Aceh,Provinsi NAD,620187,,,,,,,,,,,,,,,,,,,,,,,,,,,,,,,,,,,,5.5514463466260295,95.31786202059116
2020,12,PT Bank Perekonomian Rakyat Syariah Taman Indah Darussalam,Kota Banda Aceh,Provinsi NAD,620158,30299053.0,14707663.0,0.0,0.0,0.0,0.0,0.0,0.0,0.0,0.0,0.0,6178349.0,0.0,9599000.0,72813.0,0.0,12250.0,0.0,8650000.0,0.0,33825.0,0.0,1971817.0,2141410.0,1936742.0,0.0,170978.0,38.82,0.68,,0.26,93.89,60.21,20.09,38.82,5.544809666796793,95.3231595660368
2020,12,PT Bank Perekonomian Rakyat Syariah Adeco,Kota Langsa,Provinsi NAD,620141,90325676.0,62609547.0,0.0,77000.0,0.0,0.0,1130000.0,0.0,0.0,0.0,57066.0,3554312.0,6143050.0,31588000.0,680564.0,0.0,177535.0,0.0,29595000.0,8233191.0,533194.0,0.0,5895922.0,11876312.0,4416747.0,64695.0,2064053.0,17.95,2.38,,3.08,69.33,72.36,35.89,17.95,4.464710385925349,97.9655777382901
2020,12,PT Bank Perekonomian Rakyat Syariah Serambi Mekah,Kota Langsa,Provinsi NAD,620152,19037778.0,11665129.0,0.0,0.0,0.0,0.0,0.0,120000.0,0.0,0.0,0.0,2072885.0,0.0,3954550.0,67172.0,128621.0,19225.0,0.0,9961499.0,651113.0,45.0,0.0,1407168.0,2455476.0,1663182.0,0.0,-61724.0,38.33,4.25,,-0.38,101.84,73.71,43.81,38.33,4.466232402810879,97.97539511921892
2020,12,PT Bank Perekonomian Rakyat Syariah Rahmah Hijrah Agung,Kota Lhokseumawe,Provinsi NAD,620049,40163986.0,31678959.0,0.0,0.0,0.0,0.0,0.0,0.0,0.0,0.0,478633.0,1314354.0,6931494.0,22231100.0,0.0,57957.0,133820.0,0.0,2852506.0,0.0,24868.0,0.0,2683614.0,4849669.0,3228792.0,0.0,-463419.0,30.87,4.99,,-1.16,112.15,103.94,40.84,30.87,5.1766961991986555,97.14916447763574
2020,12,PT Bank Perekonomian Rakyat Syariah Tulen Amanah,Kab. Lombok Tengah,Provinsi Nusa Tenggara Barat,620009,53167830.0,37561807.0,0.0,0.0,0.0,0.0,0.0,0.0,0.0,0.0,343775.0,0.0,17706360.0,26339700.0,164922.0,5399954.0,182434.0,0.0,1000000.0,0.0,641839.0,0.0,6607299.0,10304756.0,7699240.0,0.0,296209.0,18.26,10.8,,-0.11,97.83,83.39,35.42,18.26,-8.70747522600701,116.25948057531416
2020,12,PT. BANK PEREKONOMIAN RAKYAT SYARIAH DINAR ASHRI,Kota Mataram,Provinsi Nusa Tenggara Barat,620104,747465371.0,180128908.0,0.0,0.0,14619405.0,0.0,79418845.0,308334742.0,0.0,0.0,140856.0,48955715.0,78717144.0,351085958.0,2940228.0,562625.0,9631265.0,0.0,151756941.0,5347898.0,12823165.0,0.0,41369807.0,89830596.0,31372752.0,966655.0,28266550.0,16.73,0.67,,5.77,66.11,116.39,23.18,16.73,-8.593657692387334,116.10734653727864
2020,12,PT. BANK PEREKONOMIAN RAKYAT SYARIAH PNM PATUH BERAMAL AMALI,Kota Mataram,Provinsi Nusa Tenggara Barat,620021,73915499.0,47960368.0,0.0,0.0,3243526.0,0.0,1000000.0,0.0,0.0,0.0,0.0,57392.0,10259815.0,26921514.0,271315.0,132173.0,488612.0,0.0,22324168.0,0.0,1901052.0,0.0,8222239.0,12197982.0,5050712.0,92690.0,2925619.0,38.75,3.79,,5.81,57.59,88.9,72.36,38.75,-8.58389278031459,116.11057126739846
2020,12,PT. BPRS Muamalat Yotefa,Kab. Jayapura,Provinsi Papua,620067,,,,,,,,,,,,,,,,,,,,,,,,,,,,,,,,,,,,-2.550807165553799,140.48835142200244
2020,12,PT Bank Perekonomian Rakyat Syariah Berkah Dana Fadhlillah (Perseroda),Kab. Kampar,Provinsi Riau,620060,46940245.0,25211706.0,0.0,36427.0,96659.0,0.0,0.0,0.0,0.0,0.0,69263.0,31504296.0,0.0,9439620.0,168810.0,356717.0,18840.0,0.0,0.0,0.0,276063.0,0.0,5126896.0,5576897.0,4081339.0,0.0,1036849.0,23.82,4.1,,2.58,70.92,61.9,29.21,23.82,0.8689938830957369,101.2803342082979
2020,12,PT BANK PEREKONOMIAN RAKYAT SYARIAH SIAK JAYA,Kab. Siak,Provinsi Riau,620189,,,,,,,,,,,,,,,,,,,,,,,,,,,,,,,,,,,,0.6271089398798741,101.56683647826335
2020,12,PT Bank Perekonomian Rakyat Syariah Hasanah,Kota Pekanbaru,Provinsi Riau,620041,17681584.0,9891450.0,0.0,197800.0,0.0,0.0,0.0,290086.0,0.0,0.0,350359.0,1244082.0,1644654.0,7779554.0,0.0,378168.0,62882.0,0.0,3450000.0,0.0,1896162.0,0.0,1278532.0,1916258.0,1591458.0,0.0,31181.0,19.06,9.1,,-0.41,107.87,84.9,45.67,19.06,0.5249696427966165,101.44758104638636
2020,12,PT Bank Perekonomian Rakyat Syariah Nurul Ikhwan,Kab. Polewali Mandar,Provinsi Sulawesi Barat,620045,363779.0,0.0,0.0,0.0,0.0,0.0,0.0,0.0,0.0,0.0,0.0,0.0,61741.0,0.0,0.0,0.0,104432.0,0.0,0.0,0.0,22989.0,0.0,696.0,696.0,106237.0,0.0,-2824.0,126.92,0.01,,0.78,77.73,0.01,169.07,126.92,-3.4069455429190376,119.31879018370128
2020,12,PT Bank Perekonomian Rakyat Syariah Gowata,Kab. Gowa,Provinsi Sulawesi Selatan,620065,4253281.0,2181498.0,0.0,73402.0,0.0,0.0,0.0,0.0,0.0,0.0,0.0,0.0,559261.0,460000.0,0.0,62322.0,2081.0,0.0,206505.0,129288.0,2966.0,0.0,742067.0,792655.0,566069.0,0.0,269716.0,79.05,2.81,,6.34,62.21,249.14,72.38,79.05,-5.225938686460566,120.0079553182381
2020,12,PT Bank Perekonomian Rakyat Syariah Surya Sejati,Kab. Takalar,Provinsi Sulawesi Selatan,620031,4414728.0,1606955.0,0.0,0.0,0.0,0.0,0.0,0.0,0.0,0.0,0.0,0.0,598321.0,161000.0,6089.0,96642.0,2111.0,0.0,457346.0,0.0,31006.0,0.0,552650.0,593119.0,608889.0,0.0,-19375.0,173.27,18.93,,-0.3,101.64,211.63,246.6,173.27,-5.431354763307175,119.44652127180228
2020,12,PT BANK PEREKONOMIAN RAKYAT SYARIAH NIAGA MADANI,Kota Makassar,Provinsi Sulawesi Selatan,620039,16876741.0,14454794.0,0.0,0.0,109080.0,0.0,0.0,0.0,0.0,0.0,55521.0,0.0,2364268.0,4931540.0,12965.0,2161.0,99280.0,0.0,4206739.0,2911181.0,187770.0,0.0,3460101.0,3914716.0,3915599.0,0.0,319560.0,17.95,9.25,,2.51,93.29,199.62,30.07,17.95,-5.127789499318414,119.412410921333
2020,12,PT Bank Perekonomian Rakyat Syariah Dana Moneter,Kota Makassar,Provinsi Sulawesi Selatan,620030,49611166.0,41286850.0,0.0,0.0,0.0,0.0,0.0,0.0,0.0,0.0,205000.0,7818170.0,2715586.0,10049700.0,180782.0,1124870.0,118236.0,0.0,9129835.0,6763064.0,431415.0,0.0,4326407.0,6766088.0,5040593.0,0.0,-545235.0,32.48,4.67,,-1.05,107.96,200.58,30.08,32.48,-5.132293953516857,119.41407701618245
2020,12,PT Bank Perekonomian Rakyat Syariah Harta Insan Karimah Fajar Nitro,Kota Makassar,Provinsi Sulawesi Selatan,620168,8135582.0,6674607.0,0.0,0.0,58072.0,0.0,0.0,0.0,0.0,0.0,0.0,78728.0,835383.0,1229800.0,37741.0,1353704.0,26772.0,0.0,2850000.0,0.0,959878.0,0.0,1524460.0,2022771.0,1452432.0,0.0,483810.0,38.41,31.2,,5.79,67.74,134.82,133.55,38.41,-5.128522770098106,119.41038261376706
2020,12,PT Bank Perekonomian Rakyat Syariah Indo Timur,Kota Makassar,Provinsi Sulawesi Selatan,620010,9958343.0,1148224.0,0.0,0.0,0.0,0.0,0.0,0.0,0.0,0.0,0.0,5882957.0,697752.0,0.0,3911.0,152509.0,1262.0,0.0,0.0,0.0,699775.0,0.0,574522.0,600037.0,580803.0,0.0,29748.0,92.17,4.47,,0.03,94.9,17.45,84.82,92.17,-5.143550328284089,119.4138433249748
2020,12,PT Bank Perekonomian Rakyat Syariah Investama Mega Bakti,Kota Makassar,Provinsi Sulawesi Selatan,620077,36835703.0,21153034.0,0.0,244201.0,481818.0,0.0,1170988.0,5444505.0,0.0,0.0,3722415.0,36340.0,2958647.0,1780000.0,108447.0,264700.0,12212.0,0.0,0.0,27098982.0,149240.0,0.0,2256452.0,5010638.0,2759465.0,0.0,-256916.0,28.0,6.0,,-2.0,66.08,124.5,70.93,28.0,-5.131381407363007,119.4094893372462
2020,12,PT Bank Perekonomian Rakyat Syariah Khairan Inti Amanah,Kab. Parimo/Banggai,Provinsi Sulawesi Tengah,620188,,,,,,,,,,,,,,,,,,,,,,,,,,,,,,,,,,,,,
2020,12,PT BANK PEREKONOMIAN RAKYAT SYARIAH MASYARAKAT LINTAU BUO,Kab. Agam,Provinsi Sumatera Barat,620196,,,,,,,,,,,,,,,,,,,,,,,,,,,,,,,,,,,,,
2020,12,PT BPRS Sungai PuaSyariah,Kab. Agam,Provinsi Sumatera Barat,620186,,,,,,,,,,,,,,,,,,,,,,,,,,,,,,,,,,,,,
2020,12,PT Bank Perekonomian Rakyat Syariah Ampek Angkek Candung,Kab. Agam,Provinsi Sumatera Barat,620071,54010164.0,32263250.0,0.0,0.0,0.0,0.0,0.0,0.0,0.0,0.0,161590.0,25948752.0,141140.0,18046450.0,113227.0,348414.0,328962.0,0.0,1094392.0,0.0,1191541.0,0.0,5607961.0,6446639.0,4832401.0,0.0,687179.0,25.39,13.22,,1.48,86.95,73.1,16.63,25.39,,
2020,12,PT Bank Perekonomian Rakyat Syariah Carana Kiat Andalas,Kab. Agam,Provinsi Sumatera Barat,620064,22671338.0,15877514.0,0.0,0.0,0.0,0.0,0.0,0.0,0.0,0.0,1494650.0,11977956.0,0.0,5363482.0,68604.0,47353.0,189215.0,0.0,300115.0,0.0,2181.0,0.0,2170648.0,2459949.0,2189228.0,0.0,278164.0,33.75,7.78,,1.34,92.57,91.56,33.12,33.75,,
2020,12,PT BPRS Guguk Mas Makmur,Kab. Limapuluh Koto,Provinsi Sumatera Barat,620194,,,,,,,,,,,,,,,,,,,,,,,,,,,,,,,,,,,,,
2020,12,PT BPRS Taeh Baruah,Kab. Limapuluh Koto,Provinsi Sumatera Barat,620190,,,,,,,,,,,,,,,,,,,,,,,,,,,,,,,,,,,,,
2020,12,PT Bank Perekonomian Rakyat Syariah Khatulistiwa,Kab. Pasaman,Provinsi Sumatera Barat,620201,,,,,,,,,,,,,,,,,,,,,,,,,,,,,,,,,,,,,
2020,12,PT BPRS Mentari Pasaman Saiyo,Kab. Pasaman Barat,Provinsi Sumatera Barat,620059,13703302.0,10138101.0,0.0,344761.0,44600.0,0.0,111250.0,330000.0,0.0,0.0,212383.0,207305.0,7355218.0,2554500.0,43904.0,225863.0,203046.0,0.0,759742.0,0.0,473351.0,50.0,1372194.0,1796138.0,1477908.0,8203.0,319926.0,29.11,8.51,,0.07,96.08,100.17,17.05,29.11,,
2020,12,PT BPRS Haji Miskin,Kab. Tanah Datar,Provinsi Sumatera Barat,620099,61673492.0,38627841.0,0.0,3376189.0,0.0,73081.0,615327.0,3770000.0,0.0,0.0,0.0,4056821.0,13843831.0,24375194.0,235757.0,809243.0,810171.0,0.0,4400000.0,3166660.0,2384561.0,0.0,5443338.0,8335602.0,4153691.0,47945.0,1528947.0,27.94,2.83,,2.14,74.19,89.24,12.36,27.94,0.7957568848810034,100.72783265816751
2020,12,PT Bank Perekonomian Rakyat Syariah Balerong Bunta,Kab. Tanah Datar,Provinsi Sumatera Barat,620197,,,,,,,,,,,,,,,,,,,,,,,,,,,,,,,,,,,,0.8031965185093075,100.73793330633296
2020,12,PT Bank Pembiayaan Rakyat Syariah Jam Gadang Perseroda,Kota Bukittinggi,Provinsi Sumatera Barat,620185,,,,,,,,,,,,,,,,,,,,,,,,,,,,,,,,,,,,-0.2958866590933593,100.36052326690393
2020,12,PT BANK PEREKONOMIAN RAKYAT SYARIAH AL MAKMUR,Kota Payakumbuh,Provinsi Sumatera Barat,620132,62279974.0,33455246.0,0.0,416031.0,29553.0,0.0,0.0,6645136.0,0.0,0.0,654972.0,24985407.0,1367428.0,20588300.0,0.0,157321.0,254319.0,0.0,4057524.0,2666487.0,1237395.0,0.0,4140420.0,5826635.0,4292250.0,0.0,887353.0,26.77,2.49,,0.9,85.92,72.15,17.35,26.77,-0.2305304689386322,100.63568358146692
2020,12,PT BPRS Gajahtongga KotoPiliang,Kota Sawahlunto,Provinsi Sumatera Barat,620162,33953199.0,26121688.0,0.0,0.0,0.0,0.0,0.0,1311665.0,0.0,0.0,0.0,14396262.0,0.0,11102300.0,98300.0,401853.0,488380.0,0.0,0.0,0.0,614405.0,0.0,4272331.0,5288145.0,3304442.0,0.0,1265657.0,42.89,3.64,,4.52,74.55,85.13,41.47,42.89,-0.6873833320816837,100.76958758372275
2020,12,PT BPRS Barakah Nawaitul Ikhlas,Kota Solok,Provinsi Sumatera Barat,620123,7253982.0,3232745.0,0.0,335719.0,0.0,0.0,0.0,0.0,0.0,0.0,0.0,141912.0,3440489.0,2401200.0,12100.0,334601.0,7034.0,0.0,20000.0,0.0,18019.0,0.0,900578.0,1074006.0,1042524.0,236.0,-11109.0,37.86,8.24,,-1.15,117.06,49.5,41.93,37.86,-0.8090450252633046,100.6628003414127
2020,12,PT Bank Perekonomian Rakyat Syariah Al Falah,Kab. Banyuasin,Provinsi Sumatera Selatan,620040,24665323.0,14748591.0,0.0,721544.0,0.0,0.0,550000.0,0.0,0.0,0.0,0.0,190593.0,4271871.0,6340960.0,82366.0,187798.0,12070.0,0.0,3000000.0,3199305.0,296380.0,0.0,2968338.0,4136743.0,2201945.0,0.0,1058136.0,43.99,3.88,,4.49,74.26,67.23,34.33,43.99,,
2020,12,PT Bank Perekonomian Rakyat Syariah Amanah Insan Cita,Kab. Deli Serdang,Provinsi Sumatera Utara,620145,12388767.0,10226182.0,0.0,0.0,0.0,0.0,536111.0,0.0,0.0,0.0,0.0,1421790.0,0.0,8368500.0,33578.0,109198.0,114365.0,0.0,72416.0,0.0,185430.0,0.0,1020257.0,1584947.0,1509121.0,0.0,-337481.0,22.28,4.85,,-2.65,126.37,109.93,75.72,22.28,,
2020,12,PT Bank Perekonomian Rakyat Syariah Puduarta Insani,Kab. Deli Serdang,Provinsi Sumatera Utara,620058,53428600.0,31421058.0,0.0,511.0,0.0,0.0,199000.0,0.0,0.0,0.0,0.0,10370953.0,0.0,33699417.0,249189.0,147221.0,82885.0,0.0,606767.0,0.0,760239.0,0.0,4334174.0,7073428.0,3710579.0,0.0,783794.0,27.5,0.84,,-0.03,98.36,64.18,10.48,27.5,,
2020,12,PT Bank Perekonomian Rakyat Syariah Sindanglaya Kotanopan,Kab. Mandailing Natal,Provinsi Sumatera Utara,620111,8678372.0,3321109.0,0.0,267822.0,0.0,0.0,0.0,999606.0,0.0,0.0,0.0,2770147.0,0.0,2697700.0,27603.0,34081.0,4092.0,0.0,504868.0,0.0,122017.0,0.0,1089650.0,1311864.0,1031254.0,0.0,117337.0,49.17,14.36,,1.38,89.19,86.25,77.91,49.17,,
2020,12,PT Bank Perekonomian Rakyat Syariah Amanah Bangsa,Kab. Simalungun,Provinsi Sumatera Utara,620032,73373777.0,56911162.0,0.0,131947.0,0.0,0.0,460000.0,0.0,0.0,0.0,0.0,11116638.0,0.0,22808505.0,276806.0,356680.0,90458.0,0.0,13488506.0,16699772.0,1380203.0,0.0,7216730.0,12093268.0,10763150.0,0.0,1253455.0,19.43,1.0,,2.26,88.22,80.16,65.13,19.43,,
2020,12,PT. BPRS Al-Yaqin,Kab. Simalungun,Provinsi Sumatera Utara,620092,7254933.0,4468600.0,0.0,222499.0,0.0,0.0,150000.0,35000.0,0.0,0.0,743964.0,1031435.0,216368.0,5071300.0,0.0,101162.0,46353.0,0.0,250000.0,0.0,33575.0,0.0,659645.0,1138767.0,1294692.0,0.0,-261975.0,13.57,13.96,,-3.61,117.32,77.16,21.84,13.57,,
2020,12,PT Bank Perekonomian Rakyat Syariah Al Washliyah,Kota Medan,Provinsi Sumatera Utara,620036,13333097.0,6178496.0,0.0,1480221.0,0.0,0.0,206345.0,200000.0,0.0,0.0,26970.0,895698.0,2119226.0,9509500.0,43557.0,133850.0,336253.0,0.0,12204.0,0.0,123790.0,0.0,219147.0,1140847.0,1463131.0,0.0,-1141033.0,12.05,20.69,,-8.51,117.05,67.07,11.94,12.05,3.5953913881617754,98.67901076224275
2020,12,PT Bank Perekonomian Rakyat Syariah Gebu Prima,Kota Medan,Provinsi Sumatera Utara,620055,38769720.0,19205161.0,0.0,1670210.0,0.0,0.0,6551250.0,0.0,0.0,0.0,0.0,149632.0,5345310.0,22073500.0,3622.0,43561.0,47922.0,0.0,7837154.0,0.0,21164.0,0.0,1535849.0,4729078.0,1745507.0,0.0,471116.0,19.56,4.49,,1.21,95.33,93.93,26.2,19.56,3.580883089096215,98.66623055730342
2021,12,PT Bank Perekonomian Rakyat Syariah Fajar Sejahtera Bali,Kab. Badung,Provinsi Bali,620026,21167723.0,3712249.0,0.0,5230785.0,0.0,0.0,2365770.0,963520.0,0.0,0.0,0.0,1170140.0,4354035.0,8101263.0,343285.0,23469.0,145433.0,0.0,3550000.0,0.0,10970.0,0.0,1749659.0,2398315.0,1756496.0,0.0,197960.0,32.84,3.86,,0.94,88.94,71.45,45.57,32.84,-8.645170567141806,115.27693679878858
2021,12,PT Bank Perekonomian Rakyat Syariah Muamalah Cilegon,Kota Cilegon,Provinsi Banten,620034,60243959.0,26371645.0,245173.0,1400230.0,283400.0,0.0,14897.0,4972335.0,0.0,0.0,0.0,24201913.0,3184148.0,17070030.0,168573.0,806757.0,709719.0,0.0,7004874.0,0.0,296373.0,0.0,6165855.0,7615877.0,4765392.0,43477.0,1263338.0,40.37,0.88,,2.88,73.26,64.69,27.85,40.37,-6.013534007648159,106.0585828108812
2021,12,PT. BPRS Cilegon Mandiri,Kota Cilegon,Provinsi Banten,620080,109353306.0,80985387.0,58945.0,5297914.0,62198.0,0.0,0.0,13436928.0,0.0,0.0,689900.0,4232598.0,16587465.0,35244000.0,363064.0,23658021.0,230242.0,0.0,6350000.0,0.0,3784901.0,0.0,7509873.0,10348125.0,33649916.0,0.0,-21613439.0,75.93,55.57,,-46.38,450.58,159.97,44.33,75.93,-6.0121840147933305,106.06249216016823
2021,12,PT BPRS Harta Insan Karimah,Kota Tangerang,Provinsi Banten,620012,629502790.0,188753352.0,0.0,78128655.0,433999.0,0.0,900000.0,162969046.0,0.0,0.0,1279450.0,31703659.0,88977740.0,428680692.0,2045503.0,4118018.0,1966770.0,0.0,12595718.0,0.0,3965452.0,0.0,40239470.0,76014898.0,41004021.0,53075.0,1448150.0,17.39,10.93,,0.33,94.56,76.73,9.71,17.39,-6.168514895786671,106.6333010221693
2021,12,PT Bank Perekonomian Rakyat Syariah Musyarakah Ummat Indonesia,Kota Tangerang,Provinsi Banten,620007,31452766.0,18427936.0,0.0,2184606.0,249067.0,0.0,69100.0,1247629.0,0.0,0.0,479840.0,997317.0,1590058.0,8158687.0,25964.0,841047.0,57648.0,0.0,17150000.0,0.0,127200.0,0.0,2447025.0,4442550.0,2305554.0,0.0,286580.0,26.56,5.54,,1.88,86.69,79.5,14.58,26.56,-6.17429154031784,106.64290706543798
2021,12,PT Bank Perekonomian Rakyat Syariah Rizky Barokah,Kota Tangerang Selatan,Provinsi Banten,620199,,,,,,,,,,,,,,,,,,,,,,,,,,,,,,,,,,,,-6.320385744555436,106.69864713138224
2021,12,PT Bank Perekonomian Rakyat Syariah Muamalat Harkat,Kab. Seluma,Provinsi Bengkulu,620052,75985581.0,43707853.0,0.0,0.0,0.0,0.0,0.0,0.0,0.0,0.0,0.0,7308532.0,17965589.0,34422000.0,361805.0,143585.0,411503.0,0.0,5450427.0,0.0,906706.0,0.0,8228666.0,11951274.0,6072771.0,65094.0,2151404.0,17.46,5.87,,3.48,69.69,68.36,49.95,17.46,,
2021,12,PT Bank Perekonomian Rakyat Syariah Fadhilah Kota Bengkulu (Perseroda),Kota Bengkulu,Provinsi Bengkulu,620184,23452701.0,18476067.0,0.0,962677.0,0.0,0.0,0.0,0.0,0.0,0.0,0.0,5487867.0,0.0,1240000.0,5023.0,0.0,25535.0,0.0,2000000.0,321684.0,57284.0,0.0,1377574.0,1511971.0,1667221.0,0.0,-123228.0,125.49,,,-3.15,106.97,222.72,22.23,125.49,-3.798786993847248,102.26066774117557
2021,12,PT Bank Perekonomian Rakyat Syariah Maslahat Dana Syariah Nusantara,Kota Bengkulu,Provinsi Bengkulu,620181,11807860.0,7480045.0,0.0,3132336.0,0.0,0.0,0.0,0.0,0.0,0.0,1477351.0,1886713.0,0.0,6141000.0,23839.0,1867226.0,118976.0,0.0,654485.0,0.0,6238.0,0.0,605633.0,1143951.0,2266738.0,0.0,853572.0,,,,4.66,,,28.51,,-3.791547736340278,102.2560829253008
2021,12,PT. BPRS Safir,Kota Bengkulu,Provinsi Bengkulu,620090,,,,,,,,,,,,,,,,,,,,,,,,,,,,,,,,,,,,-3.8005555705877825,102.2529282154658
2021,12,PT Bank Perekonomian Rakyat Syariah Bangun Drajat Warga,Kab. Bantul,Provinsi D.I. Yogyakarta,620018,171037969.0,66410342.0,722667.0,1166905.0,5833.0,66058.0,15111670.0,7712762.0,0.0,0.0,353188.0,68729561.0,28275719.0,41597195.0,648019.0,746684.0,7537486.0,0.0,6297684.0,0.0,1980438.0,0.0,9600853.0,12525814.0,7120970.0,75881.0,2551407.0,29.51,5.97,,1.99,74.26,70.37,44.28,29.51,-6.162883175978525,106.8097490702202
2021,12,PT Bank Perekonomian Rakyat Syariah Madina Mandiri Sejahtera,Kab. Bantul,Provinsi D.I. Yogyakarta,620118,103727822.0,60367778.0,0.0,1054517.0,49144.0,0.0,2621277.0,12401969.0,0.0,0.0,2533792.0,9521910.0,1615283.0,56505650.0,0.0,540572.0,1471324.0,0.0,27710558.0,0.0,474928.0,0.0,1850986.0,8273609.0,3955777.0,0.0,-1221741.0,14.0,5.26,,-1.18,107.91,83.99,40.86,14.0,-6.160825160234478,106.80699763980014
2021,12,PT Bank Perekonomian Rakyat Syariah Margirizki Bahagia,Kab. Bantul,Provinsi D.I. Yogyakarta,620017,45444611.0,16943388.0,0.0,0.0,5833.0,0.0,0.0,8331329.0,0.0,0.0,48333.0,7140973.0,2208372.0,23221600.0,111104.0,840100.0,15607.0,0.0,5965133.0,0.0,277898.0,0.0,1936413.0,4106872.0,1840857.0,0.0,404663.0,22.42,11.21,,4.67,87.78,65.6,83.14,22.42,-6.173931205857998,106.82055050685378
2021,12,PT Bank Perekonomian Rakyat Syariah Cahaya Hidup,Kab. Sleman,Provinsi D.I. Yogyakarta,620163,39495931.0,18420529.0,0.0,419887.0,36833.0,0.0,1440330.0,7297996.0,0.0,0.0,0.0,947201.0,850379.0,22824950.0,133033.0,539997.0,496238.0,0.0,9665050.0,0.0,82562.0,0.0,2001572.0,4131928.0,1771608.0,11229.0,413205.0,33.05,13.34,,1.32,78.15,80.54,86.86,33.05,,
2021,12,PT Bank Perekonomian Rakyat Syariah Danagung Syariah,Kab. Sleman,Provinsi D.I. Yogyakarta,620128,42305828.0,11160954.0,0.0,8508111.0,20833.0,0.0,0.0,1579949.0,0.0,0.0,0.0,2630626.0,106486.0,13537900.0,167437.0,149254.0,224868.0,0.0,19010176.0,0.0,238424.0,0.0,2474864.0,4913008.0,2939385.0,0.0,208505.0,40.22,9.04,,0.62,96.85,110.48,95.65,40.22,,
2021,12,PT Bank Perekonomian Rakyat Syariah Formes Sleman,Kab. Sleman,Provinsi D.I. Yogyakarta,620136,49453539.0,24322602.0,0.0,806782.0,726250.0,674.0,544650.0,1514225.0,0.0,0.0,794122.0,3893096.0,14052055.0,8368350.0,0.0,163914.0,345264.0,0.0,11193686.0,4032299.0,69846.0,0.0,2944161.0,3994239.0,2898045.0,0.0,555604.0,36.03,5.18,,1.36,83.12,112.78,21.09,36.03,,
2021,12,PT Bank Perekonomian Rakyat Syariah Harta Insan Karimah Mitra Cahaya Indonesia,Kab. Sleman,Provinsi D.I. Yogyakarta,620133,187997411.0,88769494.0,0.0,1081343.0,5833.0,0.0,3991964.0,30657215.0,0.0,0.0,594171.0,11894012.0,1812155.0,99312292.0,0.0,1217803.0,987017.0,0.0,50699171.0,2361111.0,1297048.0,0.0,8364958.0,20155001.0,8163362.0,0.0,978364.0,22.05,1.96,,0.68,88.25,110.16,16.87,22.05,,
2021,12,PT Bank Perekonomian Rakyat Syariah Mitra Amal Mulia,Kab. Sleman,Provinsi D.I. Yogyakarta,620117,62004716.0,41060681.0,0.0,1645886.0,221415.0,1360.0,0.0,0.0,0.0,0.0,562133.0,4134278.0,1745430.0,28015492.0,362.0,38469.0,37251.0,0.0,18221392.0,1611092.0,890799.0,0.0,4423588.0,7872687.0,4241123.0,728.0,270941.0,23.89,4.44,,0.58,96.35,90.99,10.86,23.89,,
2021,12,PT Bank Perekonomian Rakyat Syariah Sleman (Perseroda),Kab. Sleman,Provinsi D.I. Yogyakarta,620193,,,,,,,,,,,,,,,,,,,,,,,,,,,,,,,,,,,,,
2021,12,PT Bank Perekonomian Rakyat Syariah Barokah Dana Sejahtera,Kota Yogyakarta,Provinsi D.I. Yogyakarta,620115,173897132.0,42656644.0,87074.0,2140738.0,319294.0,75683.0,3296936.0,67484456.0,0.0,0.0,644502.0,35046004.0,16292436.0,89934562.0,655910.0,961709.0,508013.0,0.0,11886107.0,6140579.0,752508.0,0.0,8994637.0,15416265.0,7863952.0,0.0,1445569.0,19.99,2.47,,1.18,81.93,82.54,24.61,19.99,-7.808951498748443,110.36881342877136
2021,12,PT Bank Perekonomian Rakyat Syariah Dana Hidayatullah,Kota Yogyakarta,Provinsi D.I. Yogyakarta,620107,29176878.0,13799111.0,0.0,263099.0,50410.0,0.0,57315.0,3549396.0,0.0,0.0,0.0,1046866.0,4082387.0,8328900.0,89348.0,130865.0,56312.0,0.0,514299.0,0.0,59396.0,7550000.0,2371987.0,3362347.0,2070764.0,0.0,552440.0,65.32,2.9,,2.42,79.04,119.02,30.3,65.32,-7.805830145091572,110.3718318454461
2021,12,PT Bank Perekonomian Rakyat Syariah Mitra Harmoni Yogyakarta,Kota Yogyakarta,Provinsi D.I. Yogyakarta,620149,94435047.0,59858904.0,0.0,595983.0,5833.0,14304.0,6902300.0,0.0,0.0,0.0,0.0,6808351.0,12475766.0,47230280.0,6603.0,598079.0,238305.0,0.0,17355527.0,3536382.0,178829.0,0.0,3705334.0,9837298.0,5623663.0,0.0,-781500.0,16.37,5.67,,-0.83,107.35,85.03,46.82,16.37,-7.803051873506947,110.36402782968446
2021,12,PT Bank Perekonomian Rakyat Syariah Unisia Insan Indonesia,Kota Yogyakarta,Provinsi D.I. Yogyakarta,620178,83535744.0,39417734.0,0.0,365967.0,1192333.0,0.0,3933338.0,7234609.0,0.0,0.0,0.0,10335243.0,9526236.0,46188525.0,0.0,0.0,286203.0,0.0,7110170.0,0.0,35467.0,0.0,3855376.0,7152760.0,3304749.0,0.0,653139.0,44.91,4.42,,0.95,83.51,79.24,26.1,44.91,-7.811119305839534,110.36108720090904
2021,12,PT BPRS Hidayah,Wil. Kota Jakarta Barat,Provinsi DKI Jakarta,620119,,,,,,,,,,,,,,,,,,,,,,,,,,,,,,,,,,,,,
2021,12,PT Bank Perekonomian Rakyat Syariah Hijra Alami,Wil. Kota Jakarta Selatan,Provinsi DKI Jakarta,620138,49797071.0,3739080.0,0.0,186506.0,3721950.0,0.0,0.0,9300000.0,0.0,0.0,574581.0,1186642.0,221449.0,31734794.0,37982.0,259933.0,147358.0,0.0,8634443.0,0.0,227866.0,0.0,251369.0,1979320.0,1431221.0,0.0,-1010811.0,38.13,5.57,,-2.03,320.15,51.13,14.73,38.13,,
2021,12,PT Bank Perekonomian Rakyat Syariah Al Ihsan,Kab. Bandung,Provinsi Jawa Barat,620044,46474526.0,27151567.0,0.0,880974.0,112250.0,0.0,0.0,0.0,0.0,0.0,0.0,5111573.0,0.0,32160300.0,0.0,270334.0,95619.0,0.0,5300000.0,0.0,166770.0,0.0,2013347.0,4161609.0,2175021.0,0.0,355168.0,34.46,13.22,,0.76,97.7,70.96,45.03,34.46,-6.971851712893827,107.5425031409888
2021,12,PT Bank Perekonomian Rakyat Syariah Almasoem,Kab. Bandung,Provinsi Jawa Barat,620027,280729688.0,154953713.0,0.0,22587237.0,21009861.0,0.0,0.0,4375070.0,0.0,0.0,534899.0,79435935.0,4671527.0,139564328.0,816968.0,3841967.0,2901550.0,0.0,23000000.0,0.0,4791441.0,0.0,25684154.0,38626714.0,21620639.0,0.0,5411433.0,17.91,8.46,,2.47,83.95,90.53,19.18,17.91,-6.97009496632967,107.54174350568084
2021,12,PT Bank Perekonomian Rakyat Syariah Amanah Rabbaniah,Kab. Bandung,Provinsi Jawa Barat,620002,107481573.0,60723854.0,0.0,9026425.0,1307390.0,0.0,0.0,2341112.0,0.0,0.0,76952.0,32923537.0,5584448.0,47984343.0,194902.0,1444689.0,613189.0,0.0,4200000.0,2894254.0,1829097.0,0.0,13306550.0,18362912.0,9758822.0,84000.0,4247496.0,19.17,2.57,,5.23,73.36,74.41,39.52,19.17,-6.981512329239818,107.54983972422548
2021,12,PT Bank Perekonomian Rakyat Syariah Harta Insan Karimah Parahyangan,Kab. Bandung,Provinsi Jawa Barat,620054,1388622264.0,839472160.0,0.0,858175.0,9777684.0,0.0,0.0,284097361.0,0.0,0.0,1976486.0,131766316.0,6997823.0,721623868.0,5555325.0,7330857.0,9719065.0,0.0,142187815.0,206687380.0,0.0,0.0,99804771.0,179640220.0,85301775.0,512400.0,15276757.0,18.14,2.23,,1.69,89.05,93.79,37.88,18.14,-6.965455511896712,107.55659356508802
2021,12,PT Bank Perekonomian Rakyat Syariah Amanah Insani,Kab. Bekasi,Provinsi Jawa Barat,620066,67099104.0,30277016.0,0.0,0.0,482349.0,0.0,3962000.0,0.0,0.0,0.0,0.0,26758340.0,0.0,28060118.0,241521.0,253063.0,290843.0,0.0,0.0,0.0,806622.0,0.0,5496861.0,7451415.0,7298614.0,271402.0,1115472.0,40.36,23.49,,1.74,89.45,63.34,44.89,40.36,-6.204349585324721,107.17320288461552
2021,12,PT BPRS Bogor Tegar Beriman,Kab. Bogor,Provinsi Jawa Barat,620177,122862448.0,57377661.0,0.0,2799018.0,0.0,0.0,0.0,17036409.0,0.0,0.0,350000.0,6475971.0,0.0,0.0,487150.0,285850.0,468490.0,0.0,12000000.0,4500410.0,1881455.0,70681156.0,10659436.0,14423363.0,7408122.0,0.0,5268160.0,69.53,1.55,,5.82,69.5,100.07,434.19,69.53,-6.552632627212006,107.00079770326322
2021,12,PT Bank Perekonomian Rakyat Syariah Amanah Ummah,Kab. Bogor,Provinsi Jawa Barat,620004,392979747.0,198851193.0,21845179.0,90095.0,3875810.0,0.0,1470000.0,10366354.0,0.0,0.0,0.0,210071304.0,2269327.0,137369936.0,1955642.0,1937500.0,3412150.0,0.0,3005025.0,0.0,842555.0,0.0,32391163.0,41583422.0,23531660.0,840000.0,8084847.0,21.52,1.33,,2.89,73.85,67.34,22.72,21.52,-6.547796294132246,107.00834446079764
2021,12,PT Bank Perekonomian Rakyat Syariah Botani Bina Rahmah,Kab. Bogor,Provinsi Jawa Barat,620061,53715441.0,42437951.0,0.0,2595825.0,922664.0,7438.0,546000.0,0.0,0.0,0.0,0.0,7317134.0,0.0,15807000.0,209334.0,438568.0,236426.0,0.0,23131286.0,0.0,332700.0,0.0,3064079.0,5234248.0,2765022.0,5000.0,802613.0,45.48,3.07,,1.54,79.12,100.69,7.33,45.48,-6.546441998522415,106.99684935942706
2021,12,PT Bank Perekonomian Rakyat Syariah Harta Insan Karimah Insan Cita,Kab. Bogor,Provinsi Jawa Barat,620069,149354118.0,106006033.0,0.0,4640381.0,448006.0,0.0,3292155.0,11796813.0,0.0,0.0,0.0,13591512.0,2042960.0,82241914.0,599845.0,905395.0,769293.0,0.0,34067330.0,3545636.0,1895474.0,0.0,9649906.0,19085121.0,8762150.0,0.0,1696066.0,16.16,1.79,,1.62,78.76,95.63,69.06,16.16,-6.539331604489986,107.00639936483655
2021,12,PT. BPRS Rif'atul Ummah,Kab. Bogor,Provinsi Jawa Barat,620068,17343819.0,9907310.0,190210.0,1258879.0,484182.0,0.0,0.0,115585.0,0.0,0.0,190571.0,1961818.0,10128.0,5019607.0,0.0,53284.0,192965.0,0.0,6933274.0,0.0,158059.0,0.0,1075422.0,2002161.0,1358191.0,0.0,-130544.0,32.62,4.78,,-0.75,109.16,85.86,77.23,32.62,-6.544725297552011,107.0028264990046
2021,12,PT Bank Perekonomian Rakyat Syariah Gaido Indonesia,Kab. Cianjur,Provinsi Jawa Barat,620043,30584428.0,19438159.0,0.0,607853.0,61476.0,0.0,0.0,628920.0,0.0,0.0,0.0,3946833.0,2422346.0,5253000.0,0.0,161076.0,98956.0,0.0,12900000.0,2607411.0,0.0,0.0,1682607.0,3351254.0,2165550.0,0.0,623391.0,31.81,6.0,,2.89,115.98,74.13,63.72,31.81,-6.563150818639635,106.73146469181188
2021,12,PT Bank Perekonomian Rakyat Syariah Harum Hikmahnugraha,Kab. Garut,Provinsi Jawa Barat,620029,68502231.0,39288390.0,0.0,399144.0,1633120.0,0.0,0.0,0.0,0.0,0.0,0.0,23421853.0,235345.0,29238250.0,726827.0,665317.0,66090.0,0.0,6130000.0,0.0,7700.0,0.0,6244369.0,9149968.0,6273370.0,0.0,18241.0,30.26,12.14,,0.03,100.53,80.69,28.65,30.26,-7.201021164642222,107.90284024114014
2021,12,PT Bank Perekonomian Rakyat Syariah PNM Mentari,Kab. Garut,Provinsi Jawa Barat,620008,119456640.0,76863217.0,0.0,11352707.0,1845791.0,0.0,0.0,4101120.0,0.0,0.0,0.0,6642932.0,11252363.0,57053618.0,495661.0,115225.0,1250928.0,0.0,30200000.0,131562.0,2583616.0,0.0,11976396.0,19778864.0,10933803.0,0.0,1835372.0,28.89,4.94,,2.35,81.3,89.62,17.19,28.89,-7.195611181584734,107.90948097277126
2021,12,PT. BPRS Gotong Royong,Kab. Subang,Provinsi Jawa Barat,620172,,,,,,,,,,,,,,,,,,,,,,,,,,,,,,,,,,,,-6.553534544317955,107.7543397767086
2021,12,PT. BPRS Gotong Royong,Kab. Subang,Provinsi Jawa Barat,620172,,,,,,,,,,,,,,,,,,,,,,,,,,,,,,,,,,,,-6.916774443100237,106.9293590384548
2021,12,PT BPRS Berkah Amal Salman,Kota Bandung,Provinsi Jawa Barat,620001,,,,,,,,,,,,,,,,,,,,,,,,,,,,,,,,,,,,-6.918139601318028,107.60647461822626
2021,12,PT BPRS Berkah Amal Salman,Kota Bandung,Provinsi Jawa Barat,620001,,,,,,,,,,,,,,,,,,,,,,,,,,,,,,,,,,,,-6.600064385549815,106.7999819599572
2021,12,PT Bank Perekonomian Rakyat Syariah Baiturridha Pusaka,Kota Bandung,Provinsi Jawa Barat,620011,134300451.0,26038165.0,0.0,77257342.0,95000.0,0.0,500000.0,511312.0,0.0,0.0,0.0,12342550.0,6635303.0,55633900.0,614864.0,986014.0,586615.0,0.0,10300000.0,19604634.0,2943700.0,0.0,26969980.0,31918416.0,17256592.0,297791.0,9221454.0,19.83,1.42,,8.74,60.44,89.64,26.1,19.83,-6.926057921061269,107.60382508821964
2021,12,PT Bank Perekonomian Rakyat Syariah Baiturridha Pusaka,Kota Bandung,Provinsi Jawa Barat,620011,134300451.0,26038165.0,0.0,77257342.0,95000.0,0.0,500000.0,511312.0,0.0,0.0,0.0,12342550.0,6635303.0,55633900.0,614864.0,986014.0,586615.0,0.0,10300000.0,19604634.0,2943700.0,0.0,26969980.0,31918416.0,17256592.0,297791.0,9221454.0,19.83,1.42,,8.74,60.44,89.64,26.1,19.83,-6.5950591985824625,106.79485467015364
2021,12,PT Bank Perekonomian Rakyat Syariah Mitra Harmoni Kota Bandung,Kota Bandung,Provinsi Jawa Barat,620161,28542164.0,16787090.0,0.0,1362726.0,0.0,103250.0,0.0,0.0,0.0,0.0,312000.0,2555877.0,582797.0,10387946.0,15783.0,43395.0,399846.0,0.0,7839377.0,0.0,31923.0,0.0,2723405.0,3799887.0,3264071.0,0.0,50764.0,54.0,15.0,,,99.0,91.0,42.0,54.0,-6.930306124913997,107.60122007641682
2021,12,PT Bank Perekonomian Rakyat Syariah Mitra Harmoni Kota Bandung,Kota Bandung,Provinsi Jawa Barat,620161,28542164.0,16787090.0,0.0,1362726.0,0.0,103250.0,0.0,0.0,0.0,0.0,312000.0,2555877.0,582797.0,10387946.0,15783.0,43395.0,399846.0,0.0,7839377.0,0.0,31923.0,0.0,2723405.0,3799887.0,3264071.0,0.0,50764.0,54.0,15.0,,,99.0,91.0,42.0,54.0,-6.605274910968337,106.787676963878
2021,12,PT BANK PEREKONOMIAN RAKYAT ARTHA MADANI,Kota Bekasi,Provinsi Jawa Barat,620088,265594251.0,161991528.0,349702.0,3007280.0,389198.0,0.0,0.0,9496016.0,0.0,0.0,2451773.0,29430071.0,4903000.0,93320020.0,0.0,2561196.0,2131335.0,0.0,115618000.0,1576683.0,174177.0,0.0,7398498.0,25223356.0,15674452.0,0.0,2104773.0,14.97,1.71,,1.19,84.97,72.03,42.68,14.97,-6.235802486784483,106.99167237097036
2021,12,PT Bank Perekonomian Rakyat Syariah Harta Insan Karimah Bekasi,Kota Bekasi,Provinsi Jawa Barat,620015,220892731.0,115059776.0,0.0,28918902.0,65625.0,0.0,4368789.0,26455992.0,0.0,0.0,5837389.0,14517965.0,553332.0,172764862.0,63920.0,17906916.0,1725836.0,0.0,22606237.0,0.0,1520489.0,0.0,12690596.0,30726805.0,49820941.0,0.0,-31641139.0,4.26,31.6,,-11.88,266.0,84.3,82.35,4.26,-6.237084227639964,106.9866402479551
2021,12,PT Bank Perekonomian Rakyat Syariah Harta Insan Karimah Cibitung,Kota Bekasi,Provinsi Jawa Barat,620020,532556537.0,245577752.0,2711056.0,38854554.0,0.0,0.0,1000000.0,166459763.0,0.0,0.0,0.0,44842424.0,3580228.0,280217911.0,2351569.0,5690093.0,4312860.0,0.0,86951758.0,38158328.0,7264244.0,0.0,44064336.0,81706979.0,39384644.0,413745.0,12555234.0,26.07,1.71,,3.16,66.35,100.19,45.69,26.07,-6.225695831277773,106.98845203769474
2021,12,PT Bank Perekonomian Rakyat Syariah Patriot Bekasi Perseroda,Kota Bekasi,Provinsi Jawa Barat,620108,305946132.0,186699639.0,0.0,8463999.0,1882084.0,0.0,0.0,43098679.0,0.0,0.0,1577444.0,33387596.0,1630288.0,142050673.0,3041083.0,1697619.0,2678056.0,0.0,27850000.0,27844651.0,25677637.0,0.0,33510691.0,48006950.0,26724696.0,0.0,5750286.0,20.27,1.84,,2.37,77.26,80.78,41.79,20.27,-6.2278728540382104,107.00170463692426
2021,12,PT Bank Perekonomian Rakyat Syariah Riyal Irsyadi,Kota Bekasi,Provinsi Jawa Barat,620005,92172369.0,28820126.0,0.0,542893.0,83509.0,25261.0,228159.0,10578848.0,0.0,0.0,716000.0,6946042.0,2450114.0,54677700.0,137692.0,1060953.0,323772.0,0.0,15189900.0,0.0,114229.0,0.0,4893361.0,9128428.0,7162148.0,0.0,-1690479.0,26.08,7.23,,-1.83,130.49,53.29,66.2,26.08,-6.225147459974553,106.99631349110932
2021,12,PT BPRS Berkah Amal Salman,Kota Bogor,Provinsi Jawa Barat,620001,,,,,,,,,,,,,,,,,,,,,,,,,,,,,,,,,,,,-6.918139601318028,107.60647461822626
2021,12,PT BPRS Berkah Amal Salman,Kota Bogor,Provinsi Jawa Barat,620001,,,,,,,,,,,,,,,,,,,,,,,,,,,,,,,,,,,,-6.600064385549815,106.7999819599572
2021,12,PT Bank Perekonomian Rakyat Syariah Baiturridha Pusaka,Kota Bogor,Provinsi Jawa Barat,620011,134300451.0,26038165.0,0.0,77257342.0,95000.0,0.0,500000.0,511312.0,0.0,0.0,0.0,12342550.0,6635303.0,55633900.0,614864.0,986014.0,586615.0,0.0,10300000.0,19604634.0,2943700.0,0.0,26969980.0,31918416.0,17256592.0,297791.0,9221454.0,19.83,1.42,,8.74,60.44,89.64,26.1,19.83,-6.926057921061269,107.60382508821964
2021,12,PT Bank Perekonomian Rakyat Syariah Baiturridha Pusaka,Kota Bogor,Provinsi Jawa Barat,620011,134300451.0,26038165.0,0.0,77257342.0,95000.0,0.0,500000.0,511312.0,0.0,0.0,0.0,12342550.0,6635303.0,55633900.0,614864.0,986014.0,586615.0,0.0,10300000.0,19604634.0,2943700.0,0.0,26969980.0,31918416.0,17256592.0,297791.0,9221454.0,19.83,1.42,,8.74,60.44,89.64,26.1,19.83,-6.5950591985824625,106.79485467015364
2021,12,PT Bank Perekonomian Rakyat Syariah Mitra Harmoni Kota Bandung,Kota Bogor,Provinsi Jawa Barat,620161,28542164.0,16787090.0,0.0,1362726.0,0.0,103250.0,0.0,0.0,0.0,0.0,312000.0,2555877.0,582797.0,10387946.0,15783.0,43395.0,399846.0,0.0,7839377.0,0.0,31923.0,0.0,2723405.0,3799887.0,3264071.0,0.0,50764.0,54.0,15.0,,,99.0,91.0,42.0,54.0,-6.930306124913997,107.60122007641682
2021,12,PT Bank Perekonomian Rakyat Syariah Mitra Harmoni Kota Bandung,Kota Bogor,Provinsi Jawa Barat,620161,28542164.0,16787090.0,0.0,1362726.0,0.0,103250.0,0.0,0.0,0.0,0.0,312000.0,2555877.0,582797.0,10387946.0,15783.0,43395.0,399846.0,0.0,7839377.0,0.0,31923.0,0.0,2723405.0,3799887.0,3264071.0,0.0,50764.0,54.0,15.0,,,99.0,91.0,42.0,54.0,-6.605274910968337,106.787676963878
2021,12,PT BPRS SHADIQ AMANAH,Kota Cimahi,Provinsi Jawa Barat,620019,,,,,,,,,,,,,,,,,,,,,,,,,,,,,,,,,,,,-6.863473787610629,107.53563110990164
2021,12,PT Bank Perekonomian Rakyat Syariah Daarul Hayat,Kota Cimahi,Provinsi Jawa Barat,620035,12873311.0,6046407.0,0.0,783167.0,511948.0,0.0,37840.0,949125.0,0.0,0.0,144375.0,4881661.0,1758130.0,4275974.0,144950.0,296235.0,11926.0,0.0,250000.0,0.0,657819.0,0.0,884668.0,1144812.0,2407121.0,0.0,-1406657.0,37.14,9.8,,-10.67,207.6,75.0,11.11,37.14,-6.867341948596262,107.55153148405364
2021,12,PT Bank Perekonomian Rakyat Syariah Albarokah,Kota Depok,Provinsi Jawa Barat,620053,16484931.0,8634507.0,0.0,393301.0,61954.0,0.0,274857.0,1405726.0,0.0,0.0,199967.0,58962.0,1589916.0,8420661.0,54134.0,429543.0,146936.0,0.0,0.0,0.0,157878.0,0.0,1437107.0,1889354.0,1701811.0,0.0,14901.0,92.83,17.21,,0.13,99.42,67.46,16.78,92.83,-6.414286608555458,106.82408456386716
2021,12,PT Bank Perekonomian Rakyat Syariah Alhijrah Amanah,Kota Depok,Provinsi Jawa Barat,620062,42607862.0,20812389.0,0.0,3279981.0,740906.0,4307.0,0.0,11300738.0,0.0,0.0,780824.0,4298935.0,289321.0,11443171.0,53167.0,850367.0,365491.0,0.0,21800696.0,0.0,97932.0,0.0,2480654.0,5025427.0,2593743.0,0.0,179423.0,21.07,5.6,,0.52,92.51,95.61,40.06,21.07,-6.4012211998367325,106.81183657113324
2021,12,PT Bank Perekonomian Rakyat Syariah Alsalaam Amal Salman,Kota Depok,Provinsi Jawa Barat,620101,314159179.0,163752254.0,2364078.0,2650975.0,835353.0,0.0,2625307.0,9052100.0,0.0,0.0,0.0,19714617.0,50025721.0,189650126.0,1286065.0,2121948.0,727428.0,0.0,104476.0,0.0,6795652.0,0.0,37689330.0,50269858.0,35559098.0,0.0,3013827.0,29.66,1.44,,1.25,89.84,69.89,6.9,29.66,-6.416217509745828,106.80751636393872
2021,12,PT Bank Perekonomian Rakyat Syariah Hasanah Mandiri,Kota Depok,Provinsi Jawa Barat,620006,130572166.0,83325808.0,24127982.0,916346.0,1686228.0,0.0,2552719.0,0.0,0.0,0.0,0.0,2349125.0,8308590.0,49964002.0,382757.0,1202198.0,246446.0,0.0,50206839.0,4799217.0,3202290.0,0.0,4740807.0,12111401.0,9692765.0,0.0,356298.0,19.28,1.47,,0.27,96.58,101.61,27.04,19.28,-6.40152714268215,106.8199776998472
2021,12,PT. BPRS Gotong Royong,Kota Sukabumi,Provinsi Jawa Barat,620172,,,,,,,,,,,,,,,,,,,,,,,,,,,,,,,,,,,,-6.553534544317955,107.7543397767086
2021,12,PT. BPRS Gotong Royong,Kota Sukabumi,Provinsi Jawa Barat,620172,,,,,,,,,,,,,,,,,,,,,,,,,,,,,,,,,,,,-6.916774443100237,106.9293590384548
2021,12,PT Bank Perekonomian Rakyat Syariah Almadinah Tasikmalaya Perseroda,Kota Tasikmalaya,Provinsi Jawa Barat,620156,41684658.0,20572213.0,0.0,1221886.0,14325.0,0.0,0.0,6618509.0,0.0,0.0,0.0,6331167.0,7183850.0,9206400.0,185185.0,99618.0,47683.0,0.0,4000000.0,924650.0,371758.0,0.0,3437806.0,4621910.0,3458158.0,1000.0,464758.0,54.36,3.91,,1.39,88.7,125.1,50.79,54.36,-7.3283420052585,108.22977779026246
2021,12,PT Bank Perekonomian Rakyat Syariah Alwadiah,Kota Tasikmalaya,Provinsi Jawa Barat,620037,57941799.0,38215246.0,0.0,0.0,0.0,0.0,23862.0,5740000.0,0.0,0.0,0.0,1343882.0,7624103.0,29338356.0,108403.0,983669.0,57690.0,0.0,8200000.0,3860945.0,351419.0,0.0,4309887.0,6634237.0,4161948.0,0.0,445996.0,22.32,6.05,,0.9,72.66,114.81,7.95,22.32,-7.31950171379176,108.2182123272616
2021,12,PT Bank Perekonomian Rakyat Syariah Arta Leksana,Kab. Banyumas,Provinsi Jawa Tengah,620110,52604205.0,27214527.0,752757.0,339073.0,4900.0,0.0,985000.0,3177421.0,0.0,0.0,250140.0,19700361.0,2812663.0,19722974.0,148685.0,36961.0,81005.0,0.0,1591668.0,485333.0,932791.0,0.0,4131028.0,5618171.0,3133626.0,0.0,1065837.0,29.73,3.39,,2.77,78.17,76.89,43.75,29.73,-7.440480384054677,109.32329819176095
2021,12,PT Bank Perekonomian Rakyat Syariah Bina Amanah Satria,Kab. Banyumas,Provinsi Jawa Tengah,620087,70274449.0,41735398.0,0.0,649282.0,466395.0,107990.0,0.0,1105000.0,0.0,0.0,980744.0,22961712.0,3760044.0,24194434.0,232088.0,237691.0,113996.0,0.0,6658022.0,3193664.0,262273.0,0.0,6164140.0,8881619.0,4798653.0,0.0,1685850.0,32.68,6.9,,2.61,82.03,87.18,66.69,32.68,-7.448909227338186,109.32815980963753
2021,12,PT Bank Perekonomian Rakyat Syariah Gunung Slamet,Kab. Banyumas,Provinsi Jawa Tengah,620146,121969171.0,85766359.0,0.0,2215300.0,508500.0,0.0,825000.0,2768042.0,0.0,0.0,0.0,18488006.0,1099742.0,84570300.0,428688.0,99197.0,321104.0,0.0,5009219.0,0.0,1328331.0,0.0,7954738.0,13878623.0,7439938.0,0.0,1595745.0,23.85,7.07,,1.78,86.99,81.0,20.89,23.85,-7.437522556194236,109.32557212705542
2021,12,PT Bank Perekonomian Rakyat Syariah Harta Insan Karimah Jawa Tengah,Kab. Banyumas,Provinsi Jawa Tengah,620089,12199032.0,4234045.0,0.0,422652.0,83195.0,0.0,0.0,4367426.0,0.0,0.0,0.0,2658492.0,2673809.0,4568873.0,10193.0,97407.0,19421.0,0.0,709450.0,0.0,15703.0,0.0,872548.0,1243043.0,1499064.0,0.0,-497164.0,22.51,12.22,,-3.96,148.16,75.28,26.14,22.51,-7.445092454041309,109.33485862481956
2021,12,PT Bank Perekonomian Rakyat Syariah Bangun Arta,Kab. Cilacap,Provinsi Jawa Tengah,620195,,,,,,,,,,,,,,,,,,,,,,,,,,,,,,,,,,,,-7.720557123602994,109.02471707185968
2021,12,PT Bank Perekonomian Rakyat Syariah Bumi Artha Sampang,Kab. Cilacap,Provinsi Jawa Tengah,620112,56570456.0,32408307.0,0.0,94824.0,0.0,0.0,3759928.0,530876.0,0.0,0.0,0.0,12789838.0,2586625.0,25193900.0,112407.0,153677.0,239714.0,0.0,8704989.0,0.0,232597.0,0.0,5020156.0,7410117.0,4553124.0,0.0,750313.0,29.88,6.04,,1.98,85.36,90.69,35.19,29.88,-7.709897309774618,109.02363619954758
2021,12,PT Bank Perekonomian Rakyat Syariah Suriyah,Kab. Cilacap,Provinsi Jawa Tengah,620086,247760226.0,119328602.0,1100633.0,27967769.0,80500.0,0.0,4348450.0,40991822.0,0.0,0.0,1176500.0,53273371.0,3550113.0,123394621.0,1074360.0,1269350.0,2028392.0,0.0,39899929.0,5118132.0,69804.0,0.0,17535494.0,29271282.0,12795381.0,124027.0,4737226.0,15.97,3.1,,2.69,68.03,86.21,49.74,15.97,-7.720360645096571,109.02261136336097
2021,12,PT Bank Perekonomian Rakyat Syariah Gala Mitra Abadi,Kab. Grobogan,Provinsi Jawa Tengah,620063,75189507.0,42310381.0,0.0,4223411.0,208585.0,0.0,1326686.0,18059080.0,0.0,0.0,0.0,9466674.0,1124234.0,17360175.0,724.0,154671.0,288196.0,0.0,34695495.0,4708333.0,793771.0,0.0,7288892.0,11739494.0,4727824.0,0.0,2242097.0,15.36,2.77,,4.56,39.89,90.6,34.75,15.36,-7.088219305964116,110.9101564089674
2021,12,PT. BPRS Ikhsanul Amal,Kab. Kebumen,Provinsi Jawa Tengah,620047,25782265.0,14482154.0,0.0,13029.0,0.0,0.0,0.0,6997040.0,0.0,0.0,375707.0,1216900.0,10631946.0,6438300.0,75763.0,444279.0,16127.0,0.0,3132631.0,0.0,197659.0,0.0,1749485.0,2555633.0,1989053.0,0.0,-174500.0,36.57,6.61,,-0.71,109.45,117.53,32.82,36.57,-7.7499614325424,109.74028135566994
2021,12,PT. BPRS Asad Alif,Kab. Kendal,Provinsi Jawa Tengah,620070,47954019.0,29589438.0,0.0,751016.0,0.0,0.0,0.0,7636252.0,0.0,0.0,328338.0,1156329.0,10166888.0,13917000.0,2347.0,104914.0,1630.0,0.0,15389131.0,1231062.0,940214.0,0.0,3995251.0,6253852.0,3896615.0,16794.0,604831.0,19.49,1.61,,1.63,81.16,96.21,22.19,19.49,,
2021,12,PT Bank Perekonomian Rakyat Syariah Almabrur Klaten,Kab. Klaten,Provinsi Jawa Tengah,620142,133949975.0,18421203.0,0.0,1560952.0,0.0,0.0,3162626.0,20961483.0,0.0,0.0,634292.0,3345882.0,31370069.0,79793862.0,0.0,137280.0,426551.0,0.0,9832556.0,0.0,883449.0,0.0,4744383.0,8920794.0,3452041.0,47710.0,1858196.0,18.36,1.32,,2.25,64.45,40.9,12.66,18.36,,
2021,12,PT Bank Perekonomian Rakyat Syariah Dharma Kuwera,Kab. Klaten,Provinsi Jawa Tengah,620159,66595864.0,37243299.0,0.0,737263.0,192000.0,0.0,663072.0,8601099.0,0.0,0.0,1056340.0,4904315.0,2636244.0,31666368.0,225212.0,211355.0,234462.0,0.0,17818859.0,2402338.0,94819.0,0.0,2841859.0,5819847.0,3177746.0,0.0,437696.0,15.2,4.43,,0.95,85.48,83.18,35.58,15.2,,
2021,12,PT BPRS Saka Dana Mulia,Kab. Kudus,Provinsi Jawa Tengah,620167,36608196.0,9484732.0,0.0,1979.0,52990.0,0.0,0.0,20172929.0,0.0,0.0,805838.0,4080990.0,0.0,6258500.0,0.0,317204.0,75475.0,0.0,22668136.0,0.0,208483.0,0.0,2361465.0,4671294.0,3570020.0,0.0,171857.0,15.0,10.53,,0.61,94.63,90.02,32.76,15.0,-6.752673980908147,111.02119203015354
2021,12,PT Bank Perekonomian Rakyat Syariah Meru Nusantara Mandiri,Kab. Magelang,Provinsi Jawa Tengah,620143,34924991.0,10059380.0,0.0,3477835.0,8166.0,0.0,620000.0,9093494.0,0.0,0.0,303125.0,5432829.0,4003313.0,18260607.0,114695.0,91156.0,87432.0,0.0,3130597.0,0.0,158336.0,0.0,2343851.0,3657510.0,2126410.0,0.0,642234.0,27.5,3.51,,2.21,83.54,75.45,36.89,27.5,-7.483143805876312,110.21226325844997
2021,12,PT. BPRS Artha Mas Abadi,Kab. Pati,Provinsi Jawa Tengah,620100,45602536.0,26405783.0,0.0,160720.0,51400.0,0.0,0.0,8917982.0,0.0,0.0,0.0,16270682.0,1252675.0,15985776.0,103321.0,298845.0,30565.0,0.0,3040098.0,916658.0,1242272.0,0.0,5579497.0,7305066.0,5243486.0,35277.0,1159741.0,21.42,4.17,,3.3,78.7,82.96,56.45,21.42,-6.770220705556133,111.02002545693522
2021,12,PT Bank Perekonomian Rakyat Syariah Buana Mitra Perwira,Kab. Purbalingga,Provinsi Jawa Tengah,620083,210963974.0,122001943.0,2990081.0,4816809.0,350691.0,0.0,0.0,34912214.0,0.0,0.0,1050000.0,61068782.0,16497337.0,82390220.0,863935.0,507291.0,1713841.0,0.0,27160287.0,0.0,3206714.0,0.0,14776947.0,23442626.0,11073612.0,0.0,4417141.0,19.24,4.37,,2.86,71.35,88.22,38.88,19.24,-7.38620934652322,109.3482136658594
2021,12,PT Bank Perekonomian Rakyat Syariah Artha Amanah Ummat,Kab. Semarang,Provinsi Jawa Tengah,620116,40174959.0,15118654.0,0.0,829838.0,0.0,0.0,0.0,12160460.0,0.0,0.0,0.0,656030.0,5394247.0,19182500.0,119241.0,13407.0,49792.0,0.0,7084482.0,1872296.0,496658.0,0.0,2401226.0,4108744.0,2259370.0,11720.0,406802.0,29.8,1.84,,1.25,82.89,111.39,35.32,29.8,-7.138606830428244,110.40957996108703
2021,12,PT Bank Perekonomian Rakyat Syariah Sukowati Sragen (Perseroda),Kab. Sragen,Provinsi Jawa Tengah,620124,259901293.0,101143189.0,0.0,22979106.0,26457.0,0.0,3958333.0,63836570.0,0.0,0.0,3930701.0,41334985.0,18465288.0,120875211.0,994997.0,1323217.0,3380312.0,0.0,30324397.0,9869910.0,3647045.0,0.0,18736894.0,31281754.0,12959836.0,0.0,5585187.0,33.43,3.6,,2.86,78.38,97.35,103.04,33.43,,
2021,12,PT Bank Perekonomian Rakyat Syariah Insan Madani,Kab. Sukoharjo,Provinsi Jawa Tengah,620154,63551146.0,20245554.0,0.0,0.0,0.0,0.0,0.0,20280495.0,0.0,0.0,0.0,3607604.0,3155956.0,35921134.0,172221.0,84370.0,86593.0,0.0,10069805.0,0.0,549535.0,0.0,2760214.0,5417848.0,2980584.0,0.0,397477.0,36.21,10.52,,0.76,85.71,76.82,10.08,36.21,-7.980423788495279,112.63614303338588
2021,12,PT BPRS Artha Surya Barokah,Kota Semarang,Provinsi Jawa Tengah,620084,190560409.0,75793704.0,0.0,1344121.0,1402234.0,0.0,408991.0,47776636.0,0.0,0.0,826396.0,60385605.0,3208430.0,93147003.0,812643.0,1264734.0,2067858.0,0.0,5487750.0,0.0,4740939.0,0.0,10956928.0,17509260.0,10266463.0,99593.0,3185638.0,23.32,0.26,,2.53,69.33,80.85,66.41,23.32,-6.992447596736079,110.42988872705932
2021,12,PT BPRS Bina Finansia,Kota Semarang,Provinsi Jawa Tengah,620102,37320427.0,26503974.0,0.0,912311.0,0.0,0.0,0.0,591900.0,0.0,0.0,1687479.0,0.0,9060891.0,17013282.0,0.0,465087.0,193225.0,0.0,4565514.0,0.0,230187.0,0.0,2757769.0,4447351.0,2675124.0,0.0,411171.0,32.43,3.05,,1.19,97.0,107.42,19.2,32.43,-6.984027795058197,110.415867283899
2021,12,PT Bank Perekonomian Rakyat Syariah Kedung Arto,Kota Semarang,Provinsi Jawa Tengah,620191,,,,,,,,,,,,,,,,,,,,,,,,,,,,,,,,,,,,-6.984249050778415,110.4263886103255
2021,12,PT. BPRS Mitra Harmoni Kota Semarang,Kota Semarang,Provinsi Jawa Tengah,620151,44266003.0,34277239.0,0.0,970151.0,0.0,0.0,3049807.0,0.0,0.0,0.0,0.0,1694407.0,2139166.0,15902800.0,7823.0,1094338.0,210757.0,0.0,16673775.0,0.0,69433.0,0.0,3695181.0,6023693.0,4409404.0,0.0,36443.0,38.29,6.73,,0.1,99.34,105.18,39.91,38.29,-6.989034701457653,110.42390375172975
2021,12,PT Bank Perekonomian Rakyat Syariah Central Syariah Utama,Kota Surakarta/Solo,Provinsi Jawa Tengah,620137,58165420.0,17484019.0,0.0,8101327.0,81511.0,18091.0,266193.0,14843019.0,0.0,0.0,48194.0,4745002.0,106049.0,28805000.0,30411.0,440997.0,88527.0,0.0,20596667.0,0.0,156409.0,0.0,1616523.0,2600975.0,2352900.0,0.0,375906.0,19.91,2.83,,0.86,90.16,122.78,79.73,19.91,-7.583455291786536,110.81861293442316
2021,12,PT Bank Perekonomian Rakyat Syariah Dana Amanah Surakarta,Kota Surakarta/Solo,Provinsi Jawa Tengah,620125,90012092.0,24820813.0,152069.0,8722447.0,666434.0,0.0,69560.0,20054121.0,0.0,0.0,984563.0,11236244.0,4398693.0,33776875.0,136703.0,1087158.0,301052.0,0.0,27772154.0,3858047.0,974036.0,0.0,5096433.0,9112025.0,4062889.0,0.0,1512104.0,16.12,1.86,,2.35,70.72,111.27,28.27,16.12,-7.582281788876442,110.82735174142871
2021,12,PT Bank Perekonomian Rakyat Syariah Dana Mulia,Kota Surakarta/Solo,Provinsi Jawa Tengah,620122,67113908.0,41748463.0,0.0,7649399.0,19500.0,0.0,0.0,907130.0,0.0,0.0,0.0,5137269.0,10547468.0,26923450.0,194575.0,1269468.0,44925.0,0.0,14945200.0,0.0,2257598.0,0.0,4555122.0,7995694.0,4908671.0,0.0,501166.0,17.99,6.28,,0.85,90.73,118.11,15.31,17.99,-7.5721076896369475,110.81636511954429
2021,12,PT Bank Perekonomian Rakyat Syariah Hikmah Khazanah,Kota Surakarta/Solo,Provinsi Jawa Tengah,620171,218117982.0,96722214.0,0.0,231229.0,0.0,0.0,0.0,74411685.0,0.0,0.0,0.0,18998033.0,5795640.0,109183141.0,2632798.0,2019346.0,3315132.0,0.0,36551071.0,0.0,4249894.0,13678762.0,19218437.0,33822701.0,13468050.0,176316.0,6824335.0,16.74,,,4.16,70.08,93.02,57.7,16.74,-7.578734267499703,110.8209373266183
2021,12,PT Bank Perekonomian Rakyat Syariah Hikmah Bahari,Kota Tegal,Provinsi Jawa Tengah,620174,184030256.0,110591151.0,0.0,0.0,4333.0,0.0,4279097.0,29374414.0,0.0,0.0,0.0,18078284.0,531634.0,67887500.0,235871.0,784140.0,2258736.0,0.0,35756900.0,29350096.0,491113.0,0.0,19243261.0,31791204.0,12518040.0,272508.0,6531702.0,24.9,0.41,,5.32,59.15,95.15,75.14,24.9,-6.861973262113324,109.13573876794256
2021,12,PT Bank Perekonomian Rakyat Syariah Amanah Sejahtera,Kab. Gresik,Provinsi Jawa Timur,620050,94734601.0,48172854.0,0.0,1489978.0,1000517.0,0.0,3818978.0,17854957.0,0.0,0.0,0.0,28699362.0,33347716.0,16159500.0,324969.0,330628.0,53089.0,0.0,2378739.0,0.0,1569980.0,0.0,8034175.0,9399852.0,7963876.0,20134.0,671893.0,23.62,7.72,,1.11,97.92,92.5,20.08,23.62,-7.171206060982263,112.65347308804564
2021,12,PT Bank Perekonomian Rakyat Syariah Mandiri Mitra Sukses,Kab. Gresik,Provinsi Jawa Timur,620126,64096190.0,19777257.0,0.0,12253.0,17265108.0,0.0,0.0,12868628.0,0.0,0.0,298241.0,792159.0,23785527.0,31972910.0,43062.0,541730.0,257902.0,0.0,4497165.0,0.0,60771.0,0.0,5895269.0,6985241.0,7570436.0,0.0,-1347066.0,8.19,20.36,,-0.36,152.92,88.28,29.77,8.19,-7.1749772829692935,112.65847748596217
2021,12,PT. BPRS Asri Madani Nusantara,Kab. Jember,Provinsi Jawa Timur,620033,,,,,,,,,,,,,,,,,,,,,,,,,,,,,,,,,,,,-8.154319698220284,113.71768742028424
2021,12,PT Bank Perekonomian Rakyat Syariah Lantabur Tebuireng,Kab. Jombang,Provinsi Jawa Timur,620098,291771666.0,129620276.0,0.0,6268760.0,4031083.0,0.0,369510.0,49176746.0,0.0,0.0,4915430.0,6312109.0,126682090.0,119152488.0,728153.0,2040016.0,1055297.0,0.0,5163750.0,0.0,6911287.0,0.0,21030576.0,29556366.0,13090010.0,194739.0,6904995.0,20.58,9.18,,2.94,71.41,75.14,29.64,20.58,-7.593963133811971,112.26493196168056
2021,12,PT Bank Perekonomian Rakyat Syariah Artha Pamenang,Kab. Kediri,Provinsi Jawa Timur,620147,54260567.0,30687775.0,0.0,4685245.0,0.0,0.0,0.0,6580371.0,0.0,0.0,0.0,1962478.0,4109930.0,37384900.0,184086.0,531169.0,228416.0,0.0,0.0,0.0,2005796.0,0.0,8183771.0,10837422.0,7425313.0,48889.0,1837858.0,27.33,6.78,,4.22,82.91,96.53,71.38,27.33,-7.81422235884534,112.0257736866079
2021,12,PT Bank Perekonomian Rakyat Syariah Rahma Syariah,Kab. Kediri,Provinsi Jawa Timur,620150,8594890.0,2519972.0,0.0,83486.0,0.0,0.0,477500.0,1700691.0,0.0,0.0,0.0,3225315.0,0.0,1721000.0,19898.0,7829.0,18332.0,0.0,25156.0,0.0,66445.0,0.0,1118646.0,1190262.0,918761.0,1000.0,219079.0,82.44,6.18,,2.64,78.04,56.19,40.6,82.44,-7.821654764489613,112.02781200727956
2021,12,PT Bank Perekonomian Rakyat Syariah Tunas Artha Jaya Abadi,Kab. Kediri,Provinsi Jawa Timur,620200,,,,,,,,,,,,,,,,,,,,,,,,,,,,,,,,,,,,-7.816904745358005,112.01148890547412
2021,12,PT Bank Perekonomian Rakyat Syariah Madinah,Kab. Lamongan,Provinsi Jawa Timur,620139,30204040.0,14234506.0,0.0,0.0,0.0,0.0,0.0,5999000.0,0.0,0.0,0.0,953955.0,12851529.0,9301500.0,113612.0,197821.0,79751.0,0.0,0.0,0.0,925078.0,0.0,3595062.0,4253781.0,3379015.0,11520.0,395908.0,41.75,10.95,,1.67,87.88,87.56,39.7,41.75,-7.123303358568694,112.40966669736945
2021,12,PT BPRS Magetan (Perseroda),Kab. Magetan,Provinsi Jawa Timur,620165,51856661.0,32272328.0,0.0,2978797.0,0.0,0.0,6884255.0,0.0,0.0,0.0,168749.0,11090818.0,1106766.0,18443500.0,206185.0,331798.0,188720.0,0.0,2750000.0,0.0,610090.0,0.0,5327046.0,5833899.0,4235726.0,0.0,1701719.0,48.27,2.92,,3.56,68.37,82.53,20.88,48.27,,
2021,12,PT BPRS Bhakti Haji,Kab. Malang,Provinsi Jawa Timur,620048,7232790.0,3103794.0,0.0,189407.0,0.0,0.0,0.0,1727351.0,0.0,0.0,100000.0,1170993.0,1118459.0,2881600.0,34290.0,0.0,49528.0,0.0,0.0,0.0,17023.0,0.0,765789.0,836592.0,502449.0,9245.0,319880.0,56.02,2.67,,-9.22,57.27,71.73,38.34,56.02,-7.991553338452736,112.64203778122696
2021,12,PT Bank Perekonomian Rakyat Syariah Al Hijrah Thayibah,Kab. Malang,Provinsi Jawa Timur,620198,,,,,,,,,,,,,,,,,,,,,,,,,,,,,,,,,,,,-7.974001944706607,112.6341027425821
2021,12,PT Bank Perekonomian Rakyat Syariah Bumi Rinjani Kepanjen,Kab. Malang,Provinsi Jawa Timur,620106,70031191.0,45928607.0,0.0,608542.0,0.0,34313.0,0.0,2600545.0,0.0,0.0,0.0,2645191.0,15314866.0,35933700.0,234047.0,1751122.0,194118.0,0.0,2504536.0,898095.0,1980814.0,0.0,8932742.0,12599608.0,7644451.0,62055.0,1949626.0,23.6,7.04,,3.87,74.7,151.61,84.97,23.6,-7.986689742538544,112.63775505887186
2021,12,PT Bank Perekonomian Rakyat Syariah Kabupaten Ngawi Perseroda,Kab. Ngawi,Provinsi Jawa Timur,620183,56657605.0,40679543.0,0.0,0.0,0.0,0.0,0.0,0.0,0.0,0.0,0.0,8615543.0,0.0,6329150.0,258513.0,0.0,18212.0,0.0,19750000.0,0.0,150108.0,0.0,4231008.0,4406111.0,3267462.0,0.0,1565614.0,95.32,0.01,,2.77,69.09,74.38,17.62,95.32,-7.420451120596442,111.441830004461
2021,12,PT Bank Perekonomian Rakyat Syariah Sarana Prima Mandiri,Kab. Pamekasan,Provinsi Jawa Timur,620127,96270730.0,32540133.0,0.0,0.0,10189598.0,0.0,37290359.0,1207938.0,0.0,0.0,224000.0,16778714.0,130966.0,58325050.0,0.0,446842.0,311358.0,0.0,14362022.0,555540.0,564218.0,0.0,2339568.0,6853873.0,5237792.0,0.0,-2681948.0,11.12,12.34,,-2.79,211.26,86.92,18.14,11.12,,
2021,12,PT BPRS Al Hidayah,Kab. Pasuruan,Provinsi Jawa Timur,620072,,,,,,,,,,,,,,,,,,,,,,,,,,,,,,,,,,,,-7.64945314625638,112.90608207619024
2021,12,PT Bank Perekonomian Rakyat Syariah Daya Artha Mentari,Kab. Pasuruan,Provinsi Jawa Timur,620056,18947793.0,9775890.0,0.0,2241227.0,401759.0,0.0,766372.0,524861.0,0.0,0.0,0.0,1442582.0,7664975.0,4181600.0,391.0,42508.0,2869.0,0.0,2355732.0,83333.0,32731.0,0.0,1741280.0,1967172.0,2010905.0,2500.0,97518.0,21.25,9.98,,0.58,94.52,87.71,34.16,21.25,-7.654596803987085,112.9133678475593
2021,12,PT. BPRS Jabal Tsur,Kab. Pasuruan,Provinsi Jawa Timur,620103,,,,,,,,,,,,,,,,,,,,,,,,,,,,,,,,,,,,-7.642622137527749,112.90214649056595
2021,12,PT. BPRS Ummu,Kab. Pasuruan,Provinsi Jawa Timur,620074,,,,,,,,,,,,,,,,,,,,,,,,,,,,,,,,,,,,-7.65021334152576,112.89863930816225
2021,12,PT Bank Perekonomian Rakyat Syariah Almabrur Babadan,Kab. Ponorogo,Provinsi Jawa Timur,620073,37113902.0,32707199.0,0.0,0.0,0.0,0.0,4017476.0,0.0,0.0,0.0,0.0,507821.0,21726344.0,10950283.0,116409.0,6469487.0,7822.0,0.0,2666086.0,0.0,176451.0,0.0,3294816.0,4845805.0,10122502.0,13196.0,-5918849.0,3.92,28.73,,-15.91,205.63,102.44,21.76,3.92,,
2021,12,PT Bank Perekonomian Rakyat Syariah Mitra Mentari Sejahtera,Kab. Ponorogo,Provinsi Jawa Timur,620180,34234665.0,10797054.0,0.0,52610.0,26076.0,0.0,0.0,2345000.0,0.0,0.0,0.0,16290230.0,325812.0,10157400.0,59781.0,33.0,34208.0,0.0,0.0,0.0,166499.0,0.0,2621643.0,3049789.0,2095396.0,15063.0,522833.0,37.85,3.77,,8.85,79.52,49.89,30.71,37.85,,
2021,12,PT BPRS Bumi Rinjani Probolinggo,Kab. Probolinggo,Provinsi Jawa Timur,620105,,,,,,,,,,,,,,,,,,,,,,,,,,,,,,,,,,,,,
2021,12,PT Bank Perekonomian Rakyat Syariah Sampang Perseroda,Kab. Sampang,Provinsi Jawa Timur,620166,121377110.0,53240392.0,0.0,2364362.0,128630.0,0.0,756059.0,15261594.0,0.0,0.0,4925502.0,40755300.0,381455.0,19122566.0,0.0,179943.0,190795.0,0.0,35255724.0,2963020.0,312407.0,0.0,5331428.0,8517307.0,6296166.0,23152.0,789695.0,26.5,3.78,,0.76,87.45,72.85,51.56,26.5,-7.177646641310815,113.22928610732424
2021,12,PT Bank Perekonomian Rakyat Syariah Annisa Mukti,Kab. Sidoarjo,Provinsi Jawa Timur,620135,17382646.0,8820347.0,0.0,0.0,0.0,0.0,0.0,2448316.0,0.0,0.0,0.0,0.0,2081232.0,7038200.0,46457.0,170350.0,83963.0,0.0,1263566.0,0.0,535950.0,0.0,2331726.0,2963602.0,2082546.0,9506.0,367928.0,71.43,0.32,,2.45,82.4,123.57,27.29,71.43,,
2021,12,PT Bank Perekonomian Rakyat Syariah Baktimakmur Indah,Kab. Sidoarjo,Provinsi Jawa Timur,620022,159802019.0,57464286.0,0.0,1774283.0,0.0,0.0,0.0,59070171.0,0.0,0.0,5033681.0,9871572.0,0.0,0.0,509365.0,542895.0,600000.0,0.0,30776.0,0.0,2955772.0,119166271.0,13149636.0,17749066.0,11122887.0,90193.0,2822016.0,35.1,6.29,,2.38,81.53,96.2,24.02,35.1,,
2021,12,PT Bank Perekonomian Rakyat Syariah Unawi Barokah,Kab. Sidoarjo,Provinsi Jawa Timur,620155,4216056.0,2275303.0,0.0,0.0,0.0,0.0,0.0,0.0,0.0,0.0,0.0,75170.0,1404914.0,807111.0,0.0,181937.0,13476.0,0.0,1447212.0,0.0,114255.0,0.0,527592.0,680280.0,976265.0,0.0,-378588.0,13.77,19.19,,-0.08,149.71,99.48,33.14,13.77,,
2021,12,PT Bank Perekonomian Rakyat Syariah Situbondo,Kab. Situbondo,Provinsi Jawa Timur,620081,24051211.0,11175678.0,0.0,365452.0,52162.0,13270.0,961000.0,4841868.0,0.0,0.0,0.0,1558305.0,3780613.0,10626500.0,66164.0,676272.0,135843.0,0.0,505739.0,0.0,191632.0,0.0,2426449.0,3224329.0,2296218.0,0.0,254449.0,62.72,11.21,,1.3,87.13,109.99,45.04,62.72,-7.702911353591342,113.9806037668517
2021,12,PT Bank Perekonomian Rakyat Syariah Bhakti Sumekar Perseroda,Kab. Sumenep,Provinsi Jawa Timur,620085,1113413503.0,558177112.0,0.0,8465370.0,87197496.0,793565.0,4859916.0,13228617.0,0.0,0.0,0.0,266189763.0,3293775.0,500769630.0,2064456.0,3986466.0,10646498.0,0.0,22803821.0,92650481.0,11417279.0,0.0,59756866.0,103081554.0,52868843.0,0.0,11501391.0,39.86,3.82,,1.59,85.48,89.0,67.3,39.86,,
2021,12,PT BPRS Bumi Rinjani,Kota Batu,Provinsi Jawa Timur,620109,,,,,,,,,,,,,,,,,,,,,,,,,,,,,,,,,,,,-7.86392956395291,112.52576707537388
2021,12,PT Bank Perekonomian Rakyat Syariah Arsa Sejahtera,Kota Batu,Provinsi Jawa Timur,620079,28233481.0,11751297.0,0.0,652966.0,0.0,0.0,0.0,205890.0,0.0,0.0,0.0,290943.0,8408505.0,9267839.0,7510.0,657.0,20003.0,0.0,0.0,0.0,154250.0,0.0,2882278.0,3375118.0,2357429.0,5965.0,1004913.0,67.9,0.9,,3.62,76.98,70.18,13.72,67.9,-7.8807671610865775,112.532451265561
2021,12,PT Bank Perekonomian Rakyat Syariah Tanmiya Artha,Kota Kediri,Provinsi Jawa Timur,620130,27135320.0,13697409.0,0.0,1792851.0,0.0,0.0,25992.0,4236123.0,0.0,0.0,185000.0,3432818.0,5727352.0,7992000.0,41735.0,283875.0,158398.0,0.0,3700000.0,0.0,505741.0,0.0,3415816.0,4366770.0,1959255.0,33248.0,1293836.0,25.9,6.66,,4.75,65.98,75.75,51.9,25.9,-7.804361795474596,112.00698794188358
2021,12,PT BPRS Bumi Rinjani Malang,Kota Malang,Provinsi Jawa Timur,620078,,,,,,,,,,,,,,,,,,,,,,,,,,,,,,,,,,,,-7.974100981138048,112.64136686861058
2021,12,PT Bank Perekonomian Rakyat Syariah Mitra Harmoni Kota Malang,Kota Malang,Provinsi Jawa Timur,620153,32167726.0,22216283.0,0.0,1563109.0,0.0,0.0,0.0,222000.0,0.0,0.0,0.0,5325603.0,834704.0,10392300.0,116186.0,39258.0,82364.0,0.0,6950000.0,0.0,113427.0,0.0,3904000.0,5026584.0,3688617.0,0.0,383383.0,52.19,6.57,,1.38,91.34,102.12,49.85,52.19,-7.984781410422721,112.62624122586716
2021,12,PT BPRS Mojo Artho Kota Mojokerto Perseroda,Kota Mojokerto,Provinsi Jawa Timur,620160,132385724.0,65603525.0,5032019.0,1680709.0,698213.0,0.0,0.0,14420800.0,0.0,0.0,24336136.0,6879560.0,12887408.0,41687050.0,60887.0,1297365.0,1672283.0,0.0,48497767.0,0.0,164712.0,11550616.0,-5238385.0,4635315.0,9839261.0,0.0,-12060859.0,7.92,67.5,,-9.11,255.0,81.0,9.2,7.92,-7.460555185064369,112.43110318032298
2021,12,PT Bank Perekonomian Rakyat Syariah Karya Mugi Sentosa,Kota Surabaya,Provinsi Jawa Timur,620113,82328240.0,55002385.0,0.0,3345927.0,816463.0,0.0,217798.0,3305067.0,0.0,0.0,383652.0,28685286.0,12388647.0,23501750.0,356302.0,403810.0,955605.0,0.0,60.0,0.0,1531542.0,0.0,11099285.0,12191506.0,10102096.0,59475.0,1908317.0,40.12,4.85,,3.05,83.32,97.08,23.59,40.12,-7.248497572190274,112.74359015261464
2021,12,PT. BPRS Jabal Nur Tebuireng,Kota Surabaya,Provinsi Jawa Timur,620114,,,,,,,,,,,,,,,,,,,,,,,,,,,,,,,,,,,,-7.253401930640896,112.73115332691698
2021,12,PT Bank Perekonomian Rakyat Syariah Barkah Gemadana,Kab. Banjar,Provinsi Kalimantan Selatan,620013,91946739.0,40022224.0,0.0,1146212.0,33025339.0,933.0,0.0,117750.0,0.0,0.0,0.0,472333.0,23003365.0,44256700.0,328445.0,823502.0,137497.0,0.0,10330208.0,0.0,422555.0,0.0,5263725.0,9362215.0,4258390.0,45925.0,1498040.0,20.71,2.47,,2.19,69.85,95.35,14.46,20.71,-0.6588763736841944,101.48260796449918
2021,12,PT BPRS Mitra Amanah,Kota Palangkaraya,Provinsi Kalimantan Tengah,620170,7022104.0,4421588.0,0.0,146213.0,0.0,0.0,0.0,0.0,0.0,0.0,976823.0,692335.0,1171798.0,1985000.0,7565.0,8813.0,8394.0,0.0,0.0,0.0,118498.0,0.0,1367610.0,1367610.0,1174917.0,0.0,307759.0,53.42,0.36,,4.41,77.28,119.0,60.15,53.42,-2.20055455187618,113.91600497570754
2021,12,PT Bank Perekonomian Rakyat Syariah Manfaatsyariah,Kab. Kutai Kartanegara,Provinsi Kalimantan Timur,620014,19696129.0,13005877.0,0.0,143125.0,31360.0,0.0,3074.0,0.0,0.0,0.0,101222.0,65071.0,8087960.0,5461054.0,2289.0,16379.0,42101.0,0.0,0.0,0.0,11612.0,0.0,1658566.0,1836904.0,2567741.0,0.0,242807.0,,96.81,,1.21,,147.51,0.66,,-0.4108304755501372,116.98709494185226
2021,12,PT Bank Perekonomian Rakyat Syariah Bangka Belitung,Kota Pangkal Pinang,Provinsi Kep. Bangka Belitung,620076,439992148.0,194812786.0,0.0,4241620.0,0.0,16365.0,0.0,36416408.0,0.0,0.0,4650390.0,7145559.0,198794306.0,186696525.0,517661.0,17598714.0,664411.0,0.0,0.0,2000000.0,7543086.0,0.0,18964993.0,34388582.0,51293397.0,0.0,-355476.0,15.79,38.38,,2.15,99.31,61.23,12.25,15.79,-2.120239693370022,106.11713996558484
2021,12,PT Bank Perekonomian Rakyat Syariah Syarikat Madani,Kota Batam,Provinsi Kep. Riau,620121,111716566.0,51428945.0,0.0,37491210.0,5432336.0,0.0,0.0,1850000.0,0.0,0.0,1000611.0,0.0,10093969.0,52380887.0,486318.0,272708.0,668497.0,0.0,34502410.0,0.0,1252854.0,0.0,7361731.0,12680293.0,10464523.0,0.0,1168653.0,28.97,8.05,,0.61,93.42,99.29,18.58,28.97,1.1025924305431083,104.04282617621487
2021,12,PT Bank Perekonomian Rakyat Syariah Vitka Central,Kota Batam,Provinsi Kep. Riau,620134,66630397.0,37586198.0,0.0,8720355.0,1140301.0,0.0,899675.0,2762798.0,0.0,0.0,1460961.0,976653.0,11316459.0,33394327.0,89903.0,141438.0,97475.0,0.0,12550000.0,0.0,796064.0,0.0,3965903.0,6763700.0,4106716.0,0.0,1104348.0,24.81,3.49,,1.66,86.21,87.76,11.21,24.81,1.0997027965875927,104.0345602824064
2021,12,PT Bank Perekonomian Rakyat Syariah Lampung Barat (Perseroda),Kab. Lampung Barat,Provinsi Lampung,620175,57838482.0,15010464.0,0.0,29868497.0,0.0,0.0,0.0,0.0,0.0,0.0,0.0,3973030.0,2839783.0,12305000.0,237821.0,960603.0,381610.0,0.0,21900000.0,6926335.0,365186.0,0.0,5151205.0,9314386.0,3283527.0,0.0,1717240.0,32.66,2.72,,3.43,40.58,82.92,49.71,32.66,,
2021,12,PT Bank Perekonomian Rakyat Syariah Kotabumi (Perseroda),Kab. Lampung Selatan,Provinsi Lampung,620131,200596214.0,33329722.0,0.0,94349292.0,0.0,0.0,0.0,0.0,0.0,0.0,0.0,33351648.0,118999.0,85001400.0,795789.0,1432912.0,996961.0,0.0,28884288.0,19878568.0,2064956.0,0.0,21346036.0,35741424.0,13416835.0,0.0,7899030.0,26.56,1.43,,4.93,79.35,107.77,41.46,26.56,,
2021,12,PT Bank Perekonomian Rakyat Syariah Way Kanan (Perseroda),Kab. Lampung Selatan,Provinsi Lampung,620157,89696809.0,46285570.0,0.0,10867315.0,84991.0,0.0,0.0,0.0,0.0,0.0,0.0,17615034.0,8591254.0,14693665.0,373404.0,1704400.0,828398.0,0.0,30800000.0,388820.0,1983578.0,0.0,9072840.0,13930296.0,6445984.0,0.0,2817771.0,36.96,0.35,,4.31,63.29,79.63,70.06,36.96,,
2021,12,PT Bank Perekonomian Rakyat Syariah Rajasa Lampung Tengah (Perseroda),Kab. Lampung Tengah,Provinsi Lampung,620129,59588537.0,3561676.0,0.0,34273629.0,26000.0,0.0,0.0,0.0,0.0,0.0,133178.0,8217546.0,988555.0,14716000.0,204332.0,1236426.0,236634.0,0.0,18206604.0,0.0,859801.0,333328.0,8284575.0,10313377.0,6106970.0,0.0,2587543.0,31.85,1.99,,5.9,61.57,89.17,119.74,31.85,,
2021,12,PT Bank Perekonomian Rakyat Syariah Aman Syariah,Kab. Lampung Timur,Provinsi Lampung,620173,28043488.0,14189942.0,0.0,4418701.0,3917.0,0.0,36719.0,1100000.0,0.0,0.0,0.0,4442254.0,1009538.0,3951752.0,91888.0,0.0,70619.0,0.0,11400000.0,0.0,287280.0,0.0,2771410.0,4079433.0,2431199.0,0.0,610594.0,66.01,3.98,,2.77,77.11,83.23,45.28,66.01,,
2021,12,PT Bank Perekonomian Rakyat Syariah Lampung Timur (Perseroda),Kab. Lampung Timur,Provinsi Lampung,620140,74360034.0,2696693.0,0.0,42455845.0,0.0,0.0,0.0,527381.0,0.0,0.0,0.0,14499087.0,1502950.0,11536000.0,255359.0,1456683.0,516247.0,0.0,17050000.0,0.0,821970.0,0.0,7173073.0,10999658.0,4826921.0,0.0,2244959.0,43.45,2.51,,4.7,61.94,64.79,49.87,43.45,,
2021,12,PT Bank Perekonomian Rakyat Syariah Tanggamus (Perseroda),Kab. Tanggamus,Provinsi Lampung,620082,67053167.0,45109920.0,0.0,219594.0,0.0,0.0,0.0,0.0,0.0,0.0,50000.0,5863255.0,27446470.0,5643000.0,321173.0,732829.0,299674.0,0.0,2500000.0,6740371.0,879497.0,0.0,8048970.0,10858737.0,5188766.0,0.0,3164652.0,56.84,0.45,,6.16,64.46,116.37,46.23,56.84,-5.4369356106235,104.72189977284216
2021,12,PT Bank Perekonomian Rakyat Syariah Tani Tulang Bawang Barat (Perseroda),Kab. Tulang Bawang Barat,Provinsi Lampung,620176,,,,,,,,,,,,,,,,,,,,,,,,,,,,,,,,,,,,,
2021,12,PT Bank Perekonomian Rakyat Syariah Bandar Lampung (Perseroda),Kota Bandar Lampung,Provinsi Lampung,620051,125410724.0,39133207.0,0.0,48059442.0,0.0,0.0,0.0,0.0,0.0,0.0,0.0,17410884.0,2401180.0,30029600.0,475196.0,2217215.0,489864.0,0.0,41236333.0,9515657.0,3430208.0,0.0,12676745.0,20780804.0,9592489.0,79079.0,3084086.0,20.54,3.4,,3.34,77.93,80.8,34.55,20.54,-5.451430777916592,105.26097314570632
2021,12,PT Bank Perekonomian Rakyat Syariah Mitra Agro Usaha,Kota Bandar Lampung,Provinsi Lampung,620169,37173016.0,25891746.0,0.0,927603.0,0.0,0.0,0.0,0.0,0.0,0.0,0.0,4580037.0,69009.0,12340000.0,114224.0,122413.0,252346.0,0.0,9000000.0,2861883.0,695673.0,0.0,4145211.0,6156638.0,3253064.0,0.0,749016.0,47.34,4.42,,2.42,80.23,103.19,67.06,47.34,-5.443193541153916,105.2697528392836
2021,12,PT Bank Perekonomian Rakyat Syariah Metro Madani,Kota Metro,Provinsi Lampung,620091,102079550.0,37257179.0,0.0,22350175.0,6614239.0,0.0,1244599.0,50361.0,0.0,0.0,516494.0,33158280.0,6865429.0,39535800.0,419357.0,803405.0,347994.0,0.0,6500000.0,1597204.0,945118.0,0.0,10999693.0,14177318.0,8070052.0,0.0,2851085.0,22.15,3.77,,3.9,68.45,78.45,41.96,22.15,-5.109743260376518,105.31422432780674
2021,12,PT Bank Perekonomian Rakyat Syariah Saruma Sejahtera Halmahera Selatan,Kab. Halmahera Selatan,Provinsi Maluku Utara,620182,54795676.0,23535639.0,0.0,1541919.0,0.0,0.0,0.0,10681766.0,0.0,0.0,0.0,2289113.0,28241502.0,2572760.0,186966.0,0.0,871260.0,0.0,0.0,1903636.0,48005.0,0.0,3379928.0,3826437.0,4038739.0,0.0,203968.0,68.52,3.61,,0.51,93.29,107.37,69.71,68.52,,
2021,12,PT Bank Perekonomian Rakyat Syariah Bahari Berkesan,Kota Ternate,Provinsi Maluku Utara,620164,109827792.0,30335702.0,0.0,35627071.0,234997.0,0.0,0.0,0.0,0.0,0.0,0.0,2732016.0,43219954.0,6177500.0,505578.0,1057079.0,11945073.0,0.0,3941108.0,18221008.0,222633.0,0.0,8923550.0,13112303.0,5086340.0,112175.0,4218072.0,44.0,1.07,,3.88,32.4,88.78,64.25,44.0,0.7773589145132459,127.38615026515367
2021,12,PT Bank Perekonomian Rakyat Syariah Bobato Lestari,Kota Tidore Kepulauan,Provinsi Maluku Utara,620179,38238030.0,20299584.0,0.0,0.0,0.0,0.0,1318294.0,0.0,0.0,0.0,0.0,381809.0,9514102.0,15017185.0,125195.0,18022.0,20094.0,0.0,2024206.0,611111.0,483335.0,0.0,4369757.0,5511371.0,2593451.0,0.0,1815660.0,66.74,0.08,,5.05,60.52,61.22,22.67,66.74,0.6690346107462076,127.44399032218512
2021,12,PT Bank Perekonomian Rakyat Syariah Baiturrahman,Kab. Aceh Besar,Provinsi NAD,620024,45372576.0,31462987.0,0.0,0.0,0.0,0.0,0.0,0.0,0.0,0.0,0.0,1110193.0,5620587.0,24726000.0,91959.0,223665.0,27910.0,0.0,9291986.0,0.0,273044.0,0.0,2737200.0,6142008.0,3166462.0,0.0,29515.0,17.79,18.8,,-0.82,91.17,103.74,20.35,17.79,,
2021,12,PT Bank Perekonomian Rakyat Syariah Ingin Jaya,Kab. Aceh Besar,Provinsi NAD,620203,,,,,,,,,,,,,,,,,,,,,,,,,,,,,,,,,,,,,
2021,12,PT. BPRS Hareukat,Kab. Aceh Besar,Provinsi NAD,620003,,,,,,,,,,,,,,,,,,,,,,,,,,,,,,,,,,,,,
2021,12,PT BPRS Kota Juang Perseroda,Kab. Aceh Jeumpa/Bireuen,Provinsi NAD,620144,20807388.0,14100200.0,0.0,0.0,0.0,0.0,182000.0,0.0,0.0,0.0,196414.0,15407.0,2232693.0,4937000.0,42886.0,9500.0,13045.0,0.0,8600000.0,1459559.0,0.0,0.0,1491784.0,2408892.0,1629910.0,0.0,136233.0,23.55,8.49,,0.65,109.25,89.33,45.0,23.55,,
2021,12,PT Bank Perekonomian Rakyat Syariah Rahmania Dana Sejahtera,Kab. Aceh Jeumpa/Bireuen,Provinsi NAD,620148,38021204.0,28720647.0,0.0,0.0,0.0,0.0,0.0,2485000.0,0.0,0.0,0.0,1151247.0,1341815.0,17453509.0,0.0,288231.0,205206.0,0.0,9950000.0,805546.0,388773.0,0.0,2964932.0,5326204.0,2456404.0,16615.0,577929.0,20.02,3.66,,1.7,81.52,106.34,59.19,20.02,,
2021,12,PT Bank Pembiayaan Rakyat Syariah Gayo Perseroda,Kab. Aceh Tengah,Provinsi NAD,620120,41118270.0,28516481.0,0.0,0.0,0.0,0.0,0.0,0.0,0.0,0.0,124097.0,64618.0,14517623.0,10939000.0,130311.0,466158.0,34562.0,0.0,3000000.0,0.0,107114.0,0.0,3686669.0,5446306.0,3284414.0,15393.0,526129.0,41.67,7.96,,1.59,83.96,111.74,40.05,41.67,,
2021,12,PT Bank Perekonomian Rakyat Syariah Tengku Chiek Dipante,Kab. Pidie,Provinsi NAD,620025,19294956.0,15211124.0,0.0,0.0,0.0,0.0,0.0,0.0,0.0,0.0,0.0,11923.0,3019119.0,3801000.0,70363.0,178827.0,62856.0,0.0,8543054.0,0.0,31543.0,0.0,1215815.0,1871532.0,1594313.0,0.0,245845.0,26.15,1.5,,1.36,88.34,222.65,27.83,26.15,3.7476617007670936,96.82987163456816
2021,12,PT Bank Perekonomian Rakyat Syariah Arthaaceh Sejahtera,Kota Banda Aceh,Provinsi NAD,620192,,,,,,,,,,,,,,,,,,,,,,,,,,,,,,,,,,,,5.548455343437354,95.3146280603469
2021,12,PT Bank Perekonomian Rakyat Syariah Hikmah Wakilah,Kota Banda Aceh,Provinsi NAD,620046,129701892.0,58428855.0,0.0,883496.0,0.0,75635.0,2246244.0,13579821.0,0.0,0.0,0.0,3314336.0,20552752.0,89291712.0,308079.0,304295.0,321730.0,0.0,2057716.0,58294.0,851954.0,0.0,8989409.0,15779983.0,7129535.0,0.0,2238228.0,25.32,2.93,,2.27,72.58,79.82,41.71,25.32,5.543176806651055,95.31537211187955
2021,12,PT Bank Perekonomian Rakyat Syariah Mustaqim Aceh Perseroda,Kota Banda Aceh,Provinsi NAD,620187,171186310.0,76225853.0,0.0,0.0,0.0,0.0,0.0,4352722.0,0.0,0.0,397466.0,289390.0,33804799.0,61561162.0,327758.0,3189382.0,1482788.0,0.0,3450000.0,0.0,3272814.0,0.0,5916429.0,7056497.0,5143310.0,0.0,1279357.0,64.49,7.48,,0.83,81.87,48.92,8.41,64.49,5.5514463466260295,95.31786202059116
2021,12,PT Bank Perekonomian Rakyat Syariah Taman Indah Darussalam,Kota Banda Aceh,Provinsi NAD,620158,51021368.0,22998905.0,0.0,0.0,0.0,0.0,2739260.0,1000000.0,0.0,0.0,0.0,5259118.0,0.0,19388500.0,1982.0,0.0,29982.0,0.0,19504049.0,0.0,45977.0,0.0,5034275.0,5075278.0,4808447.0,0.0,518114.0,26.8,0.47,,1.3,84.55,75.74,13.28,26.8,5.544809666796793,95.3231595660368
2021,12,PT Bank Perekonomian Rakyat Syariah Adeco,Kota Langsa,Provinsi NAD,620141,133704989.0,86610189.0,0.0,3176524.0,0.0,0.0,752000.0,0.0,0.0,0.0,85066.0,3847899.0,7894189.0,69490000.0,977577.0,0.0,769760.0,0.0,32620000.0,5743495.0,637787.0,0.0,8355125.0,17170865.0,5651538.0,96813.0,3000734.0,16.14,3.48,,3.36,60.8,79.52,37.2,16.14,4.464710385925349,97.9655777382901
2021,12,PT Bank Perekonomian Rakyat Syariah Serambi Mekah,Kota Langsa,Provinsi NAD,620152,24087821.0,14169099.0,0.0,0.0,0.0,0.0,40000.0,400000.0,0.0,0.0,477560.0,1428862.0,0.0,7099550.0,1032.0,158841.0,17367.0,0.0,10786020.0,398324.0,2557.0,0.0,1842026.0,3222194.0,1593525.0,0.0,576681.0,36.75,2.64,,2.62,83.99,74.11,32.18,36.75,4.466232402810879,97.97539511921892
2021,12,PT Bank Perekonomian Rakyat Syariah Rahmah Hijrah Agung,Kota Lhokseumawe,Provinsi NAD,620049,51220135.0,35962455.0,0.0,0.0,0.0,0.0,343152.0,0.0,0.0,0.0,478633.0,986605.0,5967320.0,30343100.0,9144.0,242067.0,139435.0,0.0,3908881.0,2421431.0,64754.0,0.0,3921647.0,6657557.0,3491855.0,18276.0,712765.0,28.5,4.78,,1.6,83.57,97.34,44.57,28.5,5.1766961991986555,97.14916447763574
2021,12,PT Bank Perekonomian Rakyat Syariah Tulen Amanah,Kab. Lombok Tengah,Provinsi Nusa Tenggara Barat,620009,51167017.0,32721848.0,0.0,0.0,0.0,0.0,0.0,0.0,0.0,0.0,343775.0,0.0,19920816.0,20817450.0,171433.0,2324328.0,175753.0,0.0,0.0,0.0,955041.0,0.0,5887864.0,8239977.0,4543134.0,65737.0,2000460.0,31.45,12.67,,5.0,77.53,80.32,37.53,31.45,-8.70747522600701,116.25948057531416
2021,12,PT. BANK PEREKONOMIAN RAKYAT SYARIAH DINAR ASHRI,Kota Mataram,Provinsi Nusa Tenggara Barat,620104,880711915.0,111719822.0,0.0,0.0,19469888.0,0.0,45700000.0,440243275.0,0.0,0.0,140856.0,61331013.0,116822581.0,525687092.0,3668555.0,1106372.0,9887282.0,0.0,39926370.0,3222014.0,11675309.0,0.0,43273105.0,96733112.0,33263182.0,1023211.0,30234474.0,19.85,0.7,,5.12,66.68,83.32,32.3,19.85,-8.593657692387334,116.10734653727864
2021,12,PT. BANK PEREKONOMIAN RAKYAT SYARIAH PNM PATUH BERAMAL AMALI,Kota Mataram,Provinsi Nusa Tenggara Barat,620021,82399751.0,52971418.0,0.0,0.0,2696455.0,0.0,1170000.0,5332907.0,0.0,0.0,0.0,149401.0,10621796.0,35379450.0,309280.0,382276.0,391564.0,0.0,21424168.0,0.0,2182457.0,0.0,8959155.0,13363515.0,5766909.0,102165.0,3213588.0,35.58,3.6,,5.38,58.77,135.15,31.52,35.58,-8.58389278031459,116.11057126739846
2021,12,PT. BPRS Muamalat Yotefa,Kab. Jayapura,Provinsi Papua,620067,,,,,,,,,,,,,,,,,,,,,,,,,,,,,,,,,,,,-2.550807165553799,140.48835142200244
2021,12,PT Bank Perekonomian Rakyat Syariah Berkah Dana Fadhlillah (Perseroda),Kab. Kampar,Provinsi Riau,620060,60009598.0,34652655.0,0.0,28927.0,42369.0,0.0,0.0,0.0,0.0,0.0,69263.0,41725590.0,0.0,11174070.0,224654.0,260141.0,26604.0,0.0,0.0,0.0,281848.0,0.0,6054990.0,6555470.0,4947717.0,0.0,1157087.0,21.42,2.87,,1.96,82.69,65.64,27.77,21.42,0.8689938830957369,101.2803342082979
2021,12,PT BANK PEREKONOMIAN RAKYAT SYARIAH SIAK JAYA,Kab. Siak,Provinsi Riau,620189,,,,,,,,,,,,,,,,,,,,,,,,,,,,,,,,,,,,0.6271089398798741,101.56683647826335
2021,12,PT Bank Perekonomian Rakyat Syariah Hasanah,Kota Pekanbaru,Provinsi Riau,620041,25490310.0,15371291.0,0.0,158930.0,0.0,0.0,0.0,701524.0,0.0,0.0,350359.0,1664833.0,3904999.0,8628371.0,0.0,374499.0,56094.0,0.0,7050000.0,0.0,249158.0,0.0,2274229.0,3074165.0,1766176.0,0.0,522603.0,28.0,6.51,,3.01,75.3,76.84,50.23,28.0,0.5249696427966165,101.44758104638636
2021,12,PT Bank Perekonomian Rakyat Syariah Nurul Ikhwan,Kab. Polewali Mandar,Provinsi Sulawesi Barat,620045,,,,,,,,,,,,,,,,,,,,,,,,,,,,,,,,,,,,-3.4069455429190376,119.31879018370128
2021,12,PT Bank Perekonomian Rakyat Syariah Gowata,Kab. Gowa,Provinsi Sulawesi Selatan,620065,4795450.0,3133762.0,0.0,78950.0,0.0,0.0,0.0,0.0,0.0,0.0,0.0,0.0,566276.0,460000.0,0.0,53682.0,3413.0,0.0,514373.0,40128.0,148.0,0.0,855224.0,912383.0,591258.0,0.0,343595.0,102.24,3.49,,7.17,57.36,216.43,57.11,102.24,-5.225938686460566,120.0079553182381
2021,12,PT Bank Perekonomian Rakyat Syariah Surya Sejati,Kab. Takalar,Provinsi Sulawesi Selatan,620031,4709277.0,1721745.0,0.0,0.0,0.0,0.0,0.0,0.0,0.0,0.0,0.0,0.0,798647.0,203500.0,6854.0,100967.0,2239.0,0.0,470148.0,0.0,31455.0,0.0,602183.0,648393.0,599779.0,0.0,38343.0,175.01,10.1,,1.12,92.18,171.81,217.71,175.01,-5.431354763307175,119.44652127180228
2021,12,PT BANK PEREKONOMIAN RAKYAT SYARIAH NIAGA MADANI,Kota Makassar,Provinsi Sulawesi Selatan,620039,18235152.0,16326081.0,0.0,0.0,39931.0,0.0,0.0,0.0,0.0,0.0,0.0,0.0,1717886.0,6518040.0,15147.0,5266.0,145320.0,0.0,3873630.0,2911181.0,220638.0,0.0,4173162.0,4815649.0,4289926.0,0.0,672495.0,20.74,6.08,,3.99,86.41,198.71,52.24,20.74,-5.127789499318414,119.412410921333
2021,12,PT Bank Perekonomian Rakyat Syariah Dana Moneter,Kota Makassar,Provinsi Sulawesi Selatan,620030,46066091.0,37692100.0,0.0,0.0,0.0,0.0,0.0,0.0,0.0,0.0,55000.0,7759884.0,3344252.0,15144000.0,177263.0,124558.0,133798.0,0.0,5968889.0,1339980.0,465678.0,0.0,3754846.0,6204247.0,4887685.0,0.0,-426465.0,32.04,2.88,,-0.95,109.11,143.6,21.39,32.04,-5.132293953516857,119.41407701618245
2021,12,PT Bank Perekonomian Rakyat Syariah Harta Insan Karimah Fajar Nitro,Kota Makassar,Provinsi Sulawesi Selatan,620168,9710542.0,5667005.0,0.0,0.0,37749.0,0.0,0.0,0.0,0.0,0.0,0.0,76538.0,1059129.0,2060800.0,28928.0,94577.0,78577.0,0.0,2650000.0,0.0,994912.0,0.0,1369415.0,1789273.0,1193777.0,0.0,635564.0,46.07,4.58,,7.47,67.98,97.58,139.41,46.07,-5.128522770098106,119.41038261376706
2021,12,PT Bank Perekonomian Rakyat Syariah Indo Timur,Kota Makassar,Provinsi Sulawesi Selatan,620010,9934985.0,1032358.0,0.0,0.0,0.0,0.0,0.0,0.0,0.0,0.0,0.0,6151539.0,835395.0,0.0,3561.0,161818.0,1680.0,0.0,0.0,0.0,213166.0,0.0,599477.0,630532.0,556420.0,0.0,74256.0,100.25,5.01,,0.03,95.09,14.78,84.6,100.25,-5.143550328284089,119.4138433249748
2021,12,PT Bank Perekonomian Rakyat Syariah Investama Mega Bakti,Kota Makassar,Provinsi Sulawesi Selatan,620077,30768472.0,18902751.0,0.0,165158.0,363637.0,0.0,827240.0,4058504.0,0.0,0.0,3242091.0,2375.0,1093833.0,1065000.0,100266.0,77748.0,8521.0,0.0,0.0,23388977.0,301854.0,0.0,1877595.0,4321280.0,2437592.0,0.0,109955.0,39.0,7.65,,0.17,100.0,100.0,89.15,39.0,-5.131381407363007,119.4094893372462
2021,12,PT Bank Perekonomian Rakyat Syariah Khairan Inti Amanah,Kab. Parimo/Banggai,Provinsi Sulawesi Tengah,620188,102685252.0,35039504.0,0.0,10690539.0,237600.0,0.0,0.0,15384000.0,0.0,0.0,0.0,5962.0,21038776.0,48820500.0,325624.0,555718.0,338410.0,0.0,0.0,15994644.0,793922.0,0.0,6684387.0,11478265.0,7608653.0,0.0,894437.0,49.26,2.57,,0.88,92.17,86.72,35.68,49.26,,
2021,12,PT BANK PEREKONOMIAN RAKYAT SYARIAH MASYARAKAT LINTAU BUO,Kab. Agam,Provinsi Sumatera Barat,620196,,,,,,,,,,,,,,,,,,,,,,,,,,,,,,,,,,,,,
2021,12,PT BPRS Sungai PuaSyariah,Kab. Agam,Provinsi Sumatera Barat,620186,17646999.0,6992156.0,0.0,3246503.0,0.0,0.0,0.0,1696263.0,0.0,0.0,0.0,9942773.0,0.0,3386050.0,0.0,445599.0,236283.0,0.0,0.0,0.0,42966.0,0.0,740359.0,843121.0,840385.0,0.0,218391.0,40.83,0.08,,1.26,98.59,70.5,28.35,40.83,,
2021,12,PT Bank Perekonomian Rakyat Syariah Ampek Angkek Candung,Kab. Agam,Provinsi Sumatera Barat,620071,57113432.0,28804659.0,0.0,325573.0,0.0,0.0,0.0,1360000.0,0.0,0.0,161590.0,27716290.0,148281.0,18628498.0,120770.0,174226.0,799104.0,0.0,1071752.0,0.0,1404126.0,0.0,5524367.0,6290858.0,4802086.0,0.0,704916.0,30.41,11.76,,1.47,87.74,65.58,21.26,30.41,,
2021,12,PT Bank Perekonomian Rakyat Syariah Carana Kiat Andalas,Kab. Agam,Provinsi Sumatera Barat,620064,28997379.0,20619829.0,0.0,0.0,0.0,0.0,0.0,0.0,0.0,0.0,1399430.0,13548953.0,0.0,7248982.0,97546.0,97888.0,228058.0,0.0,2600115.0,475000.0,174.0,0.0,2395923.0,2755495.0,2691787.0,0.0,57708.0,31.43,5.91,,0.36,96.4,99.14,36.36,31.43,,
2021,12,PT BPRS Guguk Mas Makmur,Kab. Limapuluh Koto,Provinsi Sumatera Barat,620194,,,,,,,,,,,,,,,,,,,,,,,,,,,,,,,,,,,,,
2021,12,PT BPRS Taeh Baruah,Kab. Limapuluh Koto,Provinsi Sumatera Barat,620190,,,,,,,,,,,,,,,,,,,,,,,,,,,,,,,,,,,,,
2021,12,PT Bank Perekonomian Rakyat Syariah Khatulistiwa,Kab. Pasaman,Provinsi Sumatera Barat,620201,,,,,,,,,,,,,,,,,,,,,,,,,,,,,,,,,,,,,
2021,12,PT BPRS Mentari Pasaman Saiyo,Kab. Pasaman Barat,Provinsi Sumatera Barat,620059,15508076.0,10613052.0,0.0,265320.0,26600.0,0.0,102198.0,360000.0,0.0,0.0,327240.0,239795.0,8955048.0,2219226.0,47398.0,256909.0,242682.0,0.0,763907.0,0.0,571987.0,555.0,1552547.0,1922653.0,1361730.0,10000.0,352006.0,30.81,8.32,,0.13,94.73,91.23,23.68,30.81,,
2021,12,PT BPRS Haji Miskin,Kab. Tanah Datar,Provinsi Sumatera Barat,620099,66663704.0,44721827.0,0.0,3029497.0,0.0,5753.0,1950000.0,2715000.0,0.0,0.0,0.0,6060563.0,12859804.0,25190194.0,264692.0,916914.0,863866.0,0.0,6070000.0,5499980.0,1877873.0,0.0,5313887.0,8286214.0,4675305.0,34234.0,1019446.0,26.12,2.04,,1.54,78.9,93.36,11.79,26.12,0.7957568848810034,100.72783265816751
2021,12,PT Bank Perekonomian Rakyat Syariah Balerong Bunta,Kab. Tanah Datar,Provinsi Sumatera Barat,620197,,,,,,,,,,,,,,,,,,,,,,,,,,,,,,,,,,,,0.8031965185093075,100.73793330633296
2021,12,PT Bank Pembiayaan Rakyat Syariah Jam Gadang Perseroda,Kota Bukittinggi,Provinsi Sumatera Barat,620185,50656654.0,16719643.0,0.0,18002050.0,207775.0,0.0,134550.0,648850.0,0.0,0.0,0.0,36443484.0,0.0,5651887.0,205362.0,1329.0,78913.0,0.0,500000.0,0.0,52564.0,0.0,2293778.0,2456025.0,2010170.0,16119.0,559707.0,33.89,0.01,,1.25,76.97,73.36,12.22,33.89,-0.2958866590933593,100.36052326690393
2021,12,PT BANK PEREKONOMIAN RAKYAT SYARIAH AL MAKMUR,Kota Payakumbuh,Provinsi Sumatera Barat,620132,62920827.0,33821845.0,0.0,653236.0,65456.0,0.0,0.0,4856556.0,0.0,0.0,535797.0,25608577.0,1016442.0,21552800.0,0.0,212040.0,252066.0,0.0,3948972.0,1333078.0,1542833.0,0.0,4389874.0,6175952.0,4644965.0,0.0,1313043.0,28.07,0.84,,0.98,83.68,69.82,16.81,28.07,-0.2305304689386322,100.63568358146692
2021,12,PT BPRS Gajahtongga KotoPiliang,Kota Sawahlunto,Provinsi Sumatera Barat,620162,37010111.0,31277789.0,0.0,0.0,0.0,0.0,0.0,1215220.0,0.0,0.0,0.0,15820681.0,0.0,12031100.0,128383.0,547748.0,328416.0,0.0,0.0,0.0,682686.0,0.0,4426191.0,5458046.0,3520054.0,0.0,1297403.0,45.58,2.21,,4.28,72.27,116.66,27.65,45.58,-0.6873833320816837,100.76958758372275
2021,12,PT BPRS Barakah Nawaitul Ikhlas,Kota Solok,Provinsi Sumatera Barat,620123,7609991.0,3708522.0,0.0,343673.0,0.0,0.0,0.0,0.0,0.0,0.0,0.0,129876.0,3607964.0,2694500.0,15868.0,64318.0,16222.0,0.0,20000.0,0.0,25509.0,0.0,749970.0,871855.0,990008.0,0.0,-109409.0,32.21,9.13,,-1.72,127.61,53.68,40.65,32.21,-0.8090450252633046,100.6628003414127
2021,12,PT Bank Perekonomian Rakyat Syariah Al Falah,Kab. Banyuasin,Provinsi Sumatera Selatan,620040,24284555.0,13766518.0,0.0,914847.0,0.0,0.0,400000.0,0.0,0.0,0.0,0.0,205779.0,4896102.0,6590960.0,84641.0,239652.0,117034.0,0.0,3000000.0,1773125.0,310726.0,0.0,3125373.0,4136874.0,2588012.0,0.0,883194.0,87.32,5.02,,3.3,76.62,107.25,118.98,87.32,,
2021,12,PT Bank Perekonomian Rakyat Syariah Amanah Insan Cita,Kab. Deli Serdang,Provinsi Sumatera Utara,620145,17830053.0,13293570.0,0.0,0.0,0.0,0.0,244444.0,0.0,0.0,0.0,0.0,2086457.0,0.0,11655700.0,47683.0,267005.0,88886.0,0.0,1338148.0,0.0,203074.0,0.0,1768278.0,2531871.0,1745695.0,0.0,231522.0,18.49,8.75,,1.3,87.56,98.64,116.21,18.49,,
2021,12,PT Bank Perekonomian Rakyat Syariah Puduarta Insani,Kab. Deli Serdang,Provinsi Sumatera Utara,620058,60542286.0,32316865.0,0.0,0.0,0.0,0.0,0.0,0.0,0.0,0.0,0.0,12076604.0,0.0,38469585.0,282108.0,49429.0,85591.0,0.0,574657.0,0.0,958106.0,0.0,4454456.0,7547939.0,4176144.0,0.0,822713.0,22.37,1.48,,1.68,82.55,55.02,56.29,22.37,,
2021,12,PT Bank Perekonomian Rakyat Syariah Sindanglaya Kotanopan,Kab. Mandailing Natal,Provinsi Sumatera Utara,620111,6572445.0,2755799.0,0.0,332108.0,0.0,0.0,0.0,1137790.0,0.0,0.0,0.0,2526681.0,0.0,1958500.0,23260.0,831426.0,4776.0,0.0,503724.0,0.0,94172.0,0.0,899121.0,1059288.0,2204841.0,0.0,-1003324.0,33.43,31.21,,-13.44,158.08,94.21,92.8,33.43,,
2021,12,PT Bank Perekonomian Rakyat Syariah Amanah Bangsa,Kab. Simalungun,Provinsi Sumatera Utara,620032,91819222.0,74476941.0,0.0,233200.0,1800.0,0.0,475000.0,0.0,0.0,0.0,709964.0,14621944.0,269686.0,31054229.0,216920.0,422667.0,382362.0,0.0,21489671.0,14776446.0,918267.0,0.0,8058961.0,13902642.0,12978378.0,0.0,1055848.0,16.42,2.24,,1.61,91.0,83.43,36.26,16.42,,
2021,12,PT. BPRS Al-Yaqin,Kab. Simalungun,Provinsi Sumatera Utara,620092,,,,,,,,,,,,,,,,,,,,,,,,,,,,,,,,,,,,,
2021,12,PT Bank Perekonomian Rakyat Syariah Al Washliyah,Kota Medan,Provinsi Sumatera Utara,620036,14035815.0,5658599.0,0.0,1365978.0,29600.0,0.0,200829.0,199333.0,0.0,0.0,432286.0,1276308.0,2549946.0,8259500.0,43889.0,346809.0,271975.0,0.0,15826.0,0.0,1155600.0,0.0,-31036.0,590057.0,1469527.0,0.0,-1379765.0,7.96,24.34,,-10.39,6.0,61.68,11.09,7.96,3.5953913881617754,98.67901076224275
2021,12,PT Bank Perekonomian Rakyat Syariah Gebu Prima,Kota Medan,Provinsi Sumatera Utara,620055,46439563.0,18861865.0,0.0,1574202.0,0.0,0.0,14588000.0,0.0,0.0,0.0,0.0,294368.0,4668013.0,31308500.0,1085.0,50262.0,60996.0,0.0,7136213.0,0.0,20268.0,0.0,1502873.0,5330592.0,2245180.0,0.0,-343834.0,17.83,4.5,,-0.81,96.92,63.18,15.4,17.83,3.580883089096215,98.66623055730342
2022,12,PT Bank Perekonomian Rakyat Syariah Fajar Sejahtera Bali,Kab. Badung,Provinsi Bali,620026,26864857.0,4255578.0,0.0,6811074.0,19900.0,0.0,1398324.0,463000.0,0.0,0.0,0.0,625370.0,5016523.0,9158985.0,55330.0,0.0,230470.0,0.0,4750000.0,0.0,38720.0,0.0,2243123.0,2943529.0,2269796.0,13191.0,448907.0,52.16,,,1.7,80.11,87.48,64.62,52.16,-8.645170567141806,115.27693679878858
2022,12,PT Bank Perekonomian Rakyat Syariah Muamalah Cilegon,Kota Cilegon,Provinsi Banten,620034,67587415.0,27489985.0,155096.0,1924185.0,0.0,0.0,0.0,3368526.0,0.0,0.0,0.0,26422758.0,3399575.0,19192330.0,187279.0,860339.0,440524.0,0.0,8939993.0,0.0,575171.0,0.0,7592684.0,9254746.0,5623489.0,68454.0,1686568.0,42.83,1.45,,3.27,70.85,56.83,49.36,42.83,-6.013534007648159,106.0585828108812
2022,12,PT. BPRS Cilegon Mandiri,Kota Cilegon,Provinsi Banten,620080,148744693.0,53606212.0,5329.0,2611456.0,22983.0,0.0,0.0,11429436.0,0.0,0.0,518320.0,5132418.0,18224523.0,69071400.0,451698.0,1833145.0,439630.0,0.0,5600000.0,0.0,970642.0,0.0,4984209.0,8133285.0,20731576.0,0.0,3381979.0,102.73,10.72,,2.83,414.48,73.19,43.82,102.73,-6.0121840147933305,106.06249216016823
2022,12,PT BPRS Harta Insan Karimah,Kota Tangerang,Provinsi Banten,620012,643334692.0,189751349.0,0.0,86960221.0,695539.0,0.0,900000.0,192086178.0,0.0,0.0,1034450.0,32975279.0,101849645.0,426996302.0,2127351.0,1470376.0,2380220.0,0.0,8606552.0,0.0,4866824.0,0.0,48869265.0,83822186.0,45466055.0,189464.0,5518881.0,22.3,6.15,,1.15,88.42,82.46,5.98,22.3,-6.168514895786671,106.6333010221693
2022,12,PT Bank Perekonomian Rakyat Syariah Musyarakah Ummat Indonesia,Kota Tangerang,Provinsi Banten,620007,29641944.0,18658841.0,0.0,1912533.0,192409.0,0.0,885767.0,848076.0,0.0,0.0,479840.0,1202801.0,1811600.0,10517859.0,68794.0,841047.0,94886.0,0.0,14150000.0,0.0,38248.0,0.0,1083083.0,3160579.0,2787305.0,0.0,-1795306.0,25.94,7.81,,-6.06,194.06,81.27,27.63,25.94,-6.17429154031784,106.64290706543798
2022,12,PT Bank Perekonomian Rakyat Syariah Rizky Barokah,Kota Tangerang Selatan,Provinsi Banten,620199,,,,,,,,,,,,,,,,,,,,,,,,,,,,,,,,,,,,-6.320385744555436,106.69864713138224
2022,12,PT Bank Perekonomian Rakyat Syariah Muamalat Harkat,Kab. Seluma,Provinsi Bengkulu,620052,79006341.0,44825227.0,0.0,0.0,0.0,6458.0,0.0,0.0,0.0,0.0,0.0,9180525.0,16048922.0,37013000.0,391812.0,434200.0,173787.0,0.0,5450418.0,0.0,703308.0,0.0,9096180.0,13009099.0,6820401.0,64168.0,2035036.0,18.44,5.4,,3.54,71.73,69.5,47.96,18.44,,
2022,12,PT Bank Perekonomian Rakyat Syariah Fadhilah Kota Bengkulu (Perseroda),Kota Bengkulu,Provinsi Bengkulu,620184,40605617.0,22927455.0,0.0,981385.0,0.0,0.0,3006944.0,667471.0,0.0,0.0,0.0,5410645.0,813933.0,4309000.0,166308.0,0.0,35917.0,0.0,5500000.0,3000000.0,141479.0,0.0,3472370.0,3828745.0,3357364.0,0.0,199023.0,107.99,,,0.69,90.72,172.03,51.38,107.99,-3.798786993847248,102.26066774117557
2022,12,PT Bank Perekonomian Rakyat Syariah Maslahat Dana Syariah Nusantara,Kota Bengkulu,Provinsi Bengkulu,620181,17240704.0,7079432.0,0.0,1615006.0,241447.0,0.0,2553034.0,1234651.0,0.0,0.0,1317351.0,5164508.0,0.0,8431000.0,54311.0,15129.0,9176.0,0.0,830594.0,0.0,186900.0,0.0,1151449.0,1420119.0,5581514.0,0.0,-2381922.0,28.89,5.38,,-17.08,136.38,51.01,45.04,28.89,-3.791547736340278,102.2560829253008
2022,12,PT. BPRS Safir,Kota Bengkulu,Provinsi Bengkulu,620090,,,,,,,,,,,,,,,,,,,,,,,,,,,,,,,,,,,,-3.8005555705877825,102.2529282154658
2022,12,PT Bank Perekonomian Rakyat Syariah Bangun Drajat Warga,Kab. Bantul,Provinsi D.I. Yogyakarta,620018,184061246.0,72229077.0,3302164.0,2021090.0,833.0,744043.0,10253419.0,10582321.0,0.0,0.0,353188.0,74079562.0,28261005.0,45689615.0,658853.0,696039.0,1997632.0,0.0,15103890.0,0.0,553041.0,0.0,10638848.0,14130303.0,8170955.0,68218.0,2211458.0,23.67,5.45,,1.6,83.18,68.49,38.43,23.67,-6.162883175978525,106.8097490702202
2022,12,PT Bank Perekonomian Rakyat Syariah Madina Mandiri Sejahtera,Kab. Bantul,Provinsi D.I. Yogyakarta,620118,145275643.0,42570145.0,0.0,2030773.0,32142.0,0.0,2621277.0,53250469.0,0.0,0.0,1649424.0,9059613.0,1730767.0,65280000.0,24049.0,532413.0,1542081.0,0.0,47254809.0,10905783.0,450604.0,0.0,5565499.0,13964157.0,5265551.0,0.0,2123816.0,15.83,3.53,,1.46,85.91,81.68,71.8,15.83,-6.160825160234478,106.80699763980014
2022,12,PT Bank Perekonomian Rakyat Syariah Margirizki Bahagia,Kab. Bantul,Provinsi D.I. Yogyakarta,620017,38172404.0,12856655.0,0.0,0.0,833.0,0.0,0.0,9715682.0,0.0,0.0,48333.0,5344104.0,2615455.0,17876100.0,100036.0,396672.0,23974.0,0.0,4759316.0,0.0,375085.0,0.0,2785531.0,4720308.0,2966422.0,0.0,573457.0,41.46,9.4,,1.54,81.71,73.78,72.86,41.46,-6.173931205857998,106.82055050685378
2022,12,PT Bank Perekonomian Rakyat Syariah Cahaya Hidup,Kab. Sleman,Provinsi D.I. Yogyakarta,620163,50317856.0,23774549.0,0.0,88081.0,833.0,0.0,1190049.0,9289293.0,0.0,0.0,0.0,1806330.0,1085150.0,26581966.0,144007.0,503584.0,231309.0,0.0,14985711.0,0.0,145814.0,0.0,2927571.0,5577935.0,2224050.0,21750.0,852024.0,26.79,7.02,,2.27,69.1,77.25,55.42,26.79,,
2022,12,PT Bank Perekonomian Rakyat Syariah Danagung Syariah,Kab. Sleman,Provinsi D.I. Yogyakarta,620128,40280212.0,8803141.0,0.0,8405970.0,833.0,1886069.0,0.0,1539812.0,0.0,0.0,0.0,1576272.0,74010.0,13906400.0,154100.0,92185.0,230875.0,0.0,17904360.0,0.0,10442.0,0.0,1852949.0,4293349.0,3102228.0,0.0,20505.0,41.23,20.38,,0.06,103.4,100.08,29.59,41.23,,
2022,12,PT Bank Perekonomian Rakyat Syariah Formes Sleman,Kab. Sleman,Provinsi D.I. Yogyakarta,620136,52677907.0,23422577.0,0.0,858746.0,150833.0,57714.0,681688.0,4678460.0,0.0,0.0,256054.0,4024685.0,13869680.0,7869900.0,0.0,207211.0,428198.0,0.0,12718397.0,6023855.0,72133.0,0.0,4385558.0,5804950.0,3881341.0,0.0,788542.0,33.86,5.56,,1.81,85.28,137.8,14.4,33.86,,
2022,12,PT Bank Perekonomian Rakyat Syariah Harta Insan Karimah Mitra Cahaya Indonesia,Kab. Sleman,Provinsi D.I. Yogyakarta,620133,225418561.0,124557989.0,0.0,6205889.0,833.0,0.0,238523.0,33319880.0,0.0,0.0,594171.0,10507431.0,1791072.0,116515792.0,398397.0,2300248.0,379249.0,0.0,69145606.0,4469697.0,1822410.0,0.0,13939733.0,25278074.0,12292772.0,0.0,1959360.0,20.57,5.02,,1.22,83.65,77.71,13.32,20.57,,
2022,12,PT Bank Perekonomian Rakyat Syariah Mitra Amal Mulia,Kab. Sleman,Provinsi D.I. Yogyakarta,620117,63066980.0,38470912.0,0.0,1956295.0,808441.0,4392.0,0.0,125000.0,0.0,0.0,973036.0,4908103.0,3104917.0,25998194.0,3358.0,216616.0,33941.0,0.0,20461478.0,277748.0,931230.0,0.0,4894215.0,8502253.0,4490613.0,10253.0,410429.0,25.8,5.3,,0.8,91.75,89.03,15.33,25.8,,
2022,12,PT Bank Perekonomian Rakyat Syariah Sleman (Perseroda),Kab. Sleman,Provinsi D.I. Yogyakarta,620193,,,,,,,,,,,,,,,,,,,,,,,,,,,,,,,,,,,,,
2022,12,PT Bank Perekonomian Rakyat Syariah Barokah Dana Sejahtera,Kota Yogyakarta,Provinsi D.I. Yogyakarta,620115,184358130.0,46663548.0,191683.0,2570078.0,451562.0,119329.0,3496027.0,75390141.0,0.0,0.0,208668.0,32797364.0,18079473.0,102132137.0,614427.0,1151266.0,1281577.0,0.0,12782154.0,3285221.0,628773.0,0.0,9320859.0,16685096.0,8775593.0,0.0,1221116.0,16.58,6.88,,0.88,86.9,,,16.58,-7.808951498748443,110.36881342877136
2022,12,PT Bank Perekonomian Rakyat Syariah Dana Hidayatullah,Kota Yogyakarta,Provinsi D.I. Yogyakarta,620107,42917871.0,27523602.0,0.0,216565.0,45033.0,688101.0,52315.0,3826302.0,0.0,0.0,0.0,989288.0,4371532.0,15753900.0,149860.0,304752.0,93889.0,0.0,13738096.0,0.0,104135.0,0.0,3079984.0,4507011.0,2600507.0,0.0,770266.0,44.54,4.43,,2.4,76.39,89.4,19.21,44.54,-7.805830145091572,110.3718318454461
2022,12,PT Bank Perekonomian Rakyat Syariah Mitra Harmoni Yogyakarta,Kota Yogyakarta,Provinsi D.I. Yogyakarta,620149,97571609.0,55655105.0,0.0,602391.0,833.0,379630.0,8734875.0,1200000.0,0.0,0.0,0.0,11660300.0,10559412.0,43044506.0,4549.0,1779711.0,431145.0,0.0,22817623.0,2556900.0,313242.0,0.0,6290466.0,12727361.0,7927200.0,0.0,-423126.0,14.1,16.19,,-0.43,96.38,88.26,43.1,14.1,-7.803051873506947,110.36402782968446
2022,12,PT Bank Perekonomian Rakyat Syariah Unisia Insan Indonesia,Kota Yogyakarta,Provinsi D.I. Yogyakarta,620178,104855002.0,58959634.0,0.0,1751940.0,1175933.0,0.0,2487020.0,8221024.0,0.0,0.0,0.0,6700224.0,6962469.0,57711938.0,41002.0,0.0,336017.0,0.0,22512068.0,0.0,49422.0,0.0,5096300.0,8779756.0,3997414.0,0.0,1133118.0,28.57,2.64,,1.53,75.39,101.88,10.89,28.57,-7.811119305839534,110.36108720090904
2022,12,PT BPRS Hidayah,Wil. Kota Jakarta Barat,Provinsi DKI Jakarta,620119,,,,,,,,,,,,,,,,,,,,,,,,,,,,,,,,,,,,,
2022,12,PT Bank Perekonomian Rakyat Syariah Hijra Alami,Wil. Kota Jakarta Selatan,Provinsi DKI Jakarta,620138,130337995.0,4697708.0,0.0,90902.0,66800.0,2363186.0,0.0,17465702.0,0.0,0.0,574581.0,8354757.0,7047.0,91069708.0,128888.0,439396.0,447303.0,0.0,15184443.0,0.0,351670.0,0.0,3402397.0,8861983.0,2099826.0,0.0,1297021.0,35.65,2.09,,1.29,85.52,55.12,110.71,35.65,,
2022,12,PT Bank Perekonomian Rakyat Syariah Al Ihsan,Kab. Bandung,Provinsi Jawa Barat,620044,50337381.0,34071014.0,0.0,860358.0,46170.0,0.0,0.0,0.0,0.0,0.0,1214600.0,5926253.0,0.0,32964200.0,0.0,391778.0,293888.0,0.0,7200000.0,0.0,30672.0,0.0,3024509.0,5107614.0,2892964.0,0.0,552943.0,20.23,5.8,,1.1,95.65,75.89,22.82,20.23,-6.971851712893827,107.5425031409888
2022,12,PT Bank Perekonomian Rakyat Syariah Almasoem,Kab. Bandung,Provinsi Jawa Barat,620027,300697041.0,130228808.0,0.0,65590077.0,21411724.0,0.0,0.0,2257142.0,0.0,0.0,789149.0,86082649.0,5125209.0,149946560.0,892303.0,4249136.0,3490930.0,0.0,18500000.0,0.0,5720849.0,0.0,27022012.0,40181241.0,23137200.0,0.0,6060261.0,20.07,7.76,,2.54,82.6,91.02,11.45,20.07,-6.97009496632967,107.54174350568084
2022,12,PT Bank Perekonomian Rakyat Syariah Amanah Rabbaniah,Kab. Bandung,Provinsi Jawa Barat,620002,122721647.0,66054517.0,0.0,8677592.0,2499069.0,0.0,0.0,3180873.0,0.0,0.0,76952.0,36679501.0,6013366.0,53463193.0,203411.0,1610136.0,822848.0,0.0,9500000.0,1004490.0,2148329.0,0.0,14503010.0,19792254.0,10706610.0,96000.0,4535211.0,19.21,2.49,,5.02,73.81,74.51,41.64,19.21,-6.981512329239818,107.54983972422548
2022,12,PT Bank Perekonomian Rakyat Syariah Harta Insan Karimah Parahyangan,Kab. Bandung,Provinsi Jawa Barat,620054,1709037566.0,828321207.0,0.0,601265.0,22397153.0,0.0,0.0,574269853.0,0.0,0.0,6662308.0,131564621.0,14102329.0,935121838.0,7002749.0,4147650.0,7754262.0,0.0,167670191.0,282772928.0,0.0,0.0,109815516.0,202740253.0,95411628.0,626000.0,19188158.0,18.44,1.87,,1.67,88.2,93.1,26.86,18.44,-6.965455511896712,107.55659356508802
2022,12,PT Bank Perekonomian Rakyat Syariah Amanah Insani,Kab. Bekasi,Provinsi Jawa Barat,620066,67001928.0,47537704.0,0.0,0.0,543777.0,0.0,4618379.0,0.0,0.0,0.0,0.0,21662508.0,0.0,29368318.0,267905.0,661228.0,225235.0,0.0,0.0,0.0,989441.0,0.0,7228795.0,9569264.0,7950907.0,290998.0,3573230.0,42.39,12.17,,5.33,74.71,103.27,15.83,42.39,-6.204349585324721,107.17320288461552
2022,12,PT BPRS Bogor Tegar Beriman,Kab. Bogor,Provinsi Jawa Barat,620177,161192210.0,81759401.0,162000.0,3621235.0,747000.0,0.0,0.0,15847418.0,0.0,0.0,0.0,13445484.0,11801684.0,34370498.0,643111.0,952212.0,1362994.0,0.0,64695000.0,7352374.0,2208020.0,0.0,16059907.0,22187823.0,14710484.0,0.0,3639523.0,30.62,1.82,,3.08,91.6,84.17,99.57,30.62,-6.552632627212006,107.00079770326322
2022,12,PT Bank Perekonomian Rakyat Syariah Amanah Ummah,Kab. Bogor,Provinsi Jawa Barat,620004,409241250.0,232008132.0,26111955.0,317116.0,4719874.0,0.0,1970000.0,5612354.0,0.0,0.0,0.0,209893754.0,2229104.0,152163636.0,2800000.0,2200000.0,4156304.0,0.0,3005032.0,0.0,979511.0,0.0,35957124.0,47014835.0,26776812.0,840000.0,8182667.0,21.02,1.63,,2.73,77.69,73.31,14.21,21.02,-6.547796294132246,107.00834446079764
2022,12,PT Bank Perekonomian Rakyat Syariah Botani Bina Rahmah,Kab. Bogor,Provinsi Jawa Barat,620061,110706332.0,66988178.0,0.0,3580302.0,885902.0,277.0,387000.0,12083375.0,0.0,0.0,0.0,12621546.0,0.0,28960975.0,436927.0,949864.0,680692.0,0.0,52122653.0,2375000.0,3804734.0,0.0,7694558.0,12185210.0,4579037.0,0.0,3200662.0,35.83,0.82,,3.35,54.96,89.57,23.6,35.83,-6.546441998522415,106.99684935942706
2022,12,PT Bank Perekonomian Rakyat Syariah Harta Insan Karimah Insan Cita,Kab. Bogor,Provinsi Jawa Barat,620069,208350129.0,157841897.0,0.0,4214160.0,392427.0,0.0,3920403.0,15647598.0,0.0,0.0,0.0,16639811.0,4242781.0,114712006.0,866121.0,1489724.0,1308571.0,0.0,47043613.0,7514686.0,1921814.0,0.0,14066436.0,24720599.0,11992180.0,0.0,2889801.0,15.26,1.44,,2.01,75.74,95.76,27.49,15.26,-6.539331604489986,107.00639936483655
2022,12,PT. BPRS Rif'atul Ummah,Kab. Bogor,Provinsi Jawa Barat,620068,18996664.0,6627358.0,188200.0,3536425.0,453399.0,0.0,0.0,1593075.0,0.0,0.0,190571.0,2095908.0,8.0,2247303.0,37500.0,235398.0,285421.0,0.0,10643743.0,0.0,146814.0,0.0,1982688.0,2508209.0,2023986.0,0.0,187713.0,,30.23,,0.99,4.81,262.74,-37.61,,-6.544725297552011,107.0028264990046
2022,12,PT Bank Perekonomian Rakyat Syariah Gaido Indonesia,Kab. Cianjur,Provinsi Jawa Barat,620043,43551378.0,23811522.0,0.0,2178368.0,3625645.0,0.0,550000.0,2398000.0,220000.0,0.0,0.0,6703218.0,4421340.0,4231000.0,0.0,148680.0,135919.0,0.0,22550000.0,2439739.0,0.0,0.0,2902871.0,5214223.0,3125844.0,0.0,314279.0,23.41,2.21,,0.9,103.07,79.67,52.41,23.41,-6.563150818639635,106.73146469181188
2022,12,PT Bank Perekonomian Rakyat Syariah Harum Hikmahnugraha,Kab. Garut,Provinsi Jawa Barat,620029,73528949.0,41929932.0,0.0,9416806.0,1363220.0,75469.0,0.0,500000.0,0.0,0.0,0.0,22271416.0,238929.0,29878665.0,428722.0,269719.0,60953.0,0.0,10430000.0,0.0,211616.0,0.0,6282371.0,9113616.0,5833195.0,0.0,1029147.0,26.33,5.98,,1.83,87.67,107.61,12.38,26.33,-7.201021164642222,107.90284024114014
2022,12,PT Bank Perekonomian Rakyat Syariah PNM Mentari,Kab. Garut,Provinsi Jawa Barat,620008,134107799.0,76785474.0,0.0,11193699.0,4809982.0,0.0,0.0,11494591.0,0.0,0.0,0.0,6518097.0,12749080.0,61916939.0,680211.0,385132.0,415243.0,0.0,36390173.0,0.0,2882087.0,0.0,13996313.0,21761812.0,12023550.0,0.0,2605493.0,24.93,3.5,,2.65,78.05,88.75,21.11,24.93,-7.195611181584734,107.90948097277126
2022,12,PT. BPRS Gotong Royong,Kab. Subang,Provinsi Jawa Barat,620172,,,,,,,,,,,,,,,,,,,,,,,,,,,,,,,,,,,,-6.553534544317955,107.7543397767086
2022,12,PT. BPRS Gotong Royong,Kab. Subang,Provinsi Jawa Barat,620172,,,,,,,,,,,,,,,,,,,,,,,,,,,,,,,,,,,,-6.916774443100237,106.9293590384548
2022,12,PT BPRS Berkah Amal Salman,Kota Bandung,Provinsi Jawa Barat,620001,,,,,,,,,,,,,,,,,,,,,,,,,,,,,,,,,,,,-6.918139601318028,107.60647461822626
2022,12,PT BPRS Berkah Amal Salman,Kota Bandung,Provinsi Jawa Barat,620001,,,,,,,,,,,,,,,,,,,,,,,,,,,,,,,,,,,,-6.600064385549815,106.7999819599572
2022,12,PT Bank Perekonomian Rakyat Syariah Baiturridha Pusaka,Kota Bandung,Provinsi Jawa Barat,620011,194751487.0,37420745.0,0.0,107312785.0,15000.0,0.0,2750000.0,1562861.0,0.0,0.0,0.0,11985355.0,8785066.0,86089500.0,853088.0,2067058.0,3573302.0,0.0,16050000.0,39318572.0,822468.0,0.0,33535782.0,39113489.0,22711721.0,338188.0,10449426.0,36.06,0.48,,7.89,71.03,81.8,25.85,36.06,-6.926057921061269,107.60382508821964
2022,12,PT Bank Perekonomian Rakyat Syariah Baiturridha Pusaka,Kota Bandung,Provinsi Jawa Barat,620011,194751487.0,37420745.0,0.0,107312785.0,15000.0,0.0,2750000.0,1562861.0,0.0,0.0,0.0,11985355.0,8785066.0,86089500.0,853088.0,2067058.0,3573302.0,0.0,16050000.0,39318572.0,822468.0,0.0,33535782.0,39113489.0,22711721.0,338188.0,10449426.0,36.06,0.48,,7.89,71.03,81.8,25.85,36.06,-6.5950591985824625,106.79485467015364
2022,12,PT Bank Perekonomian Rakyat Syariah Mitra Harmoni Kota Bandung,Kota Bandung,Provinsi Jawa Barat,620161,32197558.0,17489287.0,0.0,1968337.0,0.0,121919.0,0.0,0.0,0.0,0.0,312000.0,4433120.0,1835280.0,11246503.0,81804.0,74370.0,676165.0,0.0,7158357.0,0.0,28492.0,0.0,3252731.0,4279348.0,3794325.0,0.0,75243.0,52.0,16.0,,,98.0,83.0,35.0,52.0,-6.930306124913997,107.60122007641682
2022,12,PT Bank Perekonomian Rakyat Syariah Mitra Harmoni Kota Bandung,Kota Bandung,Provinsi Jawa Barat,620161,32197558.0,17489287.0,0.0,1968337.0,0.0,121919.0,0.0,0.0,0.0,0.0,312000.0,4433120.0,1835280.0,11246503.0,81804.0,74370.0,676165.0,0.0,7158357.0,0.0,28492.0,0.0,3252731.0,4279348.0,3794325.0,0.0,75243.0,52.0,16.0,,,98.0,83.0,35.0,52.0,-6.605274910968337,106.787676963878
2022,12,PT BANK PEREKONOMIAN RAKYAT ARTHA MADANI,Kota Bekasi,Provinsi Jawa Barat,620088,361292238.0,242041423.0,0.0,4850738.0,553332.0,0.0,0.0,8733260.0,0.0,0.0,3904200.0,38853655.0,10274624.0,94906620.0,0.0,1998815.0,1956808.0,0.0,160044000.0,35220616.0,288061.0,0.0,5622977.0,27209877.0,17215765.0,0.0,2501890.0,13.51,1.66,,1.08,84.4,84.24,16.45,13.51,-6.235802486784483,106.99167237097036
2022,12,PT Bank Perekonomian Rakyat Syariah Harta Insan Karimah Bekasi,Kota Bekasi,Provinsi Jawa Barat,620015,312214293.0,92236887.0,0.0,24521143.0,71250.0,0.0,3538038.0,121075548.0,0.0,0.0,5412389.0,19102971.0,523527.0,206666840.0,1318688.0,3758903.0,1298667.0,0.0,65016488.0,0.0,1322460.0,0.0,11895867.0,27700096.0,15319818.0,0.0,1079249.0,13.51,13.28,,0.4,93.48,83.25,45.72,13.51,-6.237084227639964,106.9866402479551
2022,12,PT Bank Perekonomian Rakyat Syariah Harta Insan Karimah Cibitung,Kota Bekasi,Provinsi Jawa Barat,620020,599675568.0,270741367.0,6121486.0,44429224.0,250000.0,0.0,733183.0,143194125.0,0.0,0.0,0.0,37684598.0,9103880.0,342232785.0,2561411.0,7219758.0,6106004.0,0.0,87936169.0,51244716.0,4446812.0,0.0,50462581.0,87240773.0,53072779.0,249568.0,6918596.0,24.93,3.02,,2.49,75.58,88.12,32.81,24.93,-6.225695831277773,106.98845203769474
2022,12,PT Bank Perekonomian Rakyat Syariah Patriot Bekasi Perseroda,Kota Bekasi,Provinsi Jawa Barat,620108,409749527.0,201906121.0,0.0,43140135.0,1145928.0,0.0,0.0,68459541.0,0.0,0.0,1398344.0,42432474.0,2270097.0,185297189.0,3116215.0,4625743.0,3745776.0,0.0,38000000.0,55345475.0,26504080.0,0.0,38585982.0,52928914.0,30090672.0,0.0,6313136.0,33.65,0.27,,1.98,77.5,91.72,49.64,33.65,-6.2278728540382104,107.00170463692426
2022,12,PT Bank Perekonomian Rakyat Syariah Riyal Irsyadi,Kota Bekasi,Provinsi Jawa Barat,620005,131944157.0,33999100.0,0.0,3553985.0,80319.0,85671.0,2141022.0,28130019.0,0.0,0.0,716000.0,9147659.0,4002443.0,80573500.0,0.0,1272152.0,632563.0,0.0,23412476.0,0.0,82569.0,0.0,10371197.0,15399126.0,10412889.0,0.0,1622337.0,17.03,7.07,,1.23,86.57,60.12,39.65,17.03,-6.225147459974553,106.99631349110932
2022,12,PT BPRS Berkah Amal Salman,Kota Bogor,Provinsi Jawa Barat,620001,,,,,,,,,,,,,,,,,,,,,,,,,,,,,,,,,,,,-6.918139601318028,107.60647461822626
2022,12,PT BPRS Berkah Amal Salman,Kota Bogor,Provinsi Jawa Barat,620001,,,,,,,,,,,,,,,,,,,,,,,,,,,,,,,,,,,,-6.600064385549815,106.7999819599572
2022,12,PT Bank Perekonomian Rakyat Syariah Baiturridha Pusaka,Kota Bogor,Provinsi Jawa Barat,620011,194751487.0,37420745.0,0.0,107312785.0,15000.0,0.0,2750000.0,1562861.0,0.0,0.0,0.0,11985355.0,8785066.0,86089500.0,853088.0,2067058.0,3573302.0,0.0,16050000.0,39318572.0,822468.0,0.0,33535782.0,39113489.0,22711721.0,338188.0,10449426.0,36.06,0.48,,7.89,71.03,81.8,25.85,36.06,-6.926057921061269,107.60382508821964
2022,12,PT Bank Perekonomian Rakyat Syariah Baiturridha Pusaka,Kota Bogor,Provinsi Jawa Barat,620011,194751487.0,37420745.0,0.0,107312785.0,15000.0,0.0,2750000.0,1562861.0,0.0,0.0,0.0,11985355.0,8785066.0,86089500.0,853088.0,2067058.0,3573302.0,0.0,16050000.0,39318572.0,822468.0,0.0,33535782.0,39113489.0,22711721.0,338188.0,10449426.0,36.06,0.48,,7.89,71.03,81.8,25.85,36.06,-6.5950591985824625,106.79485467015364
2022,12,PT Bank Perekonomian Rakyat Syariah Mitra Harmoni Kota Bandung,Kota Bogor,Provinsi Jawa Barat,620161,32197558.0,17489287.0,0.0,1968337.0,0.0,121919.0,0.0,0.0,0.0,0.0,312000.0,4433120.0,1835280.0,11246503.0,81804.0,74370.0,676165.0,0.0,7158357.0,0.0,28492.0,0.0,3252731.0,4279348.0,3794325.0,0.0,75243.0,52.0,16.0,,,98.0,83.0,35.0,52.0,-6.930306124913997,107.60122007641682
2022,12,PT Bank Perekonomian Rakyat Syariah Mitra Harmoni Kota Bandung,Kota Bogor,Provinsi Jawa Barat,620161,32197558.0,17489287.0,0.0,1968337.0,0.0,121919.0,0.0,0.0,0.0,0.0,312000.0,4433120.0,1835280.0,11246503.0,81804.0,74370.0,676165.0,0.0,7158357.0,0.0,28492.0,0.0,3252731.0,4279348.0,3794325.0,0.0,75243.0,52.0,16.0,,,98.0,83.0,35.0,52.0,-6.605274910968337,106.787676963878
2022,12,PT BPRS SHADIQ AMANAH,Kota Cimahi,Provinsi Jawa Barat,620019,,,,,,,,,,,,,,,,,,,,,,,,,,,,,,,,,,,,-6.863473787610629,107.53563110990164
2022,12,PT Bank Perekonomian Rakyat Syariah Daarul Hayat,Kota Cimahi,Provinsi Jawa Barat,620035,50815188.0,21193903.0,0.0,470358.0,1414199.0,0.0,34980.0,616166.0,0.0,0.0,144375.0,5914115.0,4967037.0,9772577.0,172657.0,698986.0,39628.0,0.0,0.0,0.0,3911.0,15080000.0,842442.0,1245513.0,2620437.0,0.0,-1567741.0,199.28,10.05,,-7.1,251.1,66.41,74.04,199.28,-6.867341948596262,107.55153148405364
2022,12,PT Bank Perekonomian Rakyat Syariah Albarokah,Kota Depok,Provinsi Jawa Barat,620053,23444036.0,6155966.0,0.0,930815.0,1000.0,0.0,161143.0,890619.0,0.0,0.0,199967.0,0.0,1457539.0,14518273.0,31352.0,560528.0,114400.0,0.0,0.0,0.0,3330339.0,0.0,1263852.0,1803072.0,3694098.0,0.0,-2164779.0,63.03,7.99,,-12.61,249.45,41.29,17.81,63.03,-6.414286608555458,106.82408456386716
2022,12,PT Bank Perekonomian Rakyat Syariah Alhijrah Amanah,Kota Depok,Provinsi Jawa Barat,620062,54080136.0,21145304.0,0.0,2504355.0,631635.0,2559.0,0.0,19190999.0,0.0,0.0,780824.0,5784005.0,440931.0,12634396.0,39617.0,643233.0,370652.0,0.0,28325920.0,1500000.0,226656.0,0.0,3678590.0,6718486.0,3445288.0,0.0,485261.0,15.86,4.86,,0.9,87.31,89.32,39.9,15.86,-6.4012211998367325,106.81183657113324
2022,12,PT Bank Perekonomian Rakyat Syariah Alsalaam Amal Salman,Kota Depok,Provinsi Jawa Barat,620101,304664389.0,194645357.0,4630539.0,1825827.0,258743.0,0.0,2330919.0,9614315.0,0.0,0.0,0.0,20789651.0,51132971.0,174479728.0,1065917.0,2819790.0,1533910.0,0.0,104943.0,0.0,6943103.0,0.0,41506280.0,51396157.0,38388683.0,0.0,3860025.0,29.44,0.35,,1.68,88.02,86.57,6.29,29.44,-6.416217509745828,106.80751636393872
2022,12,PT Bank Perekonomian Rakyat Syariah Hasanah Mandiri,Kota Depok,Provinsi Jawa Barat,620006,146975553.0,95609706.0,29857062.0,2363662.0,1417817.0,0.0,2577744.0,0.0,0.0,0.0,0.0,943625.0,6176843.0,46716229.0,388740.0,1370658.0,100084.0,0.0,66162318.0,4670000.0,2438722.0,7934815.0,2124754.0,11441098.0,7073709.0,0.0,337261.0,18.21,3.24,,0.23,93.45,99.41,38.75,18.21,-6.40152714268215,106.8199776998472
2022,12,PT. BPRS Gotong Royong,Kota Sukabumi,Provinsi Jawa Barat,620172,,,,,,,,,,,,,,,,,,,,,,,,,,,,,,,,,,,,-6.553534544317955,107.7543397767086
2022,12,PT. BPRS Gotong Royong,Kota Sukabumi,Provinsi Jawa Barat,620172,,,,,,,,,,,,,,,,,,,,,,,,,,,,,,,,,,,,-6.916774443100237,106.9293590384548
2022,12,PT Bank Perekonomian Rakyat Syariah Almadinah Tasikmalaya Perseroda,Kota Tasikmalaya,Provinsi Jawa Barat,620156,66583935.0,22561471.0,0.0,1335854.0,12319.0,0.0,0.0,21623612.0,0.0,0.0,0.0,8867929.0,8981161.0,15217100.0,315831.0,101000.0,117208.0,0.0,12700000.0,4545434.0,703091.0,0.0,4652716.0,5883292.0,5382848.0,11000.0,704669.0,38.99,2.97,,1.73,87.93,137.67,77.3,38.99,-7.3283420052585,108.22977779026246
2022,12,PT Bank Perekonomian Rakyat Syariah Alwadiah,Kota Tasikmalaya,Provinsi Jawa Barat,620037,65979451.0,46369883.0,0.0,0.0,0.0,0.0,23862.0,9620000.0,0.0,0.0,0.0,1693737.0,7420417.0,32160151.0,223955.0,1037480.0,130925.0,0.0,14800000.0,1204244.0,503259.0,0.0,5244086.0,7716864.0,4562291.0,0.0,901315.0,19.89,4.4,,1.54,81.75,135.71,12.13,19.89,-7.31950171379176,108.2182123272616
2022,12,PT Bank Perekonomian Rakyat Syariah Arta Leksana,Kab. Banyumas,Provinsi Jawa Tengah,620110,57633881.0,33990160.0,988901.0,600988.0,0.0,0.0,745000.0,4236140.0,0.0,0.0,136319.0,20150514.0,3712852.0,22462356.0,177165.0,109658.0,363245.0,0.0,2313624.0,429333.0,639693.0,0.0,4754521.0,6444453.0,3314611.0,0.0,1310387.0,27.12,4.41,,3.04,69.71,87.56,35.39,27.12,-7.440480384054677,109.32329819176095
2022,12,PT Bank Perekonomian Rakyat Syariah Bina Amanah Satria,Kab. Banyumas,Provinsi Jawa Tengah,620087,78201340.0,46543684.0,0.0,741009.0,413193.0,97785.0,0.0,963000.0,0.0,0.0,980744.0,25651977.0,5343495.0,30538994.0,175796.0,342688.0,111121.0,0.0,5561509.0,1229441.0,380721.0,0.0,6421423.0,9298659.0,4801517.0,0.0,1614459.0,27.09,7.69,,2.83,80.33,79.46,49.3,27.09,-7.448909227338186,109.32815980963753
2022,12,PT Bank Perekonomian Rakyat Syariah Gunung Slamet,Kab. Banyumas,Provinsi Jawa Tengah,620146,139239626.0,105598891.0,992088.0,3472579.0,1100500.0,0.0,325000.0,3717088.0,0.0,0.0,0.0,19786315.0,4043342.0,91921650.0,509797.0,35643.0,550637.0,0.0,9126381.0,0.0,2178385.0,0.0,9929083.0,16381955.0,8908067.0,0.0,2076192.0,20.64,4.81,,1.98,85.69,99.53,13.91,20.64,-7.437522556194236,109.32557212705542
2022,12,PT Bank Perekonomian Rakyat Syariah Harta Insan Karimah Jawa Tengah,Kab. Banyumas,Provinsi Jawa Tengah,620089,15317058.0,5878673.0,0.0,598018.0,77889.0,0.0,0.0,4178806.0,0.0,0.0,0.0,2175378.0,2901887.0,5679641.0,25809.0,1415112.0,132817.0,0.0,3181518.0,0.0,14838.0,0.0,516156.0,878011.0,2952979.0,0.0,-1947307.0,13.69,43.86,,-15.33,292.65,72.83,24.51,13.69,-7.445092454041309,109.33485862481956
2022,12,PT Bank Perekonomian Rakyat Syariah Bangun Arta,Kab. Cilacap,Provinsi Jawa Tengah,620195,,,,,,,,,,,,,,,,,,,,,,,,,,,,,,,,,,,,-7.720557123602994,109.02471707185968
2022,12,PT Bank Perekonomian Rakyat Syariah Bumi Artha Sampang,Kab. Cilacap,Provinsi Jawa Tengah,620112,70731536.0,45289191.0,0.0,28967.0,0.0,0.0,324778.0,3146113.0,0.0,0.0,0.0,12141718.0,3827249.0,34422000.0,142468.0,173167.0,303269.0,0.0,12612962.0,0.0,338953.0,0.0,5741100.0,9028406.0,4992494.0,0.0,1012903.0,23.14,5.71,,2.0,80.62,96.82,27.78,23.14,-7.709897309774618,109.02363619954758
2022,12,PT Bank Perekonomian Rakyat Syariah Suriyah,Kab. Cilacap,Provinsi Jawa Tengah,620086,299220991.0,170750847.0,281246.0,37394404.0,57500.0,44243.0,5021097.0,32359368.0,0.0,0.0,561417.0,54941836.0,7038360.0,160609436.0,1204308.0,1959034.0,2740361.0,0.0,48664209.0,0.0,512980.0,0.0,22081812.0,37897552.0,15604113.0,175552.0,6669878.0,16.3,4.29,,3.09,65.37,90.75,53.07,16.3,-7.720360645096571,109.02261136336097
2022,12,PT Bank Perekonomian Rakyat Syariah Gala Mitra Abadi,Kab. Grobogan,Provinsi Jawa Tengah,620063,107559978.0,65935131.0,0.0,5881412.0,444325.0,0.0,2016298.0,13929971.0,0.0,0.0,336793.0,10733067.0,2309533.0,23971175.0,79914.0,194945.0,515123.0,0.0,51862079.0,8518448.0,945779.0,0.0,10657139.0,17601235.0,7615918.0,0.0,2557828.0,16.03,2.73,,3.35,43.26,99.25,52.51,16.03,-7.088219305964116,110.9101564089674
2022,12,PT. BPRS Ikhsanul Amal,Kab. Kebumen,Provinsi Jawa Tengah,620047,26592080.0,15028391.0,0.0,104736.0,0.0,0.0,0.0,6415007.0,0.0,0.0,375707.0,2862913.0,11284241.0,6447000.0,86431.0,313189.0,24488.0,0.0,1422698.0,0.0,232352.0,0.0,1613699.0,2384636.0,1613609.0,4639.0,169685.0,40.73,5.09,,0.75,92.36,104.63,33.92,40.73,-7.7499614325424,109.74028135566994
2022,12,PT. BPRS Asad Alif,Kab. Kendal,Provinsi Jawa Tengah,620070,61713531.0,40656742.0,0.0,622696.0,0.0,0.0,0.0,8857802.0,0.0,0.0,1058420.0,911958.0,12533517.0,16169600.0,21831.0,169720.0,54199.0,0.0,19884810.0,4313152.0,1026176.0,0.0,4460072.0,7531805.0,5133041.0,22454.0,668355.0,21.31,3.06,,1.43,83.23,101.29,16.2,21.31,,
2022,12,PT Bank Perekonomian Rakyat Syariah Almabrur Klaten,Kab. Klaten,Provinsi Jawa Tengah,620142,154683555.0,24029891.0,0.0,5796502.0,0.0,0.0,5827385.0,42003098.0,0.0,0.0,0.0,5518890.0,36611737.0,89443712.0,439573.0,128187.0,397754.0,0.0,8570199.0,2000000.0,909807.0,0.0,8100854.0,14193596.0,5161344.0,74458.0,2933851.0,23.86,0.39,,2.43,63.71,61.23,9.73,23.86,,
2022,12,PT Bank Perekonomian Rakyat Syariah Dharma Kuwera,Kab. Klaten,Provinsi Jawa Tengah,620159,78855681.0,46214675.0,0.0,4135254.0,145000.0,0.0,663072.0,6863168.0,0.0,0.0,1056340.0,4765426.0,3563008.0,30108113.0,275867.0,338921.0,474885.0,0.0,24457316.0,4143540.0,103419.0,0.0,3871009.0,7862447.0,3525903.0,0.0,751671.0,18.78,2.65,,1.21,75.49,92.25,16.95,18.78,,
2022,12,PT BPRS Saka Dana Mulia,Kab. Kudus,Provinsi Jawa Tengah,620167,37963034.0,14153150.0,0.0,1105.0,52990.0,0.0,0.0,14417077.0,0.0,0.0,980838.0,5840200.0,264071.0,5434500.0,32119.0,646834.0,136525.0,0.0,23217765.0,0.0,264157.0,0.0,2965086.0,5521678.0,5036155.0,0.0,-510796.0,20.47,7.81,,-1.39,110.74,82.36,49.63,20.47,-6.752673980908147,111.02119203015354
2022,12,PT Bank Perekonomian Rakyat Syariah Meru Nusantara Mandiri,Kab. Magelang,Provinsi Jawa Tengah,620143,46864649.0,13049446.0,0.0,3031163.0,833.0,0.0,531500.0,12914193.0,0.0,0.0,356334.0,8771287.0,5704953.0,20309464.0,119799.0,106239.0,181831.0,0.0,4375467.0,0.0,190507.0,0.0,3052056.0,4570013.0,2612317.0,0.0,1004262.0,38.44,4.18,,2.35,77.78,75.4,33.75,38.44,-7.483143805876312,110.21226325844997
2022,12,PT. BPRS Artha Mas Abadi,Kab. Pati,Provinsi Jawa Tengah,620100,52556919.0,32627882.0,0.0,136561.0,33500.0,0.0,0.0,10382006.0,0.0,0.0,0.0,18471029.0,1575802.0,19504562.0,218647.0,431153.0,56759.0,0.0,3919875.0,0.0,1446129.0,0.0,7002445.0,8858939.0,5992697.0,45107.0,1468953.0,19.51,2.12,,3.7,77.43,88.62,33.03,19.51,-6.770220705556133,111.02002545693522
2022,12,PT Bank Perekonomian Rakyat Syariah Buana Mitra Perwira,Kab. Purbalingga,Provinsi Jawa Tengah,620083,264771152.0,145672916.0,9997575.0,4824148.0,4988765.0,0.0,0.0,43758581.0,0.0,0.0,400000.0,63538353.0,18545546.0,106962320.0,1022514.0,1027071.0,2151912.0,0.0,42236265.0,6559535.0,3477561.0,0.0,16729081.0,27367384.0,11971716.0,0.0,5428666.0,18.7,3.96,,2.97,65.51,87.98,33.32,18.7,-7.38620934652322,109.3482136658594
2022,12,PT Bank Perekonomian Rakyat Syariah Artha Amanah Ummat,Kab. Semarang,Provinsi Jawa Tengah,620116,62317431.0,30811644.0,0.0,1580043.0,0.0,0.0,0.0,14514648.0,0.0,0.0,0.0,1412175.0,4905056.0,28494000.0,212890.0,155612.0,46819.0,0.0,18364583.0,1614048.0,740810.0,0.0,3456638.0,6067735.0,2857056.0,20830.0,700987.0,23.72,2.29,,1.7,77.39,134.74,47.45,23.72,-7.138606830428244,110.40957996108703
2022,12,PT Bank Perekonomian Rakyat Syariah Sukowati Sragen (Perseroda),Kab. Sragen,Provinsi Jawa Tengah,620124,326209315.0,148446687.0,0.0,33913909.0,19790.0,0.0,1919973.0,90391382.0,0.0,0.0,511177.0,52836844.0,23411857.0,144348055.0,1467632.0,1403422.0,4204266.0,0.0,49124094.0,6969054.0,6053611.0,0.0,25247249.0,39461519.0,17533483.0,0.0,7504905.0,31.43,2.11,,3.2,76.94,112.64,53.62,31.43,,
2022,12,PT Bank Perekonomian Rakyat Syariah Insan Madani,Kab. Sukoharjo,Provinsi Jawa Tengah,620154,49460351.0,20022257.0,0.0,0.0,0.0,0.0,0.0,10138472.0,0.0,0.0,1800000.0,2628118.0,3536738.0,26946458.0,48926.0,4387.0,71864.0,0.0,5427796.0,0.0,444152.0,0.0,2569268.0,4502704.0,3005564.0,0.0,244705.0,53.1,8.22,,0.51,91.54,91.09,12.77,53.1,-7.980423788495279,112.63614303338588
2022,12,PT BPRS Artha Surya Barokah,Kota Semarang,Provinsi Jawa Tengah,620084,220990874.0,101662707.0,0.0,2013010.0,1542155.0,0.0,1411233.0,52635535.0,0.0,0.0,576796.0,50168205.0,16931289.0,109687075.0,974301.0,1928731.0,252939.0,0.0,9959480.0,1144783.0,8404006.0,0.0,14879837.0,24438854.0,14660497.0,138085.0,4468783.0,25.49,0.34,,2.62,71.02,90.09,67.85,25.49,-6.992447596736079,110.42988872705932
2022,12,PT BPRS Bina Finansia,Kota Semarang,Provinsi Jawa Tengah,620102,46590338.0,34036724.0,0.0,820525.0,0.0,0.0,0.0,1130232.0,0.0,0.0,1104509.0,0.0,12465009.0,20578021.0,9672.0,58253.0,345851.0,0.0,6019819.0,0.0,259329.0,0.0,3511480.0,5370394.0,3108683.0,0.0,757495.0,32.65,3.42,,1.83,88.53,108.71,14.32,32.65,-6.984027795058197,110.415867283899
2022,12,PT Bank Perekonomian Rakyat Syariah Kedung Arto,Kota Semarang,Provinsi Jawa Tengah,620191,276694913.0,192865479.0,0.0,359930.0,0.0,0.0,0.0,15801047.0,0.0,0.0,0.0,27722084.0,6488112.0,174462449.0,778034.0,392846.0,806879.0,0.0,41500000.0,0.0,2092668.0,0.0,7114107.0,11436990.0,7278688.0,0.0,1097115.0,22.76,3.88,,2.68,81.63,100.17,22.14,22.76,-6.984249050778415,110.4263886103255
2022,12,PT. BPRS Mitra Harmoni Kota Semarang,Kota Semarang,Provinsi Jawa Tengah,620151,53808748.0,31127179.0,0.0,664007.0,0.0,73616.0,607807.0,4169000.0,0.0,0.0,0.0,3383435.0,3551229.0,18283800.0,132676.0,357691.0,503310.0,0.0,19717533.0,0.0,200076.0,0.0,5739858.0,8129172.0,5943873.0,0.0,593701.0,37.15,6.39,,1.33,92.12,94.51,65.65,37.15,-6.989034701457653,110.42390375172975
2022,12,PT Bank Perekonomian Rakyat Syariah Central Syariah Utama,Kota Surakarta/Solo,Provinsi Jawa Tengah,620137,79077566.0,25288880.0,0.0,13528610.0,33720.0,24434.0,143989.0,16735976.0,0.0,0.0,48194.0,7188464.0,1901532.0,31526000.0,173501.0,601851.0,194664.0,0.0,29909177.0,0.0,464418.0,0.0,4016118.0,6476249.0,3255285.0,0.0,1225545.0,22.2,1.78,,1.7,72.12,138.08,56.92,22.2,-7.583455291786536,110.81861293442316
2022,12,PT Bank Perekonomian Rakyat Syariah Dana Amanah Surakarta,Kota Surakarta/Solo,Provinsi Jawa Tengah,620125,120788977.0,31878270.0,489535.0,9639347.0,583476.0,0.0,65960.0,25758220.0,0.0,0.0,494054.0,17600472.0,7745874.0,52949600.0,333025.0,814007.0,263610.0,0.0,18614198.0,12439361.0,1681815.0,0.0,7133962.0,11587297.0,4936129.0,0.0,2431290.0,16.77,1.54,,2.88,63.38,87.75,25.04,16.77,-7.582281788876442,110.82735174142871
2022,12,PT Bank Perekonomian Rakyat Syariah Dana Mulia,Kota Surakarta/Solo,Provinsi Jawa Tengah,620122,59426161.0,35730296.0,0.0,7569513.0,19836.0,0.0,0.0,4087071.0,0.0,0.0,0.0,4088244.0,8065152.0,28219820.0,173236.0,1658730.0,41016.0,0.0,10285110.0,0.0,1705790.0,0.0,3655800.0,6723761.0,4371935.0,0.0,171365.0,19.95,16.7,,0.27,96.35,117.42,19.33,19.95,-7.5721076896369475,110.81636511954429
2022,12,PT Bank Perekonomian Rakyat Syariah Hikmah Khazanah,Kota Surakarta/Solo,Provinsi Jawa Tengah,620171,236000952.0,123628899.0,0.0,2294447.0,0.0,0.0,0.0,61801035.0,0.0,0.0,0.0,21077406.0,5342462.0,126519172.0,3800600.0,1949151.0,1816421.0,0.0,31335847.0,13166667.0,6094328.0,0.0,19395283.0,33362816.0,15206526.0,192032.0,7373291.0,18.87,,,4.56,80.0,95.07,44.89,18.87,-7.578734267499703,110.8209373266183
2022,12,PT Bank Perekonomian Rakyat Syariah Hikmah Bahari,Kota Tegal,Provinsi Jawa Tengah,620174,208874096.0,130936709.0,0.0,3121570.0,9167.0,0.0,4932934.0,29792107.0,0.0,0.0,0.0,16644377.0,1040544.0,75350200.0,157224.0,777277.0,420196.0,0.0,39106126.0,44039200.0,818343.0,0.0,17021044.0,28694486.0,11470980.0,182469.0,5532893.0,25.74,0.47,,3.69,61.13,181.92,57.56,25.74,-6.861973262113324,109.13573876794256
2022,12,PT Bank Perekonomian Rakyat Syariah Amanah Sejahtera,Kab. Gresik,Provinsi Jawa Timur,620050,101973295.0,50561623.0,0.0,1125381.0,1291540.0,0.0,4822154.0,14379843.0,0.0,0.0,0.0,32725316.0,33415767.0,17215800.0,345582.0,455535.0,32525.0,0.0,3845547.0,0.0,1376888.0,0.0,8649121.0,9995826.0,8494928.0,26204.0,867239.0,25.06,6.23,,1.04,93.1,86.59,17.68,25.06,-7.171206060982263,112.65347308804564
2022,12,PT Bank Perekonomian Rakyat Syariah Mandiri Mitra Sukses,Kab. Gresik,Provinsi Jawa Timur,620126,62208686.0,15802283.0,0.0,0.0,25537520.0,0.0,0.0,13333834.0,0.0,0.0,314804.0,663050.0,22852213.0,26784905.0,69083.0,687088.0,236734.0,0.0,7778636.0,0.0,146597.0,0.0,5962182.0,6982964.0,6506967.0,0.0,957.0,14.0,12.11,,-0.36,159.92,108.69,16.59,14.0,-7.1749772829692935,112.65847748596217
2022,12,PT. BPRS Asri Madani Nusantara,Kab. Jember,Provinsi Jawa Timur,620033,,,,,,,,,,,,,,,,,,,,,,,,,,,,,,,,,,,,-8.154319698220284,113.71768742028424
2022,12,PT Bank Perekonomian Rakyat Syariah Lantabur Tebuireng,Kab. Jombang,Provinsi Jawa Timur,620098,324601304.0,128042850.0,0.0,8701187.0,4356795.0,0.0,56510.0,62284603.0,0.0,0.0,4653480.0,4649251.0,136416647.0,142024270.0,1004237.0,2457578.0,1363438.0,0.0,5395514.0,0.0,4272035.0,0.0,23608231.0,33060463.0,14061374.0,237612.0,8263990.0,16.98,4.55,,3.21,69.28,71.86,24.76,16.98,-7.593963133811971,112.26493196168056
2022,12,PT Bank Perekonomian Rakyat Syariah Artha Pamenang,Kab. Kediri,Provinsi Jawa Timur,620147,55723632.0,29750238.0,0.0,5788071.0,0.0,0.0,0.0,4889454.0,0.0,0.0,0.0,1660869.0,4703477.0,37991930.0,170454.0,611439.0,275632.0,0.0,0.0,0.0,2383431.0,0.0,8113585.0,10506288.0,7541115.0,43419.0,1727050.0,20.31,8.52,,3.81,85.05,91.14,62.66,20.31,-7.81422235884534,112.0257736866079
2022,12,PT Bank Perekonomian Rakyat Syariah Rahma Syariah,Kab. Kediri,Provinsi Jawa Timur,620150,7996056.0,3220357.0,0.0,184375.0,0.0,0.0,116900.0,1610398.0,0.0,0.0,0.0,3965262.0,0.0,266000.0,21604.0,12718.0,27967.0,0.0,25205.0,0.0,42823.0,0.0,1026351.0,1062253.0,944915.0,6000.0,130157.0,83.72,8.14,,1.69,85.63,65.29,41.66,83.72,-7.821654764489613,112.02781200727956
2022,12,PT Bank Perekonomian Rakyat Syariah Tunas Artha Jaya Abadi,Kab. Kediri,Provinsi Jawa Timur,620200,,,,,,,,,,,,,,,,,,,,,,,,,,,,,,,,,,,,-7.816904745358005,112.01148890547412
2022,12,PT Bank Perekonomian Rakyat Syariah Madinah,Kab. Lamongan,Provinsi Jawa Timur,620139,26865472.0,13772657.0,0.0,0.0,0.0,0.0,0.0,5114500.0,0.0,0.0,0.0,787330.0,8523785.0,8603000.0,89440.0,451100.0,52889.0,0.0,1000000.0,0.0,994944.0,0.0,2974954.0,3612574.0,3725826.0,0.0,-188703.0,50.6,17.96,,-12.42,114.27,102.57,34.52,50.6,-7.123303358568694,112.40966669736945
2022,12,PT BPRS Magetan (Perseroda),Kab. Magetan,Provinsi Jawa Timur,620165,63889608.0,35143982.0,0.0,4782226.0,0.0,0.0,8243821.0,0.0,0.0,0.0,133333.0,12515904.0,918095.0,23674000.0,250084.0,579448.0,235389.0,0.0,7800000.0,0.0,683450.0,0.0,5869968.0,6705207.0,4618127.0,0.0,1731124.0,47.05,2.42,,3.52,69.36,77.56,27.72,47.05,,
2022,12,PT BPRS Bhakti Haji,Kab. Malang,Provinsi Jawa Timur,620048,8839618.0,4264037.0,0.0,658843.0,0.0,0.0,0.0,1831851.0,0.0,0.0,0.0,2337870.0,1153387.0,2809000.0,23622.0,42289.0,17726.0,0.0,0.0,0.0,14469.0,0.0,953897.0,1058710.0,573526.0,14807.0,511979.0,52.01,11.07,,5.79,60.48,75.36,38.71,52.01,-7.991553338452736,112.64203778122696
2022,12,PT Bank Perekonomian Rakyat Syariah Al Hijrah Thayibah,Kab. Malang,Provinsi Jawa Timur,620198,,,,,,,,,,,,,,,,,,,,,,,,,,,,,,,,,,,,-7.974001944706607,112.6341027425821
2022,12,PT Bank Perekonomian Rakyat Syariah Bumi Rinjani Kepanjen,Kab. Malang,Provinsi Jawa Timur,620106,69678844.0,50179377.0,0.0,667645.0,0.0,151623.0,0.0,2433846.0,0.0,0.0,0.0,2117311.0,15243136.0,37256450.0,191305.0,2589645.0,566758.0,0.0,1504807.0,0.0,2079639.0,0.0,9466343.0,13275888.0,8023412.0,66861.0,2105873.0,22.58,7.3,,3.93,75.68,181.77,56.2,22.58,-7.986689742538544,112.63775505887186
2022,12,PT Bank Perekonomian Rakyat Syariah Kabupaten Ngawi Perseroda,Kab. Ngawi,Provinsi Jawa Timur,620183,129349042.0,70581641.0,0.0,10902400.0,0.0,0.0,0.0,0.0,0.0,0.0,0.0,57734669.0,0.0,12779825.0,466918.0,9333.0,290394.0,0.0,35200000.0,0.0,294591.0,0.0,6971883.0,8410738.0,5444101.0,0.0,2556152.0,42.6,0.02,,3.83,68.26,88.3,49.63,42.6,-7.420451120596442,111.441830004461
2022,12,PT Bank Perekonomian Rakyat Syariah Sarana Prima Mandiri,Kab. Pamekasan,Provinsi Jawa Timur,620127,59443004.0,30939767.0,0.0,0.0,10022683.0,0.0,37250929.0,2436938.0,0.0,0.0,224000.0,22211834.0,1189873.0,57224278.0,0.0,37666935.0,269647.0,0.0,7000000.0,4054256.0,525212.0,0.0,617579.0,4513318.0,44336676.0,0.0,-43574958.0,-96.94,21.83,,-55.48,6.0,140.39,15.23,-96.94,,
2022,12,PT BPRS Al Hidayah,Kab. Pasuruan,Provinsi Jawa Timur,620072,,,,,,,,,,,,,,,,,,,,,,,,,,,,,,,,,,,,-7.64945314625638,112.90608207619024
2022,12,PT Bank Perekonomian Rakyat Syariah Daya Artha Mentari,Kab. Pasuruan,Provinsi Jawa Timur,620056,21310482.0,12080231.0,0.0,3515216.0,231195.0,0.0,810128.0,825381.0,0.0,0.0,0.0,1862330.0,9375981.0,4224000.0,15579.0,26442.0,4325.0,0.0,2452981.0,0.0,81229.0,0.0,2106406.0,2332119.0,2535763.0,0.0,125665.0,28.54,5.41,,0.66,96.39,97.95,16.38,28.54,-7.654596803987085,112.9133678475593
2022,12,PT. BPRS Jabal Tsur,Kab. Pasuruan,Provinsi Jawa Timur,620103,,,,,,,,,,,,,,,,,,,,,,,,,,,,,,,,,,,,-7.642622137527749,112.90214649056595
2022,12,PT. BPRS Ummu,Kab. Pasuruan,Provinsi Jawa Timur,620074,,,,,,,,,,,,,,,,,,,,,,,,,,,,,,,,,,,,-7.65021334152576,112.89863930816225
2022,12,PT Bank Perekonomian Rakyat Syariah Almabrur Babadan,Kab. Ponorogo,Provinsi Jawa Timur,620073,42598520.0,24191927.0,0.0,0.0,45647.0,0.0,3974066.0,475000.0,0.0,0.0,0.0,430745.0,19766576.0,8937463.0,116986.0,2011741.0,14677.0,0.0,4926997.0,0.0,232151.0,0.0,3072810.0,4136445.0,3952838.0,23436.0,793701.0,29.01,22.25,,1.86,84.01,86.64,32.19,29.01,,
2022,12,PT Bank Perekonomian Rakyat Syariah Mitra Mentari Sejahtera,Kab. Ponorogo,Provinsi Jawa Timur,620180,43674896.0,11143142.0,0.0,145396.0,4181538.0,0.0,0.0,1930000.0,0.0,0.0,0.0,21391159.0,557102.0,13765500.0,75402.0,8163.0,32052.0,0.0,0.0,0.0,249585.0,0.0,3433523.0,3870564.0,2661535.0,5520.0,837248.0,29.24,4.95,,13.66,76.88,37.6,20.7,29.24,,
2022,12,PT BPRS Bumi Rinjani Probolinggo,Kab. Probolinggo,Provinsi Jawa Timur,620105,,,,,,,,,,,,,,,,,,,,,,,,,,,,,,,,,,,,,
2022,12,PT Bank Perekonomian Rakyat Syariah Sampang Perseroda,Kab. Sampang,Provinsi Jawa Timur,620166,145091323.0,82831298.0,0.0,5083260.0,1589743.0,0.0,928470.0,13297269.0,0.0,0.0,4449063.0,52916342.0,120389.0,25767952.0,0.0,174131.0,145423.0,0.0,29568982.0,13158727.0,446574.0,0.0,7860117.0,12719677.0,8381395.0,33362.0,1214248.0,19.66,3.74,,1.22,85.5,85.64,25.8,19.66,-7.177646641310815,113.22928610732424
2022,12,PT Bank Perekonomian Rakyat Syariah Annisa Mukti,Kab. Sidoarjo,Provinsi Jawa Timur,620135,19538214.0,10760353.0,0.0,0.0,0.0,0.0,0.0,2174120.0,0.0,0.0,0.0,0.0,2132290.0,7420200.0,53524.0,191552.0,100026.0,0.0,2490505.0,0.0,595058.0,0.0,2555556.0,3069083.0,2311488.0,12634.0,420401.0,66.67,0.5,,2.83,84.62,107.4,52.07,66.67,,
2022,12,PT Bank Perekonomian Rakyat Syariah Baktimakmur Indah,Kab. Sidoarjo,Provinsi Jawa Timur,620022,158460554.0,58969484.0,0.0,5334400.0,0.0,0.0,0.0,48761553.0,0.0,0.0,5033681.0,8551051.0,0.0,0.0,394494.0,823797.0,229252.0,0.0,35241.0,0.0,3706569.0,118372716.0,14033961.0,17745752.0,12931802.0,83525.0,2645649.0,31.92,13.01,,2.19,80.83,94.48,25.43,31.92,,
2022,12,PT Bank Perekonomian Rakyat Syariah Unawi Barokah,Kab. Sidoarjo,Provinsi Jawa Timur,620155,5257929.0,1022420.0,0.0,0.0,0.0,0.0,0.0,0.0,0.0,0.0,0.0,22309.0,1519755.0,599111.0,0.0,565882.0,7771.0,0.0,200000.0,0.0,102534.0,0.0,192650.0,264653.0,884341.0,0.0,-652467.0,198.53,13.27,,-12.22,312.87,47.75,24.81,198.53,,
2022,12,PT Bank Perekonomian Rakyat Syariah Situbondo,Kab. Situbondo,Provinsi Jawa Timur,620081,21039509.0,12221155.0,0.0,609153.0,10230.0,3411.0,320000.0,3862744.0,0.0,0.0,800394.0,1356987.0,3477310.0,7809500.0,63658.0,498117.0,321276.0,0.0,505739.0,0.0,215367.0,0.0,2707857.0,3472939.0,2951636.0,0.0,305999.0,65.91,7.54,,2.69,83.2,138.26,33.82,65.91,-7.702911353591342,113.9806037668517
2022,12,PT Bank Perekonomian Rakyat Syariah Bhakti Sumekar Perseroda,Kab. Sumenep,Provinsi Jawa Timur,620085,1162401615.0,558673808.0,1354463.0,9486833.0,93457753.0,1159925.0,6203145.0,20052775.0,0.0,0.0,0.0,289423308.0,3272427.0,545651016.0,1619527.0,5724746.0,5306091.0,0.0,28703843.0,65455340.0,15285833.0,0.0,65909890.0,104744694.0,53778611.0,0.0,12862611.0,39.04,4.4,,1.44,85.11,83.71,74.78,39.04,,
2022,12,PT BPRS Bumi Rinjani,Kota Batu,Provinsi Jawa Timur,620109,,,,,,,,,,,,,,,,,,,,,,,,,,,,,,,,,,,,-7.86392956395291,112.52576707537388
2022,12,PT Bank Perekonomian Rakyat Syariah Arsa Sejahtera,Kota Batu,Provinsi Jawa Timur,620079,39741041.0,15894333.0,0.0,900977.0,225947.0,0.0,0.0,1857550.0,0.0,0.0,0.0,371680.0,9206775.0,18745839.0,78203.0,9199.0,45960.0,0.0,0.0,0.0,209128.0,0.0,3331781.0,3995876.0,2573158.0,28970.0,1114471.0,77.11,0.7,,4.01,70.41,65.85,62.69,77.11,-7.8807671610865775,112.532451265561
2022,12,PT Bank Perekonomian Rakyat Syariah Tanmiya Artha,Kota Kediri,Provinsi Jawa Timur,620130,26685408.0,12743882.0,0.0,1591848.0,0.0,0.0,21951.0,6022549.0,0.0,0.0,30000.0,1723824.0,3295699.0,8327000.0,71592.0,551959.0,155539.0,0.0,5300000.0,0.0,497205.0,0.0,3579567.0,4561055.0,2134642.0,39388.0,1367130.0,44.41,6.88,,5.12,66.2,79.78,95.99,44.41,-7.804361795474596,112.00698794188358
2022,12,PT BPRS Bumi Rinjani Malang,Kota Malang,Provinsi Jawa Timur,620078,,,,,,,,,,,,,,,,,,,,,,,,,,,,,,,,,,,,-7.974100981138048,112.64136686861058
2022,12,PT Bank Perekonomian Rakyat Syariah Mitra Harmoni Kota Malang,Kota Malang,Provinsi Jawa Timur,620153,36365073.0,22972427.0,0.0,1926343.0,0.0,0.0,0.0,222000.0,0.0,0.0,0.0,6192982.0,1053134.0,12148300.0,121635.0,127381.0,102516.0,0.0,7900000.0,0.0,52916.0,0.0,4460179.0,5482190.0,4172179.0,0.0,445897.0,49.8,5.38,,1.43,90.66,92.04,57.52,49.8,-7.984781410422721,112.62624122586716
2022,12,PT BPRS Mojo Artho Kota Mojokerto Perseroda,Kota Mojokerto,Provinsi Jawa Timur,620160,48350980.0,69303262.0,4950046.0,1230837.0,539599.0,0.0,0.0,18915511.0,0.0,0.0,5264165.0,7325137.0,9686421.0,37392050.0,43169.0,66770650.0,2338487.0,0.0,48401083.0,0.0,173250.0,10545607.0,-1821555.0,4559511.0,80667702.0,0.0,-76646226.0,-90.79,90.21,,5.0,798.0,87.0,2.55,-90.79,-7.460555185064369,112.43110318032298
2022,12,PT Bank Perekonomian Rakyat Syariah Karya Mugi Sentosa,Kota Surabaya,Provinsi Jawa Timur,620113,100401491.0,59701155.0,0.0,3012514.0,998213.0,0.0,809464.0,7418000.0,0.0,0.0,383652.0,31090503.0,15319383.0,29493270.0,20875.0,183390.0,859546.0,0.0,6563285.0,0.0,1443203.0,0.0,12071625.0,13321732.0,11825495.0,35722.0,1130793.0,36.42,4.18,,1.62,91.01,87.23,31.2,36.42,-7.248497572190274,112.74359015261464
2022,12,PT. BPRS Jabal Nur Tebuireng,Kota Surabaya,Provinsi Jawa Timur,620114,,,,,,,,,,,,,,,,,,,,,,,,,,,,,,,,,,,,-7.253401930640896,112.73115332691698
2022,12,PT Bank Perekonomian Rakyat Syariah Barkah Gemadana,Kab. Banjar,Provinsi Kalimantan Selatan,620013,116999455.0,54017762.0,0.0,1099740.0,36040536.0,933.0,0.0,106700.0,0.0,0.0,0.0,285235.0,26208546.0,52413200.0,563631.0,1297478.0,166075.0,0.0,21968563.0,609583.0,754532.0,0.0,7089393.0,12407097.0,5726541.0,70397.0,2233248.0,18.5,0.4,,2.68,67.03,116.17,21.36,18.5,-0.6588763736841944,101.48260796449918
2022,12,PT BPRS Mitra Amanah,Kota Palangkaraya,Provinsi Kalimantan Tengah,620170,8246322.0,3050046.0,0.0,86329.0,0.0,0.0,80450.0,0.0,0.0,0.0,810972.0,925947.0,1891877.0,2067036.0,7565.0,0.0,5819.0,0.0,0.0,0.0,58047.0,0.0,1323464.0,1323464.0,1186899.0,0.0,251517.0,83.04,2.35,,3.05,80.73,65.85,124.07,83.04,-2.20055455187618,113.91600497570754
2022,12,PT Bank Perekonomian Rakyat Syariah Manfaatsyariah,Kab. Kutai Kartanegara,Provinsi Kalimantan Timur,620014,12945748.0,5984110.0,0.0,5625.0,22795.0,0.0,0.0,0.0,0.0,0.0,1551222.0,46639.0,5060247.0,2210000.0,968.0,7473.0,26857.0,0.0,301054.0,0.0,81634.0,0.0,1698726.0,1716310.0,3276867.0,0.0,-798038.0,,97.53,,-5.29,,,634.89,,-0.4108304755501372,116.98709494185226
2022,12,PT Bank Perekonomian Rakyat Syariah Bangka Belitung,Kota Pangkal Pinang,Provinsi Kep. Bangka Belitung,620076,391285960.0,163369051.0,0.0,3305122.0,0.0,145316.0,0.0,34036461.0,0.0,0.0,4226992.0,6997767.0,182350492.0,173338525.0,443933.0,17813570.0,511118.0,0.0,0.0,0.0,4440810.0,0.0,16101145.0,29318717.0,34248684.0,0.0,-13617405.0,11.3,33.41,,-3.29,155.26,62.65,10.46,11.3,-2.120239693370022,106.11713996558484
2022,12,PT Bank Perekonomian Rakyat Syariah Syarikat Madani,Kota Batam,Provinsi Kep. Riau,620121,127357260.0,56413533.0,0.0,44821025.0,7259788.0,1725.0,0.0,6755442.0,0.0,0.0,712400.0,4358.0,8191192.0,59004909.0,536426.0,391805.0,951968.0,0.0,43802458.0,0.0,1268574.0,0.0,10827064.0,16418194.0,13079302.0,0.0,2008016.0,28.79,7.51,,0.84,84.25,104.24,16.97,28.79,1.1025924305431083,104.04282617621487
2022,12,PT Bank Perekonomian Rakyat Syariah Vitka Central,Kota Batam,Provinsi Kep. Riau,620134,101955270.0,44466484.0,0.0,22328007.0,962141.0,0.0,0.0,7729632.0,0.0,0.0,1126461.0,1118826.0,9859193.0,48453909.0,258731.0,173618.0,279089.0,0.0,31850000.0,0.0,1116721.0,0.0,5820759.0,9345113.0,5254301.0,0.0,2008430.0,24.08,2.24,,2.07,71.11,88.4,32.23,24.08,1.0997027965875927,104.0345602824064
2022,12,PT Bank Perekonomian Rakyat Syariah Lampung Barat (Perseroda),Kab. Lampung Barat,Provinsi Lampung,620175,66799685.0,17115060.0,0.0,35746403.0,0.0,0.0,0.0,0.0,0.0,0.0,0.0,6319870.0,1715618.0,13301000.0,431535.0,1227401.0,300399.0,0.0,28200000.0,6243342.0,568044.0,0.0,5501469.0,9547315.0,4321622.0,0.0,1463528.0,30.39,3.2,,2.95,47.3,82.21,90.26,30.39,,
2022,12,PT Bank Perekonomian Rakyat Syariah Kotabumi (Perseroda),Kab. Lampung Selatan,Provinsi Lampung,620131,194994875.0,33230693.0,0.0,103340856.0,0.0,0.0,100000.0,0.0,0.0,0.0,0.0,31988867.0,143675.0,87123131.0,745505.0,1908632.0,897682.0,0.0,26396712.0,13169045.0,2510686.0,0.0,21772196.0,34334615.0,13691606.0,0.0,7693691.0,18.9,1.83,,5.12,72.35,89.78,43.87,18.9,,
2022,12,PT Bank Perekonomian Rakyat Syariah Way Kanan (Perseroda),Kab. Lampung Selatan,Provinsi Lampung,620157,98876190.0,54639774.0,0.0,6016250.0,1646274.0,0.0,0.0,0.0,0.0,0.0,0.0,18553315.0,9976587.0,21685000.0,428570.0,1851207.0,1046104.0,0.0,29600000.0,55424.0,2176585.0,0.0,9351040.0,14501962.0,6476719.0,0.0,3076344.0,34.25,0.87,,4.38,62.9,66.04,92.46,34.25,,
2022,12,PT Bank Perekonomian Rakyat Syariah Rajasa Lampung Tengah (Perseroda),Kab. Lampung Tengah,Provinsi Lampung,620129,66788323.0,8011928.0,0.0,41252859.0,28000.0,0.0,0.0,0.0,0.0,0.0,133178.0,9411989.0,1426827.0,16985000.0,234749.0,1223884.0,149725.0,0.0,20616519.0,0.0,1054276.0,0.0,8627461.0,11880340.0,5668676.0,0.0,3013951.0,27.52,1.2,,5.91,59.22,101.76,71.75,27.52,,
2022,12,PT Bank Perekonomian Rakyat Syariah Aman Syariah,Kab. Lampung Timur,Provinsi Lampung,620173,43148035.0,18933472.0,0.0,5454600.0,0.0,0.0,1573.0,10914456.0,0.0,0.0,0.0,5835356.0,1935278.0,6201332.0,124732.0,0.0,139849.0,0.0,21300000.0,0.0,215862.0,0.0,4354755.0,6201050.0,3283316.0,0.0,1031268.0,41.41,3.06,,2.59,74.43,83.53,23.97,41.41,,
2022,12,PT Bank Perekonomian Rakyat Syariah Lampung Timur (Perseroda),Kab. Lampung Timur,Provinsi Lampung,620140,98343258.0,3536666.0,0.0,71359988.0,0.0,0.0,0.0,815000.0,0.0,0.0,0.0,14592620.0,1567862.0,8584950.0,393955.0,1762782.0,799303.0,0.0,43150000.0,0.0,773936.0,0.0,8065571.0,11448543.0,5835288.0,0.0,2428946.0,30.05,2.05,,3.78,66.12,112.17,27.0,30.05,,
2022,12,PT Bank Perekonomian Rakyat Syariah Tanggamus (Perseroda),Kab. Tanggamus,Provinsi Lampung,620082,63939871.0,38017166.0,0.0,567814.0,202149.0,0.0,0.0,0.0,0.0,0.0,0.0,5413843.0,27067241.0,6687600.0,299698.0,831733.0,192719.0,0.0,2000000.0,4776364.0,869992.0,0.0,7103998.0,9747073.0,6373465.0,0.0,1648565.0,57.37,0.46,,3.16,57.31,99.03,51.04,57.37,-5.4369356106235,104.72189977284216
2022,12,PT Bank Perekonomian Rakyat Syariah Tani Tulang Bawang Barat (Perseroda),Kab. Tulang Bawang Barat,Provinsi Lampung,620176,,,,,,,,,,,,,,,,,,,,,,,,,,,,,,,,,,,,,
2022,12,PT Bank Perekonomian Rakyat Syariah Bandar Lampung (Perseroda),Kota Bandar Lampung,Provinsi Lampung,620051,132268526.0,39335379.0,0.0,43427547.0,0.0,0.0,0.0,0.0,0.0,0.0,0.0,14578696.0,2462959.0,41240600.0,483717.0,1844356.0,938607.0,0.0,41991771.0,5806679.0,3208033.0,0.0,13754794.0,20540642.0,8908207.0,92620.0,3612182.0,24.13,0.29,,3.94,62.49,69.42,52.92,24.13,-5.451430777916592,105.26097314570632
2022,12,PT Bank Perekonomian Rakyat Syariah Mitra Agro Usaha,Kota Bandar Lampung,Provinsi Lampung,620169,41563133.0,26822133.0,0.0,1056035.0,0.0,0.0,0.0,0.0,0.0,0.0,0.0,5836861.0,139449.0,18992191.0,113920.0,286707.0,282055.0,0.0,6500000.0,1225547.0,751369.0,0.0,4723928.0,7059225.0,3543584.0,0.0,985902.0,44.43,3.58,,2.83,83.05,88.59,88.11,44.43,-5.443193541153916,105.2697528392836
2022,12,PT Bank Perekonomian Rakyat Syariah Metro Madani,Kota Metro,Provinsi Lampung,620091,113871693.0,42828088.0,0.0,26723671.0,7398532.0,0.0,801718.0,7231234.0,0.0,0.0,272535.0,31691312.0,7660408.0,50009356.0,448759.0,1304113.0,412412.0,0.0,8150000.0,277761.0,1415238.0,0.0,13159680.0,17092286.0,9325156.0,0.0,3840783.0,15.24,1.84,,4.5,64.16,94.81,29.14,15.24,-5.109743260376518,105.31422432780674
2022,12,PT Bank Perekonomian Rakyat Syariah Saruma Sejahtera Halmahera Selatan,Kab. Halmahera Selatan,Provinsi Maluku Utara,620182,61474740.0,22994486.0,0.0,1422628.0,0.0,0.0,0.0,10661150.0,0.0,0.0,0.0,4879178.0,20655923.0,17695258.0,264691.0,18097.0,453416.0,0.0,0.0,1062716.0,38317.0,0.0,2418725.0,2677335.0,6399668.0,0.0,-2050505.0,40.85,3.95,,-3.31,146.44,81.14,59.62,40.85,,
2022,12,PT Bank Perekonomian Rakyat Syariah Bahari Berkesan,Kota Ternate,Provinsi Maluku Utara,620164,143292802.0,33780241.0,0.0,36518872.0,0.0,0.0,0.0,900000.0,0.0,0.0,0.0,1103908.0,57243991.0,4567900.0,668290.0,1109617.0,35706127.0,0.0,6054744.0,13400504.0,558432.0,0.0,10388148.0,13472102.0,5998147.0,150219.0,4789818.0,34.96,1.25,,3.34,56.08,103.23,69.28,34.96,0.7773589145132459,127.38615026515367
2022,12,PT Bank Perekonomian Rakyat Syariah Bobato Lestari,Kota Tidore Kepulauan,Provinsi Maluku Utara,620179,47481994.0,26342539.0,0.0,0.0,0.0,0.0,1199755.0,0.0,0.0,0.0,0.0,435386.0,11148652.0,17609185.0,156180.0,28951.0,807550.0,0.0,1674577.0,2884333.0,0.0,0.0,5575750.0,6894745.0,3281198.0,0.0,2254365.0,66.97,0.13,,4.75,47.89,66.31,27.98,66.97,0.6690346107462076,127.44399032218512
2022,12,PT Bank Perekonomian Rakyat Syariah Baiturrahman,Kab. Aceh Besar,Provinsi NAD,620024,47778932.0,29145219.0,0.0,0.0,0.0,0.0,0.0,3131333.0,0.0,0.0,0.0,711527.0,5791799.0,26935700.0,103025.0,11282.0,7994.0,0.0,9167595.0,0.0,323434.0,0.0,3228153.0,6321023.0,3262774.0,0.0,518027.0,17.95,14.11,,0.06,81.3,96.52,34.12,17.95,,
2022,12,PT Bank Perekonomian Rakyat Syariah Ingin Jaya,Kab. Aceh Besar,Provinsi NAD,620203,,,,,,,,,,,,,,,,,,,,,,,,,,,,,,,,,,,,,
2022,12,PT. BPRS Hareukat,Kab. Aceh Besar,Provinsi NAD,620003,,,,,,,,,,,,,,,,,,,,,,,,,,,,,,,,,,,,,
2022,12,PT BPRS Kota Juang Perseroda,Kab. Aceh Jeumpa/Bireuen,Provinsi NAD,620144,18094888.0,14489223.0,0.0,0.0,0.0,0.0,0.0,0.0,0.0,0.0,196414.0,49517.0,1701591.0,367000.0,47392.0,294304.0,10406.0,0.0,12150000.0,957518.0,0.0,0.0,1065782.0,2409612.0,1888399.0,0.0,-690829.0,21.24,21.56,,-3.81,128.52,101.54,65.25,21.24,,
2022,12,PT Bank Perekonomian Rakyat Syariah Rahmania Dana Sejahtera,Kab. Aceh Jeumpa/Bireuen,Provinsi NAD,620148,44591053.0,30858364.0,0.0,0.0,0.0,0.0,466164.0,2415000.0,0.0,0.0,0.0,945912.0,1431954.0,21232879.0,0.0,953449.0,264544.0,0.0,14400000.0,138874.0,530125.0,0.0,3926711.0,6706097.0,3583618.0,0.0,586923.0,15.07,9.81,,1.27,85.58,88.44,53.66,15.07,,
2022,12,PT Bank Pembiayaan Rakyat Syariah Gayo Perseroda,Kab. Aceh Tengah,Provinsi NAD,620120,43087833.0,34177119.0,0.0,0.0,0.0,0.0,0.0,0.0,0.0,0.0,0.0,11874.0,13412190.0,13588000.0,144102.0,1371290.0,36981.0,0.0,3650000.0,0.0,93295.0,0.0,4232933.0,6411629.0,4248285.0,7795.0,261043.0,37.21,5.85,,0.71,92.88,126.53,20.03,37.21,,
2022,12,PT Bank Perekonomian Rakyat Syariah Tengku Chiek Dipante,Kab. Pidie,Provinsi NAD,620025,31459442.0,21311886.0,0.0,0.0,0.0,0.0,0.0,1083333.0,0.0,0.0,0.0,126597.0,4303707.0,6566000.0,84913.0,179017.0,105114.0,0.0,16164492.0,0.0,14717.0,0.0,2479261.0,3878804.0,2540107.0,0.0,319630.0,20.54,4.35,,1.29,85.62,203.66,58.98,20.54,3.7476617007670936,96.82987163456816
2022,12,PT Bank Perekonomian Rakyat Syariah Arthaaceh Sejahtera,Kota Banda Aceh,Provinsi NAD,620192,,,,,,,,,,,,,,,,,,,,,,,,,,,,,,,,,,,,5.548455343437354,95.3146280603469
2022,12,PT Bank Perekonomian Rakyat Syariah Hikmah Wakilah,Kota Banda Aceh,Provinsi NAD,620046,151942709.0,66086975.0,1022949.0,657732.0,0.0,71024.0,2031846.0,30282640.0,0.0,0.0,0.0,4570982.0,18026883.0,104681993.0,475399.0,329785.0,586211.0,0.0,5256273.0,1000000.0,1186250.0,0.0,11318765.0,18959994.0,8847989.0,0.0,2946299.0,28.68,2.75,,2.4,70.79,90.36,46.45,28.68,5.543176806651055,95.31537211187955
2022,12,PT Bank Perekonomian Rakyat Syariah Mustaqim Aceh Perseroda,Kota Banda Aceh,Provinsi NAD,620187,183474061.0,86311547.0,0.0,0.0,0.0,0.0,0.0,13934140.0,0.0,0.0,390177.0,3191573.0,31861698.0,33938662.0,662480.0,3922071.0,2319047.0,0.0,0.0,0.0,3770730.0,0.0,20973334.0,22732105.0,19341324.0,0.0,2271292.0,96.21,4.98,,1.73,87.78,49.77,16.85,96.21,5.5514463466260295,95.31786202059116
2022,12,PT Bank Perekonomian Rakyat Syariah Taman Indah Darussalam,Kota Banda Aceh,Provinsi NAD,620158,59769715.0,29839293.0,0.0,0.0,0.0,0.0,3825139.0,1230000.0,35234.0,0.0,0.0,5862818.0,92677.0,22449000.0,0.0,0.0,35246.0,0.0,23814060.0,0.0,384677.0,0.0,7316289.0,7420939.0,7053990.0,0.0,337493.0,28.21,0.61,,0.12,91.54,79.72,8.3,28.21,5.544809666796793,95.3231595660368
2022,12,PT Bank Perekonomian Rakyat Syariah Adeco,Kota Langsa,Provinsi NAD,620141,151404421.0,95069769.0,0.0,4004970.0,0.0,0.0,2789000.0,0.0,0.0,0.0,425134.0,6705393.0,5745565.0,81851400.0,1137961.0,289448.0,172531.0,0.0,35965833.0,2346083.0,801445.0,0.0,7311404.0,18681050.0,6331191.0,0.0,3471914.0,19.85,4.23,,2.72,75.78,70.81,34.99,19.85,4.464710385925349,97.9655777382901
2022,12,PT Bank Perekonomian Rakyat Syariah Serambi Mekah,Kota Langsa,Provinsi NAD,620152,29070144.0,20254331.0,0.0,0.0,0.0,0.0,0.0,0.0,0.0,0.0,375000.0,1300299.0,0.0,9770750.0,1715.0,164974.0,37944.0,0.0,10193020.0,2462257.0,30764.0,0.0,2305510.0,4131388.0,1890885.0,5550.0,919968.0,32.05,3.75,,3.22,79.99,95.25,37.16,32.05,4.466232402810879,97.97539511921892
2022,12,PT Bank Perekonomian Rakyat Syariah Rahmah Hijrah Agung,Kota Lhokseumawe,Provinsi NAD,620049,55838928.0,35235300.0,0.0,0.0,0.0,0.0,800000.0,0.0,0.0,0.0,48133.0,958424.0,3897129.0,39092100.0,25535.0,125675.0,83402.0,0.0,2445584.0,1345748.0,131987.0,0.0,3907813.0,7503829.0,3414052.0,21110.0,745290.0,29.5,4.24,,1.58,81.26,82.0,33.36,29.5,5.1766961991986555,97.14916447763574
2022,12,PT Bank Perekonomian Rakyat Syariah Tulen Amanah,Kab. Lombok Tengah,Provinsi Nusa Tenggara Barat,620009,58000966.0,36218505.0,0.0,0.0,0.0,0.0,0.0,141094.0,0.0,0.0,343775.0,0.0,19257349.0,22972450.0,258908.0,411609.0,273504.0,0.0,2001720.0,0.0,2214402.0,0.0,7345265.0,9426237.0,5456431.0,93962.0,2881541.0,33.51,3.88,,7.0,73.81,87.46,35.71,33.51,-8.70747522600701,116.25948057531416
2022,12,PT. BANK PEREKONOMIAN RAKYAT SYARIAH DINAR ASHRI,Kota Mataram,Provinsi Nusa Tenggara Barat,620104,1049121307.0,57701062.0,0.0,0.0,149924507.0,0.0,10000000.0,558626320.0,0.0,0.0,140856.0,54743348.0,129420889.0,616528942.0,3894001.0,1547821.0,10427834.0,0.0,91636188.0,850126.0,12458272.0,0.0,55935252.0,109050306.0,40410532.0,1053772.0,30895454.0,24.53,2.21,,4.54,67.21,96.95,34.38,24.53,-8.593657692387334,116.10734653727864
2022,12,PT. BANK PEREKONOMIAN RAKYAT SYARIAH PNM PATUH BERAMAL AMALI,Kota Mataram,Provinsi Nusa Tenggara Barat,620021,104530796.0,57783688.0,0.0,0.0,2620893.0,0.0,995000.0,13321174.0,0.0,0.0,0.0,70407.0,16843727.0,41963850.0,382137.0,293825.0,634103.0,0.0,22224168.0,4899980.0,2388678.0,0.0,10522671.0,14991508.0,6574550.0,120868.0,3763697.0,36.54,3.15,,5.34,57.54,126.91,50.44,36.54,-8.58389278031459,116.11057126739846
2022,12,PT. BPRS Muamalat Yotefa,Kab. Jayapura,Provinsi Papua,620067,,,,,,,,,,,,,,,,,,,,,,,,,,,,,,,,,,,,-2.550807165553799,140.48835142200244
2022,12,PT Bank Perekonomian Rakyat Syariah Berkah Dana Fadhlillah (Perseroda),Kab. Kampar,Provinsi Riau,620060,64236255.0,40154652.0,0.0,28927.0,68861.0,0.0,0.0,0.0,0.0,0.0,69263.0,41746046.0,0.0,13907500.0,236109.0,370809.0,28360.0,0.0,0.0,0.0,396994.0,0.0,7213838.0,7858393.0,5558566.0,0.0,1513457.0,25.71,3.27,,2.79,69.95,72.33,18.53,25.71,0.8689938830957369,101.2803342082979
2022,12,PT BANK PEREKONOMIAN RAKYAT SYARIAH SIAK JAYA,Kab. Siak,Provinsi Riau,620189,19168193.0,12945883.0,0.0,197294.0,0.0,0.0,0.0,1046861.0,0.0,0.0,0.0,210033.0,8114364.0,3482129.0,75950.0,0.0,71573.0,0.0,0.0,0.0,221996.0,0.0,387300.0,444082.0,2278656.0,0.0,-2931902.0,118.57,,,-14.0,402.0,120.0,36.0,118.57,0.6271089398798741,101.56683647826335
2022,12,PT Bank Perekonomian Rakyat Syariah Hasanah,Kota Pekanbaru,Provinsi Riau,620041,50677414.0,19565336.0,799668.0,1512997.0,22644.0,0.0,788000.0,7465178.0,0.0,0.0,595054.0,2020998.0,4445486.0,17358049.0,0.0,272732.0,290027.0,0.0,21560000.0,0.0,241111.0,0.0,4117478.0,5483062.0,3460430.0,0.0,802889.0,22.48,4.53,,2.54,81.65,128.24,39.65,22.48,0.5249696427966165,101.44758104638636
2022,12,PT Bank Perekonomian Rakyat Syariah Nurul Ikhwan,Kab. Polewali Mandar,Provinsi Sulawesi Barat,620045,160986.0,0.0,0.0,0.0,0.0,0.0,0.0,0.0,0.0,0.0,0.0,0.0,61741.0,0.0,0.0,0.0,13816.0,0.0,0.0,0.0,19489.0,0.0,0.0,0.0,101665.0,0.0,-30189.0,108.31,0.01,,1.21,185.88,0.01,131.29,108.31,-3.4069455429190376,119.31879018370128
2022,12,PT Bank Perekonomian Rakyat Syariah Gowata,Kab. Gowa,Provinsi Sulawesi Selatan,620065,5968165.0,3524123.0,0.0,89292.0,0.0,0.0,0.0,0.0,0.0,0.0,0.0,0.0,896416.0,460000.0,18219.0,42326.0,18119.0,0.0,1025334.0,5750.0,31783.0,0.0,1120880.0,1227501.0,898156.0,0.0,359922.0,93.69,0.78,,6.06,63.12,156.54,142.07,93.69,-5.225938686460566,120.0079553182381
2022,12,PT Bank Perekonomian Rakyat Syariah Surya Sejati,Kab. Takalar,Provinsi Sulawesi Selatan,620031,5349348.0,1895269.0,0.0,0.0,0.0,0.0,0.0,0.0,0.0,0.0,0.0,0.0,896080.0,700000.0,7554.0,106732.0,2675.0,0.0,484234.0,0.0,35378.0,0.0,635678.0,712548.0,630937.0,0.0,37144.0,158.01,10.8,,0.14,97.17,118.75,227.46,158.01,-5.431354763307175,119.44652127180228
2022,12,PT BANK PEREKONOMIAN RAKYAT SYARIAH NIAGA MADANI,Kota Makassar,Provinsi Sulawesi Selatan,620039,21702682.0,16777949.0,0.0,0.0,100849.0,0.0,0.0,0.0,0.0,0.0,0.0,0.0,2198476.0,9093040.0,14340.0,24467.0,152597.0,0.0,3873630.0,2911181.0,181129.0,0.0,4450644.0,5374408.0,4688571.0,9000.0,444172.0,23.34,6.42,,2.24,90.92,143.48,90.35,23.34,-5.127789499318414,119.412410921333
2022,12,PT Bank Perekonomian Rakyat Syariah Dana Moneter,Kota Makassar,Provinsi Sulawesi Selatan,620030,57583177.0,38831075.0,0.0,396980.0,0.0,0.0,0.0,0.0,0.0,0.0,0.0,7177208.0,5936960.0,22222800.0,185668.0,408697.0,155557.0,0.0,8963823.0,0.0,516203.0,0.0,6089563.0,8305654.0,5406117.0,0.0,1024798.0,30.73,2.47,,2.07,82.82,111.01,13.64,30.73,-5.132293953516857,119.41407701618245
2022,12,PT Bank Perekonomian Rakyat Syariah Harta Insan Karimah Fajar Nitro,Kota Makassar,Provinsi Sulawesi Selatan,620168,13612451.0,6658368.0,0.0,0.0,23717.0,0.0,0.0,0.0,0.0,0.0,0.0,79598.0,1342429.0,4318450.0,41358.0,195147.0,127006.0,0.0,3450000.0,0.0,425119.0,0.0,1549320.0,2260464.0,1319577.0,0.0,479264.0,50.89,5.98,,4.13,75.13,116.4,94.19,50.89,-5.128522770098106,119.41038261376706
2022,12,PT Bank Perekonomian Rakyat Syariah Indo Timur,Kota Makassar,Provinsi Sulawesi Selatan,620010,7154318.0,1313229.0,0.0,0.0,0.0,0.0,0.0,0.0,0.0,0.0,0.0,3117490.0,601731.0,0.0,5152.0,118035.0,1818.0,0.0,0.0,0.0,701494.0,0.0,569874.0,595372.0,610781.0,0.0,14861.0,114.68,5.79,,0.05,98.68,35.31,61.54,114.68,-5.143550328284089,119.4138433249748
2022,12,PT Bank Perekonomian Rakyat Syariah Investama Mega Bakti,Kota Makassar,Provinsi Sulawesi Selatan,620077,32887315.0,15338158.0,0.0,87035.0,254546.0,0.0,433272.0,3958960.0,0.0,0.0,4291540.0,3351.0,1532351.0,4672000.0,103155.0,167604.0,11125.0,0.0,0.0,21231782.0,891392.0,0.0,1578733.0,3688167.0,2279845.0,0.0,-362599.0,39.91,11.35,,-1.69,130.63,92.61,114.14,39.91,-5.131381407363007,119.4094893372462
2022,12,PT Bank Perekonomian Rakyat Syariah Khairan Inti Amanah,Kab. Parimo/Banggai,Provinsi Sulawesi Tengah,620188,113506257.0,14525248.0,0.0,4271211.0,324100.0,0.0,0.0,67133350.0,0.0,0.0,0.0,2285077.0,22651074.0,56997250.0,445871.0,338216.0,743990.0,0.0,1514688.0,11558726.0,398798.0,0.0,8433766.0,12722436.0,7269784.0,0.0,2263615.0,46.41,1.49,,2.5,81.59,103.92,14.51,46.41,,
2022,12,PT BANK PEREKONOMIAN RAKYAT SYARIAH MASYARAKAT LINTAU BUO,Kab. Agam,Provinsi Sumatera Barat,620196,,,,,,,,,,,,,,,,,,,,,,,,,,,,,,,,,,,,,
2022,12,PT BPRS Sungai PuaSyariah,Kab. Agam,Provinsi Sumatera Barat,620186,20352479.0,11397795.0,0.0,3457624.0,0.0,0.0,0.0,1496442.0,0.0,0.0,0.0,11818693.0,0.0,3980050.0,0.0,548048.0,233288.0,0.0,0.0,0.0,46860.0,0.0,1929013.0,2163102.0,1864932.0,0.0,234661.0,33.74,0.02,,1.3,89.13,105.57,20.36,33.74,,
2022,12,PT Bank Perekonomian Rakyat Syariah Ampek Angkek Candung,Kab. Agam,Provinsi Sumatera Barat,620071,60189203.0,28568759.0,0.0,1359074.0,0.0,0.0,0.0,0.0,0.0,0.0,0.0,28345738.0,189372.0,19730444.0,131818.0,191719.0,586790.0,0.0,2344234.0,0.0,1547696.0,0.0,5730176.0,6550359.0,4913468.0,0.0,733972.0,29.98,7.48,,1.5,86.78,63.05,19.83,29.98,,
2022,12,PT Bank Perekonomian Rakyat Syariah Carana Kiat Andalas,Kab. Agam,Provinsi Sumatera Barat,620064,31473609.0,21153953.0,0.0,0.0,0.0,0.0,0.0,5000.0,0.0,0.0,1399430.0,14021756.0,0.0,10027832.0,101266.0,71074.0,287843.0,0.0,500115.0,1447500.0,59175.0,0.0,2608134.0,3128440.0,2817476.0,0.0,233292.0,30.22,7.04,,0.89,93.72,68.23,26.25,30.22,,
2022,12,PT BPRS Guguk Mas Makmur,Kab. Limapuluh Koto,Provinsi Sumatera Barat,620194,,,,,,,,,,,,,,,,,,,,,,,,,,,,,,,,,,,,,
2022,12,PT BPRS Taeh Baruah,Kab. Limapuluh Koto,Provinsi Sumatera Barat,620190,37022797.0,21473110.0,0.0,4126509.0,0.0,0.0,0.0,0.0,0.0,0.0,0.0,1408373.0,19253714.0,5649000.0,50815.0,185285.0,279345.0,0.0,2950000.0,125000.0,353829.0,0.0,1857522.0,2225843.0,1723883.0,0.0,382839.0,34.9,1.6,,1.17,82.69,78.52,19.81,34.9,,
2022,12,PT Bank Perekonomian Rakyat Syariah Khatulistiwa,Kab. Pasaman,Provinsi Sumatera Barat,620201,,,,,,,,,,,,,,,,,,,,,,,,,,,,,,,,,,,,,
2022,12,PT BPRS Mentari Pasaman Saiyo,Kab. Pasaman Barat,Provinsi Sumatera Barat,620059,14847595.0,11465804.0,0.0,188687.0,18100.0,0.0,98600.0,305000.0,0.0,0.0,140018.0,322760.0,7976273.0,2584000.0,49034.0,322667.0,235127.0,0.0,767861.0,0.0,571949.0,55.0,1105066.0,1448383.0,1335161.0,18000.0,21728.0,32.43,4.94,,0.28,94.89,100.2,17.02,32.43,,
2022,12,PT BPRS Haji Miskin,Kab. Tanah Datar,Provinsi Sumatera Barat,620099,72598566.0,48661019.0,0.0,3056112.0,0.0,32235.0,0.0,1590000.0,0.0,0.0,0.0,6805849.0,12761962.0,31845194.0,248448.0,453848.0,655113.0,0.0,5570000.0,3499964.0,1926779.0,0.0,5764667.0,9109944.0,5336234.0,36045.0,1169769.0,27.72,2.75,,2.08,78.76,85.34,10.54,27.72,0.7957568848810034,100.72783265816751
2022,12,PT Bank Perekonomian Rakyat Syariah Balerong Bunta,Kab. Tanah Datar,Provinsi Sumatera Barat,620197,,,,,,,,,,,,,,,,,,,,,,,,,,,,,,,,,,,,0.8031965185093075,100.73793330633296
2022,12,PT Bank Pembiayaan Rakyat Syariah Jam Gadang Perseroda,Kota Bukittinggi,Provinsi Sumatera Barat,620185,70985035.0,24304906.0,0.0,23438518.0,193532.0,0.0,134550.0,0.0,0.0,0.0,0.0,39843388.0,0.0,8307287.0,259996.0,170922.0,137127.0,0.0,9100000.0,0.0,2126388.0,0.0,5930660.0,6877745.0,5074665.0,36307.0,1204711.0,34.51,0.03,,2.44,80.66,90.04,18.45,34.51,-0.2958866590933593,100.36052326690393
2022,12,PT BANK PEREKONOMIAN RAKYAT SYARIAH AL MAKMUR,Kota Payakumbuh,Provinsi Sumatera Barat,620132,71700906.0,32684711.0,0.0,822215.0,61480.0,0.0,0.0,7564540.0,0.0,0.0,535797.0,30741081.0,2461869.0,24041229.0,0.0,139514.0,401320.0,0.0,4509655.0,0.0,984852.0,0.0,4870279.0,6724266.0,4101108.0,0.0,1607667.0,29.2,0.93,,2.93,68.15,72.3,24.33,29.2,-0.2305304689386322,100.63568358146692
2022,12,PT BPRS Gajahtongga KotoPiliang,Kota Sawahlunto,Provinsi Sumatera Barat,620162,39146086.0,33620233.0,0.0,0.0,0.0,0.0,0.0,907833.0,0.0,0.0,0.0,17194238.0,0.0,12198100.0,144042.0,693327.0,337091.0,0.0,1000000.0,0.0,737107.0,0.0,4627920.0,5630705.0,3781978.0,0.0,1267942.0,40.34,2.19,,3.88,76.29,93.14,26.92,40.34,-0.6873833320816837,100.76958758372275
2022,12,PT BPRS Barakah Nawaitul Ikhlas,Kota Solok,Provinsi Sumatera Barat,620123,7324072.0,4541154.0,0.0,262073.0,0.0,0.0,0.0,0.0,0.0,0.0,0.0,115133.0,3369622.0,2463000.0,19613.0,75753.0,16162.0,0.0,20000.0,304626.0,41695.0,0.0,705380.0,831253.0,969006.0,0.0,-122086.0,26.56,7.57,,-1.73,114.81,66.29,36.41,26.56,-0.8090450252633046,100.6628003414127
2022,12,PT Bank Perekonomian Rakyat Syariah Al Falah,Kab. Banyuasin,Provinsi Sumatera Selatan,620040,25315475.0,16786291.0,0.0,819194.0,0.0,0.0,0.0,0.0,0.0,0.0,0.0,84459.0,5427381.0,8275960.0,156497.0,240509.0,113960.0,0.0,3000000.0,470823.0,397904.0,0.0,3091752.0,4138869.0,2491027.0,0.0,860715.0,41.81,2.6,,3.82,80.0,72.75,31.3,41.81,,
2022,12,PT Bank Perekonomian Rakyat Syariah Amanah Insan Cita,Kab. Deli Serdang,Provinsi Sumatera Utara,620145,15550225.0,10011196.0,0.0,0.0,0.0,0.0,780000.0,0.0,0.0,0.0,0.0,2636926.0,0.0,8453000.0,34821.0,597523.0,67029.0,0.0,1070301.0,0.0,233711.0,0.0,1965157.0,2668520.0,2272191.0,0.0,-168530.0,29.0,18.49,,-1.08,106.18,97.32,116.73,29.0,,
2022,12,PT Bank Perekonomian Rakyat Syariah Puduarta Insani,Kab. Deli Serdang,Provinsi Sumatera Utara,620058,60464746.0,27755801.0,0.0,0.0,0.0,0.0,0.0,0.0,0.0,0.0,0.0,15644652.0,0.0,35049832.0,120869.0,350626.0,80127.0,0.0,588376.0,0.0,440192.0,0.0,4497663.0,7250178.0,3994892.0,0.0,686992.0,27.19,3.69,,1.37,82.45,54.75,69.94,27.19,,
2022,12,PT Bank Perekonomian Rakyat Syariah Sindanglaya Kotanopan,Kab. Mandailing Natal,Provinsi Sumatera Utara,620111,7543863.0,2022555.0,0.0,263882.0,0.0,0.0,0.0,1618227.0,0.0,0.0,0.0,2121667.0,0.0,2360700.0,26561.0,130748.0,10770.0,0.0,503748.0,0.0,1301426.0,0.0,891707.0,1029583.0,1287489.0,0.0,-187239.0,36.16,5.51,,-2.41,112.38,87.11,43.42,36.16,,
2022,12,PT Bank Perekonomian Rakyat Syariah Amanah Bangsa,Kab. Simalungun,Provinsi Sumatera Utara,620032,114221966.0,89513679.0,0.0,161899.0,0.0,0.0,470000.0,989318.0,0.0,0.0,437400.0,16284911.0,314576.0,35639104.0,437791.0,438729.0,194564.0,0.0,32785096.0,17576133.0,1223554.0,0.0,10522814.0,17832460.0,18533749.0,0.0,1401044.0,15.36,2.29,,1.78,90.65,175.09,46.9,15.36,,
2022,12,PT. BPRS Al-Yaqin,Kab. Simalungun,Provinsi Sumatera Utara,620092,,,,,,,,,,,,,,,,,,,,,,,,,,,,,,,,,,,,,
2022,12,PT Bank Perekonomian Rakyat Syariah Al Washliyah,Kota Medan,Provinsi Sumatera Utara,620036,14477520.0,6273371.0,0.0,2162018.0,8200.0,0.0,829.0,198775.0,0.0,0.0,432286.0,1513396.0,2065555.0,9657500.0,48271.0,401925.0,166622.0,0.0,15905.0,0.0,212305.0,0.0,441551.0,1134029.0,1306399.0,0.0,-710422.0,11.11,20.44,,-4.91,216.02,65.3,11.83,11.11,3.5953913881617754,98.67901076224275
2022,12,PT Bank Perekonomian Rakyat Syariah Gebu Prima,Kota Medan,Provinsi Sumatera Utara,620055,56896477.0,25713421.0,0.0,1607328.0,0.0,0.0,16384500.0,0.0,0.0,0.0,0.0,310099.0,4063694.0,42410000.0,6082.0,55812.0,85565.0,0.0,6976918.0,0.0,24383.0,0.0,1043252.0,6780393.0,2463735.0,0.0,-310953.0,12.34,7.14,,-0.55,119.47,94.04,22.67,12.34,3.580883089096215,98.66623055730342
2023,12,PT Bank Perekonomian Rakyat Syariah Fajar Sejahtera Bali,Kab. Badung,Provinsi Bali,620026,27521347.0,5239956.0,0.0,5690561.0,11200.0,0.0,1140741.0,419500.0,0.0,0.0,0.0,689098.0,5571904.0,9127040.0,57453.0,0.0,378104.0,0.0,4000000.0,0.0,35599.0,0.0,2699300.0,3443913.0,2148776.0,99176.0,674813.0,86.58,,,3.07,69.8,81.24,38.76,86.58,-8.645170567141806,115.27693679878858
2023,12,PT Bank Perekonomian Rakyat Syariah Muamalah Cilegon,Kota Cilegon,Provinsi Banten,620034,81132524.0,30467405.0,1495387.0,2645016.0,0.0,0.0,0.0,9912341.0,0.0,0.0,0.0,33576750.0,4011795.0,23907530.0,226128.0,1041327.0,805982.0,0.0,9011960.0,0.0,346497.0,0.0,8543301.0,10399087.0,6193233.0,74985.0,2035539.0,37.44,4.55,6.89,3.45,71.78,63.14,31.34,37.44,-6.013534007648159,106.0585828108812
2023,12,PT. BPRS Cilegon Mandiri,Kota Cilegon,Provinsi Banten,620080,150497034.0,65041412.0,0.0,1479216.0,10400.0,49401.0,0.0,34880900.0,0.0,0.0,518320.0,7890511.0,17523017.0,74518292.0,491612.0,1199681.0,543254.0,0.0,0.0,0.0,397310.0,0.0,6676661.0,11418807.0,14382381.0,0.0,-4693838.0,85.39,9.68,10.72,-3.11,137.09,108.96,31.96,85.39,-6.0121840147933305,106.06249216016823
2023,12,PT BPRS Harta Insan Karimah,Kota Tangerang,Provinsi Banten,620012,711966108.0,251462899.0,0.0,68992599.0,824174.0,0.0,9650000.0,206227131.0,0.0,0.0,10300000.0,39171802.0,103346909.0,487576598.0,2409139.0,1155203.0,1504186.0,0.0,6038979.0,0.0,5129543.0,0.0,53882615.0,88052020.0,47090647.0,252514.0,7400617.0,21.35,4.51,4.72,1.56,88.66,85.25,10.74,21.35,-6.168514895786671,106.6333010221693
2023,12,PT Bank Perekonomian Rakyat Syariah Musyarakah Ummat Indonesia,Kota Tangerang,Provinsi Banten,620007,59195858.0,47142514.0,0.0,1594394.0,51032.0,0.0,452433.0,1135355.0,0.0,0.0,402568.0,2735939.0,1170033.0,19400587.0,475814.0,375453.0,201640.0,0.0,30928040.0,0.0,57916.0,0.0,3805322.0,6725020.0,5131632.0,0.0,-647847.0,12.54,4.6,4.88,-1.09,93.8,95.45,38.82,12.54,-6.17429154031784,106.64290706543798
2023,12,PT Bank Perekonomian Rakyat Syariah Rizky Barokah,Kota Tangerang Selatan,Provinsi Banten,620199,,,,,,,,,,,,,,,,,,,,,,,,,,,,,,,,,,,,-6.320385744555436,106.69864713138224
2023,12,PT Bank Perekonomian Rakyat Syariah Muamalat Harkat,Kab. Seluma,Provinsi Bengkulu,620052,80672974.0,43229895.0,0.0,16542.0,0.0,17500.0,0.0,0.0,0.0,0.0,0.0,8783722.0,15987126.0,39093000.0,366539.0,1101528.0,58726.0,0.0,5450418.0,0.0,625505.0,0.0,8539795.0,12688787.0,6130985.0,60000.0,2060941.0,18.36,5.31,7.58,3.39,79.65,73.78,97.56,18.36,,
2023,12,PT Bank Perekonomian Rakyat Syariah Fadhilah Kota Bengkulu (Perseroda),Kota Bengkulu,Provinsi Bengkulu,620184,46210513.0,30000062.0,0.0,819496.0,676037.0,0.0,3976389.0,941813.0,0.0,0.0,0.0,7917623.0,1166994.0,9752500.0,184967.0,192960.0,45222.0,0.0,4000000.0,1528078.0,100182.0,0.0,4595878.0,5418917.0,4248591.0,0.0,313906.0,87.69,1.58,2.11,0.92,88.96,193.31,36.2,87.69,-3.798786993847248,102.26066774117557
2023,12,PT Bank Perekonomian Rakyat Syariah Maslahat Dana Syariah Nusantara,Kota Bengkulu,Provinsi Bengkulu,620181,21550572.0,12775404.0,0.0,1057479.0,159120.0,0.0,1583430.0,1498114.0,0.0,0.0,1129351.0,5618095.0,0.0,11215000.0,74996.0,46722.0,11488.0,0.0,444388.0,0.0,297589.0,0.0,2251138.0,2706623.0,1898483.0,0.0,1345486.0,24.74,4.36,4.61,7.05,63.09,101.43,17.72,24.74,-3.791547736340278,102.2560829253008
2023,12,PT. BPRS Safir,Kota Bengkulu,Provinsi Bengkulu,620090,,,,,,,,,,,,,,,,,,,,,,,,,,,,,,,,,,,,-3.8005555705877825,102.2529282154658
2023,12,PT Bank Perekonomian Rakyat Syariah Bangun Drajat Warga,Kab. Bantul,Provinsi D.I. Yogyakarta,620018,221888335.0,101934220.0,8027539.0,1811645.0,0.0,995480.0,9041788.0,26780879.0,0.0,0.0,0.0,74451830.0,36211323.0,61401765.0,783226.0,820867.0,3259122.0,0.0,26843482.0,0.0,501343.0,0.0,12676368.0,17444935.0,9734963.0,82343.0,2588798.0,23.56,6.13,6.62,1.77,76.66,79.77,28.26,23.56,-6.162883175978525,106.8097490702202
2023,12,PT Bank Perekonomian Rakyat Syariah Madina Mandiri Sejahtera,Kab. Bantul,Provinsi D.I. Yogyakarta,620118,219565279.0,43984830.0,0.0,26634597.0,19309.0,0.0,2151277.0,70405106.0,0.0,0.0,1767434.0,13777713.0,4147771.0,91745300.0,936723.0,748671.0,3571114.0,0.0,81376775.0,11925024.0,697231.0,0.0,10931013.0,19953577.0,8556375.0,0.0,2272365.0,17.98,4.85,5.37,1.22,86.36,80.89,46.64,17.98,-6.160825160234478,106.80699763980014
2023,12,PT Bank Perekonomian Rakyat Syariah Margirizki Bahagia,Kab. Bantul,Provinsi D.I. Yogyakarta,620017,35195254.0,14684343.0,0.0,0.0,0.0,0.0,0.0,10026581.0,0.0,0.0,48333.0,5381897.0,2835625.0,13284600.0,86029.0,915820.0,22243.0,0.0,5987859.0,0.0,78343.0,0.0,3437817.0,4719668.0,3668167.0,0.0,440655.0,48.08,16.59,20.28,1.38,90.47,114.92,48.4,48.08,-6.173931205857998,106.82055050685378
2023,12,PT Bank Perekonomian Rakyat Syariah Cahaya Hidup,Kab. Sleman,Provinsi D.I. Yogyakarta,620163,57718494.0,26887953.0,0.0,63870.0,0.0,0.0,917767.0,12838702.0,0.0,0.0,0.0,1564321.0,397603.0,27415920.0,152550.0,589364.0,255680.0,0.0,19348666.0,0.0,178260.0,0.0,3644912.0,6713253.0,2804617.0,26620.0,1056467.0,36.45,9.77,11.21,2.36,82.18,101.19,56.26,36.45,,
2023,12,PT Bank Perekonomian Rakyat Syariah Danagung Syariah,Kab. Sleman,Provinsi D.I. Yogyakarta,620128,34026736.0,9298762.0,0.0,6557183.0,0.0,1831399.0,0.0,2572034.0,0.0,0.0,0.0,2229307.0,69642.0,12212900.0,114356.0,191495.0,244888.0,0.0,13479428.0,0.0,9275.0,0.0,1307906.0,3421790.0,3545729.0,0.0,-1796559.0,32.76,27.54,28.85,-1.53,129.28,87.0,71.81,32.76,,
2023,12,PT Bank Perekonomian Rakyat Syariah Formes Sleman,Kab. Sleman,Provinsi D.I. Yogyakarta,620136,58976393.0,27957232.0,0.0,1343333.0,300000.0,444428.0,917316.0,4633922.0,0.0,0.0,256054.0,5358237.0,12960092.0,8218966.0,239382.0,284284.0,265515.0,0.0,20742813.0,3324022.0,198740.0,0.0,5039385.0,6542402.0,4482802.0,0.0,1097142.0,25.74,15.04,15.74,2.15,84.04,126.6,11.36,25.74,,
2023,12,PT Bank Perekonomian Rakyat Syariah Harta Insan Karimah Mitra Cahaya Indonesia,Kab. Sleman,Provinsi D.I. Yogyakarta,620133,267231517.0,146932514.0,0.0,8017939.0,0.0,0.0,168500.0,38434388.0,0.0,0.0,594171.0,22662068.0,1304291.0,133665654.0,864686.0,2662950.0,285279.0,0.0,71548086.0,6856030.0,819019.0,0.0,14957191.0,29908824.0,14902099.0,0.0,2449822.0,23.72,5.29,6.67,1.29,91.7,73.25,17.21,23.72,,
2023,12,PT Bank Perekonomian Rakyat Syariah Mitra Amal Mulia,Kab. Sleman,Provinsi D.I. Yogyakarta,620117,73151930.0,41394193.0,0.0,3914135.0,358567.0,12224.0,575833.0,1876385.0,0.0,0.0,973036.0,3940837.0,6787948.0,28888083.0,229953.0,317816.0,187403.0,0.0,20034472.0,4906993.0,811854.0,0.0,5529288.0,9183261.0,4678960.0,19733.0,752970.0,22.43,2.97,3.54,1.37,83.56,92.74,16.97,22.43,,
2023,12,PT Bank Perekonomian Rakyat Syariah Sleman (Perseroda),Kab. Sleman,Provinsi D.I. Yogyakarta,620193,43745233.0,16910745.0,0.0,725970.0,0.0,0.0,0.0,11202854.0,0.0,0.0,0.0,680825.0,1070171.0,15358900.0,144689.0,0.0,68282.0,0.0,3800769.0,0.0,179806.0,0.0,2570325.0,3286661.0,3523318.0,0.0,1086480.0,169.52,,,3.37,64.52,169.13,15.84,169.52,,
2023,12,PT Bank Perekonomian Rakyat Syariah Barokah Dana Sejahtera,Kota Yogyakarta,Provinsi D.I. Yogyakarta,620115,215709274.0,62697242.0,819059.0,2823426.0,330041.0,107864.0,2322644.0,95368936.0,0.0,0.0,1586431.0,40790148.0,18795438.0,118417889.0,732462.0,1355007.0,1336008.0,0.0,18156960.0,1747693.0,237452.0,0.0,10899549.0,19286586.0,9464460.0,0.0,2016316.0,13.59,7.24,7.98,1.27,79.56,92.55,13.3,13.59,-7.808951498748443,110.36881342877136
2023,12,PT Bank Perekonomian Rakyat Syariah Dana Hidayatullah,Kota Yogyakarta,Provinsi D.I. Yogyakarta,620107,50926386.0,29179696.0,0.0,16262.0,0.0,1947601.0,45315.0,4748710.0,0.0,0.0,0.0,1685996.0,8593291.0,21277400.0,156773.0,454382.0,202052.0,0.0,11022686.0,0.0,101627.0,0.0,3539469.0,5551880.0,3092443.0,0.0,792514.0,38.8,9.55,10.76,1.89,51.36,113.88,24.62,38.8,-7.805830145091572,110.3718318454461
2023,12,PT Bank Perekonomian Rakyat Syariah Mitra Harmoni Yogyakarta,Kota Yogyakarta,Provinsi D.I. Yogyakarta,620149,100336914.0,50067858.0,0.0,116930.0,0.0,544790.0,10040075.0,2050000.0,0.0,0.0,0.0,12684736.0,14854353.0,44744780.0,196773.0,1202593.0,620038.0,0.0,18651107.0,1532421.0,285970.0,0.0,6441781.0,12765164.0,7850948.0,0.0,758427.0,17.16,9.69,11.36,0.78,90.61,91.77,33.68,17.16,-7.803051873506947,110.36402782968446
2023,12,PT Bank Perekonomian Rakyat Syariah Unisia Insan Indonesia,Kota Yogyakarta,Provinsi D.I. Yogyakarta,620178,144415950.0,69527491.0,0.0,1079042.0,1867424.0,0.0,1737071.0,26104372.0,0.0,0.0,0.0,7132327.0,7619059.0,83024020.0,648515.0,23170.0,705782.0,0.0,34828967.0,0.0,62196.0,0.0,7227336.0,13285392.0,6235037.0,0.0,1500370.0,22.46,4.75,5.41,1.48,82.72,102.68,16.96,22.46,-7.811119305839534,110.36108720090904
2023,12,PT BPRS Hidayah,Wil. Kota Jakarta Barat,Provinsi DKI Jakarta,620119,,,,,,,,,,,,,,,,,,,,,,,,,,,,,,,,,,,,,
2023,12,PT Bank Perekonomian Rakyat Syariah Hijra Alami,Wil. Kota Jakarta Selatan,Provinsi DKI Jakarta,620138,303934731.0,14109521.0,0.0,5337379.0,1381471.0,0.0,8282916.0,99518106.0,0.0,0.0,574581.0,63549802.0,0.0,95133636.0,1192561.0,479101.0,838954.0,0.0,14311079.0,66746000.0,2130462.0,0.0,5362292.0,11627683.0,7010859.0,0.0,1301729.0,1.04,1.96,2.33,0.01,0.91,71.1,0.59,1.04,,
2023,12,PT Bank Perekonomian Rakyat Syariah Al Ihsan,Kab. Bandung,Provinsi Jawa Barat,620044,75142098.0,43350212.0,0.0,726692.0,16900.0,0.0,0.0,0.0,0.0,0.0,1015500.0,20613636.0,0.0,39374606.0,199607.0,252544.0,816566.0,0.0,9000000.0,0.0,11993.0,0.0,4011439.0,6646932.0,4363043.0,0.0,791711.0,21.21,6.07,7.09,1.13,91.96,73.5,52.25,21.21,-6.971851712893827,107.5425031409888
2023,12,PT Bank Perekonomian Rakyat Syariah Almasoem,Kab. Bandung,Provinsi Jawa Barat,620027,332030398.0,128695326.0,0.0,103028101.0,21932401.0,0.0,0.0,2145000.0,0.0,0.0,254250.0,90780335.0,6198992.0,165959440.0,2086640.0,4475673.0,4699295.0,0.0,23950000.0,0.0,4524627.0,0.0,30495760.0,43887290.0,25979476.0,0.0,6876081.0,16.31,4.91,7.47,2.62,81.9,97.01,14.98,16.31,-6.97009496632967,107.54174350568084
2023,12,PT Bank Perekonomian Rakyat Syariah Amanah Rabbaniah,Kab. Bandung,Provinsi Jawa Barat,620002,136820009.0,78222779.0,0.0,7264060.0,2264406.0,0.0,0.0,4496766.0,0.0,0.0,76952.0,38878717.0,6542830.0,59432143.0,483034.0,1605655.0,948775.0,0.0,13150000.0,1761237.0,1898280.0,0.0,14989346.0,21376139.0,11652927.0,120000.0,4552818.0,20.06,3.21,4.96,4.49,77.75,77.86,38.23,20.06,-6.981512329239818,107.54983972422548
2023,12,PT Bank Perekonomian Rakyat Syariah Harta Insan Karimah Parahyangan,Kab. Bandung,Provinsi Jawa Barat,620054,1914076643.0,831871156.0,0.0,5375502.0,53647455.0,0.0,0.0,692570264.0,0.0,0.0,10232370.0,215902702.0,30312891.0,987210627.0,9241808.0,6614289.0,5215893.0,0.0,118902614.0,375874184.0,2448965.0,0.0,130503084.0,248336823.0,110269821.0,676212.0,20345526.0,15.95,1.5,1.92,1.47,89.46,91.63,29.86,15.95,-6.965455511896712,107.55659356508802
2023,12,PT Bank Perekonomian Rakyat Syariah Amanah Insani,Kab. Bekasi,Provinsi Jawa Barat,620066,69353908.0,46294807.0,0.0,1067690.0,465743.0,0.0,5132684.0,0.0,0.0,0.0,0.0,17252321.0,0.0,33802518.0,215386.0,650754.0,208086.0,0.0,0.0,0.0,953036.0,0.0,7811628.0,9943855.0,7823124.0,398595.0,2381536.0,54.68,24.98,26.2,3.13,81.28,103.73,24.27,54.68,-6.204349585324721,107.17320288461552
2023,12,PT BPRS Bogor Tegar Beriman,Kab. Bogor,Provinsi Jawa Barat,620177,168693635.0,102836776.0,432000.0,4640176.0,0.0,0.0,0.0,33644902.0,0.0,0.0,0.0,8406987.0,10172058.0,49054241.0,561040.0,1340400.0,550818.0,0.0,63627000.0,10177987.0,2077183.0,0.0,15350508.0,22327351.0,19811079.0,0.0,1732433.0,26.3,9.41,10.2,1.28,90.67,209.3,91.91,26.3,-6.552632627212006,107.00079770326322
2023,12,PT Bank Perekonomian Rakyat Syariah Amanah Ummah,Kab. Bogor,Provinsi Jawa Barat,620004,452976514.0,248960181.0,26185843.0,696845.0,4597598.0,484257.0,1455000.0,20163020.0,0.0,0.0,0.0,226395482.0,2259996.0,176414101.0,2845027.0,3300000.0,5074012.0,0.0,3005037.0,0.0,1147226.0,0.0,39120749.0,52105932.0,28344136.0,900000.0,9326558.0,20.87,1.1,2.98,2.87,76.02,73.98,18.34,20.87,-6.547796294132246,107.00834446079764
2023,12,PT Bank Perekonomian Rakyat Syariah Botani Bina Rahmah,Kab. Bogor,Provinsi Jawa Barat,620061,142936837.0,68128309.0,0.0,26582458.0,833113.0,559.0,0.0,27526767.0,0.0,465294.0,0.0,17971339.0,0.0,40864900.0,719327.0,2068864.0,668401.0,0.0,59535178.0,3671308.0,6697833.0,0.0,10904932.0,17018740.0,8088296.0,0.0,3687789.0,24.83,1.24,2.79,3.05,63.8,103.97,13.98,24.83,-6.546441998522415,106.99684935942706
2023,12,PT Bank Perekonomian Rakyat Syariah Harta Insan Karimah Insan Cita,Kab. Bogor,Provinsi Jawa Barat,620069,260280762.0,197281849.0,0.0,3251677.0,377077.0,0.0,2616399.0,16531569.0,0.0,0.0,0.0,18126991.0,6004869.0,117722339.0,853460.0,1739981.0,895090.0,0.0,57569638.0,39445608.0,1713558.0,0.0,19325071.0,34852411.0,19509805.0,0.0,3162853.0,15.24,2.06,2.85,1.65,89.49,110.35,31.61,15.24,-6.539331604489986,107.00639936483655
2023,12,PT. BPRS Rif'atul Ummah,Kab. Bogor,Provinsi Jawa Barat,620068,16946057.0,5706182.0,187750.0,5533541.0,300162.0,0.0,0.0,763634.0,0.0,0.0,162786.0,2120356.0,9.0,3378100.0,0.0,589315.0,306802.0,0.0,7620533.0,1000000.0,166629.0,0.0,1204132.0,1485881.0,2193942.0,0.0,-1273837.0,12.3,49.5,54.21,-7.5,135.9,130.0,29.16,12.3,-6.544725297552011,107.0028264990046
2023,12,PT Bank Perekonomian Rakyat Syariah Gaido Indonesia,Kab. Cianjur,Provinsi Jawa Barat,620043,42119511.0,26470899.0,0.0,3488320.0,0.0,0.0,350000.0,1057456.0,0.0,0.0,0.0,5822503.0,2377210.0,4840000.0,120235.0,243989.0,207463.0,0.0,22750000.0,3693208.0,500000.0,0.0,2938502.0,5563816.0,4907816.0,0.0,-984034.0,16.06,3.33,4.11,-2.34,126.0,81.81,61.6,16.06,-6.563150818639635,106.73146469181188
2023,12,PT Bank Perekonomian Rakyat Syariah Harum Hikmahnugraha,Kab. Garut,Provinsi Jawa Barat,620029,95394463.0,60614756.0,0.0,9540781.0,1166250.0,23182.0,0.0,1597000.0,0.0,0.0,0.0,25562959.0,644084.0,35606465.0,205046.0,130494.0,113378.0,0.0,21500000.0,0.0,590071.0,0.0,8906757.0,12556913.0,6231332.0,0.0,2090026.0,27.83,5.53,5.96,3.05,80.74,82.71,12.69,27.83,-7.201021164642222,107.90284024114014
2023,12,PT Bank Perekonomian Rakyat Syariah PNM Mentari,Kab. Garut,Provinsi Jawa Barat,620008,164273329.0,97719217.0,0.0,9277044.0,13648999.0,68823.0,0.0,15138492.0,0.0,0.0,0.0,5893612.0,11649143.0,72760335.0,673972.0,935211.0,592189.0,0.0,46472878.0,5575670.0,4876134.0,0.0,15747815.0,24098043.0,13708586.0,0.0,3219499.0,25.92,2.53,3.22,2.67,84.91,150.44,12.5,25.92,-7.195611181584734,107.90948097277126
2023,12,PT. BPRS Gotong Royong,Kab. Subang,Provinsi Jawa Barat,620172,,,,,,,,,,,,,,,,,,,,,,,,,,,,,,,,,,,,-6.553534544317955,107.7543397767086
2023,12,PT. BPRS Gotong Royong,Kab. Subang,Provinsi Jawa Barat,620172,,,,,,,,,,,,,,,,,,,,,,,,,,,,,,,,,,,,-6.916774443100237,106.9293590384548
2023,12,PT BPRS Berkah Amal Salman,Kota Bandung,Provinsi Jawa Barat,620001,,,,,,,,,,,,,,,,,,,,,,,,,,,,,,,,,,,,-6.918139601318028,107.60647461822626
2023,12,PT BPRS Berkah Amal Salman,Kota Bandung,Provinsi Jawa Barat,620001,,,,,,,,,,,,,,,,,,,,,,,,,,,,,,,,,,,,-6.600064385549815,106.7999819599572
2023,12,PT Bank Perekonomian Rakyat Syariah Baiturridha Pusaka,Kota Bandung,Provinsi Jawa Barat,620011,240658227.0,58190665.0,0.0,111920884.0,12852336.0,0.0,400000.0,9297729.0,0.0,0.0,0.0,14044276.0,12680437.0,108121300.0,1066679.0,2641082.0,3806384.0,0.0,17300000.0,50354273.0,1525117.0,0.0,41996060.0,49673810.0,27436259.0,430931.0,13058757.0,20.67,0.64,2.0,7.69,67.4,84.91,22.17,20.67,-6.926057921061269,107.60382508821964
2023,12,PT Bank Perekonomian Rakyat Syariah Baiturridha Pusaka,Kota Bandung,Provinsi Jawa Barat,620011,240658227.0,58190665.0,0.0,111920884.0,12852336.0,0.0,400000.0,9297729.0,0.0,0.0,0.0,14044276.0,12680437.0,108121300.0,1066679.0,2641082.0,3806384.0,0.0,17300000.0,50354273.0,1525117.0,0.0,41996060.0,49673810.0,27436259.0,430931.0,13058757.0,20.67,0.64,2.0,7.69,67.4,84.91,22.17,20.67,-6.5950591985824625,106.79485467015364
2023,12,PT Bank Perekonomian Rakyat Syariah Mitra Harmoni Kota Bandung,Kota Bandung,Provinsi Jawa Barat,620161,32980138.0,20041609.0,0.0,1986889.0,1847400.0,12143.0,0.0,0.0,0.0,0.0,132000.0,3904287.0,1522583.0,13779125.0,88205.0,295259.0,727834.0,0.0,5974582.0,0.0,51957.0,0.0,3894213.0,4986270.0,4352138.0,0.0,200130.0,45.78,10.77,11.74,0.33,96.04,96.67,20.49,45.78,-6.930306124913997,107.60122007641682
2023,12,PT Bank Perekonomian Rakyat Syariah Mitra Harmoni Kota Bandung,Kota Bandung,Provinsi Jawa Barat,620161,32980138.0,20041609.0,0.0,1986889.0,1847400.0,12143.0,0.0,0.0,0.0,0.0,132000.0,3904287.0,1522583.0,13779125.0,88205.0,295259.0,727834.0,0.0,5974582.0,0.0,51957.0,0.0,3894213.0,4986270.0,4352138.0,0.0,200130.0,45.78,10.77,11.74,0.33,96.04,96.67,20.49,45.78,-6.605274910968337,106.787676963878
2023,12,PT BANK PEREKONOMIAN RAKYAT ARTHA MADANI,Kota Bekasi,Provinsi Jawa Barat,620088,454686904.0,300160207.0,0.0,22503980.0,614299.0,0.0,0.0,12026188.0,0.0,0.0,3848370.0,35362029.0,11797800.0,108329490.0,1429337.0,898245.0,2226267.0,0.0,196252000.0,78682540.0,54465.0,0.0,11955246.0,39734938.0,20880697.0,0.0,3234459.0,13.42,1.45,2.14,0.66,89.98,95.33,33.46,13.42,-6.235802486784483,106.99167237097036
2023,12,PT Bank Perekonomian Rakyat Syariah Harta Insan Karimah Bekasi,Kota Bekasi,Provinsi Jawa Barat,620015,329924751.0,71302683.0,0.0,12159788.0,4500.0,0.0,3638742.0,197061640.0,0.0,0.0,5308456.0,16276372.0,534160.0,232208304.0,849087.0,2345739.0,1141074.0,0.0,58202038.0,0.0,1199210.0,0.0,14047674.0,34109808.0,19242393.0,0.0,-338092.0,12.43,20.25,21.06,-0.11,101.77,92.5,28.03,12.43,-6.237084227639964,106.9866402479551
2023,12,PT Bank Perekonomian Rakyat Syariah Harta Insan Karimah Cibitung,Kota Bekasi,Provinsi Jawa Barat,620020,634938102.0,239776705.0,5943039.0,30840508.0,562000.0,0.0,404613.0,159531196.0,0.0,0.0,0.0,40685250.0,7526600.0,391734660.0,2567271.0,7028910.0,5916174.0,0.0,62721159.0,77734860.0,4885494.0,0.0,52386768.0,90288436.0,77782349.0,185992.0,-14626255.0,17.35,6.14,7.74,-2.4,115.53,75.41,26.77,17.35,-6.225695831277773,106.98845203769474
2023,12,PT Bank Perekonomian Rakyat Syariah Patriot Bekasi Perseroda,Kota Bekasi,Provinsi Jawa Barat,620108,536972442.0,276456173.0,0.0,35598895.0,579881.0,0.0,0.0,149042424.0,0.0,0.0,1398344.0,55440804.0,2778725.0,191930079.0,7151026.0,2795847.0,4092584.0,0.0,54850000.0,99375979.0,37041685.0,0.0,50230014.0,66754424.0,39490597.0,0.0,8258657.0,23.36,0.36,0.96,2.34,83.48,107.56,19.84,23.36,-6.2278728540382104,107.00170463692426
2023,12,PT Bank Perekonomian Rakyat Syariah Riyal Irsyadi,Kota Bekasi,Provinsi Jawa Barat,620005,149884451.0,62051618.0,0.0,1147503.0,27833.0,196045.0,238327.0,42349270.0,0.0,0.0,788637.0,12277302.0,7944956.0,85595000.0,447239.0,1584491.0,1459870.0,0.0,25365164.0,0.0,205751.0,0.0,13064763.0,18694142.0,13815290.0,0.0,3059459.0,15.14,6.35,8.2,2.21,89.18,74.72,21.49,15.14,-6.225147459974553,106.99631349110932
2023,12,PT BPRS Berkah Amal Salman,Kota Bogor,Provinsi Jawa Barat,620001,,,,,,,,,,,,,,,,,,,,,,,,,,,,,,,,,,,,-6.918139601318028,107.60647461822626
2023,12,PT BPRS Berkah Amal Salman,Kota Bogor,Provinsi Jawa Barat,620001,,,,,,,,,,,,,,,,,,,,,,,,,,,,,,,,,,,,-6.600064385549815,106.7999819599572
2023,12,PT Bank Perekonomian Rakyat Syariah Baiturridha Pusaka,Kota Bogor,Provinsi Jawa Barat,620011,240658227.0,58190665.0,0.0,111920884.0,12852336.0,0.0,400000.0,9297729.0,0.0,0.0,0.0,14044276.0,12680437.0,108121300.0,1066679.0,2641082.0,3806384.0,0.0,17300000.0,50354273.0,1525117.0,0.0,41996060.0,49673810.0,27436259.0,430931.0,13058757.0,20.67,0.64,2.0,7.69,67.4,84.91,22.17,20.67,-6.926057921061269,107.60382508821964
2023,12,PT Bank Perekonomian Rakyat Syariah Baiturridha Pusaka,Kota Bogor,Provinsi Jawa Barat,620011,240658227.0,58190665.0,0.0,111920884.0,12852336.0,0.0,400000.0,9297729.0,0.0,0.0,0.0,14044276.0,12680437.0,108121300.0,1066679.0,2641082.0,3806384.0,0.0,17300000.0,50354273.0,1525117.0,0.0,41996060.0,49673810.0,27436259.0,430931.0,13058757.0,20.67,0.64,2.0,7.69,67.4,84.91,22.17,20.67,-6.5950591985824625,106.79485467015364
2023,12,PT Bank Perekonomian Rakyat Syariah Mitra Harmoni Kota Bandung,Kota Bogor,Provinsi Jawa Barat,620161,32980138.0,20041609.0,0.0,1986889.0,1847400.0,12143.0,0.0,0.0,0.0,0.0,132000.0,3904287.0,1522583.0,13779125.0,88205.0,295259.0,727834.0,0.0,5974582.0,0.0,51957.0,0.0,3894213.0,4986270.0,4352138.0,0.0,200130.0,45.78,10.77,11.74,0.33,96.04,96.67,20.49,45.78,-6.930306124913997,107.60122007641682
2023,12,PT Bank Perekonomian Rakyat Syariah Mitra Harmoni Kota Bandung,Kota Bogor,Provinsi Jawa Barat,620161,32980138.0,20041609.0,0.0,1986889.0,1847400.0,12143.0,0.0,0.0,0.0,0.0,132000.0,3904287.0,1522583.0,13779125.0,88205.0,295259.0,727834.0,0.0,5974582.0,0.0,51957.0,0.0,3894213.0,4986270.0,4352138.0,0.0,200130.0,45.78,10.77,11.74,0.33,96.04,96.67,20.49,45.78,-6.605274910968337,106.787676963878
2023,12,PT BPRS SHADIQ AMANAH,Kota Cimahi,Provinsi Jawa Barat,620019,,,,,,,,,,,,,,,,,,,,,,,,,,,,,,,,,,,,-6.863473787610629,107.53563110990164
2023,12,PT Bank Perekonomian Rakyat Syariah Daarul Hayat,Kota Cimahi,Provinsi Jawa Barat,620035,65878344.0,33157102.0,19041640.0,214505.0,335729.0,0.0,0.0,318663.0,0.0,0.0,0.0,7068332.0,757634.0,9546759.0,162992.0,279554.0,478088.0,0.0,17750000.0,0.0,14144.0,15080000.0,2680165.0,4938472.0,3307991.0,0.0,145468.0,97.93,2.11,2.91,0.29,103.92,106.0,36.59,97.93,-6.867341948596262,107.55153148405364
2023,12,PT Bank Perekonomian Rakyat Syariah Albarokah,Kota Depok,Provinsi Jawa Barat,620053,46705563.0,20471332.0,0.0,726697.0,0.0,0.0,131600.0,14310149.0,0.0,0.0,631367.0,2201214.0,1147120.0,21178476.0,166259.0,573575.0,152476.0,0.0,1500000.0,0.0,780036.0,13000000.0,2177833.0,3258881.0,4368819.0,0.0,-280159.0,28.14,3.41,4.97,-0.9,105.42,94.97,107.62,28.14,-6.414286608555458,106.82408456386716
2023,12,PT Bank Perekonomian Rakyat Syariah Alhijrah Amanah,Kota Depok,Provinsi Jawa Barat,620062,65394608.0,28038929.0,0.0,1777766.0,556522.0,1274.0,0.0,22104867.0,0.0,0.0,885758.0,9845058.0,670597.0,19052642.0,41847.0,722357.0,437225.0,0.0,27589436.0,1555556.0,236687.0,0.0,4520753.0,8063787.0,4178615.0,0.0,509832.0,15.98,5.45,6.88,1.0,92.32,95.65,60.42,15.98,-6.4012211998367325,106.81183657113324
2023,12,PT Bank Perekonomian Rakyat Syariah Alsalaam Amal Salman,Kota Depok,Provinsi Jawa Barat,620101,329676734.0,213497077.0,5970128.0,2012919.0,260907.0,0.0,843419.0,14055163.0,0.0,0.0,0.0,20657174.0,51623699.0,194904924.0,1175643.0,2903345.0,1609853.0,0.0,105107.0,0.0,8017086.0,0.0,45217230.0,56644038.0,40963742.0,0.0,4904418.0,29.44,0.45,1.68,2.05,86.12,88.57,9.03,29.44,-6.416217509745828,106.80751636393872
2023,12,PT Bank Perekonomian Rakyat Syariah Hasanah Mandiri,Kota Depok,Provinsi Jawa Barat,620006,138529700.0,95313564.0,29370405.0,3563476.0,963614.0,0.0,3133563.0,500000.0,0.0,0.0,0.0,1087766.0,6669599.0,47335677.0,392085.0,3368146.0,52761.0,0.0,60119665.0,7871563.0,926727.0,7681053.0,1569547.0,11402325.0,10439406.0,0.0,-5048027.0,11.24,13.84,16.52,,190.23,101.43,42.3,11.24,-6.40152714268215,106.8199776998472
2023,12,PT. BPRS Gotong Royong,Kota Sukabumi,Provinsi Jawa Barat,620172,,,,,,,,,,,,,,,,,,,,,,,,,,,,,,,,,,,,-6.553534544317955,107.7543397767086
2023,12,PT. BPRS Gotong Royong,Kota Sukabumi,Provinsi Jawa Barat,620172,,,,,,,,,,,,,,,,,,,,,,,,,,,,,,,,,,,,-6.916774443100237,106.9293590384548
2023,12,PT Bank Perekonomian Rakyat Syariah Almadinah Tasikmalaya Perseroda,Kota Tasikmalaya,Provinsi Jawa Barat,620156,94821753.0,35200481.0,556611.0,3231582.0,1882591.0,0.0,0.0,33103878.0,0.0,0.0,0.0,10978979.0,12976120.0,19032684.0,428470.0,488114.0,155386.0,0.0,30300000.0,2817833.0,1427537.0,0.0,6676218.0,9444937.0,7435851.0,10000.0,744937.0,31.5,7.89,12.63,1.17,91.93,166.28,36.08,31.5,-7.3283420052585,108.22977779026246
2023,12,PT Bank Perekonomian Rakyat Syariah Alwadiah,Kota Tasikmalaya,Provinsi Jawa Barat,620037,76590025.0,65195149.0,0.0,0.0,0.0,0.0,23862.0,6225000.0,0.0,0.0,0.0,1888926.0,8614324.0,36682486.0,214454.0,1696980.0,231559.0,0.0,19250000.0,0.0,610870.0,0.0,6793177.0,9573431.0,5652231.0,0.0,1287039.0,18.6,5.55,8.22,2.0,78.67,151.41,7.55,18.6,-7.31950171379176,108.2182123272616
2023,12,PT Bank Perekonomian Rakyat Syariah Arta Leksana,Kab. Banyumas,Provinsi Jawa Tengah,620110,69587296.0,33902419.0,986801.0,798349.0,150000.0,0.0,505000.0,8835553.0,0.0,0.0,170000.0,22752972.0,4415985.0,24229000.0,205812.0,21579.0,132881.0,0.0,6818789.0,2248333.0,618451.0,0.0,5114840.0,7158101.0,3645607.0,0.0,1472931.0,27.47,6.35,6.4,2.87,71.28,87.9,43.06,27.47,-7.440480384054677,109.32329819176095
2023,12,PT Bank Perekonomian Rakyat Syariah Bina Amanah Satria,Kab. Banyumas,Provinsi Jawa Tengah,620087,91410043.0,61886129.0,0.0,2950897.0,367740.0,78576.0,0.0,1871417.0,0.0,0.0,980744.0,28143543.0,6639782.0,32223644.0,290819.0,319306.0,123704.0,0.0,13433746.0,0.0,606439.0,0.0,7630358.0,10808673.0,5558919.0,0.0,1862670.0,24.91,3.9,4.37,2.89,78.66,100.22,31.27,24.91,-7.448909227338186,109.32815980963753
2023,12,PT Bank Perekonomian Rakyat Syariah Gunung Slamet,Kab. Banyumas,Provinsi Jawa Tengah,620146,151450252.0,113722068.0,990199.0,3845165.0,804000.0,0.0,225000.0,5660548.0,0.0,0.0,0.0,22240912.0,5360095.0,100311425.0,571046.0,1591406.0,449222.0,0.0,9924416.0,0.0,1877542.0,0.0,11217623.0,18646403.0,11907524.0,0.0,1314673.0,17.39,7.24,7.24,1.16,91.74,97.92,15.26,17.39,-7.437522556194236,109.32557212705542
2023,12,PT Bank Perekonomian Rakyat Syariah Harta Insan Karimah Jawa Tengah,Kab. Banyumas,Provinsi Jawa Tengah,620089,31123403.0,13427677.0,0.0,1988239.0,451696.0,0.0,0.0,4577833.0,0.0,0.0,0.0,1656714.0,1810546.0,6766770.0,94628.0,222525.0,24421.0,0.0,15048966.0,203687.0,36799.0,0.0,1165765.0,2073640.0,2614008.0,0.0,-1105526.0,49.85,9.72,10.77,-5.42,176.55,72.27,38.24,49.85,-7.445092454041309,109.33485862481956
2023,12,PT Bank Perekonomian Rakyat Syariah Bangun Arta,Kab. Cilacap,Provinsi Jawa Tengah,620195,74355893.0,36352021.0,0.0,7025664.0,0.0,0.0,0.0,13474033.0,0.0,0.0,0.0,537868.0,34127303.0,30844220.0,233357.0,1275441.0,206556.0,0.0,1000000.0,0.0,518882.0,0.0,6187617.0,8642675.0,20428811.0,0.0,50272.0,16.76,15.25,17.49,0.09,99.7,82.33,18.24,16.76,-7.720557123602994,109.02471707185968
2023,12,PT Bank Perekonomian Rakyat Syariah Bumi Artha Sampang,Kab. Cilacap,Provinsi Jawa Tengah,620112,100516194.0,53682550.0,0.0,80925.0,0.0,0.0,8920278.0,5296171.0,0.0,0.0,0.0,16151886.0,4713845.0,63873650.0,309784.0,340378.0,236376.0,0.0,7918421.0,0.0,428017.0,0.0,6819452.0,11502423.0,5936972.0,0.0,1151517.0,19.56,6.23,6.7,1.68,87.95,80.22,20.74,19.56,-7.709897309774618,109.02363619954758
2023,12,PT Bank Perekonomian Rakyat Syariah Suriyah,Kab. Cilacap,Provinsi Jawa Tengah,620086,349680533.0,194162693.0,132923.0,48255287.0,57500.0,27428.0,4193656.0,45549078.0,0.0,0.0,281417.0,57133211.0,9913508.0,154850641.0,1919053.0,4039903.0,2476878.0,0.0,82062333.0,14770783.0,731523.0,0.0,24962041.0,43516381.0,23164793.0,191468.0,7530978.0,15.94,16.6,18.64,2.8,69.19,91.78,40.9,15.94,-7.720360645096571,109.02261136336097
2023,12,PT Bank Perekonomian Rakyat Syariah Gala Mitra Abadi,Kab. Grobogan,Provinsi Jawa Tengah,620063,111546558.0,69187841.0,0.0,7275569.0,681835.0,0.0,1209290.0,14400595.0,0.0,0.0,535993.0,11110604.0,2654028.0,30240485.0,390948.0,239407.0,448357.0,0.0,52116547.0,6740629.0,1025536.0,0.0,9519384.0,16852797.0,8342940.0,0.0,935493.0,13.96,4.26,4.94,0.87,92.28,210.78,90.62,13.96,-7.088219305964116,110.9101564089674
2023,12,PT. BPRS Ikhsanul Amal,Kab. Kebumen,Provinsi Jawa Tengah,620047,29350830.0,18426965.0,0.0,117722.0,0.0,0.0,0.0,4889910.0,0.0,0.0,1395699.0,2097887.0,12376290.0,6458500.0,72644.0,248809.0,12745.0,0.0,4083081.0,0.0,159534.0,0.0,1617142.0,2287397.0,1872704.0,0.0,-155596.0,32.57,15.41,16.78,-0.59,106.18,111.95,19.05,32.57,-7.7499614325424,109.74028135566994
2023,12,PT. BPRS Asad Alif,Kab. Kendal,Provinsi Jawa Tengah,620070,72735113.0,45823650.0,0.0,610173.0,0.0,0.0,0.0,7450927.0,0.0,0.0,3263237.0,1157935.0,14619842.0,18778500.0,232717.0,224985.0,11580.0,0.0,26396566.0,3369480.0,970244.0,0.0,5343042.0,9065890.0,5794589.0,11702.0,610846.0,20.06,4.56,4.97,1.08,84.53,161.34,21.28,20.06,,
2023,12,PT Bank Perekonomian Rakyat Syariah Almabrur Klaten,Kab. Klaten,Provinsi Jawa Tengah,620142,229115156.0,49476116.0,0.0,2184417.0,46668.0,0.0,2569372.0,56237637.0,0.0,0.0,0.0,5938601.0,49868314.0,145088472.0,587992.0,179829.0,313402.0,0.0,5203965.0,0.0,1340723.0,0.0,9384618.0,15431679.0,6156675.0,84579.0,3353608.0,29.01,2.74,2.9,2.58,75.77,55.84,7.34,29.01,,
2023,12,PT Bank Perekonomian Rakyat Syariah Dharma Kuwera,Kab. Klaten,Provinsi Jawa Tengah,620159,94522576.0,47676189.0,0.0,6223087.0,0.0,0.0,592072.0,9263638.0,0.0,0.0,1234854.0,8129031.0,4625586.0,40674375.0,275374.0,239443.0,758744.0,0.0,25223267.0,3185175.0,215017.0,0.0,4872645.0,9303776.0,4464964.0,0.0,1072746.0,27.2,3.75,4.12,1.57,76.84,77.9,33.19,27.2,,
2023,12,PT BPRS Saka Dana Mulia,Kab. Kudus,Provinsi Jawa Tengah,620167,28405815.0,15497135.0,0.0,88777.0,36240.0,0.0,0.0,9256127.0,0.0,0.0,730838.0,3770672.0,302708.0,3980800.0,63555.0,1621151.0,92156.0,0.0,19914999.0,0.0,245812.0,0.0,1316446.0,3396187.0,6461604.0,0.0,-2707147.0,-1.46,44.85,51.28,-8.35,146.34,308.89,25.22,-1.46,-6.752673980908147,111.02119203015354
2023,12,PT Bank Perekonomian Rakyat Syariah Meru Nusantara Mandiri,Kab. Magelang,Provinsi Jawa Tengah,620143,53994104.0,12838995.0,0.0,2786400.0,156265.0,0.0,988500.0,16721325.0,0.0,0.0,697763.0,7756439.0,9946930.0,20723214.0,142492.0,178986.0,118649.0,0.0,7867546.0,0.0,167523.0,0.0,3445397.0,4932653.0,2588777.0,0.0,1114297.0,33.88,6.07,6.59,2.58,76.29,87.16,25.91,33.88,-7.483143805876312,110.21226325844997
2023,12,PT. BPRS Artha Mas Abadi,Kab. Pati,Provinsi Jawa Tengah,620100,61417889.0,33255463.0,0.0,456477.0,33900.0,0.0,0.0,10613781.0,0.0,0.0,0.0,20888876.0,1903192.0,23574758.0,202470.0,620664.0,106759.0,0.0,5291049.0,0.0,1634635.0,0.0,8027689.0,10102248.0,6739411.0,55326.0,1785859.0,19.67,2.98,4.35,4.05,79.57,95.67,48.43,19.67,-6.770220705556133,111.02002545693522
2023,12,PT Bank Perekonomian Rakyat Syariah Buana Mitra Perwira,Kab. Purbalingga,Provinsi Jawa Tengah,620083,336709467.0,159693563.0,11075963.0,5311860.0,12679993.0,0.0,0.0,60279233.0,0.0,0.0,400000.0,69401383.0,18805828.0,129771920.0,1317543.0,1572198.0,1987883.0,0.0,56221038.0,32639850.0,4199244.0,0.0,19959311.0,34206719.0,16060216.0,0.0,6252736.0,14.99,6.1,6.7,2.67,82.69,81.16,69.6,14.99,-7.38620934652322,109.3482136658594
2023,12,PT Bank Perekonomian Rakyat Syariah Artha Amanah Ummat,Kab. Semarang,Provinsi Jawa Tengah,620116,80260446.0,36719154.0,0.0,518317.0,0.0,0.0,0.0,21194415.0,0.0,0.0,325285.0,975553.0,7140435.0,37481500.0,263432.0,497461.0,69172.0,0.0,24101403.0,2342542.0,829420.0,0.0,4934677.0,9231453.0,4033064.0,39416.0,1280480.0,19.51,2.88,3.74,2.07,85.24,128.15,54.52,19.51,-7.138606830428244,110.40957996108703
2023,12,PT Bank Perekonomian Rakyat Syariah Sukowati Sragen (Perseroda),Kab. Sragen,Provinsi Jawa Tengah,620124,393366375.0,175617158.0,0.0,32776014.0,0.0,0.0,1925565.0,122959538.0,0.0,0.0,2190767.0,61203301.0,28131929.0,164469620.0,3483684.0,4507489.0,12129581.0,0.0,76713348.0,5528198.0,4596697.0,0.0,31837446.0,49537089.0,23617990.0,0.0,8086581.0,25.64,2.13,4.53,2.84,80.15,313.92,43.28,25.64,,
2023,12,PT Bank Perekonomian Rakyat Syariah Insan Madani,Kab. Sukoharjo,Provinsi Jawa Tengah,620154,50189995.0,22295901.0,0.0,0.0,0.0,0.0,0.0,18485789.0,0.0,0.0,0.0,1498792.0,4240276.0,24525521.0,174356.0,4494.0,57814.0,0.0,10037424.0,0.0,539587.0,0.0,2142880.0,3786174.0,3693217.0,0.0,-1114642.0,46.31,14.14,14.15,-2.39,143.2,134.75,12.32,46.31,-7.980423788495279,112.63614303338588
2023,12,PT BPRS Artha Surya Barokah,Kota Semarang,Provinsi Jawa Tengah,620084,268372784.0,130603772.0,0.0,6656902.0,1723086.0,0.0,1443866.0,58860939.0,0.0,0.0,576796.0,56407497.0,20554112.0,145795360.0,1199926.0,1733145.0,457482.0,0.0,9218838.0,0.0,6501135.0,0.0,16680472.0,26901989.0,15992106.0,141507.0,5236289.0,23.66,1.73,3.2,2.73,78.42,89.46,61.64,23.66,-6.992447596736079,110.42988872705932
2023,12,PT BPRS Bina Finansia,Kota Semarang,Provinsi Jawa Tengah,620102,60047546.0,36271299.0,0.0,1016208.0,32000.0,0.0,0.0,8334786.0,0.0,0.0,1104509.0,0.0,17001813.0,20450939.0,191693.0,101131.0,385385.0,0.0,14028644.0,0.0,333705.0,0.0,4518181.0,6792269.0,3560706.0,0.0,1095186.0,24.19,2.25,2.41,2.12,80.35,121.9,32.68,24.19,-6.984027795058197,110.415867283899
2023,12,PT Bank Perekonomian Rakyat Syariah Kedung Arto,Kota Semarang,Provinsi Jawa Tengah,620191,325352621.0,212605263.0,0.0,2764431.0,0.0,0.0,0.0,27751516.0,0.0,0.0,0.0,41066861.0,5856681.0,177688079.0,803319.0,519767.0,1186876.0,0.0,71750000.0,1821956.0,1110063.0,0.0,23538494.0,38622815.0,21522329.0,0.0,5558410.0,20.18,4.02,4.15,2.36,84.03,108.24,21.16,20.18,-6.984249050778415,110.4263886103255
2023,12,PT. BPRS Mitra Harmoni Kota Semarang,Kota Semarang,Provinsi Jawa Tengah,620151,64895768.0,40998815.0,0.0,1019173.0,0.0,183314.0,485000.0,6199000.0,0.0,0.0,0.0,3059682.0,5652813.0,21473900.0,164680.0,936228.0,577388.0,0.0,21935436.0,2798119.0,281564.0,0.0,6062344.0,8981541.0,6258130.0,0.0,997500.0,34.7,13.02,14.37,2.23,93.95,104.74,24.33,34.7,-6.989034701457653,110.42390375172975
2023,12,PT Bank Perekonomian Rakyat Syariah Central Syariah Utama,Kota Surakarta/Solo,Provinsi Jawa Tengah,620137,95673005.0,32407120.0,0.0,41383806.0,29420.0,22712.0,0.0,6628322.0,0.0,0.0,48194.0,18869718.0,3256075.0,26392000.0,374585.0,758283.0,312421.0,0.0,37546581.0,0.0,634846.0,0.0,4242332.0,7462953.0,3340127.0,0.0,1350188.0,22.58,1.73,2.67,1.51,70.7,166.42,17.34,22.58,-7.583455291786536,110.81861293442316
2023,12,PT Bank Perekonomian Rakyat Syariah Dana Amanah Surakarta,Kota Surakarta/Solo,Provinsi Jawa Tengah,620125,156378642.0,44794568.0,4171563.0,7560557.0,1491049.0,0.0,62360.0,35155208.0,0.0,0.0,494054.0,13184714.0,20522692.0,71804990.0,451794.0,1080239.0,344351.0,0.0,19014903.0,15956000.0,2297968.0,0.0,8712426.0,14533442.0,5848862.0,0.0,3117085.0,17.85,1.18,2.3,2.82,61.87,74.87,45.85,17.85,-7.582281788876442,110.82735174142871
2023,12,PT Bank Perekonomian Rakyat Syariah Dana Mulia,Kota Surakarta/Solo,Provinsi Jawa Tengah,620122,51447864.0,25043835.0,0.0,6470867.0,15500.0,0.0,0.0,8882478.0,0.0,0.0,0.0,2904531.0,5052760.0,27501865.0,103232.0,1207572.0,34983.0,0.0,3299277.0,0.0,6606549.0,0.0,2710845.0,5241173.0,5006975.0,0.0,-973131.0,18.86,35.42,40.83,-1.83,128.81,113.97,15.59,18.86,-7.5721076896369475,110.81636511954429
2023,12,PT Bank Perekonomian Rakyat Syariah Hikmah Khazanah,Kota Surakarta/Solo,Provinsi Jawa Tengah,620171,263926114.0,135001149.0,0.0,2040344.0,0.0,0.0,0.0,78062845.0,0.0,0.0,0.0,30623749.0,5150190.0,134401837.0,4930355.0,2359314.0,1497583.0,0.0,37098789.0,14403955.0,5980185.0,0.0,20617896.0,34925730.0,15407212.0,180199.0,7070495.0,18.98,,0.72,3.54,76.08,126.4,60.22,18.98,-7.578734267499703,110.8209373266183
2023,12,PT Bank Perekonomian Rakyat Syariah Hikmah Bahari,Kota Tegal,Provinsi Jawa Tengah,620174,240998873.0,130897230.0,0.0,26450075.0,5417.0,0.0,4753151.0,40737263.0,0.0,0.0,0.0,20709754.0,606112.0,88003500.0,883297.0,6499498.0,1005519.0,0.0,68504353.0,36811132.0,764674.0,0.0,20668444.0,34219720.0,26032772.0,186848.0,-2014387.0,19.86,8.36,11.65,-0.81,104.84,185.55,5.65,19.86,-6.861973262113324,109.13573876794256
2023,12,PT Bank Perekonomian Rakyat Syariah Amanah Sejahtera,Kab. Gresik,Provinsi Jawa Timur,620050,102908727.0,54073172.0,0.0,2154773.0,1255556.0,0.0,3396687.0,21589490.0,0.0,0.0,0.0,34781560.0,35607435.0,17008732.0,263209.0,746620.0,44583.0,0.0,964276.0,0.0,1383313.0,0.0,9064706.0,10381260.0,10625819.0,24907.0,811647.0,22.2,10.53,11.29,0.97,93.38,94.36,10.95,22.2,-7.171206060982263,112.65347308804564
2023,12,PT Bank Perekonomian Rakyat Syariah Mandiri Mitra Sukses,Kab. Gresik,Provinsi Jawa Timur,620126,65993721.0,13123226.0,0.0,0.0,32921656.0,0.0,0.0,10503278.0,0.0,0.0,3289530.0,1011585.0,23436648.0,28388705.0,196426.0,1013302.0,236871.0,0.0,8774119.0,0.0,152003.0,0.0,6765102.0,7880515.0,7255609.0,0.0,-452761.0,13.1,7.32,9.41,-0.36,152.92,107.02,12.71,13.1,-7.1749772829692935,112.65847748596217
2023,12,PT. BPRS Asri Madani Nusantara,Kab. Jember,Provinsi Jawa Timur,620033,,,,,,,,,,,,,,,,,,,,,,,,,,,,,,,,,,,,-8.154319698220284,113.71768742028424
2023,12,PT Bank Perekonomian Rakyat Syariah Lantabur Tebuireng,Kab. Jombang,Provinsi Jawa Timur,620098,335353476.0,129934114.0,0.0,11099402.0,3761379.0,0.0,800000.0,84372800.0,0.0,0.0,4206922.0,8746684.0,143321566.0,141148740.0,974239.0,3226002.0,2343004.0,0.0,3611286.0,0.0,3324599.0,0.0,25349932.0,35672027.0,14915006.0,259291.0,9170754.0,14.9,12.19,13.56,3.42,68.72,78.43,14.08,14.9,-7.593963133811971,112.26493196168056
2023,12,PT Bank Perekonomian Rakyat Syariah Artha Pamenang,Kab. Kediri,Provinsi Jawa Timur,620147,59891025.0,32048943.0,0.0,7396765.0,0.0,0.0,0.0,6630257.0,0.0,0.0,0.0,2033577.0,4528433.0,41133687.0,193627.0,843237.0,353104.0,0.0,159466.0,0.0,2677205.0,0.0,8346346.0,10832187.0,8145217.0,48026.0,1547259.0,26.2,5.68,7.49,3.34,86.29,96.28,10.33,26.2,-7.81422235884534,112.0257736866079
2023,12,PT Bank Perekonomian Rakyat Syariah Rahma Syariah,Kab. Kediri,Provinsi Jawa Timur,620150,16255115.0,8443164.0,0.0,813769.0,0.0,0.0,225500.0,4062528.0,0.0,0.0,0.0,4915654.0,0.0,2181000.0,48932.0,110213.0,88989.0,0.0,0.0,0.0,337181.0,0.0,2241992.0,2377119.0,2965916.0,3254.0,-212428.0,93.04,10.1,12.6,-1.57,107.03,85.57,27.01,93.04,-7.821654764489613,112.02781200727956
2023,12,PT Bank Perekonomian Rakyat Syariah Tunas Artha Jaya Abadi,Kab. Kediri,Provinsi Jawa Timur,620200,,,,,,,,,,,,,,,,,,,,,,,,,,,,,,,,,,,,-7.816904745358005,112.01148890547412
2023,12,PT Bank Perekonomian Rakyat Syariah Madinah,Kab. Lamongan,Provinsi Jawa Timur,620139,23685545.0,11734008.0,0.0,0.0,0.0,0.0,0.0,4741300.0,0.0,0.0,0.0,728825.0,8234066.0,8525700.0,83963.0,156858.0,67140.0,0.0,0.0,0.0,1034950.0,0.0,2719662.0,3269047.0,5066312.0,0.0,-1808660.0,40.61,14.29,15.17,-7.55,147.46,94.21,22.06,40.61,-7.123303358568694,112.40966669736945
2023,12,PT BPRS Magetan (Perseroda),Kab. Magetan,Provinsi Jawa Timur,620165,66167783.0,40444581.0,0.0,3051294.0,0.0,0.0,5657338.0,0.0,0.0,0.0,133333.0,14664293.0,802792.0,28273300.0,246334.0,723052.0,398539.0,0.0,2500000.0,0.0,461300.0,0.0,5563058.0,6483545.0,4610055.0,0.0,1403791.0,39.6,3.96,5.89,2.12,73.23,75.82,21.01,39.6,,
2023,12,PT BPRS Bhakti Haji,Kab. Malang,Provinsi Jawa Timur,620048,12007609.0,4154391.0,0.0,1405774.0,0.0,0.0,0.0,4806636.0,0.0,0.0,0.0,1141773.0,1224299.0,2002000.0,40147.0,10607.0,43912.0,0.0,2878995.0,0.0,100181.0,0.0,1262263.0,1484473.0,700327.0,16105.0,552281.0,59.46,7.15,7.26,5.27,57.07,87.97,55.06,59.46,-7.991553338452736,112.64203778122696
2023,12,PT Bank Perekonomian Rakyat Syariah Al Hijrah Thayibah,Kab. Malang,Provinsi Jawa Timur,620198,,,,,,,,,,,,,,,,,,,,,,,,,,,,,,,,,,,,-7.974001944706607,112.6341027425821
2023,12,PT Bank Perekonomian Rakyat Syariah Bumi Rinjani Kepanjen,Kab. Malang,Provinsi Jawa Timur,620106,74007317.0,47256672.0,0.0,435789.0,0.0,396057.0,0.0,1599571.0,0.0,0.0,0.0,2166731.0,15176717.0,36217750.0,175392.0,1094047.0,696399.0,0.0,6505016.0,0.0,2183212.0,0.0,10364785.0,14074738.0,8732440.0,71633.0,2245749.0,22.4,8.38,10.14,3.92,75.7,93.8,77.56,22.4,-7.986689742538544,112.63775505887186
2023,12,PT Bank Perekonomian Rakyat Syariah Kabupaten Ngawi Perseroda,Kab. Ngawi,Provinsi Jawa Timur,620183,177926932.0,105875391.0,0.0,9006969.0,0.0,0.0,0.0,0.0,0.0,0.0,0.0,82162701.0,0.0,22711975.0,804645.0,22024.0,322275.0,0.0,46500000.0,0.0,1231485.0,0.0,12056163.0,14237999.0,8514261.0,0.0,4025929.0,32.7,0.16,0.16,3.8,67.86,89.85,38.45,32.7,-7.420451120596442,111.441830004461
2023,12,PT Bank Perekonomian Rakyat Syariah Sarana Prima Mandiri,Kab. Pamekasan,Provinsi Jawa Timur,620127,70289935.0,25664606.0,0.0,0.0,2667929.0,0.0,30280058.0,1339114.0,0.0,0.0,0.0,15674692.0,202085.0,38465870.0,202316.0,5789405.0,326322.0,0.0,5411410.0,1819530.0,477845.0,0.0,463817.0,3467699.0,8998563.0,0.0,22944277.0,-5.99,30.14,39.58,30.05,28.09,112.67,11.2,-5.99,,
2023,12,PT BPRS Al Hidayah,Kab. Pasuruan,Provinsi Jawa Timur,620072,,,,,,,,,,,,,,,,,,,,,,,,,,,,,,,,,,,,-7.64945314625638,112.90608207619024
2023,12,PT Bank Perekonomian Rakyat Syariah Daya Artha Mentari,Kab. Pasuruan,Provinsi Jawa Timur,620056,20989288.0,12216322.0,0.0,3352413.0,307258.0,0.0,470660.0,284672.0,0.0,0.0,350000.0,2152807.0,8603697.0,5170500.0,68327.0,415546.0,3364.0,0.0,2022852.0,0.0,332151.0,0.0,2339654.0,2563650.0,4635265.0,0.0,-602577.0,27.72,9.24,12.15,-2.94,114.32,92.65,23.61,27.72,-7.654596803987085,112.9133678475593
2023,12,PT. BPRS Jabal Tsur,Kab. Pasuruan,Provinsi Jawa Timur,620103,,,,,,,,,,,,,,,,,,,,,,,,,,,,,,,,,,,,-7.642622137527749,112.90214649056595
2023,12,PT. BPRS Ummu,Kab. Pasuruan,Provinsi Jawa Timur,620074,,,,,,,,,,,,,,,,,,,,,,,,,,,,,,,,,,,,-7.65021334152576,112.89863930816225
2023,12,PT Bank Perekonomian Rakyat Syariah Almabrur Babadan,Kab. Ponorogo,Provinsi Jawa Timur,620073,38394966.0,18006442.0,0.0,0.0,32266.0,0.0,3748136.0,3237703.0,0.0,0.0,0.0,18187133.0,0.0,8257063.0,158595.0,1599402.0,12995.0,0.0,3383411.0,0.0,165160.0,0.0,2897770.0,4026011.0,3684540.0,6810.0,234688.0,40.39,15.52,21.84,0.67,94.47,81.25,27.61,40.39,,
2023,12,PT Bank Perekonomian Rakyat Syariah Mitra Mentari Sejahtera,Kab. Ponorogo,Provinsi Jawa Timur,620180,45505848.0,11092062.0,0.0,77482.0,7039915.0,0.0,0.0,2555000.0,0.0,0.0,0.0,23552309.0,553531.0,13481450.0,89542.0,13508.0,19648.0,0.0,163188.0,0.0,158242.0,0.0,3678905.0,4025637.0,3328604.0,1114.0,400330.0,26.03,2.94,3.0,6.67,88.6,37.06,13.46,26.03,,
2023,12,PT BPRS Bumi Rinjani Probolinggo,Kab. Probolinggo,Provinsi Jawa Timur,620105,,,,,,,,,,,,,,,,,,,,,,,,,,,,,,,,,,,,,
2023,12,PT Bank Perekonomian Rakyat Syariah Sampang Perseroda,Kab. Sampang,Provinsi Jawa Timur,620166,194882827.0,78492830.0,0.0,3430601.0,5459277.0,0.0,846365.0,28554869.0,0.0,0.0,5204333.0,59802887.0,60978.0,31806120.0,514357.0,90044.0,337762.0,0.0,44846834.0,34927772.0,126929.0,0.0,11902883.0,18325506.0,14085696.0,0.0,1209580.0,21.44,3.6,3.68,1.73,81.27,84.12,69.14,21.44,-7.177646641310815,113.22928610732424
2023,12,PT Bank Perekonomian Rakyat Syariah Annisa Mukti,Kab. Sidoarjo,Provinsi Jawa Timur,620135,19713676.0,10589032.0,0.0,0.0,0.0,0.0,0.0,2709395.0,0.0,0.0,0.0,0.0,2932864.0,6982700.0,56248.0,212806.0,101501.0,0.0,2370445.0,0.0,516378.0,0.0,2755795.0,3413981.0,2410808.0,14720.0,509654.0,64.56,0.36,1.7,3.04,80.4,134.12,39.34,64.56,,
2023,12,PT Bank Perekonomian Rakyat Syariah Baktimakmur Indah,Kab. Sidoarjo,Provinsi Jawa Timur,620022,146567215.0,54139110.0,0.0,10005238.0,350000.0,625.0,0.0,46461748.0,0.0,0.0,4633681.0,5563534.0,0.0,0.0,363746.0,1873026.0,194786.0,0.0,123535.0,0.0,2618762.0,108984987.0,11795964.0,14088768.0,12589348.0,36466.0,1235010.0,34.35,21.77,23.33,0.98,92.15,100.4,14.75,34.35,,
2023,12,PT Bank Perekonomian Rakyat Syariah Unawi Barokah,Kab. Sidoarjo,Provinsi Jawa Timur,620155,9905527.0,5679862.0,0.0,807863.0,0.0,0.0,0.0,1167497.0,0.0,0.0,0.0,52359.0,1914578.0,1347111.0,25182.0,28301.0,44870.0,0.0,3450000.0,0.0,166775.0,0.0,751781.0,883858.0,878032.0,0.0,123384.0,47.91,7.29,7.64,1.67,87.95,230.99,57.89,47.91,,
2023,12,PT Bank Perekonomian Rakyat Syariah Situbondo,Kab. Situbondo,Provinsi Jawa Timur,620081,24302223.0,11329221.0,0.0,862976.0,0.0,179866.0,0.0,2994000.0,0.0,0.0,400000.0,1701469.0,3779300.0,9276480.0,48430.0,344887.0,376157.0,0.0,1505739.0,0.0,236904.0,0.0,2718592.0,3466308.0,2997227.0,0.0,328923.0,15.1,12.86,14.86,1.73,71.13,111.62,24.52,15.1,-7.702911353591342,113.9806037668517
2023,12,PT Bank Perekonomian Rakyat Syariah Bhakti Sumekar Perseroda,Kab. Sumenep,Provinsi Jawa Timur,620085,1209687677.0,534303425.0,2788605.0,7725208.0,93464806.0,1767385.0,10124830.0,13114942.0,0.0,0.0,0.0,304694031.0,3792869.0,616118642.0,4539757.0,16776766.0,11122228.0,0.0,19003866.0,42259340.0,12875260.0,0.0,69325543.0,111032834.0,59706372.0,0.0,10178992.0,37.39,4.39,6.42,1.2,87.24,72.65,83.78,37.39,,
2023,12,PT BPRS Bumi Rinjani,Kota Batu,Provinsi Jawa Timur,620109,,,,,,,,,,,,,,,,,,,,,,,,,,,,,,,,,,,,-7.86392956395291,112.52576707537388
2023,12,PT Bank Perekonomian Rakyat Syariah Arsa Sejahtera,Kota Batu,Provinsi Jawa Timur,620079,51517676.0,20525548.0,0.0,1684997.0,748898.0,0.0,0.0,3554432.0,0.0,0.0,0.0,581895.0,14202364.0,23103939.0,218979.0,65690.0,98596.0,0.0,0.0,0.0,636489.0,0.0,4527269.0,5814044.0,3094959.0,50862.0,1681664.0,65.52,,0.54,4.54,63.3,69.98,24.44,65.52,-7.8807671610865775,112.532451265561
2023,12,PT Bank Perekonomian Rakyat Syariah Tanmiya Artha,Kota Kediri,Provinsi Jawa Timur,620130,26770253.0,11931964.0,0.0,1518594.0,0.0,0.0,11896.0,6971107.0,0.0,0.0,30000.0,1345728.0,4883869.0,9293000.0,85404.0,757390.0,85549.0,0.0,3462226.0,0.0,549634.0,0.0,3175761.0,4034304.0,2027627.0,30657.0,1064107.0,41.57,9.33,13.04,4.76,69.95,79.81,46.03,41.57,-7.804361795474596,112.00698794188358
2023,12,PT BPRS Bumi Rinjani Malang,Kota Malang,Provinsi Jawa Timur,620078,,,,,,,,,,,,,,,,,,,,,,,,,,,,,,,,,,,,-7.974100981138048,112.64136686861058
2023,12,PT Bank Perekonomian Rakyat Syariah Mitra Harmoni Kota Malang,Kota Malang,Provinsi Jawa Timur,620153,38028359.0,26914173.0,0.0,2586615.0,0.0,0.0,0.0,0.0,0.0,0.0,0.0,6605558.0,1168178.0,11434300.0,114164.0,505695.0,103154.0,0.0,9150000.0,0.0,101239.0,0.0,5414826.0,6586308.0,5303099.0,0.0,550706.0,52.62,7.04,8.76,1.82,90.87,153.59,42.11,52.62,-7.984781410422721,112.62624122586716
2023,12,PT BPRS Mojo Artho Kota Mojokerto Perseroda,Kota Mojokerto,Provinsi Jawa Timur,620160,57831464.0,21481014.0,855680.0,718006.0,282533.0,870842.0,0.0,4869500.0,0.0,0.0,35228172.0,13279267.0,9932800.0,28803006.0,12840.0,16329923.0,2602962.0,0.0,37946967.0,0.0,184309.0,9587015.0,-2064187.0,1886504.0,13332838.0,0.0,23006295.0,1.0,36.7,90.26,39.78,43.0,44.0,0.91,1.0,-7.460555185064369,112.43110318032298
2023,12,PT Bank Perekonomian Rakyat Syariah Karya Mugi Sentosa,Kota Surabaya,Provinsi Jawa Timur,620113,120417665.0,69601434.0,0.0,2266724.0,1252523.0,0.0,883320.0,19380627.0,0.0,0.0,383652.0,30294303.0,16280914.0,35670400.0,447411.0,197958.0,1014036.0,0.0,18748461.0,0.0,1447043.0,0.0,13728967.0,15369931.0,13329085.0,50118.0,1626390.0,35.13,2.93,3.44,1.9,89.16,92.47,19.64,35.13,-7.248497572190274,112.74359015261464
2023,12,PT. BPRS Jabal Nur Tebuireng,Kota Surabaya,Provinsi Jawa Timur,620114,,,,,,,,,,,,,,,,,,,,,,,,,,,,,,,,,,,,-7.253401930640896,112.73115332691698
2023,12,PT Bank Perekonomian Rakyat Syariah Barkah Gemadana,Kab. Banjar,Provinsi Kalimantan Selatan,620013,134148734.0,91192924.0,0.0,1045485.0,13897778.0,0.0,0.0,2869833.0,0.0,0.0,0.0,1682740.0,33596902.0,63088909.0,1081929.0,787013.0,245412.0,0.0,18130358.0,0.0,808036.0,0.0,7923269.0,13763865.0,7258379.0,80511.0,2550708.0,23.75,1.49,2.21,2.6,80.26,112.79,19.48,23.75,-0.6588763736841944,101.48260796449918
2023,12,PT BPRS Mitra Amanah,Kota Palangkaraya,Provinsi Kalimantan Tengah,620170,7421194.0,1947897.0,0.0,226614.0,0.0,0.0,466774.0,0.0,0.0,0.0,787942.0,855047.0,1327908.0,1998632.0,7565.0,127316.0,8422.0,0.0,0.0,0.0,68157.0,0.0,1028630.0,1028630.0,1212850.0,0.0,-134568.0,75.0,7.2,4.98,-0.51,102.47,69.56,154.36,75.0,-2.20055455187618,113.91600497570754
2023,12,PT Bank Perekonomian Rakyat Syariah Manfaatsyariah,Kab. Kutai Kartanegara,Provinsi Kalimantan Timur,620014,9733572.0,2785211.0,0.0,0.0,0.0,0.0,0.0,0.0,0.0,0.0,2398878.0,47372.0,4646626.0,210000.0,3162.0,124153.0,4726.0,0.0,0.0,0.0,93191.0,0.0,1206265.0,1293118.0,1938811.0,0.0,-473558.0,52.25,,8.92,-3.33,125.6,35.86,53.88,52.25,-0.4108304755501372,116.98709494185226
2023,12,PT Bank Perekonomian Rakyat Syariah Bangka Belitung,Kota Pangkal Pinang,Provinsi Kep. Bangka Belitung,620076,359019976.0,132924229.0,0.0,1994279.0,0.0,653191.0,0.0,24248395.0,0.0,0.0,13558762.0,7208842.0,163164747.0,154950205.0,430783.0,4086703.0,336553.0,0.0,0.0,0.0,2562235.0,0.0,23914869.0,33641313.0,27980993.0,0.0,3614740.0,14.69,27.0,28.94,0.99,87.07,64.06,15.99,14.69,-2.120239693370022,106.11713996558484
2023,12,PT Bank Perekonomian Rakyat Syariah Syarikat Madani,Kota Batam,Provinsi Kep. Riau,620121,159646604.0,71847077.0,0.0,50634379.0,9488496.0,2949.0,0.0,19690957.0,0.0,0.0,712400.0,13904.0,10400760.0,70803750.0,614530.0,329854.0,1316877.0,0.0,60317085.0,0.0,2034933.0,0.0,13260545.0,20999263.0,19975792.0,0.0,2021584.0,24.62,6.7,7.33,2.14,87.76,107.18,14.88,24.62,1.1025924305431083,104.04282617621487
2023,12,PT Bank Perekonomian Rakyat Syariah Vitka Central,Kota Batam,Provinsi Kep. Riau,620134,131322091.0,53653059.0,0.0,36486376.0,951056.0,0.0,0.0,20003327.0,0.0,0.0,746984.0,855357.0,9896043.0,57709794.0,460097.0,153957.0,376467.0,0.0,50050000.0,0.0,1569289.0,0.0,7451363.0,13354366.0,6832851.0,0.0,2011048.0,20.42,3.15,3.25,2.09,83.93,162.0,14.14,20.42,1.0997027965875927,104.0345602824064
2023,12,PT Bank Perekonomian Rakyat Syariah Lampung Barat (Perseroda),Kab. Lampung Barat,Provinsi Lampung,620175,62562071.0,13834657.0,0.0,33742169.0,0.0,0.0,0.0,0.0,0.0,0.0,0.0,6182679.0,1599420.0,13035000.0,422369.0,1045721.0,301638.0,0.0,24050000.0,5509574.0,659698.0,0.0,4653410.0,8634093.0,3981329.0,0.0,1243470.0,35.84,4.48,6.7,2.53,69.37,180.72,35.36,35.84,,
2023,12,PT Bank Perekonomian Rakyat Syariah Kotabumi (Perseroda),Kab. Lampung Selatan,Provinsi Lampung,620131,197532374.0,50120879.0,0.0,98215078.0,0.0,0.0,0.0,0.0,0.0,0.0,0.0,32650866.0,313823.0,85454282.0,776703.0,1863613.0,842902.0,0.0,35448162.0,5841869.0,1721293.0,0.0,22819846.0,33587980.0,14195944.0,0.0,7647907.0,19.66,0.53,1.73,5.05,71.48,119.23,57.09,19.66,,
2023,12,PT Bank Perekonomian Rakyat Syariah Way Kanan (Perseroda),Kab. Lampung Selatan,Provinsi Lampung,620157,108491344.0,54695061.0,0.0,10067173.0,1525956.0,0.0,0.0,0.0,0.0,0.0,0.0,18472787.0,11436541.0,33324300.0,428008.0,2194061.0,1212336.0,0.0,25300000.0,0.0,1975521.0,0.0,9080319.0,14563757.0,7241315.0,0.0,3160627.0,35.63,0.81,4.11,3.9,76.01,74.87,83.94,35.63,,
2023,12,PT Bank Perekonomian Rakyat Syariah Rajasa Lampung Tengah (Perseroda),Kab. Lampung Tengah,Provinsi Lampung,620129,74122843.0,10076521.0,0.0,42804788.0,93500.0,0.0,0.0,0.0,0.0,0.0,133178.0,11286711.0,2578450.0,20568500.0,254714.0,1475980.0,295406.0,0.0,18000000.0,1994324.0,899027.0,0.0,9957078.0,13479891.0,6241956.0,0.0,3725600.0,27.68,1.32,4.18,6.58,43.5,101.03,96.26,27.68,,
2023,12,PT Bank Perekonomian Rakyat Syariah Aman Syariah,Kab. Lampung Timur,Provinsi Lampung,620173,47751696.0,13584777.0,0.0,5756096.0,0.0,0.0,1573.0,18945971.0,0.0,0.0,0.0,5854099.0,2414189.0,7490362.0,111814.0,206165.0,156038.0,0.0,24450000.0,0.0,113306.0,0.0,4143717.0,6893793.0,3721344.0,0.0,578358.0,29.54,4.82,5.65,1.49,84.27,242.97,42.03,29.54,,
2023,12,PT Bank Perekonomian Rakyat Syariah Lampung Timur (Perseroda),Kab. Lampung Timur,Provinsi Lampung,620140,117915318.0,4626788.0,0.0,76448907.0,53333.0,0.0,0.0,1230000.0,0.0,0.0,0.0,20869444.0,2880457.0,7586950.0,453705.0,1411013.0,370484.0,0.0,43600000.0,11274601.0,688688.0,0.0,9823953.0,14628982.0,7124118.0,0.0,2713265.0,30.87,3.7,5.41,3.11,78.03,132.67,50.73,30.87,,
2023,12,PT Bank Perekonomian Rakyat Syariah Tanggamus (Perseroda),Kab. Tanggamus,Provinsi Lampung,620082,64284874.0,35320134.0,0.0,430750.0,330230.0,0.0,0.0,0.0,0.0,0.0,0.0,7857643.0,24496443.0,9404500.0,231561.0,768860.0,42938.0,0.0,0.0,2606700.0,3703025.0,0.0,5814743.0,8144497.0,6692808.0,0.0,630961.0,54.77,0.07,2.15,1.02,93.65,86.4,60.07,54.77,-5.4369356106235,104.72189977284216
2023,12,PT Bank Perekonomian Rakyat Syariah Tani Tulang Bawang Barat (Perseroda),Kab. Tulang Bawang Barat,Provinsi Lampung,620176,,,,,,,,,,,,,,,,,,,,,,,,,,,,,,,,,,,,,
2023,12,PT Bank Perekonomian Rakyat Syariah Bandar Lampung (Perseroda),Kota Bandar Lampung,Provinsi Lampung,620051,141777356.0,45558255.0,0.0,39654134.0,4525395.0,0.0,0.0,1400000.0,0.0,0.0,0.0,14875584.0,3275699.0,59248100.0,519351.0,1942037.0,791765.0,0.0,36162094.0,0.0,3340264.0,0.0,15905164.0,22434302.0,10777702.0,107426.0,4189607.0,22.23,,2.53,3.91,73.66,117.75,8.73,22.23,-5.451430777916592,105.26097314570632
2023,12,PT Bank Perekonomian Rakyat Syariah Mitra Agro Usaha,Kota Bandar Lampung,Provinsi Lampung,620169,45884954.0,24382828.0,0.0,5623588.0,478691.0,0.0,0.0,0.0,0.0,0.0,0.0,6662745.0,131952.0,24657919.0,100234.0,134545.0,294563.0,0.0,5550000.0,111104.0,602898.0,0.0,4587166.0,6908993.0,3888572.0,0.0,728244.0,35.36,9.44,9.86,2.01,87.48,82.39,94.09,35.36,-5.443193541153916,105.2697528392836
2023,12,PT Bank Perekonomian Rakyat Syariah Metro Madani,Kota Metro,Provinsi Lampung,620091,130338060.0,51375696.0,0.0,25074252.0,9314922.0,0.0,430789.0,11639908.0,0.0,0.0,272535.0,33651929.0,7750185.0,45673940.0,557304.0,1068070.0,285011.0,0.0,22700000.0,3654628.0,1707800.0,0.0,14478224.0,19940061.0,9457139.0,0.0,4282143.0,14.0,2.31,3.4,4.41,61.68,103.01,20.57,14.0,-5.109743260376518,105.31422432780674
2023,12,PT Bank Perekonomian Rakyat Syariah Saruma Sejahtera Halmahera Selatan,Kab. Halmahera Selatan,Provinsi Maluku Utara,620182,41999514.0,25837478.0,0.0,2558099.0,0.0,0.0,0.0,3495695.0,0.0,0.0,0.0,3810585.0,19674754.0,7876030.0,153262.0,3989810.0,293448.0,0.0,0.0,547817.0,23248.0,0.0,2001230.0,2869961.0,12170911.0,0.0,-7262214.0,39.06,27.64,23.22,-16.44,217.5,102.46,49.73,39.06,,
2023,12,PT Bank Perekonomian Rakyat Syariah Bahari Berkesan,Kota Ternate,Provinsi Maluku Utara,620164,119381009.0,40005455.0,0.0,38203915.0,0.0,0.0,0.0,305350.0,0.0,0.0,0.0,1481510.0,51549055.0,11001350.0,555017.0,1202141.0,5036194.0,0.0,6229490.0,18687665.0,494414.0,0.0,10607094.0,13383451.0,6805251.0,119231.0,4554971.0,33.09,1.34,2.87,4.69,64.56,111.75,55.08,33.09,0.7773589145132459,127.38615026515367
2023,12,PT Bank Perekonomian Rakyat Syariah Bobato Lestari,Kota Tidore Kepulauan,Provinsi Maluku Utara,620179,55943227.0,32618719.0,0.0,0.0,0.0,0.0,1280472.0,0.0,0.0,0.0,0.0,534037.0,12833849.0,21107485.0,186702.0,61725.0,228588.0,0.0,1471965.0,3525025.0,717571.0,0.0,6671259.0,8275705.0,4011915.0,0.0,2583348.0,44.12,0.18,1.27,4.94,49.34,69.34,22.48,44.12,0.6690346107462076,127.44399032218512
2023,12,PT Bank Perekonomian Rakyat Syariah Baiturrahman,Kab. Aceh Besar,Provinsi NAD,620024,53851560.0,23716695.0,0.0,0.0,0.0,0.0,0.0,11754538.0,0.0,0.0,0.0,1021530.0,3684861.0,30470500.0,122967.0,79928.0,6750.0,0.0,12601922.0,0.0,335505.0,0.0,3568752.0,7089745.0,3849044.0,0.0,448978.0,22.65,13.08,13.08,1.03,82.69,102.62,35.43,22.65,,
2023,12,PT Bank Perekonomian Rakyat Syariah Ingin Jaya,Kab. Aceh Besar,Provinsi NAD,620203,,,,,,,,,,,,,,,,,,,,,,,,,,,,,,,,,,,,,
2023,12,PT. BPRS Hareukat,Kab. Aceh Besar,Provinsi NAD,620003,,,,,,,,,,,,,,,,,,,,,,,,,,,,,,,,,,,,,
2023,12,PT BPRS Kota Juang Perseroda,Kab. Aceh Jeumpa/Bireuen,Provinsi NAD,620144,10173363.0,11605465.0,0.0,0.0,0.0,0.0,0.0,0.0,0.0,0.0,850396.0,60241.0,984651.0,197000.0,35548.0,2788062.0,10386.0,0.0,9900000.0,0.0,0.0,0.0,-155600.0,959846.0,3728055.0,0.0,-3837770.0,-11.33,48.97,73.0,-37.72,388.4,934.49,31.19,-11.33,,
2023,12,PT Bank Perekonomian Rakyat Syariah Rahmania Dana Sejahtera,Kab. Aceh Jeumpa/Bireuen,Provinsi NAD,620148,40547670.0,24588733.0,0.0,0.0,0.0,0.0,688581.0,2653156.0,0.0,0.0,0.0,994383.0,1613822.0,18484378.0,86309.0,1851875.0,136393.0,0.0,10450000.0,1729350.0,1740546.0,0.0,4283169.0,7267680.0,4301904.0,6467.0,259608.0,22.82,19.77,19.77,1.45,97.43,132.42,42.56,22.82,,
2023,12,PT Bank Pembiayaan Rakyat Syariah Gayo Perseroda,Kab. Aceh Tengah,Provinsi NAD,620120,50573750.0,43168853.0,0.0,0.0,0.0,0.0,0.0,0.0,0.0,0.0,0.0,25056.0,15067214.0,16182000.0,202301.0,1585261.0,49962.0,0.0,4500000.0,0.0,519623.0,0.0,5661461.0,8487853.0,3499566.0,65191.0,2143238.0,33.33,5.8,9.94,5.54,57.3,138.03,11.92,33.33,,
2023,12,PT Bank Perekonomian Rakyat Syariah Tengku Chiek Dipante,Kab. Pidie,Provinsi NAD,620025,34232674.0,19988066.0,0.0,14298.0,0.0,0.0,0.0,6292667.0,0.0,0.0,0.0,155787.0,4563218.0,9621000.0,102589.0,58041.0,102541.0,0.0,14893705.0,0.0,508917.0,0.0,2852161.0,4571973.0,3025304.0,0.0,208688.0,18.4,3.55,3.32,0.67,90.35,183.37,25.99,18.4,3.7476617007670936,96.82987163456816
2023,12,PT Bank Perekonomian Rakyat Syariah Arthaaceh Sejahtera,Kota Banda Aceh,Provinsi NAD,620192,37795383.0,20109650.0,0.0,1352596.0,0.0,0.0,0.0,4550000.0,0.0,0.0,428570.0,779843.0,795303.0,28596613.0,103879.0,751235.0,298514.0,0.0,0.0,0.0,199290.0,0.0,4709188.0,6901293.0,4910733.0,0.0,662258.0,30.58,12.87,15.76,1.97,94.69,70.78,17.18,30.58,5.548455343437354,95.3146280603469
2023,12,PT Bank Perekonomian Rakyat Syariah Hikmah Wakilah,Kota Banda Aceh,Provinsi NAD,620046,183313309.0,82880083.0,1106863.0,787194.0,0.0,159338.0,4130083.0,47252849.0,0.0,0.0,0.0,8912431.0,19286282.0,108418612.0,622962.0,386411.0,381691.0,0.0,12349270.0,10978459.0,2031042.0,0.0,12886374.0,22119201.0,9964365.0,0.0,3504788.0,24.38,2.67,2.92,2.58,81.75,112.34,37.62,24.38,5.543176806651055,95.31537211187955
2023,12,PT Bank Perekonomian Rakyat Syariah Mustaqim Aceh Perseroda,Kota Banda Aceh,Provinsi NAD,620187,203545563.0,102662173.0,0.0,0.0,0.0,0.0,0.0,21485412.0,0.0,0.0,390177.0,6488720.0,33106251.0,34220000.0,726256.0,4072358.0,2839535.0,0.0,13000000.0,0.0,5101537.0,0.0,25010639.0,27421287.0,24045669.0,0.0,2554897.0,132.94,4.26,7.06,1.81,91.77,168.19,19.64,132.94,5.5514463466260295,95.31786202059116
2023,12,PT Bank Perekonomian Rakyat Syariah Taman Indah Darussalam,Kota Banda Aceh,Provinsi NAD,620158,73363704.0,43553296.0,0.0,0.0,0.0,0.0,1683043.0,3000000.0,35513.0,0.0,0.0,4371989.0,236274.0,30718000.0,184409.0,64121.0,42100.0,0.0,28622124.0,1675335.0,301307.0,0.0,4457777.0,9074572.0,4483238.0,0.0,265339.0,17.43,1.72,1.98,0.39,96.26,115.95,26.49,17.43,5.544809666796793,95.3231595660368
2023,12,PT Bank Perekonomian Rakyat Syariah Adeco,Kota Langsa,Provinsi NAD,620141,171439507.0,107452037.0,0.0,2784794.0,0.0,0.0,5045885.0,0.0,0.0,0.0,425134.0,7420735.0,6153998.0,84546067.0,345236.0,1601852.0,870016.0,0.0,42520000.0,8434613.0,717949.0,0.0,8382108.0,19775334.0,7500999.0,78340.0,5066136.0,18.46,4.38,6.07,3.32,57.61,72.56,36.04,18.46,4.464710385925349,97.9655777382901
2023,12,PT Bank Perekonomian Rakyat Syariah Serambi Mekah,Kota Langsa,Provinsi NAD,620152,33761119.0,23927050.0,0.0,0.0,0.0,0.0,0.0,0.0,0.0,0.0,0.0,1175208.0,0.0,8797750.0,128809.0,159693.0,82956.0,0.0,15101133.0,2979888.0,39448.0,0.0,3060392.0,4966836.0,3259979.0,8337.0,309628.0,28.58,2.79,3.46,1.07,92.79,239.92,37.8,28.58,4.466232402810879,97.97539511921892
2023,12,PT Bank Perekonomian Rakyat Syariah Rahmah Hijrah Agung,Kota Lhokseumawe,Provinsi NAD,620049,58709400.0,37035357.0,0.0,0.0,0.0,0.0,3274440.0,0.0,0.0,0.0,248233.0,959622.0,4127784.0,37682300.0,175798.0,8406.0,117015.0,0.0,5340167.0,2707760.0,85365.0,0.0,3857210.0,7651422.0,3822566.0,12320.0,450123.0,28.63,6.91,6.93,0.87,95.05,94.25,24.01,28.63,5.1766961991986555,97.14916447763574
2023,12,PT Bank Perekonomian Rakyat Syariah Tulen Amanah,Kab. Lombok Tengah,Provinsi Nusa Tenggara Barat,620009,64722180.0,34525259.0,0.0,0.0,0.0,0.0,0.0,125050.0,0.0,0.0,343775.0,114724.0,19569997.0,29289500.0,238577.0,167894.0,294584.0,0.0,3001565.0,0.0,1309592.0,0.0,6597558.0,9283399.0,5308059.0,64837.0,2022219.0,25.88,5.98,6.41,4.34,80.45,81.28,37.91,25.88,-8.70747522600701,116.25948057531416
2023,12,PT. BANK PEREKONOMIAN RAKYAT SYARIAH DINAR ASHRI,Kota Mataram,Provinsi Nusa Tenggara Barat,620104,1210406021.0,28386609.0,0.0,0.0,132816187.0,0.0,0.0,785634450.0,0.0,0.0,140856.0,68526467.0,164774425.0,679170195.0,4672164.0,1832719.0,13135893.0,0.0,126391099.0,0.0,10250710.0,0.0,57979547.0,120691944.0,53748620.0,1027560.0,30028284.0,26.2,0.9,1.07,3.72,72.2,103.77,23.02,26.2,-8.593657692387334,116.10734653727864
2023,12,PT. BANK PEREKONOMIAN RAKYAT SYARIAH PNM PATUH BERAMAL AMALI,Kota Mataram,Provinsi Nusa Tenggara Barat,620021,120083324.0,34604324.0,0.0,0.0,3782022.0,0.0,130000.0,47228640.0,0.0,0.0,0.0,84381.0,23018664.0,41452950.0,479598.0,128902.0,732671.0,0.0,28259974.0,4664466.0,2051076.0,0.0,11025366.0,16004163.0,7577223.0,138519.0,4290425.0,44.99,2.19,2.28,5.29,69.21,113.97,30.58,44.99,-8.58389278031459,116.11057126739846
2023,12,PT. BPRS Muamalat Yotefa,Kab. Jayapura,Provinsi Papua,620067,,,,,,,,,,,,,,,,,,,,,,,,,,,,,,,,,,,,-2.550807165553799,140.48835142200244
2023,12,PT Bank Perekonomian Rakyat Syariah Berkah Dana Fadhlillah (Perseroda),Kab. Kampar,Provinsi Riau,620060,70257652.0,40357476.0,335125.0,38927.0,95838.0,0.0,848400.0,45000.0,0.0,0.0,69263.0,37324783.0,5128899.0,17906500.0,221713.0,591172.0,33399.0,0.0,300000.0,0.0,488995.0,0.0,7974106.0,8886376.0,6095881.0,0.0,1755557.0,25.15,0.73,2.14,2.99,76.87,69.12,15.22,25.15,0.8689938830957369,101.2803342082979
2023,12,PT BANK PEREKONOMIAN RAKYAT SYARIAH SIAK JAYA,Kab. Siak,Provinsi Riau,620189,25130628.0,16441874.0,0.0,767216.0,0.0,0.0,0.0,2825667.0,0.0,0.0,0.0,532517.0,5042493.0,13547665.0,94655.0,219737.0,225419.0,0.0,0.0,0.0,251835.0,0.0,1365458.0,1792219.0,3375299.0,0.0,-1537399.0,55.66,12.66,12.98,-5.7,141.73,105.0,24.76,55.66,0.6271089398798741,101.56683647826335
2023,12,PT Bank Perekonomian Rakyat Syariah Hasanah,Kota Pekanbaru,Provinsi Riau,620041,70860666.0,22173357.0,2759266.0,1695961.0,83360.0,3333.0,539845.0,21933379.0,0.0,0.0,150359.0,1303777.0,3861284.0,26647346.0,0.0,290327.0,583936.0,0.0,31550000.0,0.0,623352.0,0.0,6246188.0,8764490.0,5201843.0,0.0,1454516.0,21.34,1.91,2.29,3.09,83.12,155.28,21.36,21.34,0.5249696427966165,101.44758104638636
2023,12,PT Bank Perekonomian Rakyat Syariah Nurul Ikhwan,Kab. Polewali Mandar,Provinsi Sulawesi Barat,620045,137099.0,0.0,0.0,0.0,0.0,0.0,0.0,0.0,0.0,0.0,0.0,0.0,61741.0,0.0,0.0,0.0,101476.0,0.0,0.0,0.0,7336.0,0.0,0.0,0.0,95442.0,0.0,-99393.0,29.28,100.0,100.0,-3.65,112.39,,62.12,29.28,-3.4069455429190376,119.31879018370128
2023,12,PT Bank Perekonomian Rakyat Syariah Gowata,Kab. Gowa,Provinsi Sulawesi Selatan,620065,7383563.0,4838643.0,0.0,0.0,0.0,0.0,0.0,0.0,0.0,0.0,0.0,0.0,1294838.0,590000.0,23281.0,76093.0,16523.0,0.0,1454764.0,0.0,59415.0,0.0,1314734.0,1466227.0,1008503.0,12889.0,502690.0,105.0,0.4,2.41,6.81,66.38,147.92,51.41,105.0,-5.225938686460566,120.0079553182381
2023,12,PT Bank Perekonomian Rakyat Syariah Surya Sejati,Kab. Takalar,Provinsi Sulawesi Selatan,620031,5039735.0,2273101.0,0.0,0.0,0.0,0.0,0.0,0.0,0.0,0.0,0.0,0.0,679968.0,905000.0,9399.0,49638.0,3068.0,0.0,43664.0,0.0,56550.0,0.0,736107.0,816823.0,671159.0,0.0,129720.0,164.9,5.46,,1.26,76.72,143.42,101.26,164.9,-5.431354763307175,119.44652127180228
2023,12,PT BANK PEREKONOMIAN RAKYAT SYARIAH NIAGA MADANI,Kota Makassar,Provinsi Sulawesi Selatan,620039,28451710.0,20703801.0,0.0,0.0,133677.0,0.0,0.0,0.0,0.0,0.0,344167.0,0.0,1941498.0,15566040.0,20344.0,42038.0,133964.0,0.0,3873630.0,2911181.0,232570.0,0.0,4953344.0,6059917.0,5444492.0,0.0,500021.0,20.42,4.72,4.92,2.15,93.02,119.02,81.89,20.42,-5.127789499318414,119.412410921333
2023,12,PT Bank Perekonomian Rakyat Syariah Dana Moneter,Kota Makassar,Provinsi Sulawesi Selatan,620030,64881696.0,43793458.0,0.0,162226.0,6401399.0,0.0,0.0,0.0,0.0,0.0,0.0,7176085.0,7214216.0,19705200.0,189062.0,898636.0,175946.0,0.0,15918470.0,0.0,451851.0,0.0,6616204.0,8699336.0,5485502.0,0.0,1629300.0,34.1,3.69,5.4,2.75,80.96,147.69,36.11,34.1,-5.132293953516857,119.41407701618245
2023,12,PT Bank Perekonomian Rakyat Syariah Harta Insan Karimah Fajar Nitro,Kota Makassar,Provinsi Sulawesi Selatan,620168,19376371.0,7541700.0,0.0,807586.0,15000.0,0.0,0.0,0.0,0.0,0.0,0.0,79368.0,931326.0,8893000.0,38614.0,252792.0,167788.0,0.0,4400000.0,0.0,388468.0,0.0,2041608.0,3040634.0,1605558.0,16578.0,646572.0,46.93,2.35,4.86,4.33,72.17,58.48,274.19,46.93,-5.128522770098106,119.41038261376706
2023,12,PT Bank Perekonomian Rakyat Syariah Indo Timur,Kota Makassar,Provinsi Sulawesi Selatan,620010,5037917.0,2637789.0,0.0,0.0,0.0,0.0,0.0,0.0,0.0,0.0,0.0,1540132.0,429080.0,0.0,9249.0,180649.0,8773.0,0.0,0.0,0.0,567140.0,0.0,618956.0,634440.0,1052958.0,0.0,-393994.0,89.06,6.6,13.45,-2.07,135.77,133.95,29.63,89.06,-5.143550328284089,119.4138433249748
2023,12,PT Bank Perekonomian Rakyat Syariah Investama Mega Bakti,Kota Makassar,Provinsi Sulawesi Selatan,620077,26390717.0,12148636.0,0.0,69737.0,154546.0,0.0,241807.0,3857026.0,0.0,0.0,2710189.0,1785.0,1065568.0,4364000.0,86061.0,203018.0,19881.0,0.0,0.0,16523241.0,657466.0,0.0,1553000.0,3320621.0,2958502.0,0.0,-1186537.0,21.26,7.96,8.76,-4.03,87.79,303.0,99.52,21.26,-5.131381407363007,119.4094893372462
2023,12,PT Bank Perekonomian Rakyat Syariah Khairan Inti Amanah,Kab. Parimo/Banggai,Provinsi Sulawesi Tengah,620188,133697337.0,10371374.0,0.0,2330517.0,626007.0,0.0,0.0,82918088.0,0.0,0.0,0.0,3200182.0,25144242.0,64501300.0,515993.0,179525.0,959869.0,0.0,3000000.0,18235169.0,351497.0,0.0,10758768.0,14890590.0,8347888.0,0.0,2739370.0,38.94,1.25,1.43,2.55,70.74,99.75,13.88,38.94,,
2023,12,PT BANK PEREKONOMIAN RAKYAT SYARIAH MASYARAKAT LINTAU BUO,Kab. Agam,Provinsi Sumatera Barat,620196,18462847.0,9918661.0,0.0,2863834.0,0.0,0.0,0.0,0.0,0.0,0.0,0.0,7612178.0,0.0,6399250.0,49161.0,148730.0,16866.0,0.0,550000.0,0.0,114666.0,0.0,749571.0,956804.0,1014086.0,0.0,16886.0,36.71,2.82,3.87,0.18,96.79,92.69,20.38,36.71,,
2023,12,PT BPRS Sungai PuaSyariah,Kab. Agam,Provinsi Sumatera Barat,620186,22325315.0,11680072.0,0.0,2936413.0,0.0,0.0,0.0,849023.0,0.0,0.0,0.0,12834324.0,0.0,4751050.0,49852.0,610659.0,235161.0,0.0,0.0,0.0,37953.0,0.0,1975605.0,2184235.0,2084463.0,0.0,193239.0,52.08,20.3,24.14,1.03,90.67,89.58,27.38,52.08,,
2023,12,PT Bank Perekonomian Rakyat Syariah Ampek Angkek Candung,Kab. Agam,Provinsi Sumatera Barat,620071,59955737.0,30276491.0,0.0,979619.0,0.0,0.0,0.0,2375500.0,0.0,0.0,0.0,29977346.0,183016.0,18623950.0,155251.0,63767.0,489194.0,0.0,1873388.0,0.0,1230465.0,0.0,6062990.0,6914154.0,5401979.0,0.0,794023.0,30.47,1.97,2.14,1.59,86.55,70.57,7.6,30.47,,
2023,12,PT Bank Perekonomian Rakyat Syariah Carana Kiat Andalas,Kab. Agam,Provinsi Sumatera Barat,620064,36693930.0,28432354.0,0.0,0.0,0.0,0.0,0.0,0.0,0.0,0.0,1399430.0,14998300.0,0.0,12166205.0,127704.0,65860.0,261586.0,0.0,3800116.0,0.0,53625.0,0.0,3126548.0,3780214.0,3316330.0,0.0,284710.0,26.11,6.29,6.52,0.94,92.28,104.67,28.92,26.11,,
2023,12,PT BPRS Guguk Mas Makmur,Kab. Limapuluh Koto,Provinsi Sumatera Barat,620194,47419111.0,35021876.0,0.0,594180.0,0.0,0.0,0.0,500000.0,0.0,0.0,191656.0,126209.0,24135346.0,14104625.0,177375.0,1246576.0,86499.0,0.0,0.0,0.0,1288918.0,0.0,4114463.0,5203393.0,3522283.0,0.0,1075429.0,27.57,2.73,6.08,2.98,71.99,95.41,13.18,27.57,,
2023,12,PT BPRS Taeh Baruah,Kab. Limapuluh Koto,Provinsi Sumatera Barat,620190,44254583.0,32812562.0,0.0,2719352.0,0.0,0.0,0.0,1000000.0,0.0,0.0,0.0,1423680.0,21054618.0,5812800.0,168427.0,422720.0,135494.0,0.0,7700000.0,0.0,396160.0,0.0,4032598.0,4823735.0,3736864.0,0.0,619807.0,33.53,1.04,2.19,1.59,86.41,129.79,11.03,33.53,,
2023,12,PT Bank Perekonomian Rakyat Syariah Khatulistiwa,Kab. Pasaman,Provinsi Sumatera Barat,620201,,,,,,,,,,,,,,,,,,,,,,,,,,,,,,,,,,,,,
2023,12,PT BPRS Mentari Pasaman Saiyo,Kab. Pasaman Barat,Provinsi Sumatera Barat,620059,14470105.0,11597201.0,0.0,157902.0,2600.0,0.0,98600.0,622867.0,0.0,0.0,140018.0,364588.0,6856409.0,3063600.0,33957.0,778557.0,221593.0,0.0,1271660.0,0.0,557303.0,55.0,1202497.0,1529959.0,1924872.0,0.0,-243157.0,31.78,6.59,12.66,-1.63,113.71,122.73,17.64,31.78,,
2023,12,PT BPRS Haji Miskin,Kab. Tanah Datar,Provinsi Sumatera Barat,620099,85766217.0,50694540.0,0.0,2375902.0,204577.0,36418.0,0.0,5693468.0,0.0,0.0,0.0,8589123.0,12553529.0,40585794.0,261423.0,992780.0,1311140.0,0.0,9170000.0,1499948.0,2101661.0,0.0,7595887.0,11390392.0,6576724.0,49303.0,1503352.0,26.02,3.48,4.91,2.55,76.97,98.67,16.34,26.02,0.7957568848810034,100.72783265816751
2023,12,PT Bank Perekonomian Rakyat Syariah Balerong Bunta,Kab. Tanah Datar,Provinsi Sumatera Barat,620197,13869981.0,9931724.0,0.0,322834.0,0.0,0.0,0.0,0.0,0.0,0.0,0.0,5503330.0,0.0,3674000.0,28775.0,158070.0,45390.0,0.0,500000.0,0.0,849771.0,0.0,391432.0,462234.0,411525.0,0.0,25191.0,42.06,5.23,6.61,0.23,89.16,113.52,34.88,42.06,0.8031965185093075,100.73793330633296
2023,12,PT Bank Pembiayaan Rakyat Syariah Jam Gadang Perseroda,Kota Bukittinggi,Provinsi Sumatera Barat,620185,109371312.0,33200484.0,0.0,41432543.0,200989.0,0.0,3000000.0,696500.0,0.0,0.0,0.0,45017547.0,0.0,12481037.0,395884.0,93993.0,294442.0,0.0,37000000.0,0.0,2238710.0,0.0,9184307.0,11771676.0,7399378.0,57133.0,1832500.0,23.34,0.12,0.24,2.35,81.37,136.58,9.44,23.34,-0.2958866590933593,100.36052326690393
2023,12,PT BANK PEREKONOMIAN RAKYAT SYARIAH AL MAKMUR,Kota Payakumbuh,Provinsi Sumatera Barat,620132,76223929.0,40566486.0,0.0,674330.0,31900.0,0.0,0.0,10983439.0,0.0,0.0,535797.0,29168098.0,2723857.0,29354547.0,261198.0,252889.0,171126.0,0.0,4630402.0,0.0,992362.0,0.0,5518587.0,7532266.0,4810892.0,0.0,1787828.0,24.69,1.32,1.79,3.29,77.08,86.01,12.49,24.69,-0.2305304689386322,100.63568358146692
2023,12,PT BPRS Gajahtongga KotoPiliang,Kota Sawahlunto,Provinsi Sumatera Barat,620162,43222318.0,37487807.0,0.0,0.0,0.0,0.0,0.0,1139608.0,0.0,0.0,0.0,17304951.0,0.0,14460900.0,181471.0,1126700.0,276832.0,0.0,2200000.0,0.0,846451.0,0.0,4875189.0,5905038.0,4002454.0,0.0,1467988.0,29.25,2.17,5.08,4.26,76.36,121.6,26.67,29.25,-0.6873833320816837,100.76958758372275
2023,12,PT BPRS Barakah Nawaitul Ikhlas,Kota Solok,Provinsi Sumatera Barat,620123,6702340.0,4477040.0,0.0,221190.0,0.0,0.0,0.0,0.0,0.0,0.0,22967.0,101344.0,3438181.0,2035500.0,18632.0,61186.0,7653.0,0.0,20000.0,217610.0,37697.0,0.0,727823.0,853618.0,1077651.0,0.0,-149480.0,24.15,4.0,5.23,-2.22,119.73,84.27,30.38,24.15,-0.8090450252633046,100.6628003414127
2023,12,PT Bank Perekonomian Rakyat Syariah Al Falah,Kab. Banyuasin,Provinsi Sumatera Selatan,620040,27146728.0,16776809.0,0.0,1078946.0,0.0,0.0,0.0,0.0,0.0,0.0,0.0,78585.0,5279660.0,10203460.0,88574.0,394847.0,112325.0,0.0,3000000.0,0.0,430815.0,0.0,3314130.0,4385638.0,2662036.0,0.0,837866.0,60.69,5.24,7.46,3.6,73.71,68.25,42.93,60.69,,
2023,12,PT Bank Perekonomian Rakyat Syariah Amanah Insan Cita,Kab. Deli Serdang,Provinsi Sumatera Utara,620145,18503854.0,11100234.0,0.0,0.0,0.0,0.0,650000.0,1890000.0,0.0,0.0,0.0,3693508.0,0.0,9556000.0,54490.0,1150818.0,63540.0,0.0,2237748.0,0.0,271981.0,0.0,2074796.0,2733541.0,2777310.0,0.0,-386995.0,19.88,7.47,15.87,-2.44,113.23,102.95,99.94,19.88,,
2023,12,PT Bank Perekonomian Rakyat Syariah Puduarta Insani,Kab. Deli Serdang,Provinsi Sumatera Utara,620058,51852222.0,25228369.0,0.0,0.0,0.0,0.0,0.0,0.0,0.0,0.0,0.0,14206726.0,0.0,28041823.0,100075.0,567010.0,69240.0,0.0,592093.0,0.0,300833.0,0.0,3936110.0,6008417.0,4408174.0,0.0,-185181.0,34.96,7.12,9.33,,99.27,60.26,32.49,34.96,,
2023,12,PT Bank Perekonomian Rakyat Syariah Sindanglaya Kotanopan,Kab. Mandailing Natal,Provinsi Sumatera Utara,620111,7862250.0,2819997.0,0.0,282987.0,0.0,0.0,0.0,1693382.0,0.0,0.0,0.0,2170554.0,0.0,2480250.0,20567.0,71009.0,13835.0,0.0,508692.0,0.0,1131367.0,0.0,946816.0,1077921.0,1125616.0,0.0,36501.0,44.02,9.53,11.44,0.46,94.24,103.13,32.17,44.02,,
2023,12,PT Bank Perekonomian Rakyat Syariah Amanah Bangsa,Kab. Simalungun,Provinsi Sumatera Utara,620032,129366444.0,98939270.0,0.0,46073.0,0.0,0.0,557450.0,3641908.0,0.0,0.0,429982.0,18238947.0,70403.0,39060230.0,500092.0,893357.0,379443.0,0.0,35334903.0,22637934.0,1611771.0,0.0,12788380.0,21368461.0,13438818.0,48405.0,1579948.0,19.27,1.62,2.47,1.58,85.62,82.0,72.58,19.27,,
2023,12,PT. BPRS Al-Yaqin,Kab. Simalungun,Provinsi Sumatera Utara,620092,,,,,,,,,,,,,,,,,,,,,,,,,,,,,,,,,,,,,
2023,12,PT Bank Perekonomian Rakyat Syariah Al Washliyah,Kota Medan,Provinsi Sumatera Utara,620036,12401730.0,5118426.0,0.0,1978401.0,0.0,0.0,829.0,0.0,0.0,0.0,309842.0,1205037.0,1751599.0,6974000.0,40888.0,515904.0,155940.0,0.0,1251599.0,0.0,94190.0,0.0,675392.0,1236925.0,1128491.0,0.0,-376872.0,12.13,26.62,32.82,-3.36,155.65,71.47,23.46,12.13,3.5953913881617754,98.67901076224275
2023,12,PT Bank Perekonomian Rakyat Syariah Gebu Prima,Kota Medan,Provinsi Sumatera Utara,620055,63799714.0,28072411.0,0.0,1427824.0,0.0,0.0,20226500.0,500000.0,0.0,0.0,0.0,422835.0,3406373.0,44233500.0,136065.0,99222.0,88776.0,0.0,11451184.0,0.0,247193.0,0.0,1862783.0,8076920.0,3011093.0,0.0,-856550.0,15.13,8.31,8.78,-1.34,110.21,86.88,17.84,15.13,3.580883089096215,98.66623055730342
2024,12,PT Bank Perekonomian Rakyat Syariah Fajar Sejahtera Bali,Kab. Badung,Provinsi Bali,620026,30109927595.0,6172218578.0,0.0,6138231539.0,0.0,0.0,972761549.0,52479006.0,0.0,0.0,0.0,911380060.0,6224344369.0,11896008560.0,0.0,0.0,407091866.0,0.0,2300000000.0,0.0,16799889.0,0.0,2784795316.0,3550786718.0,2331975701.0,52288200.0,634701704.0,101.15,0.51,0.59,2.59,74.12,70.07,36.35,101.15,-8.645170567141806,115.27693679878858
2024,12,PT Bank Perekonomian Rakyat Syariah Muamalah Cilegon,Kota Cilegon,Provinsi Banten,620034,90221940609.0,33931153895.0,1414105101.0,3372039752.0,0.0,0.0,0.0,5149037078.0,0.0,0.0,0.0,40799031075.0,4640593113.0,25902130000.0,0.0,0.0,856389243.0,0.0,7137649885.0,0.0,152054725.0,0.0,9506736542.0,11411861674.0,6460378917.0,79264327.0,2483406002.0,40.14,3.72,6.58,4.53,69.08,55.9,26.04,40.14,-6.013534007648159,106.0585828108812
2024,12,PT. BPRS Cilegon Mandiri,Kota Cilegon,Provinsi Banten,620080,143434098808.0,65461828954.0,173600000.0,903199862.0,280650000.0,172845818.0,1666666664.0,53627902345.0,0.0,0.0,470193750.0,4354192526.0,17469087827.0,65484198182.0,0.0,0.0,612434029.0,0.0,3500598112.0,1899999997.0,2383100798.0,0.0,8622314751.0,14334693757.0,15103624730.0,0.0,-1894162853.0,78.98,965.0,11.34,-1.27,108.76,138.22,7.11,78.98,-6.0121840147933305,106.06249216016823
2024,12,PT BPRS Harta Insan Karimah,Kota Tangerang,Provinsi Banten,620012,745058030316.0,298570225362.0,0.0,60560990217.0,666227175.0,0.0,9650000000.0,211013161695.0,0.0,0.0,17399612500.0,39807930021.0,111835446820.0,507596911565.0,0.0,0.0,1689750830.0,0.0,4532642715.0,0.0,6382892321.0,0.0,58385768966.0,94072611082.0,50019453458.0,277303002.0,8454734950.0,19.32,4.69,4.97,1.63,87.6,88.05,8.14,19.32,-6.168514895786671,106.6333010221693
2024,12,PT Bank Perekonomian Rakyat Syariah Musyarakah Ummat Indonesia,Kota Tangerang,Provinsi Banten,620007,47652788989.0,39282663451.0,0.0,1133140107.0,37698426.0,0.0,440895418.0,205452462.0,0.0,0.0,402568353.0,1571937126.0,2524475960.0,17816687000.0,0.0,0.0,421304452.0,0.0,24134162474.0,0.0,59181323.0,0.0,2397104641.0,6085090596.0,5992625779.0,0.0,-3440679384.0,10.48,5.26,6.4,-1.56,158.4,111.68,12.28,10.48,-6.17429154031784,106.64290706543798
2024,12,PT Bank Perekonomian Rakyat Syariah Rizky Barokah,Kota Tangerang Selatan,Provinsi Banten,620199,76764705948.0,38091300120.0,0.0,6792497279.0,0.0,0.0,1322395838.0,8138960242.0,0.0,0.0,6870366666.0,220659336.0,2090163288.0,46369857670.0,0.0,0.0,644175374.0,0.0,14300000000.0,499358951.0,364502160.0,0.0,4417832450.0,8078626311.0,6032672468.0,0.0,1108845386.0,30.6,9.14,10.01,1.65,91.13,76.59,19.47,30.6,-6.320385744555436,106.69864713138224
2024,12,PT Bank Perekonomian Rakyat Syariah Muamalat Harkat,Kab. Seluma,Provinsi Bengkulu,620052,85708548388.0,54068144561.0,0.0,870308330.0,0.0,131204365.0,1404687500.0,0.0,0.0,0.0,0.0,6165844940.0,19130506153.0,42793500000.0,0.0,0.0,104554169.0,0.0,5502841781.0,0.0,1247925954.0,0.0,9719891157.0,13933109110.0,7163733910.0,73339303.0,2289710004.0,16.14,3.7,6.9,3.72,79.42,93.82,20.72,16.14,,
2024,12,PT Bank Perekonomian Rakyat Syariah Fadhilah Kota Bengkulu (Perseroda),Kota Bengkulu,Provinsi Bengkulu,620184,51528246190.0,36421089698.0,0.0,768003343.0,1305845000.0,0.0,3250617284.0,566157213.0,0.0,0.0,0.0,7597481341.0,2388130061.0,12344000000.0,0.0,0.0,50476060.0,0.0,5800000000.0,1080326363.0,50485639.0,0.0,6020292137.0,7115052424.0,5560537556.0,0.0,640898418.0,83.13,1.65,2.22,1.55,84.5,189.49,20.29,83.13,-3.798786993847248,102.26066774117557
2024,12,PT Bank Perekonomian Rakyat Syariah Maslahat Dana Syariah Nusantara,Kota Bengkulu,Provinsi Bengkulu,620181,24839497384.0,18027755896.0,0.0,601344368.0,94645858.0,0.0,1039448230.0,531203500.0,0.0,0.0,1129351000.0,3512232053.0,0.0,15324700000.0,0.0,0.0,14308376.0,0.0,730483301.0,0.0,314114042.0,0.0,2493098761.0,3068833551.0,2077614017.0,0.0,979646947.0,55.93,6.88,7.5,4.36,73.29,107.74,12.58,55.93,-3.791547736340278,102.2560829253008
2024,12,PT. BPRS Safir,Kota Bengkulu,Provinsi Bengkulu,620090,,,,,,,,,,,,,,,,,,,,,,,,,,,,,,,,,,,,-3.8005555705877825,102.2529282154658
2024,12,PT Bank Perekonomian Rakyat Syariah Bangun Drajat Warga,Kab. Bantul,Provinsi D.I. Yogyakarta,620018,272666907626.0,121539471103.0,9178499440.0,1231921384.0,4166666.0,1396883028.0,7035633726.0,38769843202.0,0.0,0.0,0.0,76405268271.0,42352597562.0,92120022000.0,0.0,0.0,5100804316.0,0.0,29069030747.0,0.0,402825841.0,0.0,18002470780.0,25532773212.0,13188367195.0,126199707.0,4039826145.0,27.49,3.26,4.55,2.76,73.85,92.16,17.3,27.49,-6.162883175978525,106.8097490702202
2024,12,PT Bank Perekonomian Rakyat Syariah Madina Mandiri Sejahtera,Kab. Bantul,Provinsi D.I. Yogyakarta,620118,258893312715.0,51992600001.0,0.0,57021635418.0,7307334.0,0.0,2151277450.0,88674812172.0,0.0,0.0,1419204660.0,18120794743.0,8027109932.0,113625585000.0,0.0,0.0,5653710410.0,0.0,72054287825.0,21293987790.0,2177347045.0,0.0,18659429090.0,31743635181.0,13335959271.0,0.0,5557117996.0,14.76,5.98,7.41,2.15,71.47,142.98,10.05,14.76,-6.160825160234478,106.80699763980014
2024,12,PT Bank Perekonomian Rakyat Syariah Margirizki Bahagia,Kab. Bantul,Provinsi D.I. Yogyakarta,620017,39926146805.0,17197893239.0,0.0,0.0,0.0,0.0,0.0,11268515595.0,0.0,0.0,48333034.0,4705208808.0,3466158390.0,19659380000.0,0.0,0.0,40253487.0,0.0,4789870067.0,0.0,109756378.0,0.0,3873561588.0,5106574870.0,3849272432.0,0.0,574524003.0,42.07,11.06,15.83,1.79,85.12,102.28,15.95,42.07,-6.173931205857998,106.82055050685378
2024,12,PT Bank Perekonomian Rakyat Syariah Cahaya Hidup,Kab. Sleman,Provinsi D.I. Yogyakarta,620163,67347514712.0,37239366732.0,0.0,555261619.0,0.0,0.0,255193749.0,11079469696.0,0.0,0.0,0.0,2359452217.0,1415387424.0,29995050699.0,0.0,0.0,676205946.0,0.0,23044588132.0,0.0,178908860.0,0.0,4682989553.0,8149351693.0,3607748498.0,27460000.0,1296976922.0,33.66,10.64,12.18,2.61,81.42,145.48,12.14,33.66,,
2024,12,PT Bank Perekonomian Rakyat Syariah Danagung Syariah,Kab. Sleman,Provinsi D.I. Yogyakarta,620128,42598295173.0,11861322735.0,0.0,4286415101.0,0.0,1831398844.0,468229169.0,6855502392.0,0.0,0.0,475000000.0,1471086226.0,151039733.0,18746000000.0,0.0,0.0,259743272.0,0.0,10254035160.0,5576622500.0,0.0,0.0,1673229616.0,3310212126.0,2497151575.0,0.0,-73902349.0,31.09,24.06,24.78,-0.21,98.36,124.23,21.17,31.09,,
2024,12,PT Bank Perekonomian Rakyat Syariah Formes Sleman,Kab. Sleman,Provinsi D.I. Yogyakarta,620136,62663734698.0,24963551749.0,0.0,1255390000.0,100000000.0,119599600.0,587499900.0,8245664333.0,0.0,0.0,721453432.0,3236288599.0,11318321276.0,12393300000.0,0.0,0.0,391643484.0,0.0,26802608532.0,0.0,408605476.0,0.0,5542875269.0,6956540211.0,5124091926.0,0.0,1109893516.0,23.93,10.46,12.16,2.32,83.32,153.3,15.34,23.93,,
2024,12,PT Bank Perekonomian Rakyat Syariah Harta Insan Karimah Mitra Cahaya Indonesia,Kab. Sleman,Provinsi D.I. Yogyakarta,620133,301190203332.0,166291742644.0,0.0,5827699513.0,15533333.0,0.0,167000000.0,53096204101.0,0.0,0.0,521171455.0,31249488667.0,2566084096.0,143429512024.0,0.0,0.0,200513339.0,0.0,84411455263.0,6207108883.0,1251448242.0,0.0,17318791307.0,31670071022.0,16653155270.0,0.0,3755608212.0,23.87,6.21,4.49,1.76,87.41,127.17,14.51,23.87,,
2024,12,PT Bank Perekonomian Rakyat Syariah Mitra Amal Mulia,Kab. Sleman,Provinsi D.I. Yogyakarta,620117,83853028869.0,41207375196.0,0.0,6124302266.0,211338367.0,323906563.0,445833321.0,3289295817.0,0.0,0.0,1022130223.0,2895566904.0,7021758945.0,38608934303.0,0.0,0.0,229643518.0,0.0,22444293984.0,4069117795.0,850331156.0,0.0,6494615622.0,10698225356.0,5709555749.0,20472735.0,817012255.0,19.65,4.49,5.19,1.34,83.97,84.41,13.41,19.65,,
2024,12,PT Bank Perekonomian Rakyat Syariah Sleman (Perseroda),Kab. Sleman,Provinsi D.I. Yogyakarta,620193,63551872705.0,31712285916.0,0.0,1863014185.0,0.0,0.0,0.0,11655331883.0,0.0,0.0,0.0,749486898.0,3914676827.0,23741400000.0,0.0,0.0,28724979.0,0.0,11911378399.0,0.0,231541901.0,0.0,4532797830.0,6189760730.0,3294914653.0,0.0,1257367741.0,97.39,8.48,8.51,2.74,51.41,159.23,23.82,97.39,,
2024,12,PT Bank Perekonomian Rakyat Syariah Barokah Dana Sejahtera,Kota Yogyakarta,Provinsi D.I. Yogyakarta,620115,261381711970.0,76254796351.0,1503434257.0,2150175170.0,239613850.0,81655530.0,2290862099.0,106081021249.0,0.0,0.0,1429501622.0,48032859156.0,25035604532.0,137032918817.0,0.0,0.0,1824505061.0,0.0,23797890077.0,3808751852.0,1725640346.0,0.0,13459863656.0,24548841657.0,12056767346.0,0.0,2811355204.0,14.68,4.83,5.43,1.48,87.49,89.76,16.78,14.68,-7.808951498748443,110.36881342877136
2024,12,PT Bank Perekonomian Rakyat Syariah Dana Hidayatullah,Kota Yogyakarta,Provinsi D.I. Yogyakarta,620107,66987666540.0,30958123589.0,0.0,8029210.0,0.0,656601156.0,0.0,12370293145.0,0.0,0.0,0.0,1177549321.0,10228160585.0,28110400000.0,0.0,0.0,31182548.0,0.0,14006954330.0,4772207998.0,349265176.0,0.0,4290324940.0,6549963078.0,3886780457.0,0.0,902624877.0,31.94,2.99,5.42,1.88,85.38,111.33,25.93,31.94,-7.805830145091572,110.3718318454461
2024,12,PT Bank Perekonomian Rakyat Syariah Mitra Harmoni Yogyakarta,Kota Yogyakarta,Provinsi D.I. Yogyakarta,620149,110590501082.0,42976337576.0,0.0,56511500.0,0.0,930815800.0,11014000000.0,4102991016.0,0.0,0.0,0.0,12478484409.0,18292188081.0,50905580200.0,0.0,0.0,432209068.0,0.0,20078447786.0,460877692.0,269836266.0,0.0,6953927255.0,13010637389.0,8164578620.0,0.0,709369407.0,17.0,9.13,10.04,0.89,91.85,108.94,16.18,17.0,-7.803051873506947,110.36402782968446
2024,12,PT Bank Perekonomian Rakyat Syariah Unisia Insan Indonesia,Kota Yogyakarta,Provinsi D.I. Yogyakarta,620178,173135511658.0,81941351481.0,0.0,1004436350.0,1159500000.0,0.0,1322527242.0,39934171787.0,0.0,0.0,0.0,10490171987.0,12517473908.0,101547195226.0,0.0,0.0,1089151855.0,0.0,29955569148.0,0.0,35857159.0,0.0,8029539406.0,15892055935.0,6563444680.0,0.0,1900599976.0,31.33,4.23,4.32,1.52,85.91,100.71,16.51,31.33,-7.811119305839534,110.36108720090904
2024,12,PT BPRS Hidayah,Wil. Kota Jakarta Barat,Provinsi DKI Jakarta,620119,,,,,,,,,,,,,,,,,,,,,,,,,,,,,,,,,,,,,
2024,12,PT Bank Perekonomian Rakyat Syariah Hijra Alami,Wil. Kota Jakarta Selatan,Provinsi DKI Jakarta,620138,220969840673.0,25912371199.0,8486393536.0,9706017000.0,0.0,0.0,10665535278.0,57204859653.0,0.0,0.0,0.0,29665012475.0,0.0,133183193606.0,0.0,0.0,1376127419.0,0.0,7353355228.0,5000000000.0,5455507615.0,0.0,10670877122.0,19090930040.0,34037332193.0,0.0,-22288153230.0,49.1,0.76,0.94,-9.03,210.51,58.59,87.27,49.1,,
2024,12,PT Bank Perekonomian Rakyat Syariah Al Ihsan,Kab. Bandung,Provinsi Jawa Barat,620044,92724397992.0,52217593735.0,0.0,645274549.0,25240000.0,0.0,0.0,0.0,0.0,0.0,1174008336.0,29176573536.0,0.0,41413271382.0,0.0,0.0,2375135945.0,0.0,11750000000.0,0.0,243211615.0,0.0,5424133819.0,8623910259.0,5678790195.0,0.0,1343003289.0,23.36,3.55,4.74,1.7,85.86,74.92,40.23,23.36,-6.971851712893827,107.5425031409888
2024,12,PT Bank Perekonomian Rakyat Syariah Almasoem,Kab. Bandung,Provinsi Jawa Barat,620027,353022352140.0,144274220313.0,0.0,104649849369.0,25410144000.0,0.0,0.0,674999858.0,0.0,0.0,254250000.0,86457840998.0,8214915224.0,187249367820.0,0.0,0.0,5984433506.0,0.0,22826042452.0,0.0,4163490976.0,0.0,33478545262.0,48254900153.0,26487201456.0,0.0,7553842003.0,16.76,2.71,5.13,97.55,81.1,97.55,12.06,16.76,-6.97009496632967,107.54174350568084
2024,12,PT Bank Perekonomian Rakyat Syariah Amanah Rabbaniah,Kab. Bandung,Provinsi Jawa Barat,620002,154176707307.0,89464843810.0,0.0,6399297053.0,4658434900.0,0.0,0.0,3689273735.0,0.0,0.0,0.0,45640733840.0,6782550094.0,63932063210.0,0.0,0.0,1027460796.0,0.0,10750000000.0,9271961999.0,2181387998.0,0.0,15462955354.0,22257337048.0,13677871907.0,144000000.0,3735340517.0,19.85,2.43,4.79,3.29,88.69,75.33,21.36,19.85,-6.981512329239818,107.54983972422548
2024,12,PT Bank Perekonomian Rakyat Syariah Harta Insan Karimah Parahyangan,Kab. Bandung,Provinsi Jawa Barat,620054,1896593963209.0,826073214985.0,0.0,4337362874.0,47682344384.0,0.0,23738729950.0,679301305709.0,0.0,0.0,7359163864.0,99131238084.0,23037310881.0,1132739942574.0,0.0,0.0,9086820397.0,0.0,83339030453.0,365775992762.0,0.0,0.0,112106819381.0,230102460834.0,107382606702.0,446700000.0,13095488058.0,17.07,3.57,4.11,0.92,92.8,92.79,21.48,17.07,-6.965455511896712,107.55659356508802
2024,12,PT Bank Perekonomian Rakyat Syariah Amanah Insani,Kab. Bekasi,Provinsi Jawa Barat,620066,70879244336.0,48374439107.0,0.0,848250000.0,540310535.0,0.0,3137174692.0,0.0,0.0,0.0,0.0,18564740898.0,0.0,32790717660.0,0.0,0.0,43123161.0,0.0,0.0,0.0,1019371386.0,0.0,7573950170.0,9869527332.0,8313598392.0,451398691.0,1323343389.0,72.94,21.38,23.17,1.62,89.24,103.01,24.25,72.94,-6.204349585324721,107.17320288461552
2024,12,PT BPRS Bogor Tegar Beriman,Kab. Bogor,Provinsi Jawa Barat,620177,207788955453.0,152230509971.0,357494160.0,12803839182.0,0.0,0.0,0.0,34775421009.0,0.0,0.0,1082046753.0,11019122148.0,3098902400.0,55632261167.0,0.0,0.0,573218243.0,0.0,33414000000.0,87745284344.0,3003915874.0,0.0,23057495240.0,30412468309.0,34805915476.0,0.0,-9872135659.0,11.69,7.17,14.95,-5.06,136.36,286.98,62.31,11.69,-6.552632627212006,107.00079770326322
2024,12,PT Bank Perekonomian Rakyat Syariah Amanah Ummah,Kab. Bogor,Provinsi Jawa Barat,620004,530816012390.0,261371905751.0,24804826965.0,195248853.0,5098765456.0,871756822.0,0.0,54349573258.0,0.0,0.0,0.0,246999698986.0,16499708842.0,219578346926.0,0.0,0.0,5229238507.0,0.0,2219905837.0,0.0,1363083789.0,0.0,43419816972.0,58688698095.0,33458682086.0,924000000.0,8840436829.0,18.91,1.42,3.63,2.39,79.8,71.96,27.32,18.91,-6.547796294132246,107.00834446079764
2024,12,PT Bank Perekonomian Rakyat Syariah Botani Bina Rahmah,Kab. Bogor,Provinsi Jawa Barat,620061,142188559854.0,77775930697.0,180408024.0,20221094173.0,790197370.0,1526149.0,0.0,20879031073.0,0.0,0.0,2130750225.0,15976123938.0,25071129.0,38174531680.0,0.0,0.0,1063167413.0,0.0,71728914388.0,520027380.0,1773632494.0,0.0,9340325830.0,16214353769.0,8782327368.0,0.0,2438850235.0,20.36,0.01,2.66,1.75,76.37,95.31,8.52,20.36,-6.546441998522415,106.99684935942706
2024,12,PT Bank Perekonomian Rakyat Syariah Harta Insan Karimah Insan Cita,Kab. Bogor,Provinsi Jawa Barat,620069,293426511362.0,223938585691.0,0.0,2790842132.0,479616560.0,0.0,2142860468.0,19570506877.0,0.0,0.0,127029499.0,20982396067.0,8572012098.0,144086834788.0,0.0,0.0,1353186129.0,0.0,64941842062.0,33180471745.0,998370014.0,0.0,19955781610.0,38264345081.0,23191904702.0,0.0,1940873949.0,14.85,2.06,2.68,0.91,93.61,91.6,9.55,14.85,-6.539331604489986,107.00639936483655
2024,12,PT. BPRS Rif'atul Ummah,Kab. Bogor,Provinsi Jawa Barat,620068,29024453501.0,6896778281.0,0.0,11754084120.0,425389821.0,0.0,0.0,4721214569.0,0.0,0.0,162785798.0,9119747374.0,8.0,5949764279.0,0.0,0.0,306685368.0,0.0,7700145459.0,475000000.0,197988262.0,0.0,1304489990.0,1572524516.0,3278646400.0,0.0,-1710971060.0,36.82,20.74,25.4,-5.89,197.42,104.51,10.2,36.82,-6.544725297552011,107.0028264990046
2024,12,PT Bank Perekonomian Rakyat Syariah Gaido Indonesia,Kab. Cianjur,Provinsi Jawa Barat,620043,35623911462.0,25813061963.0,0.0,1780364999.0,0.0,0.0,163891331.0,907456140.0,0.0,0.0,0.0,7704731556.0,2383111284.0,6606000000.0,0.0,0.0,178333079.0,0.0,15350000000.0,1954777214.0,0.0,0.0,2321675079.0,4632533858.0,4380188175.0,0.0,-1669245589.0,5.7,6.5,7.95,-4.69,133.7,86.62,28.26,5.7,-6.563150818639635,106.73146469181188
2024,12,PT Bank Perekonomian Rakyat Syariah Harum Hikmahnugraha,Kab. Garut,Provinsi Jawa Barat,620029,120873801698.0,82390692152.0,0.0,6730204036.0,1344070000.0,40497005.0,0.0,2320999526.0,0.0,0.0,0.0,29259388407.0,1302146799.0,50031540000.0,0.0,0.0,131174727.0,0.0,27901001228.0,0.0,541159789.0,0.0,10268176972.0,15392546156.0,7699841320.0,0.0,2117884223.0,25.87,5.16,6.33,2.4,83.31,88.95,11.54,25.87,-7.201021164642222,107.90284024114014
2024,12,PT Bank Perekonomian Rakyat Syariah PNM Mentari,Kab. Garut,Provinsi Jawa Barat,620008,178810330821.0,105133180914.0,0.0,8216814026.0,17450911603.0,68822875.0,1790625000.0,16387467958.0,0.0,0.0,401246934.0,4615096384.0,16381440835.0,83279822356.0,0.0,0.0,622738305.0,0.0,46463431132.0,4348189915.0,3252290152.0,0.0,16088405476.0,25648679107.0,15099571588.0,0.0,3393951195.0,22.8,3.25,3.75,2.42,85.68,142.94,12.68,22.8,-7.195611181584734,107.90948097277126
2024,12,PT. BPRS Gotong Royong,Kab. Subang,Provinsi Jawa Barat,620172,,,,,,,,,,,,,,,,,,,,,,,,,,,,,,,,,,,,-6.553534544317955,107.7543397767086
2024,12,PT. BPRS Gotong Royong,Kab. Subang,Provinsi Jawa Barat,620172,,,,,,,,,,,,,,,,,,,,,,,,,,,,,,,,,,,,-6.916774443100237,106.9293590384548
2024,12,PT BPRS Berkah Amal Salman,Kota Bandung,Provinsi Jawa Barat,620001,,,,,,,,,,,,,,,,,,,,,,,,,,,,,,,,,,,,-6.918139601318028,107.60647461822626
2024,12,PT BPRS Berkah Amal Salman,Kota Bandung,Provinsi Jawa Barat,620001,,,,,,,,,,,,,,,,,,,,,,,,,,,,,,,,,,,,-6.600064385549815,106.7999819599572
2024,12,PT Bank Perekonomian Rakyat Syariah Baiturridha Pusaka,Kota Bandung,Provinsi Jawa Barat,620011,422310782792.0,39014932871.0,0.0,240655084485.0,18463600000.0,0.0,400000000.0,8921560097.0,0.0,0.0,0.0,16419562333.0,11236396726.0,226560365195.0,0.0,0.0,7020643105.0,0.0,23300000000.0,87024745141.0,3827828477.0,0.0,58478353676.0,67882069788.0,37361572339.0,728384108.0,22129452466.0,20.7,0.05,1.22,9.13,61.89,120.7,30.91,20.7,-6.926057921061269,107.60382508821964
2024,12,PT Bank Perekonomian Rakyat Syariah Baiturridha Pusaka,Kota Bandung,Provinsi Jawa Barat,620011,422310782792.0,39014932871.0,0.0,240655084485.0,18463600000.0,0.0,400000000.0,8921560097.0,0.0,0.0,0.0,16419562333.0,11236396726.0,226560365195.0,0.0,0.0,7020643105.0,0.0,23300000000.0,87024745141.0,3827828477.0,0.0,58478353676.0,67882069788.0,37361572339.0,728384108.0,22129452466.0,20.7,0.05,1.22,9.13,61.89,120.7,30.91,20.7,-6.5950591985824625,106.79485467015364
2024,12,PT Bank Perekonomian Rakyat Syariah Mitra Harmoni Kota Bandung,Kota Bandung,Provinsi Jawa Barat,620161,36848680761.0,23444350548.0,0.0,1701748715.0,2132500000.0,3750000.0,0.0,0.0,0.0,0.0,132000000.0,4346205236.0,2278684028.0,15492122531.0,0.0,0.0,772426864.0,0.0,6441654432.0,0.0,97098531.0,0.0,4036828073.0,5294943495.0,4217201655.0,0.0,400718672.0,43.63,9.21,10.95,0.67,92.26,123.85,16.25,43.63,-6.930306124913997,107.60122007641682
2024,12,PT Bank Perekonomian Rakyat Syariah Mitra Harmoni Kota Bandung,Kota Bandung,Provinsi Jawa Barat,620161,36848680761.0,23444350548.0,0.0,1701748715.0,2132500000.0,3750000.0,0.0,0.0,0.0,0.0,132000000.0,4346205236.0,2278684028.0,15492122531.0,0.0,0.0,772426864.0,0.0,6441654432.0,0.0,97098531.0,0.0,4036828073.0,5294943495.0,4217201655.0,0.0,400718672.0,43.63,9.21,10.95,0.67,92.26,123.85,16.25,43.63,-6.605274910968337,106.787676963878
2024,12,PT BANK PEREKONOMIAN RAKYAT ARTHA MADANI,Kota Bekasi,Provinsi Jawa Barat,620088,469095153143.0,92200133723.0,241318291506.0,23850179387.0,407024034.0,0.0,0.0,8937295114.0,0.0,0.0,4137612646.0,16976825547.0,7487402866.0,152377832000.0,0.0,0.0,1876720562.0,0.0,197515305161.0,71125094479.0,35370485.0,0.0,16249871586.0,50793621370.0,23609652418.0,0.0,35353095.0,16.21,1.3,2.26,0.02,99.83,191.65,1.87,16.21,-6.235802486784483,106.99167237097036
2024,12,PT Bank Perekonomian Rakyat Syariah Harta Insan Karimah Bekasi,Kota Bekasi,Provinsi Jawa Barat,620015,244216023264.0,57660015815.0,0.0,10935140841.0,64923828.0,0.0,2077897000.0,174612830110.0,0.0,0.0,3308455817.0,21213839675.0,318740168.0,202773034294.0,0.0,0.0,432630953.0,0.0,43442775040.0,3000000000.0,5042461604.0,0.0,2096532242.0,21168497155.0,55498388375.0,0.0,-52371052727.0,-29.73,39.76,51.48,-17.79,336.75,91.63,3.0,-29.73,-6.237084227639964,106.9866402479551
2024,12,PT Bank Perekonomian Rakyat Syariah Harta Insan Karimah Cibitung,Kota Bekasi,Provinsi Jawa Barat,620020,513519321988.0,226173404317.0,6322299679.0,20194762925.0,551471451.0,0.0,7279258285.0,167990761898.0,0.0,0.0,0.0,23748642447.0,8175327048.0,358692850814.0,0.0,0.0,5096504537.0,0.0,21976981849.0,39096875870.0,6403172716.0,0.0,34701618981.0,67900593309.0,37625950445.0,0.0,6595062384.0,17.67,9.63,11.25,1.25,90.71,94.87,12.14,17.67,-6.225695831277773,106.98845203769474
2024,12,PT Bank Perekonomian Rakyat Syariah Patriot Bekasi Perseroda,Kota Bekasi,Provinsi Jawa Barat,620108,584049108451.0,280799811015.0,0.0,39582957305.0,260881109.0,0.0,5850682026.0,158879942647.0,0.0,0.0,16841679669.0,64948873527.0,2019756430.0,242972478566.0,0.0,0.0,2236718748.0,0.0,45728567753.0,90335463377.0,35110707872.0,0.0,55990281209.0,77426422581.0,44031461640.0,0.0,10840882751.0,23.55,2.64,3.71,2.46,83.19,103.08,19.3,23.55,-6.2278728540382104,107.00170463692426
2024,12,PT Bank Perekonomian Rakyat Syariah Riyal Irsyadi,Kota Bekasi,Provinsi Jawa Barat,620005,171079448157.0,75595345902.0,0.0,878891784.0,10833349.0,23619149.0,174078148.0,50052624276.0,0.0,0.0,7237341665.0,13349395256.0,11758282135.0,96713439000.0,0.0,0.0,1129547116.0,0.0,23702154912.0,0.0,255347179.0,5850682026.0,13761082981.0,21161983672.0,14971885583.0,0.0,1360767387.0,22.99,3.13,5.53,2.24,89.03,108.49,10.12,22.99,-6.225147459974553,106.99631349110932
2024,12,PT BPRS Berkah Amal Salman,Kota Bogor,Provinsi Jawa Barat,620001,,,,,,,,,,,,,,,,,,,,,,,,,,,,,,,,,,,,-6.918139601318028,107.60647461822626
2024,12,PT BPRS Berkah Amal Salman,Kota Bogor,Provinsi Jawa Barat,620001,,,,,,,,,,,,,,,,,,,,,,,,,,,,,,,,,,,,-6.600064385549815,106.7999819599572
2024,12,PT Bank Perekonomian Rakyat Syariah Baiturridha Pusaka,Kota Bogor,Provinsi Jawa Barat,620011,422310782792.0,39014932871.0,0.0,240655084485.0,18463600000.0,0.0,400000000.0,8921560097.0,0.0,0.0,0.0,16419562333.0,11236396726.0,226560365195.0,0.0,0.0,7020643105.0,0.0,23300000000.0,87024745141.0,3827828477.0,0.0,58478353676.0,67882069788.0,37361572339.0,728384108.0,22129452466.0,20.7,0.05,1.22,9.13,61.89,120.7,30.91,20.7,-6.926057921061269,107.60382508821964
2024,12,PT Bank Perekonomian Rakyat Syariah Baiturridha Pusaka,Kota Bogor,Provinsi Jawa Barat,620011,422310782792.0,39014932871.0,0.0,240655084485.0,18463600000.0,0.0,400000000.0,8921560097.0,0.0,0.0,0.0,16419562333.0,11236396726.0,226560365195.0,0.0,0.0,7020643105.0,0.0,23300000000.0,87024745141.0,3827828477.0,0.0,58478353676.0,67882069788.0,37361572339.0,728384108.0,22129452466.0,20.7,0.05,1.22,9.13,61.89,120.7,30.91,20.7,-6.5950591985824625,106.79485467015364
2024,12,PT Bank Perekonomian Rakyat Syariah Mitra Harmoni Kota Bandung,Kota Bogor,Provinsi Jawa Barat,620161,36848680761.0,23444350548.0,0.0,1701748715.0,2132500000.0,3750000.0,0.0,0.0,0.0,0.0,132000000.0,4346205236.0,2278684028.0,15492122531.0,0.0,0.0,772426864.0,0.0,6441654432.0,0.0,97098531.0,0.0,4036828073.0,5294943495.0,4217201655.0,0.0,400718672.0,43.63,9.21,10.95,0.67,92.26,123.85,16.25,43.63,-6.930306124913997,107.60122007641682
2024,12,PT Bank Perekonomian Rakyat Syariah Mitra Harmoni Kota Bandung,Kota Bogor,Provinsi Jawa Barat,620161,36848680761.0,23444350548.0,0.0,1701748715.0,2132500000.0,3750000.0,0.0,0.0,0.0,0.0,132000000.0,4346205236.0,2278684028.0,15492122531.0,0.0,0.0,772426864.0,0.0,6441654432.0,0.0,97098531.0,0.0,4036828073.0,5294943495.0,4217201655.0,0.0,400718672.0,43.63,9.21,10.95,0.67,92.26,123.85,16.25,43.63,-6.605274910968337,106.787676963878
2024,12,PT BPRS SHADIQ AMANAH,Kota Cimahi,Provinsi Jawa Barat,620019,,,,,,,,,,,,,,,,,,,,,,,,,,,,,,,,,,,,-6.863473787610629,107.53563110990164
2024,12,PT Bank Perekonomian Rakyat Syariah Daarul Hayat,Kota Cimahi,Provinsi Jawa Barat,620035,26485899444.0,9043009863.0,19826375564.0,152197203.0,328590491.0,0.0,0.0,186657340.0,0.0,0.0,0.0,2396720879.0,1125297640.0,7152147798.0,0.0,0.0,602782040.0,0.0,7750000000.0,0.0,1380141.0,0.0,374408531.0,2349124283.0,9946827599.0,0.0,-7740109789.0,51.72,10.38,12.74,-16.76,184.81,160.32,17.36,51.72,-6.867341948596262,107.55153148405364
2024,12,PT Bank Perekonomian Rakyat Syariah Albarokah,Kota Depok,Provinsi Jawa Barat,620053,70433523799.0,37826391588.0,0.0,538973940.0,0.0,0.0,737310734.0,17605859470.0,0.0,0.0,1471672598.0,2663895249.0,1215957980.0,43307676291.0,0.0,0.0,79016701.0,0.0,15451462471.0,0.0,105048230.0,0.0,3961282205.0,6547388186.0,5890045334.0,0.0,864578132.0,20.47,2.71,3.89,1.42,90.39,118.82,69.31,20.47,-6.414286608555458,106.82408456386716
2024,12,PT Bank Perekonomian Rakyat Syariah Alhijrah Amanah,Kota Depok,Provinsi Jawa Barat,620062,73911709172.0,36488264191.0,0.0,2029078365.0,1797871668.0,10261391.0,0.0,24299066177.0,0.0,0.0,488150000.0,8049367267.0,864566602.0,19797357964.0,0.0,0.0,600140969.0,0.0,37770248051.0,472222218.0,203166151.0,0.0,4978052944.0,9278802471.0,5035949234.0,0.0,72784128.0,18.58,3.69,5.98,0.28,98.11,96.56,34.03,18.58,-6.4012211998367325,106.81183657113324
2024,12,PT Bank Perekonomian Rakyat Syariah Alsalaam Amal Salman,Kota Depok,Provinsi Jawa Barat,620101,363797360829.0,239747187862.0,7107647081.0,2894896836.0,459165744.0,0.0,605918622.0,20457202190.0,0.0,0.0,0.0,21784566391.0,54443549608.0,215488496279.0,0.0,0.0,1907558990.0,0.0,5905388184.0,0.0,8271615886.0,0.0,48564453780.0,62101038323.0,44029673008.0,0.0,5563659724.0,28.26,0.07,0.79,2.08,89.23,92.99,8.19,28.26,-6.416217509745828,106.80751636393872
2024,12,PT Bank Perekonomian Rakyat Syariah Hasanah Mandiri,Kota Depok,Provinsi Jawa Barat,620006,98595697468.0,83812171514.0,26576143745.0,5837184097.0,964614529.0,0.0,2841400175.0,2300000000.0,0.0,0.0,2686131300.0,1086081142.0,7113968438.0,51010746322.0,0.0,0.0,10336975446.0,0.0,53335572654.0,3640179067.0,700903890.0,0.0,-1273703262.0,7402636516.0,36895439698.0,0.0,-29969451599.0,-0.52,0.06,0.31,-0.3,5.31,1.08,0.02,-0.52,-6.40152714268215,106.8199776998472
2024,12,PT. BPRS Gotong Royong,Kota Sukabumi,Provinsi Jawa Barat,620172,,,,,,,,,,,,,,,,,,,,,,,,,,,,,,,,,,,,-6.553534544317955,107.7543397767086
2024,12,PT. BPRS Gotong Royong,Kota Sukabumi,Provinsi Jawa Barat,620172,,,,,,,,,,,,,,,,,,,,,,,,,,,,,,,,,,,,-6.916774443100237,106.9293590384548
2024,12,PT Bank Perekonomian Rakyat Syariah Almadinah Tasikmalaya Perseroda,Kota Tasikmalaya,Provinsi Jawa Barat,620156,84461560632.0,42818289167.0,489777788.0,2102082528.0,3312534492.0,0.0,0.0,21211810485.0,0.0,0.0,0.0,12951947643.0,11240816946.0,18850359253.0,0.0,0.0,158467571.0,0.0,22950000000.0,0.0,1161871289.0,0.0,7429436668.0,10804405595.0,9454402643.0,11000000.0,610833833.0,40.62,16.51,33.68,0.88,95.18,162.48,24.4,40.62,-7.3283420052585,108.22977779026246
2024,12,PT Bank Perekonomian Rakyat Syariah Alwadiah,Kota Tasikmalaya,Provinsi Jawa Barat,620037,66172798934.0,48801613420.0,0.0,0.0,0.0,0.0,23862185.0,5242000000.0,0.0,0.0,11228914486.0,1866190778.0,9918581045.0,31996362169.0,0.0,0.0,70615996.0,0.0,15500000000.0,2500000000.0,439420227.0,0.0,4261737888.0,6168548464.0,10176862408.0,0.0,-5418696919.0,13.74,33.03,44.93,,210.41,123.54,8.19,13.74,-7.31950171379176,108.2182123272616
2024,12,PT Bank Perekonomian Rakyat Syariah Arta Leksana,Kab. Banyumas,Provinsi Jawa Tengah,620110,75384757545.0,40039106686.0,985435662.0,1446133348.0,423961000.0,0.0,264999979.0,9713249064.0,0.0,0.0,170000000.0,22306206023.0,5714597485.0,25583500000.0,0.0,0.0,163445824.0,0.0,10197913710.0,2567333293.0,551607545.0,0.0,5548166886.0,7899467609.0,4649315350.0,0.0,1131399438.0,23.79,11.0,12.0,1.99,83.8,98.65,44.67,23.79,-7.440480384054677,109.32329819176095
2024,12,PT Bank Perekonomian Rakyat Syariah Bina Amanah Satria,Kab. Banyumas,Provinsi Jawa Tengah,620087,107591769272.0,65670312727.0,0.0,5560892385.0,350863491.0,68983709.0,0.0,1571517505.0,0.0,0.0,1090765192.0,26183929666.0,11216101639.0,37413793500.0,0.0,0.0,114484867.0,0.0,17748709334.0,3355030329.0,522693762.0,0.0,9052143960.0,13451618095.0,6379700313.0,0.0,2287975880.0,22.7,9.39,10.18,2.81,78.62,97.87,11.52,22.7,-7.448909227338186,109.32815980963753
2024,12,PT Bank Perekonomian Rakyat Syariah Gunung Slamet,Kab. Banyumas,Provinsi Jawa Tengah,620146,167990701694.0,122832960542.0,988308936.0,3042336277.0,632000000.0,0.0,125000015.0,14878404882.0,0.0,0.0,0.0,24586865193.0,8000703136.0,111367100000.0,0.0,0.0,2047725063.0,0.0,8040670398.0,0.0,1593219916.0,0.0,11493036654.0,18965243337.0,12548581276.0,0.0,1172952523.0,19.36,9.73,9.73,0.95,92.54,98.99,10.67,19.36,-7.437522556194236,109.32557212705542
2024,12,PT Bank Perekonomian Rakyat Syariah Harta Insan Karimah Jawa Tengah,Kab. Banyumas,Provinsi Jawa Tengah,620089,54676923308.0,23415626898.0,0.0,6591622237.0,1248296000.0,0.0,0.0,5151242839.0,0.0,0.0,0.0,2596588569.0,2702052741.0,21306798299.0,0.0,0.0,84542581.0,0.0,19994232677.0,2794434151.0,89068432.0,0.0,2898560097.0,4636377001.0,4974191209.0,0.0,-1122195002.0,32.33,0.79,6.11,-2.86,128.44,85.23,39.02,32.33,-7.445092454041309,109.33485862481956
2024,12,PT Bank Perekonomian Rakyat Syariah Bangun Arta,Kab. Cilacap,Provinsi Jawa Tengah,620195,75735548112.0,31961481758.0,0.0,6605134260.0,0.0,0.0,0.0,11939800856.0,0.0,0.0,0.0,677410671.0,35094256531.0,26707170000.0,0.0,0.0,113675511.0,0.0,0.0,0.0,510606760.0,0.0,6745266976.0,8770114056.0,11732342315.0,0.0,761637179.0,30.39,15.64,18.73,1.09,106.13,68.72,22.42,30.39,-7.720557123602994,109.02471707185968
2024,12,PT Bank Perekonomian Rakyat Syariah Bumi Artha Sampang,Kab. Cilacap,Provinsi Jawa Tengah,620112,108568113298.0,68819372310.0,0.0,302661667.0,0.0,0.0,8450000000.0,6814660246.0,0.0,0.0,0.0,15149479086.0,6907600469.0,63977080000.0,0.0,0.0,276154740.0,0.0,12894841085.0,0.0,535231307.0,0.0,6797956227.0,12463063572.0,6061002865.0,0.0,1225245377.0,22.25,7.68,8.31,1.53,89.14,98.09,12.66,22.25,-7.709897309774618,109.02363619954758
2024,12,PT Bank Perekonomian Rakyat Syariah Suriyah,Kab. Cilacap,Provinsi Jawa Tengah,620086,354452123619.0,175047107521.0,100444404.0,47262564553.0,57000000.0,27428463.0,3886163873.0,61176534065.0,0.0,0.0,281416665.0,62071258426.0,14529864727.0,161791151767.0,0.0,0.0,2852242270.0,0.0,71113009379.0,12216478717.0,303824420.0,0.0,23587260797.0,42439939190.0,20216220608.0,165798881.0,6289762979.0,16.79,11.37,13.12,2.42,82.57,121.68,12.26,16.79,-7.720360645096571,109.02261136336097
2024,12,PT Bank Perekonomian Rakyat Syariah Gala Mitra Abadi,Kab. Grobogan,Provinsi Jawa Tengah,620063,96765376484.0,66256509575.0,0.0,9405295416.0,664685000.0,0.0,940147473.0,10125727406.0,0.0,0.0,535992773.0,11322445217.0,5111025081.0,30390685000.0,0.0,0.0,323166417.0,0.0,36111421101.0,4776649626.0,1012754888.0,0.0,8403012781.0,15033636191.0,7781928844.0,0.0,641878093.0,17.81,4.48,4.85,0.83,94.19,186.64,9.46,17.81,-7.088219305964116,110.9101564089674
2024,12,PT. BPRS Ikhsanul Amal,Kab. Kebumen,Provinsi Jawa Tengah,620047,31101241925.0,17849701006.0,0.0,110791658.0,0.0,0.0,0.0,4430080056.0,0.0,0.0,738653771.0,3391546214.0,13534686305.0,6516000000.0,0.0,0.0,28087365.0,0.0,2599153677.0,0.0,184486674.0,0.0,1844110730.0,2591839030.0,2001571083.0,2434156.0,84489545.0,41.5,18.63,20.71,0.34,103.93,95.51,30.11,41.5,-7.7499614325424,109.74028135566994
2024,12,PT. BPRS Asad Alif,Kab. Kendal,Provinsi Jawa Tengah,620070,81712470676.0,57164421723.0,0.0,1076639929.0,0.0,0.0,0.0,9373352000.0,0.0,0.0,2169595000.0,1748167905.0,19296488164.0,30665967000.0,0.0,0.0,11664700.0,0.0,19221208635.0,2326994209.0,998850087.0,0.0,5737122720.0,9494875413.0,6072778332.0,10346550.0,512164326.0,20.7,4.56,4.86,0.82,85.68,130.76,23.7,20.7,,
2024,12,PT Bank Perekonomian Rakyat Syariah Almabrur Klaten,Kab. Klaten,Provinsi Jawa Tengah,620142,260816047037.0,64396731139.0,0.0,8217155215.0,294311805.0,0.0,1775738809.0,80157747469.0,0.0,0.0,368817138.0,6507307063.0,73319887674.0,141790422000.0,0.0,0.0,1584904080.0,0.0,7098181235.0,0.0,3163619369.0,0.0,16545680448.0,25805689793.0,8032435081.0,241919623.0,7518772900.0,28.74,2.18,2.31,3.55,64.35,70.34,11.23,28.74,,
2024,12,PT Bank Perekonomian Rakyat Syariah Dharma Kuwera,Kab. Klaten,Provinsi Jawa Tengah,620159,101978042511.0,59328232824.0,0.0,7548263213.0,865000000.0,0.0,0.0,12271240467.0,0.0,0.0,1234853924.0,8046938018.0,6279468115.0,49836373724.0,0.0,0.0,660369940.0,0.0,20688520561.0,3936610679.0,618473545.0,0.0,5916224833.0,11332097855.0,5223151005.0,0.0,1058102177.0,24.84,2.66,2.85,1.57,78.1,124.7,13.45,24.84,,
2024,12,PT BPRS Saka Dana Mulia,Kab. Kudus,Provinsi Jawa Tengah,620167,,,,,,,,,,,,,,,,,,,,,,,,,,,,,,,,,,,,-6.752673980908147,111.02119203015354
2024,12,PT Bank Perekonomian Rakyat Syariah Meru Nusantara Mandiri,Kab. Magelang,Provinsi Jawa Tengah,620143,70459992697.0,12118002966.0,0.0,4112862603.0,143265000.0,0.0,777150000.0,20884571937.0,0.0,0.0,697762622.0,9830515811.0,10687747440.0,37270814000.0,0.0,0.0,121359536.0,0.0,4720664500.0,0.0,163075055.0,0.0,3600819804.0,5270245459.0,3056678515.0,0.0,1115593124.0,29.04,5.4,6.6,2.17,79.16,65.82,13.95,29.04,-7.483143805876312,110.21226325844997
2024,12,PT. BPRS Artha Mas Abadi,Kab. Pati,Provinsi Jawa Tengah,620100,68036838739.0,36686665501.0,3000000.0,1248469565.0,5000000.0,0.0,0.0,11533231300.0,0.0,0.0,0.0,21895756703.0,7574460601.0,23301177917.0,0.0,0.0,62559610.0,0.0,4795100571.0,0.0,1858965847.0,0.0,8832026628.0,11042085051.0,7386398685.0,60952404.0,1958884222.0,21.09,1.98,3.51,3.99,80.06,93.76,52.37,21.09,-6.770220705556133,111.02002545693522
2024,12,PT Bank Perekonomian Rakyat Syariah Buana Mitra Perwira,Kab. Purbalingga,Provinsi Jawa Tengah,620083,333646337022.0,158894738335.0,10899382354.0,5223992402.0,9968087367.0,0.0,1231250001.0,96540160316.0,0.0,0.0,400000000.0,68699460952.0,22807239689.0,159028970000.0,0.0,0.0,1916351400.0,0.0,33274552460.0,18982976946.0,3553272592.0,0.0,19988992086.0,34589223509.0,17830146930.0,161897586.0,4929823828.0,15.35,6.75,7.24,1.98,80.94,93.38,26.09,15.35,-7.38620934652322,109.3482136658594
2024,12,PT Bank Perekonomian Rakyat Syariah Artha Amanah Ummat,Kab. Semarang,Provinsi Jawa Tengah,620116,88329159550.0,39754596771.0,0.0,603648849.0,0.0,0.0,0.0,32189596294.0,0.0,0.0,325284830.0,1339695148.0,7875670152.0,39418757000.0,0.0,0.0,63597947.0,0.0,26222250748.0,4082522095.0,1182689470.0,0.0,5603306088.0,10512839468.0,4493094346.0,46659986.0,1503556292.0,18.16,4.82,5.55,2.14,83.64,149.0,13.95,18.16,-7.138606830428244,110.40957996108703
2024,12,PT Bank Perekonomian Rakyat Syariah Sukowati Sragen (Perseroda),Kab. Sragen,Provinsi Jawa Tengah,620124,440878241806.0,147523081561.0,0.0,44221034706.0,30000000.0,0.0,472222218.0,180886648016.0,0.0,0.0,5373885762.0,70514028887.0,36075654046.0,198274543694.0,0.0,0.0,13020887810.0,0.0,77060732731.0,1167342000.0,2349285049.0,0.0,35986245536.0,57136642608.0,26073273678.0,0.0,9302154089.0,24.05,0.17,2.96,2.83,79.98,111.45,33.4,24.05,,
2024,12,PT Bank Perekonomian Rakyat Syariah Insan Madani,Kab. Sukoharjo,Provinsi Jawa Tengah,620154,55676980658.0,18567681822.0,0.0,0.0,0.0,0.0,0.0,25081426630.0,0.0,0.0,0.0,2559669828.0,4487858033.0,32091694060.0,0.0,0.0,39797101.0,0.0,7338412528.0,0.0,615110067.0,0.0,2000250411.0,4345016636.0,3250075403.0,0.0,-746143398.0,37.09,20.99,21.0,-1.42,115.37,111.52,9.19,37.09,-7.980423788495279,112.63614303338588
2024,12,PT BPRS Artha Surya Barokah,Kota Semarang,Provinsi Jawa Tengah,620084,313916645423.0,145086484213.0,0.0,9412053652.0,3474555900.0,0.0,799170735.0,92714195515.0,0.0,0.0,381296296.0,65075176629.0,28253204004.0,172454890000.0,0.0,0.0,1341045931.0,0.0,7325941371.0,0.0,8100060002.0,0.0,18556516775.0,30349716394.0,18298365874.0,186169658.0,6116998483.0,21.35,1.77,3.18,2.44,79.3,94.62,15.75,21.35,-6.992447596736079,110.42988872705932
2024,12,PT BPRS Bina Finansia,Kota Semarang,Provinsi Jawa Tengah,620102,62533740689.0,38644909463.0,0.0,509635873.0,0.0,0.0,0.0,16543877533.0,0.0,0.0,1104508772.0,0.0,16332507544.0,22334246442.0,0.0,0.0,390910287.0,0.0,14788189318.0,0.0,385893092.0,0.0,4206465891.0,6677235298.0,3942163202.0,0.0,699346223.0,,,3.84,3.93,0.31,,,,-6.984027795058197,110.415867283899
2024,12,PT Bank Perekonomian Rakyat Syariah Kedung Arto,Kota Semarang,Provinsi Jawa Tengah,620191,370088520092.0,230752324501.0,0.0,6433996026.0,0.0,0.0,0.0,53497736270.0,0.0,0.0,117999996.0,50173558158.0,6886338686.0,215020287377.0,0.0,0.0,1480202516.0,0.0,69250000000.0,1447054888.0,866890836.0,0.0,24125082767.0,42708882491.0,24060518020.0,0.0,4538804486.0,18.31,4.7,4.98,1.63,88.75,106.84,12.8,18.31,-6.984249050778415,110.4263886103255
2024,12,PT. BPRS Mitra Harmoni Kota Semarang,Kota Semarang,Provinsi Jawa Tengah,620151,70334049303.0,42519588575.0,0.0,759538400.0,0.0,475531200.0,440000000.0,8586007317.0,0.0,0.0,0.0,4397403692.0,8257413259.0,22757000000.0,0.0,0.0,124744649.0,0.0,22772317408.0,2281691199.0,387956375.0,0.0,6051851515.0,9718628243.0,6997983898.0,0.0,838656904.0,37.17,13.05,14.6,1.66,91.91,167.84,13.22,37.17,-6.989034701457653,110.42390375172975
2024,12,PT Bank Perekonomian Rakyat Syariah Central Syariah Utama,Kota Surakarta/Solo,Provinsi Jawa Tengah,620137,106306106486.0,43319866697.0,0.0,38489129787.0,26220000.0,27069212.0,0.0,5595226771.0,0.0,0.0,48194237.0,25491817741.0,4379539055.0,32477500000.0,0.0,0.0,2487901428.0,0.0,32071617817.0,0.0,299304737.0,0.0,4352486694.0,7896975409.0,3763036748.0,0.0,1112154327.0,23.11,1.72,3.77,1.16,87.41,140.62,16.96,23.11,-7.583455291786536,110.81861293442316
2024,12,PT Bank Perekonomian Rakyat Syariah Dana Amanah Surakarta,Kota Surakarta/Solo,Provinsi Jawa Tengah,620125,208624919566.0,75860381731.0,6740984399.0,9190530408.0,3765006952.0,0.0,33271445.0,43435854668.0,0.0,0.0,494054309.0,13257835834.0,31749174969.0,72802354612.0,0.0,0.0,493087878.0,0.0,38584609327.0,31672942866.0,4244236929.0,0.0,10611548736.0,18368468522.0,7380779476.0,0.0,3546029470.0,15.59,1.96,3.0,2.48,77.78,118.01,6.54,15.59,-7.582281788876442,110.82735174142871
2024,12,PT Bank Perekonomian Rakyat Syariah Dana Mulia,Kota Surakarta/Solo,Provinsi Jawa Tengah,620122,38932763093.0,19531853684.0,0.0,5901750398.0,13500000.0,0.0,0.0,10539907935.0,0.0,0.0,0.0,4026529640.0,9368268801.0,21145283374.0,0.0,0.0,27083019.0,0.0,3921224476.0,0.0,828373040.0,0.0,1869679082.0,3848924432.0,4062546937.0,0.0,-6431897898.0,-1.11,23.87,27.94,-16.52,136.97,93.57,2.26,-1.11,-7.5721076896369475,110.81636511954429
2024,12,PT Bank Perekonomian Rakyat Syariah Hikmah Khazanah,Kota Surakarta/Solo,Provinsi Jawa Tengah,620171,276732274694.0,107871385834.0,0.0,10071911722.0,1525000000.0,0.0,0.0,103311104019.0,0.0,0.0,0.0,24336385747.0,7071860006.0,131191787237.0,0.0,0.0,506837227.0,0.0,43734196015.0,28720338993.0,5357145230.0,0.0,17410220096.0,32156552188.0,20459461931.0,130546001.0,4010638196.0,27.4,0.92,3.97,1.95,87.02,137.01,10.96,27.4,-7.578734267499703,110.8209373266183
2024,12,PT Bank Perekonomian Rakyat Syariah Hikmah Bahari,Kota Tegal,Provinsi Jawa Tengah,620174,214738259656.0,106602297274.0,0.0,32363688600.0,0.0,0.0,1608631476.0,30154480486.0,0.0,0.0,0.0,18947342767.0,987617040.0,79058000000.0,0.0,0.0,647416399.0,0.0,57083305036.0,25197254787.0,856962080.0,0.0,21529296848.0,35091380012.0,21693413634.0,73511420.0,1366531956.0,27.84,7.69,9.98,0.93,94.57,94.18,13.55,27.84,-6.861973262113324,109.13573876794256
2024,12,PT Bank Perekonomian Rakyat Syariah Amanah Sejahtera,Kab. Gresik,Provinsi Jawa Timur,620050,100408679243.0,48053774272.0,0.0,1163037171.0,1399719840.0,0.0,4110232860.0,20452607399.0,0.0,0.0,0.0,30387972562.0,35799277050.0,20114004000.0,0.0,0.0,41380768.0,0.0,1269311197.0,0.0,523266027.0,0.0,8204825174.0,9465760206.0,9462223916.0,0.0,-509971567.0,22.35,13.13,15.35,-0.5,104.86,87.11,10.95,22.35,-7.171206060982263,112.65347308804564
2024,12,PT Bank Perekonomian Rakyat Syariah Mandiri Mitra Sukses,Kab. Gresik,Provinsi Jawa Timur,620126,66535318438.0,11068794054.0,0.0,0.0,36722815891.0,0.0,0.0,7983231536.0,0.0,0.0,2273811724.0,1844495396.0,25811430084.0,23832100000.0,0.0,0.0,145824781.0,0.0,11621623953.0,0.0,154178167.0,0.0,6608912319.0,7660218032.0,7630685103.0,0.0,-865536885.0,12.87,18.31,21.24,-1.3,100.51,108.33,11.82,12.87,-7.1749772829692935,112.65847748596217
2024,12,PT. BPRS Asri Madani Nusantara,Kab. Jember,Provinsi Jawa Timur,620033,,,,,,,,,,,,,,,,,,,,,,,,,,,,,,,,,,,,-8.154319698220284,113.71768742028424
2024,12,PT Bank Perekonomian Rakyat Syariah Lantabur Tebuireng,Kab. Jombang,Provinsi Jawa Timur,620098,362975841929.0,130993672150.0,0.0,11871252631.0,4126648049.0,0.0,0.0,79909382432.0,0.0,0.0,3569638633.0,5564415425.0,155725108803.0,159678775000.0,0.0,0.0,1960497670.0,0.0,4313908819.0,0.0,2209029900.0,0.0,24132861295.0,36246593387.0,16955330022.0,197057444.0,7260320813.0,14.11,15.63,18.14,2.62,75.96,70.69,11.98,14.11,-7.593963133811971,112.26493196168056
2024,12,PT Bank Perekonomian Rakyat Syariah Artha Pamenang,Kab. Kediri,Provinsi Jawa Timur,620147,58005882993.0,29756065854.0,0.0,8475868381.0,0.0,0.0,0.0,6873558639.0,0.0,0.0,0.0,2137349375.0,4073264862.0,40001949600.0,0.0,0.0,281754382.0,0.0,64166132.0,0.0,2309368820.0,0.0,8110148580.0,10619957733.0,7932584704.0,42364567.0,1432476405.0,27.63,9.14,12.02,2.97,87.97,97.47,62.08,27.63,-7.81422235884534,112.0257736866079
2024,12,PT Bank Perekonomian Rakyat Syariah Rahma Syariah,Kab. Kediri,Provinsi Jawa Timur,620150,20672365036.0,8255721685.0,0.0,1553620579.0,0.0,0.0,255000000.0,6670939606.0,0.0,0.0,0.0,4148613102.0,0.0,7856300000.0,0.0,0.0,161192498.0,0.0,0.0,0.0,392786882.0,0.0,2604650818.0,2963700050.0,2742330554.0,11400000.0,397763583.0,63.0,8.18,11.68,2.19,88.12,83.99,29.55,63.0,-7.821654764489613,112.02781200727956
2024,12,PT Bank Perekonomian Rakyat Syariah Tunas Artha Jaya Abadi,Kab. Kediri,Provinsi Jawa Timur,620200,84668294387.0,24652837000.0,0.0,17554454582.0,0.0,0.0,0.0,12004070966.0,0.0,0.0,0.0,0.0,22863243490.0,47495500000.0,0.0,0.0,424723999.0,0.0,0.0,0.0,2150673039.0,0.0,10867356828.0,14546093289.0,11032077450.0,0.0,1147001517.0,31.92,6.04,8.85,1.69,91.17,77.2,25.03,31.92,-7.816904745358005,112.01148890547412
2024,12,PT Bank Perekonomian Rakyat Syariah Madinah,Kab. Lamongan,Provinsi Jawa Timur,620139,21231639896.0,11375925937.0,0.0,0.0,250000000.0,0.0,0.0,4089984473.0,0.0,0.0,0.0,1269570064.0,7933688577.0,2576500000.0,0.0,0.0,77250037.0,0.0,1500000000.0,0.0,1102348077.0,0.0,2626715620.0,3094188480.0,3389440010.0,0.0,-322580307.0,61.24,16.21,20.06,-1.55,109.06,116.46,36.47,61.24,-7.123303358568694,112.40966669736945
2024,12,PT BPRS Magetan (Perseroda),Kab. Magetan,Provinsi Jawa Timur,620165,69920905537.0,44797245212.0,0.0,2547791150.0,0.0,0.0,8443721926.0,0.0,0.0,0.0,133333200.0,15957447056.0,920237768.0,27268860000.0,0.0,0.0,402275794.0,0.0,5500000000.0,0.0,823481935.0,0.0,5896176909.0,7186915224.0,5178575529.0,0.0,1063993234.0,39.07,13.23,15.85,1.63,79.86,82.01,24.7,39.07,,
2024,12,PT BPRS Bhakti Haji,Kab. Malang,Provinsi Jawa Timur,620048,12620066129.0,4639059216.0,0.0,1183950427.0,0.0,0.0,0.0,5987659327.0,0.0,0.0,0.0,899363179.0,1106313667.0,2007000000.0,0.0,0.0,38208659.0,0.0,3484982888.0,0.0,72565978.0,0.0,1350112203.0,1600525626.0,825750837.0,11741295.0,394502253.0,56.98,8.19,9.17,4.21,63.32,95.39,26.87,56.98,-7.991553338452736,112.64203778122696
2024,12,PT Bank Perekonomian Rakyat Syariah Al Hijrah Thayibah,Kab. Malang,Provinsi Jawa Timur,620198,70504127449.0,8550933416.0,0.0,4367424610.0,0.0,0.0,28630365312.0,226782111.0,0.0,0.0,0.0,310523862.0,29903183219.0,29835162590.0,0.0,0.0,270043588.0,0.0,0.0,0.0,294241577.0,0.0,3080254616.0,4073464595.0,2664823610.0,0.0,1284162613.0,30.36,2.6,2.87,3.25,71.62,69.57,47.43,30.36,-7.974001944706607,112.6341027425821
2024,12,PT Bank Perekonomian Rakyat Syariah Bumi Rinjani Kepanjen,Kab. Malang,Provinsi Jawa Timur,620106,76246530287.0,48764115664.0,0.0,357969266.0,0.0,569863434.0,0.0,1631712371.0,0.0,0.0,100000000.0,2211825771.0,16594332656.0,38911225000.0,0.0,0.0,267754825.0,0.0,6505668476.0,0.0,1333100146.0,0.0,9789455234.0,13865961999.0,9385921096.0,44432000.0,1381130228.0,22.17,8.58,13.11,2.34,89.36,99.64,28.5,22.17,-7.986689742538544,112.63775505887186
2024,12,PT Bank Perekonomian Rakyat Syariah Kabupaten Ngawi Perseroda,Kab. Ngawi,Provinsi Jawa Timur,620183,209800716661.0,136876346063.0,0.0,5254091780.0,0.0,0.0,0.0,0.0,0.0,0.0,0.0,100442822712.0,319760847.0,35230830000.0,0.0,0.0,838162763.0,0.0,42940664094.0,0.0,3540378038.0,0.0,16183334208.0,19059574760.0,11882046019.0,0.0,4782790152.0,39.35,0.17,0.32,3.66,65.65,104.51,32.91,39.35,-7.420451120596442,111.441830004461
2024,12,PT Bank Perekonomian Rakyat Syariah Sarana Prima Mandiri,Kab. Pamekasan,Provinsi Jawa Timur,620127,77522338008.0,21832657328.0,0.0,0.0,5208359709.0,1.0,27351086517.0,435744261.0,0.0,0.0,0.0,23813666688.0,1252749568.0,30103001000.0,0.0,0.0,0.0,0.0,7670530499.0,0.0,1314489782.0,0.0,489901178.0,2259310908.0,5612568010.0,0.0,-442280061.0,22.53,38.16,39.86,-0.61,107.91,101.5,13.59,22.53,,
2024,12,PT BPRS Al Hidayah,Kab. Pasuruan,Provinsi Jawa Timur,620072,,,,,,,,,,,,,,,,,,,,,,,,,,,,,,,,,,,,-7.64945314625638,112.90608207619024
2024,12,PT Bank Perekonomian Rakyat Syariah Daya Artha Mentari,Kab. Pasuruan,Provinsi Jawa Timur,620056,22428310770.0,11905384579.0,0.0,3774770157.0,255089663.0,0.0,418172827.0,486947739.0,0.0,0.0,312000000.0,2606811523.0,8530345485.0,5339500000.0,0.0,0.0,4551280.0,0.0,2576094509.0,0.0,245005063.0,0.0,2173431444.0,2445617214.0,2955759008.0,1848368.0,72086337.0,28.83,8.2,9.9,0.36,98.97,88.39,31.79,28.83,-7.654596803987085,112.9133678475593
2024,12,PT. BPRS Jabal Tsur,Kab. Pasuruan,Provinsi Jawa Timur,620103,,,,,,,,,,,,,,,,,,,,,,,,,,,,,,,,,,,,-7.642622137527749,112.90214649056595
2024,12,PT. BPRS Ummu,Kab. Pasuruan,Provinsi Jawa Timur,620074,,,,,,,,,,,,,,,,,,,,,,,,,,,,,,,,,,,,-7.65021334152576,112.89863930816225
2024,12,PT Bank Perekonomian Rakyat Syariah Almabrur Babadan,Kab. Ponorogo,Provinsi Jawa Timur,620073,65984459691.0,39701945122.0,0.0,0.0,54727356.0,0.0,1174556400.0,7110995500.0,0.0,0.0,122500000.0,17894042006.0,0.0,16607362500.0,0.0,0.0,615045265.0,0.0,9336696676.0,8585307944.0,161630366.0,0.0,6715780033.0,7801071238.0,9860234142.0,7689973.0,505146226.0,34.99,5.97,7.77,1.03,1.57,91.64,41.19,34.99,,
2024,12,PT Bank Perekonomian Rakyat Syariah Mitra Mentari Sejahtera,Kab. Ponorogo,Provinsi Jawa Timur,620180,48201534027.0,10221888523.0,0.0,180196363.0,8964072962.0,0.0,130000000.0,4545000000.0,0.0,0.0,0.0,25368124313.0,724354306.0,13661450000.0,0.0,0.0,21915335.0,0.0,539401404.0,0.0,165603686.0,0.0,3863254547.0,4206686430.0,7141488560.0,5146725.0,143206253.0,24.05,27.71,28.03,0.3,97.0,60.47,9.92,24.05,,
2024,12,PT BPRS Bumi Rinjani Probolinggo,Kab. Probolinggo,Provinsi Jawa Timur,620105,,,,,,,,,,,,,,,,,,,,,,,,,,,,,,,,,,,,,
2024,12,PT Bank Perekonomian Rakyat Syariah Sampang Perseroda,Kab. Sampang,Provinsi Jawa Timur,620166,255450882430.0,95597227799.0,0.0,1471397223.0,39996039748.0,0.0,629219987.0,47814910636.0,0.0,0.0,4551105998.0,63289981638.0,33038576.0,45479695470.0,0.0,0.0,243993504.0,0.0,44762957277.0,67169495147.0,1163413752.0,0.0,12226770761.0,21463301919.0,15365211402.0,42413844.0,1654139922.0,24.14,3.25,3.29,1.83,82.63,84.08,26.34,24.14,-7.177646641310815,113.22928610732424
2024,12,PT Bank Perekonomian Rakyat Syariah Annisa Mukti,Kab. Sidoarjo,Provinsi Jawa Timur,620135,18190451323.0,10766287825.0,0.0,0.0,0.0,0.0,0.0,2550554660.0,0.0,0.0,0.0,0.0,3338285729.0,5270200000.0,0.0,0.0,120769993.0,0.0,2301712271.0,0.0,532316177.0,0.0,2437008196.0,3016311455.0,2330674252.0,9563980.0,327031820.0,57.48,6.61,8.43,2.12,88.47,154.69,35.52,57.48,,
2024,12,PT Bank Perekonomian Rakyat Syariah Baktimakmur Indah,Kab. Sidoarjo,Provinsi Jawa Timur,620022,136934953143.0,45925923747.0,0.0,8668569808.0,2813000000.0,0.0,0.0,35338535495.0,0.0,0.0,6764629300.0,6729591087.0,70618010851.0,26420300000.0,0.0,0.0,154566711.0,0.0,4171546578.0,0.0,2972045335.0,0.0,9076183878.0,10729232523.0,12565246243.0,0.0,-2440788634.0,30.86,33.33,37.97,-1.79,120.63,89.44,24.86,30.86,,
2024,12,PT Bank Perekonomian Rakyat Syariah Unawi Barokah,Kab. Sidoarjo,Provinsi Jawa Timur,620155,17236657607.0,10704060361.0,0.0,1372057057.0,0.0,0.0,0.0,1781377600.0,0.0,0.0,0.0,212661323.0,2761615313.0,1114111000.0,0.0,0.0,30481838.0,0.0,8701821031.0,0.0,227504358.0,0.0,1305262970.0,1663655977.0,1193438249.0,6983398.0,259405303.0,47.05,5.61,5.95,2.23,83.93,338.95,41.64,47.05,,
2024,12,PT Bank Perekonomian Rakyat Syariah Situbondo,Kab. Situbondo,Provinsi Jawa Timur,620081,22741377834.0,9685644565.0,0.0,818208290.0,0.0,280866152.0,0.0,1708468300.0,0.0,0.0,1749941000.0,2021980447.0,4751130741.0,7204350000.0,0.0,0.0,134117825.0,0.0,1505738793.0,0.0,257746978.0,0.0,2107117769.0,2798670722.0,2736640654.0,0.0,-295078432.0,69.04,27.11,30.97,-1.07,104.38,95.81,75.53,69.04,-7.702911353591342,113.9806037668517
2024,12,PT Bank Perekonomian Rakyat Syariah Bhakti Sumekar Perseroda,Kab. Sumenep,Provinsi Jawa Timur,620085,1088136827063.0,501311895075.0,3664931014.0,8592590394.0,101024046575.0,1931953656.0,10339820668.0,15431488000.0,0.0,0.0,0.0,278003417670.0,9085531974.0,544484692169.0,0.0,0.0,6184705053.0,0.0,3000000000.0,25099361223.0,14431714665.0,0.0,71625082060.0,108431064943.0,63480225882.0,0.0,11070275061.0,41.56,7.25,9.99,1.41,85.61,77.64,52.27,41.56,,
2024,12,PT BPRS Bumi Rinjani,Kota Batu,Provinsi Jawa Timur,620109,,,,,,,,,,,,,,,,,,,,,,,,,,,,,,,,,,,,-7.86392956395291,112.52576707537388
2024,12,PT Bank Perekonomian Rakyat Syariah Arsa Sejahtera,Kota Batu,Provinsi Jawa Timur,620079,54964615120.0,26243148655.0,0.0,1473906541.0,1020115934.0,0.0,0.0,4446422258.0,0.0,0.0,0.0,606510580.0,13691104667.0,25338238800.0,0.0,0.0,157953498.0,0.0,0.0,0.0,279787544.0,0.0,5438198121.0,6920090305.0,3912946030.0,53360271.0,1994060713.0,68.93,1.25,3.94,4.43,65.61,83.72,35.54,68.93,-7.8807671610865775,112.532451265561
2024,12,PT Bank Perekonomian Rakyat Syariah Tanmiya Artha,Kota Kediri,Provinsi Jawa Timur,620130,23873852534.0,10883087778.0,0.0,1204233700.0,0.0,0.0,10851000.0,7738631918.0,0.0,0.0,15000000.0,1462847216.0,3193069289.0,8627590000.0,0.0,0.0,139631887.0,0.0,2969155566.0,0.0,604990111.0,0.0,2993868170.0,3717718259.0,2192611297.0,21328600.0,737221165.0,42.64,18.3,23.49,3.43,77.12,108.75,47.8,42.64,-7.804361795474596,112.00698794188358
2024,12,PT BPRS Bumi Rinjani Malang,Kota Malang,Provinsi Jawa Timur,620078,,,,,,,,,,,,,,,,,,,,,,,,,,,,,,,,,,,,-7.974100981138048,112.64136686861058
2024,12,PT Bank Perekonomian Rakyat Syariah Mitra Harmoni Kota Malang,Kota Malang,Provinsi Jawa Timur,620153,44024824755.0,31444888140.0,0.0,3455650000.0,0.0,0.0,0.0,0.0,0.0,0.0,275000000.0,5801633055.0,2361341235.0,11140000000.0,0.0,0.0,84283239.0,0.0,13950000000.0,0.0,216561129.0,0.0,6572776377.0,7944122061.0,5850098196.0,0.0,1005075581.0,51.82,7.2,9.6,3.0,85.57,180.8,31.96,51.82,-7.984781410422721,112.62624122586716
2024,12,PT BPRS Mojo Artho Kota Mojokerto Perseroda,Kota Mojokerto,Provinsi Jawa Timur,620160,,,,,,,,,,,,,,,,,,,,,,,,,,,,,,,,,,,,-7.460555185064369,112.43110318032298
2024,12,PT Bank Perekonomian Rakyat Syariah Karya Mugi Sentosa,Kota Surabaya,Provinsi Jawa Timur,620113,145774648958.0,74959375449.0,0.0,2284956514.0,4138349500.0,0.0,248820000.0,39329145133.0,0.0,0.0,383652000.0,45487942712.0,14847566865.0,47935831027.0,0.0,0.0,915041149.0,0.0,16993134023.0,0.0,1436170304.0,0.0,16338740054.0,18603271467.0,15899333216.0,59140753.0,1817846275.0,30.88,3.8,4.92,2.09,86.49,111.72,12.67,30.88,-7.248497572190274,112.74359015261464
2024,12,PT. BPRS Jabal Nur Tebuireng,Kota Surabaya,Provinsi Jawa Timur,620114,,,,,,,,,,,,,,,,,,,,,,,,,,,,,,,,,,,,-7.253401930640896,112.73115332691698
2024,12,PT Bank Perekonomian Rakyat Syariah Barkah Gemadana,Kab. Banjar,Provinsi Kalimantan Selatan,620013,141720174756.0,96989771816.0,0.0,949200150.0,6519082260.0,10000000.0,0.0,9634541838.0,0.0,0.0,0.0,3881565436.0,32911777967.0,56392036710.0,0.0,0.0,411378934.0,0.0,24737005276.0,0.0,1041143299.0,0.0,9687412670.0,16068330862.0,8235861337.0,100332757.0,3128518915.0,30.11,2.59,3.51,3.0,78.46,117.84,11.47,30.11,-0.6588763736841944,101.48260796449918
2024,12,PT BPRS Mitra Amanah,Kota Palangkaraya,Provinsi Kalimantan Tengah,620170,7192011891.0,1712752848.0,0.0,273377591.0,0.0,0.0,585456200.0,0.0,0.0,0.0,787941871.0,921633995.0,549374839.0,2645000000.0,0.0,0.0,63068242.0,0.0,0.0,0.0,62767120.0,0.0,916528462.0,916528462.0,1125748326.0,0.0,-212859679.0,74.37,21.52,15.24,-2.91,118.51,62.48,215.76,74.37,-2.20055455187618,113.91600497570754
2024,12,PT Bank Perekonomian Rakyat Syariah Manfaatsyariah,Kab. Kutai Kartanegara,Provinsi Kalimantan Timur,620014,13106438931.0,4607679493.0,0.0,0.0,0.0,0.0,0.0,0.0,0.0,0.0,2398877941.0,47372326.0,6113921174.0,190000000.0,0.0,0.0,12149732.0,0.0,0.0,0.0,117712233.0,0.0,760891075.0,799684101.0,1656749855.0,0.0,-106373865.0,47.36,,8.69,-0.71,110.81,38.77,65.49,47.36,-0.4108304755501372,116.98709494185226
2024,12,PT Bank Perekonomian Rakyat Syariah Bangka Belitung,Kota Pangkal Pinang,Provinsi Kep. Bangka Belitung,620076,338407765712.0,121112194105.0,0.0,273159666.0,0.0,1521118536.0,0.0,17148821783.0,0.0,0.0,13723919751.0,9156475286.0,160460432710.0,153440205000.0,0.0,0.0,448715628.0,0.0,25000000.0,0.0,3062534962.0,0.0,25985142332.0,37352323051.0,51637387246.0,0.0,-18982992370.0,4.62,11.75,16.82,-5.81,143.11,65.06,18.19,4.62,-2.120239693370022,106.11713996558484
2024,12,PT Bank Perekonomian Rakyat Syariah Syarikat Madani,Kota Batam,Provinsi Kep. Riau,620121,198298481465.0,82252879628.0,0.0,49943658454.0,11050210889.0,0.0,0.0,24365626005.0,0.0,0.0,712400000.0,17226129.0,10710606154.0,114947146556.0,0.0,0.0,889026984.0,0.0,53390500299.0,0.0,2591034117.0,0.0,13600255842.0,24008718449.0,26868038437.0,0.0,2493598037.0,20.96,8.77,9.36,1.84,91.73,133.37,8.61,20.96,1.1025924305431083,104.04282617621487
2024,12,PT Bank Perekonomian Rakyat Syariah Vitka Central,Kota Batam,Provinsi Kep. Riau,620134,164575325999.0,65260595557.0,0.0,44575507820.0,772459704.0,0.0,0.0,35166909839.0,0.0,0.0,607558179.0,1099660029.0,17015028159.0,78109162599.0,0.0,0.0,256259433.0,0.0,53550000000.0,0.0,1640879032.0,0.0,9936259892.0,18314600251.0,8857712029.0,0.0,2619654556.0,19.75,2.82,2.89,2.14,84.13,151.5,7.6,19.75,1.0997027965875927,104.0345602824064
2024,12,PT Bank Perekonomian Rakyat Syariah Lampung Barat (Perseroda),Kab. Lampung Barat,Provinsi Lampung,620175,65392948007.0,14218241951.0,0.0,38997803307.0,0.0,0.0,833333336.0,0.0,0.0,0.0,0.0,6552261094.0,1818234345.0,16750250000.0,0.0,0.0,456207515.0,0.0,22250000000.0,4713417959.0,791264095.0,0.0,8277468924.0,8277468924.0,7466077763.0,0.0,832028249.0,34.93,3.5,5.87,1.76,79.28,181.17,31.02,34.93,,
2024,12,PT Bank Perekonomian Rakyat Syariah Kotabumi (Perseroda),Kab. Lampung Selatan,Provinsi Lampung,620131,208747655847.0,48121328570.0,0.0,107108556300.0,0.0,0.0,0.0,0.0,0.0,0.0,0.0,31645659683.0,97274109.0,94070944863.0,0.0,0.0,796825416.0,0.0,42737305000.0,518150689.0,2317867120.0,0.0,21793177102.0,32343835080.0,13568407130.0,0.0,7282776916.0,19.63,1.1,1.91,4.65,71.77,123.38,64.58,19.63,,
2024,12,PT Bank Perekonomian Rakyat Syariah Way Kanan (Perseroda),Kab. Lampung Selatan,Provinsi Lampung,620157,119201201501.0,70491256928.0,0.0,12333489386.0,1532480579.0,0.0,884895833.0,0.0,0.0,0.0,0.0,20338870136.0,13859188145.0,33575463964.0,0.0,0.0,1286393081.0,0.0,28600000000.0,0.0,3183443518.0,0.0,10697475123.0,16195000073.0,8152939907.0,0.0,3631159948.0,31.11,0.8,3.59,4.05,74.83,88.45,61.16,31.11,,
2024,12,PT Bank Perekonomian Rakyat Syariah Rajasa Lampung Tengah (Perseroda),Kab. Lampung Tengah,Provinsi Lampung,620129,85740758502.0,12719311430.0,0.0,43494454098.0,333879993.0,0.0,416666664.0,0.0,0.0,0.0,133177926.0,12941788631.0,3992737665.0,22762000000.0,0.0,0.0,331566985.0,0.0,20300000000.0,5562893144.0,1068723674.0,0.0,9919595539.0,13668887233.0,6686679010.0,0.0,3261103053.0,26.33,1.62,4.57,5.23,46.15,94.95,105.5,26.33,,
2024,12,PT Bank Perekonomian Rakyat Syariah Aman Syariah,Kab. Lampung Timur,Provinsi Lampung,620173,46559061265.0,11480985476.0,0.0,24448120519.0,0.0,0.0,0.0,1750000000.0,0.0,0.0,0.0,8487448852.0,4964933041.0,8506172000.0,0.0,0.0,88174630.0,0.0,17601002444.0,0.0,174131030.0,0.0,2976463726.0,5426523190.0,5871810122.0,0.0,-2525801069.0,31.72,14.16,9.21,-5.57,143.58,171.59,18.07,31.72,,
2024,12,PT Bank Perekonomian Rakyat Syariah Lampung Timur (Perseroda),Kab. Lampung Timur,Provinsi Lampung,620140,113005856065.0,4282862153.0,0.0,73843274021.0,56055549.0,0.0,0.0,2844393000.0,0.0,0.0,0.0,21769187203.0,5596391941.0,5315450000.0,0.0,0.0,536562796.0,0.0,36900000000.0,10326593894.0,655097550.0,0.0,9823848165.0,14334419625.0,7278859741.0,0.0,2534318053.0,31.66,4.93,7.37,2.84,78.89,131.43,32.52,31.66,,
2024,12,PT Bank Perekonomian Rakyat Syariah Tanggamus (Perseroda),Kab. Tanggamus,Provinsi Lampung,620082,68058343740.0,40303901765.0,0.0,1986458395.0,1032866000.0,0.0,0.0,0.0,0.0,0.0,0.0,12971242961.0,25791710379.0,9593700000.0,0.0,0.0,825604744.0,0.0,2000000000.0,209843776.0,728528386.0,0.0,5963636936.0,7648401889.0,6056983618.0,0.0,749040622.0,46.09,0.99,2.72,1.43,89.76,89.59,42.58,46.09,-5.4369356106235,104.72189977284216
2024,12,PT Bank Perekonomian Rakyat Syariah Tani Tulang Bawang Barat (Perseroda),Kab. Tulang Bawang Barat,Provinsi Lampung,620176,,,,,,,,,,,,,,,,,,,,,,,,,,,,,,,,,,,,,
2024,12,PT Bank Perekonomian Rakyat Syariah Bandar Lampung (Perseroda),Kota Bandar Lampung,Provinsi Lampung,620051,150257479791.0,39289478075.0,0.0,53045706190.0,6419775000.0,0.0,833333336.0,2276175000.0,0.0,0.0,0.0,10627856509.0,4571676956.0,62290900000.0,0.0,0.0,1223719501.0,0.0,43963422495.0,0.0,2533262823.0,0.0,16287134826.0,23390981155.0,11790888986.0,112911355.0,4403542841.0,24.56,0.33,2.6,3.87,73.18,131.45,13.92,24.56,-5.451430777916592,105.26097314570632
2024,12,PT Bank Perekonomian Rakyat Syariah Mitra Agro Usaha,Kota Bandar Lampung,Provinsi Lampung,620169,53891712253.0,24217100965.0,0.0,20896991148.0,1980380000.0,0.0,0.0,450749402.0,0.0,0.0,0.0,5644387212.0,3100141146.0,27158819356.0,0.0,0.0,351981176.0,0.0,8500000000.0,0.0,879532506.0,0.0,5550639106.0,8154013519.0,4490596752.0,0.0,892848697.0,30.32,9.93,10.66,1.84,87.48,107.08,42.15,30.32,-5.443193541153916,105.2697528392836
2024,12,PT Bank Perekonomian Rakyat Syariah Metro Madani,Kota Metro,Provinsi Lampung,620091,151140659393.0,60594548951.0,0.0,16401790251.0,12913307113.0,0.0,0.0,29658209831.0,0.0,0.0,272535479.0,33444773372.0,7978947535.0,71486380000.0,0.0,0.0,520113141.0,0.0,16750000010.0,1188376745.0,1727350843.0,0.0,15706139072.0,22257130701.0,10557683756.0,0.0,4980895022.0,14.05,2.38,3.07,4.87,61.28,104.79,23.33,14.05,-5.109743260376518,105.31422432780674
2024,12,PT Bank Perekonomian Rakyat Syariah Saruma Sejahtera Halmahera Selatan,Kab. Halmahera Selatan,Provinsi Maluku Utara,620182,43273871587.0,30111964545.0,0.0,2814041463.0,0.0,0.0,0.0,1092933333.0,0.0,0.0,0.0,2503582449.0,19230607169.0,8622500270.0,0.0,0.0,298766964.0,0.0,0.0,44594026.0,1303962.0,0.0,3143077294.0,3824990659.0,4681516053.0,0.0,2813064150.0,54.15,4.55,8.16,8.08,58.13,119.9,54.15,54.15,,
2024,12,PT Bank Perekonomian Rakyat Syariah Bahari Berkesan,Kota Ternate,Provinsi Maluku Utara,620164,106574237939.0,56425940354.0,0.0,37188291335.0,0.0,0.0,0.0,300000000.0,0.0,0.0,0.0,1466461215.0,41489568789.0,16629900000.0,0.0,0.0,2899414329.0,0.0,1653987469.0,15972321875.0,654517093.0,0.0,11370688371.0,14951016633.0,7321306300.0,131288534.0,5006209419.0,35.64,0.58,2.76,5.69,65.68,15.35,21.46,35.64,0.7773589145132459,127.38615026515367
2024,12,PT Bank Perekonomian Rakyat Syariah Bobato Lestari,Kota Tidore Kepulauan,Provinsi Maluku Utara,620179,62603871126.0,43989221972.0,0.0,0.0,0.0,0.0,1260614282.0,0.0,0.0,0.0,0.0,477889571.0,14663698912.0,24195315000.0,0.0,0.0,326668426.0,0.0,1351195310.0,2380200403.0,963007035.0,0.0,7815658637.0,9539594328.0,4765704015.0,0.0,3055433493.0,44.8,1.55,1.9,5.31,49.4,80.98,18.15,44.8,0.6690346107462076,127.44399032218512
2024,12,PT Bank Perekonomian Rakyat Syariah Baiturrahman,Kab. Aceh Besar,Provinsi NAD,620024,57161377064.0,26703316811.0,0.0,0.0,0.0,0.0,0.0,13932143346.0,0.0,0.0,0.0,592905676.0,5241143595.0,31538500000.0,0.0,0.0,518512.0,0.0,14187336312.0,0.0,290574753.0,0.0,3387479459.0,7073587889.0,4178380691.0,0.0,20537280.0,19.76,9.85,9.85,0.04,89.44,110.17,25.55,19.76,,
2024,12,PT Bank Perekonomian Rakyat Syariah Ingin Jaya,Kab. Aceh Besar,Provinsi NAD,620203,,,,,,,,,,,,,,,,,,,,,,,,,,,,,,,,,,,,,
2024,12,PT. BPRS Hareukat,Kab. Aceh Besar,Provinsi NAD,620003,,,,,,,,,,,,,,,,,,,,,,,,,,,,,,,,,,,,,
2024,12,PT BPRS Kota Juang Perseroda,Kab. Aceh Jeumpa/Bireuen,Provinsi NAD,620144,,,,,,,,,,,,,,,,,,,,,,,,,,,,,,,,,,,,,
2024,12,PT Bank Perekonomian Rakyat Syariah Rahmania Dana Sejahtera,Kab. Aceh Jeumpa/Bireuen,Provinsi NAD,620148,42265030480.0,24252719778.0,0.0,0.0,0.0,0.0,1120730873.0,1150833326.0,0.0,0.0,0.0,1016245174.0,1515708426.0,21856403265.0,0.0,0.0,183419652.0,0.0,9350000000.0,761712698.0,225070696.0,0.0,3843404604.0,6791935178.0,3505244978.0,0.0,675321763.0,30.99,,8.64,1.78,89.42,109.5,63.23,30.99,,
2024,12,PT Bank Pembiayaan Rakyat Syariah Gayo Perseroda,Kab. Aceh Tengah,Provinsi NAD,620120,8746923331.0,43498398211.0,0.0,0.0,0.0,0.0,0.0,0.0,0.0,0.0,0.0,19529264.0,16782281438.0,7673700000.0,0.0,0.0,5535095.0,0.0,7290000000.0,0.0,176916858.0,0.0,4698239523.0,6684913762.0,41855582567.0,0.0,-37011652174.0,-69.1,4.89,91.71,,,177.72,3.69,-69.1,,
2024,12,PT Bank Perekonomian Rakyat Syariah Tengku Chiek Dipante,Kab. Pidie,Provinsi NAD,620025,34971689236.0,18191155855.0,0.0,5499771.0,0.0,0.0,0.0,7452350640.0,0.0,0.0,0.0,70380733.0,6089999259.0,8921000000.0,0.0,0.0,152705230.0,0.0,14403257789.0,94625685.0,511616625.0,0.0,2937494783.0,4785360031.0,3034095908.0,0.0,340599526.0,19.81,6.0,6.73,0.99,89.95,140.58,14.46,19.81,3.7476617007670936,96.82987163456816
2024,12,PT Bank Perekonomian Rakyat Syariah Arthaaceh Sejahtera,Kota Banda Aceh,Provinsi NAD,620192,35404217760.0,16701787450.0,0.0,1056938582.0,0.0,0.0,0.0,5559000000.0,0.0,0.0,0.0,687832538.0,718509982.0,26900047229.0,0.0,0.0,93985635.0,0.0,0.0,0.0,445370040.0,0.0,2654649923.0,4804781844.0,3466726677.0,0.0,-567347459.0,33.35,35.68,39.09,-1.47,110.89,66.99,16.96,33.35,5.548455343437354,95.3146280603469
2024,12,PT Bank Perekonomian Rakyat Syariah Hikmah Wakilah,Kota Banda Aceh,Provinsi NAD,620046,212136502649.0,84631101853.0,1682372761.0,1052779286.0,250000000.0,237451977.0,3478361046.0,57604009636.0,0.0,0.0,0.0,12264923068.0,20438687646.0,125964812000.0,0.0,0.0,529494698.0,0.0,18455990532.0,10749612440.0,1721438337.0,0.0,14752155757.0,25719812137.0,11314545166.0,0.0,3947472209.0,22.62,3.4,3.9,2.53,82.1,105.02,53.81,22.62,5.543176806651055,95.31537211187955
2024,12,PT Bank Perekonomian Rakyat Syariah Mustaqim Aceh Perseroda,Kota Banda Aceh,Provinsi NAD,620187,224427003081.0,106268103092.0,0.0,0.0,0.0,0.0,2500000000.0,32019221523.0,0.0,0.0,390177290.0,4203594443.0,30558207360.0,54516960000.0,0.0,0.0,2092198651.0,0.0,17801000000.0,0.0,5764229441.0,0.0,26928340722.0,30850886640.0,25829122737.0,0.0,2872955667.0,93.76,3.17,5.2,1.81,90.98,157.68,14.15,93.76,5.5514463466260295,95.31786202059116
2024,12,PT Bank Perekonomian Rakyat Syariah Taman Indah Darussalam,Kota Banda Aceh,Provinsi NAD,620158,73670217794.0,49206740168.0,0.0,0.0,0.0,0.0,1137156665.0,2621771777.0,0.0,0.0,0.0,2526900467.0,1643964954.0,33970100000.0,0.0,0.0,47062680.0,0.0,26601767417.0,970476846.0,398390608.0,0.0,5383359873.0,10293796806.0,5469133202.0,0.0,114978934.0,15.5,6.79,6.67,0.26,98.92,148.75,21.1,15.5,5.544809666796793,95.3231595660368
2024,12,PT Bank Perekonomian Rakyat Syariah Adeco,Kota Langsa,Provinsi NAD,620141,132736077061.0,103361584317.0,0.0,638823517.0,0.0,0.0,1206175325.0,0.0,0.0,0.0,338395874.0,3170930645.0,3585858066.0,76606376731.0,0.0,0.0,579649557.0,0.0,24287530705.0,5248099792.0,390287369.0,0.0,5563551669.0,16984003450.0,6670903890.0,0.0,-1060535121.0,18.66,36.14,38.04,-0.79,67.24,97.73,21.86,18.66,4.464710385925349,97.9655777382901
2024,12,PT Bank Perekonomian Rakyat Syariah Serambi Mekah,Kota Langsa,Provinsi NAD,620152,39330237858.0,25518495845.0,0.0,0.0,0.0,0.0,600000000.0,0.0,0.0,0.0,0.0,2411687870.0,731888970.0,9403750000.0,0.0,0.0,135836118.0,0.0,17684882574.0,2745453529.0,183230738.0,0.0,2832058809.0,5597658426.0,2890109388.0,0.0,448771298.0,27.41,3.59,4.81,6.67,93.69,208.16,38.76,27.41,4.466232402810879,97.97539511921892
2024,12,PT Bank Perekonomian Rakyat Syariah Rahmah Hijrah Agung,Kota Lhokseumawe,Provinsi NAD,620049,51988008441.0,32848216693.0,0.0,0.0,0.0,0.0,1601146210.0,0.0,0.0,0.0,297155681.0,1254978269.0,3268641782.0,35813100000.0,0.0,0.0,333587387.0,0.0,354225598.0,3744929151.0,114432356.0,0.0,3514369465.0,7261633795.0,3961054545.0,0.0,-195886102.0,35.19,26.09,26.62,-0.34,102.01,85.4,44.11,35.19,5.1766961991986555,97.14916447763574
2024,12,PT Bank Perekonomian Rakyat Syariah Tulen Amanah,Kab. Lombok Tengah,Provinsi Nusa Tenggara Barat,620009,72196270825.0,28514154990.0,0.0,0.0,0.0,0.0,0.0,1516178709.0,0.0,0.0,343775000.0,1607464252.0,22794262800.0,33698350000.0,0.0,0.0,872368333.0,0.0,1069662819.0,0.0,1283057333.0,0.0,6455999363.0,9597059262.0,5713328276.0,0.0,1751105288.0,32.58,9.17,11.13,3.08,72.0,68.41,42.25,32.58,-8.70747522600701,116.25948057531416
2024,12,PT. BANK PEREKONOMIAN RAKYAT SYARIAH DINAR ASHRI,Kota Mataram,Provinsi Nusa Tenggara Barat,620104,1468331236584.0,14170432334.0,0.0,0.0,222065141567.0,0.0,0.0,976161335154.0,0.0,0.0,78432078.0,81348223011.0,190037906027.0,747523790217.0,0.0,0.0,16899491421.0,0.0,254846402428.0,0.0,11854580946.0,0.0,62783250781.0,137784522500.0,63811047453.0,1295704056.0,37663609655.0,25.22,0.59,0.52,3.93,70.57,118.99,10.06,25.22,-8.593657692387334,116.10734653727864
2024,12,PT. BANK PEREKONOMIAN RAKYAT SYARIAH PNM PATUH BERAMAL AMALI,Kota Mataram,Provinsi Nusa Tenggara Barat,620021,140180512965.0,37190075384.0,0.0,0.0,6086942000.0,0.0,111000000.0,53938416267.0,0.0,0.0,0.0,117807323.0,36974233372.0,46244450000.0,0.0,0.0,802402565.0,0.0,25005155829.0,5000259645.0,2160372184.0,0.0,11452850088.0,16808677967.0,8138213938.0,109837807.0,4216860437.0,48.12,2.01,2.45,4.43,71.19,117.05,21.58,48.12,-8.58389278031459,116.11057126739846
2024,12,PT. BPRS Muamalat Yotefa,Kab. Jayapura,Provinsi Papua,620067,,,,,,,,,,,,,,,,,,,,,,,,,,,,,,,,,,,,-2.550807165553799,140.48835142200244
2024,12,PT Bank Perekonomian Rakyat Syariah Berkah Dana Fadhlillah (Perseroda),Kab. Kampar,Provinsi Riau,620060,76919595176.0,45395644910.0,520625005.0,73093230.0,107862192.0,0.0,0.0,505000000.0,0.0,0.0,49262500.0,27838077299.0,15855088587.0,22458600000.0,0.0,0.0,29280490.0,0.0,300000000.0,0.0,366049582.0,0.0,8426555977.0,9802116249.0,5938420707.0,0.0,2241312069.0,25.4,0.53,1.64,3.91,73.45,70.45,12.39,25.4,0.8689938830957369,101.2803342082979
2024,12,PT BANK PEREKONOMIAN RAKYAT SYARIAH SIAK JAYA,Kab. Siak,Provinsi Riau,620189,25768726353.0,13405119901.0,2975575474.0,1017342355.0,0.0,0.0,0.0,5805059914.0,0.0,0.0,0.0,900927570.0,4612159271.0,13899976985.0,0.0,0.0,106547185.0,0.0,0.0,0.0,224007792.0,0.0,1566479101.0,2421403336.0,3919254838.0,0.0,-1130591649.0,54.79,7.48,8.89,-4.39,105.64,120.0,12.19,54.79,0.6271089398798741,101.56683647826335
2024,12,PT Bank Perekonomian Rakyat Syariah Hasanah,Kota Pekanbaru,Provinsi Riau,620041,77462497691.0,18315713713.0,1484195297.0,259503331.0,45843465.0,1333333.0,0.0,39998443712.0,0.0,0.0,1819689416.0,1036384340.0,3799119486.0,34275546593.0,0.0,0.0,633726025.0,0.0,28950000000.0,0.0,529917485.0,0.0,5930644144.0,9388136682.0,6221912902.0,0.0,414973520.0,27.91,3.58,3.48,1.71,96.56,153.94,17.29,27.91,0.5249696427966165,101.44758104638636
2024,12,PT Bank Perekonomian Rakyat Syariah Nurul Ikhwan,Kab. Polewali Mandar,Provinsi Sulawesi Barat,620045,46031436.0,0.0,0.0,0.0,0.0,0.0,0.0,0.0,0.0,0.0,0.0,0.0,61741092.0,0.0,0.0,0.0,738681077.0,0.0,0.0,0.0,3557018.0,0.0,340.0,340.0,103353875.0,0.0,-724493808.0,10.0,40.0,50.0,60.0,70.0,90.0,95.0,10.0,-3.4069455429190376,119.31879018370128
2024,12,PT Bank Perekonomian Rakyat Syariah Gowata,Kab. Gowa,Provinsi Sulawesi Selatan,620065,9501168584.0,6038604082.0,0.0,261359997.0,0.0,0.0,0.0,0.0,0.0,0.0,0.0,0.0,1283648835.0,1486000000.0,0.0,0.0,20404859.0,0.0,1970965191.0,0.0,94845879.0,0.0,1699541366.0,1993068643.0,1253868032.0,17104900.0,677280110.0,85.81,0.72,2.98,7.02,68.98,134.75,188.01,85.81,-5.225938686460566,120.0079553182381
2024,12,PT Bank Perekonomian Rakyat Syariah Surya Sejati,Kab. Takalar,Provinsi Sulawesi Selatan,620031,4447806426.0,2696632750.0,0.0,0.0,0.0,0.0,0.0,0.0,0.0,0.0,0.0,0.0,636578273.0,370000000.0,0.0,0.0,2482536.0,0.0,762326.0,0.0,58187681.0,0.0,852626398.0,894730920.0,868636470.0,0.0,44437544.0,178.38,12.37,9.07,1.15,88.0,267.9,94.35,178.38,-5.431354763307175,119.44652127180228
2024,12,PT BANK PEREKONOMIAN RAKYAT SYARIAH NIAGA MADANI,Kota Makassar,Provinsi Sulawesi Selatan,620039,28709243175.0,20512618797.0,0.0,0.0,216202916.0,0.0,0.0,0.0,0.0,0.0,1535127276.0,0.0,1725828695.0,8425540000.0,0.0,0.0,231107793.0,0.0,7480748852.0,6784811376.0,296534351.0,0.0,5171549850.0,6718688113.0,6348278966.0,2500000.0,-78155682.0,20.28,4.56,5.12,0.27,107.33,204.2,83.28,20.28,-5.127789499318414,119.412410921333
2024,12,PT Bank Perekonomian Rakyat Syariah Dana Moneter,Kota Makassar,Provinsi Sulawesi Selatan,620030,73387139241.0,47004045281.0,0.0,170096955.0,14496472274.0,0.0,0.0,0.0,0.0,0.0,0.0,9059984726.0,10134318389.0,25432000000.0,0.0,0.0,158461076.0,0.0,14064626763.0,0.0,442744108.0,0.0,7269949905.0,9572453237.0,6551434139.0,0.0,1033939364.0,31.47,3.04,6.45,1.51,87.68,138.19,51.09,31.47,-5.132293953516857,119.41407701618245
2024,12,PT Bank Perekonomian Rakyat Syariah Harta Insan Karimah Fajar Nitro,Kota Makassar,Provinsi Sulawesi Selatan,620168,18002997284.0,7305097445.0,0.0,2586153415.0,4850019.0,0.0,0.0,0.0,0.0,0.0,0.0,83617301.0,872017322.0,9791300000.0,0.0,0.0,213536649.0,0.0,2000000000.0,0.0,346975538.0,0.0,1740344470.0,2747870741.0,1662333223.0,4593056.0,179129178.0,45.99,22.48,27.19,1.03,90.87,77.64,34.28,45.99,-5.128522770098106,119.41038261376706
2024,12,PT Bank Perekonomian Rakyat Syariah Indo Timur,Kota Makassar,Provinsi Sulawesi Selatan,620010,3957200562.0,1850774440.0,0.0,50802969.0,0.0,0.0,0.0,0.0,0.0,0.0,0.0,1032508858.0,384987914.0,0.0,0.0,0.0,81444371.0,0.0,0.0,0.0,73136319.0,0.0,548408450.0,557218680.0,1132056009.0,0.0,-607617595.0,123.39,11.39,19.97,-1.13,191.64,134.15,112.75,123.39,-5.143550328284089,119.4138433249748
2024,12,PT Bank Perekonomian Rakyat Syariah Investama Mega Bakti,Kota Makassar,Provinsi Sulawesi Selatan,620077,22950116040.0,10295204188.0,0.0,49527003.0,54546000.0,0.0,235481115.0,4572376359.0,0.0,0.0,2457755023.0,1009857.0,2303359980.0,4020000000.0,0.0,0.0,9444672.0,0.0,0.0,12431137409.0,507598462.0,0.0,1307166492.0,2756395604.0,2985694369.0,0.0,-1492229558.0,25.04,17.62,20.07,-6.07,108.32,240.45,31.57,25.04,-5.131381407363007,119.4094893372462
2024,12,PT Bank Perekonomian Rakyat Syariah Khairan Inti Amanah,Kab. Parimo/Banggai,Provinsi Sulawesi Tengah,620188,146863127355.0,9022696125.0,0.0,2188798846.0,788049689.0,0.0,0.0,95370032084.0,0.0,0.0,0.0,6211135699.0,23000305640.0,79042400000.0,0.0,0.0,887138815.0,0.0,5500000000.0,13489845665.0,333681289.0,0.0,11898779745.0,16484580215.0,9879476371.0,0.0,2295126412.0,39.44,0.95,1.36,2.15,82.94,94.39,21.84,39.44,,
2024,12,PT BANK PEREKONOMIAN RAKYAT SYARIAH MASYARAKAT LINTAU BUO,Kab. Agam,Provinsi Sumatera Barat,620196,21108246610.0,14363676786.0,0.0,1055443629.0,0.0,0.0,0.0,0.0,0.0,0.0,263748831.0,9171241341.0,0.0,6183050000.0,0.0,0.0,14630728.0,0.0,1250000000.0,0.0,123896481.0,0.0,1837761411.0,2359851634.0,2354978535.0,0.0,40542132.0,39.61,1.78,2.69,0.24,97.26,102.06,17.52,39.61,,
2024,12,PT BPRS Sungai PuaSyariah,Kab. Agam,Provinsi Sumatera Barat,620186,20124397476.0,13135555449.0,0.0,1767593540.0,0.0,0.0,0.0,548981333.0,0.0,0.0,0.0,10041477566.0,0.0,5851550000.0,0.0,0.0,257018752.0,0.0,0.0,0.0,19265311.0,0.0,1608597610.0,1825824303.0,2478986202.0,0.0,-511741626.0,41.0,18.88,25.04,-2.48,123.42,98.9,19.57,41.0,,
2024,12,PT Bank Perekonomian Rakyat Syariah Ampek Angkek Candung,Kab. Agam,Provinsi Sumatera Barat,620071,62875760822.0,37154256170.0,0.0,682130025.0,0.0,0.0,1166666664.0,7777441093.0,0.0,0.0,0.0,29587793541.0,162024464.0,19515850000.0,0.0,0.0,568004759.0,0.0,3632016683.0,0.0,1395128290.0,0.0,7373248156.0,8370741206.0,6010557352.0,0.0,1151186968.0,32.81,0.83,0.94,2.31,83.45,95.86,13.92,32.81,,
2024,12,PT Bank Perekonomian Rakyat Syariah Carana Kiat Andalas,Kab. Agam,Provinsi Sumatera Barat,620064,36011461676.0,28819823266.0,0.0,49900000.0,0.0,0.0,843749995.0,0.0,0.0,0.0,1399430475.0,16288776707.0,0.0,12177055000.0,0.0,0.0,323910301.0,0.0,2300116003.0,0.0,15824439.0,0.0,4320389838.0,4320389838.0,5201749364.0,0.0,-508319466.0,25.92,2.92,3.21,-1.17,109.44,104.38,18.53,25.92,,
2024,12,PT BPRS Guguk Mas Makmur,Kab. Limapuluh Koto,Provinsi Sumatera Barat,620194,52251984682.0,40912743140.0,0.0,555265790.0,0.0,0.0,0.0,1683333336.0,0.0,0.0,517000000.0,95103315.0,24219473279.0,16421725000.0,0.0,0.0,99877287.0,0.0,2000505371.0,0.0,1368761939.0,0.0,5306447191.0,6809614499.0,4410947481.0,0.0,1401819684.0,25.59,0.73,3.77,3.34,70.36,106.91,13.68,25.59,,
2024,12,PT BPRS Taeh Baruah,Kab. Limapuluh Koto,Provinsi Sumatera Barat,620190,73477651335.0,55210121885.0,0.0,1527411425.0,1625000.0,0.0,1172916664.0,1000000000.0,0.0,0.0,0.0,1589577770.0,22739479814.0,12478000000.0,0.0,0.0,237280574.0,0.0,22852414942.0,4525385121.0,936943628.0,0.0,5502077961.0,7468605777.0,5130080701.0,0.0,1006545107.0,21.52,2.52,3.39,2.15,80.72,160.7,19.01,21.52,,
2024,12,PT Bank Perekonomian Rakyat Syariah Khatulistiwa,Kab. Pasaman,Provinsi Sumatera Barat,620201,89216439983.0,62250368815.0,0.0,3973302887.0,0.0,0.0,0.0,2355887254.0,0.0,0.0,1105582771.0,48179495251.0,555311700.0,29401000000.0,0.0,0.0,304760851.0,0.0,600500000.0,0.0,302770494.0,0.0,2170656702.0,2536970677.0,2090572433.0,0.0,368224304.0,22.62,1.18,3.18,0.5,85.48,91.66,10.17,22.62,,
2024,12,PT BPRS Mentari Pasaman Saiyo,Kab. Pasaman Barat,Provinsi Sumatera Barat,620059,14627617603.0,10650770128.0,0.0,164506697.0,39036600.0,0.0,50000000.0,542900000.0,0.0,0.0,343790244.0,422042691.0,7463578579.0,3024850000.0,0.0,0.0,206853498.0,0.0,1075624884.0,0.0,429820952.0,0.0,1031441612.0,1381388146.0,1664010719.0,0.0,-130049753.0,30.63,20.59,22.89,-0.87,108.33,106.14,20.65,30.63,,
2024,12,PT BPRS Haji Miskin,Kab. Tanah Datar,Provinsi Sumatera Barat,620099,90896653841.0,53753260109.0,0.0,1625568755.0,157193499.0,56874630.0,1260416667.0,8397965916.0,0.0,0.0,593156872.0,8660807049.0,12452603791.0,36013394000.0,0.0,0.0,1905981828.0,0.0,15371522136.0,4002109644.0,2361299719.0,0.0,9005508548.0,13129895149.0,7902009287.0,53088178.0,1564515052.0,21.25,2.28,3.89,2.34,84.99,121.19,14.7,21.25,0.7957568848810034,100.72783265816751
2024,12,PT Bank Perekonomian Rakyat Syariah Balerong Bunta,Kab. Tanah Datar,Provinsi Sumatera Barat,620197,17502667268.0,11765192685.0,0.0,35524416.0,0.0,0.0,0.0,0.0,0.0,0.0,0.0,6676564000.0,0.0,3911500000.0,0.0,0.0,74084616.0,0.0,700000000.0,0.0,1954248763.0,0.0,1302221517.0,1624296480.0,1767645706.0,0.0,47030201.0,46.27,9.15,11.01,0.38,97.98,111.98,49.24,46.27,0.8031965185093075,100.73793330633296
2024,12,PT Bank Pembiayaan Rakyat Syariah Jam Gadang Perseroda,Kota Bukittinggi,Provinsi Sumatera Barat,620185,125349187197.0,37916140226.0,0.0,50498490574.0,190573635.0,0.0,1685937491.0,4778742524.0,0.0,0.0,0.0,47748999598.0,0.0,22534246639.0,0.0,0.0,317336004.0,0.0,34200000000.0,4130132318.0,3113188398.0,0.0,10668734825.0,14840900544.0,9383743537.0,68034862.0,2154206692.0,23.75,0.25,0.43,2.22,83.19,137.25,9.22,23.75,-0.2958866590933593,100.36052326690393
2024,12,PT BANK PEREKONOMIAN RAKYAT SYARIAH AL MAKMUR,Kota Payakumbuh,Provinsi Sumatera Barat,620132,97583281525.0,64871201846.0,0.0,1205494139.0,38700000.0,0.0,1363541662.0,13353602372.0,0.0,0.0,881805332.0,28503273584.0,2204406659.0,34182129000.0,0.0,0.0,201487886.0,0.0,15952397440.0,4130132315.0,1543186013.0,0.0,7774924206.0,10976814909.0,5823137940.0,0.0,2727427718.0,25.9,0.32,0.72,3.99,73.09,118.0,20.09,25.9,-0.2305304689386322,100.63568358146692
2024,12,PT BPRS Gajahtongga KotoPiliang,Kota Sawahlunto,Provinsi Sumatera Barat,620162,44566024521.0,39244741683.0,0.0,0.0,0.0,0.0,0.0,801570000.0,0.0,0.0,0.0,17758033401.0,0.0,14947700000.0,0.0,0.0,205327879.0,0.0,2250000000.0,0.0,832626714.0,0.0,5161449500.0,6454538663.0,3896149425.0,0.0,1613542860.0,30.26,0.99,4.9,4.29,72.66,122.44,28.27,30.26,-0.6873833320816837,100.76958758372275
2024,12,PT BPRS Barakah Nawaitul Ikhlas,Kota Solok,Provinsi Sumatera Barat,620123,7046698734.0,4049208496.0,0.0,282900661.0,0.0,0.0,0.0,0.0,0.0,0.0,0.0,89685346.0,3550832118.0,2127500000.0,0.0,0.0,13773328.0,0.0,520000000.0,0.0,37161518.0,0.0,764259827.0,910341423.0,1061462128.0,0.0,-136608152.0,20.83,2.6,4.45,-1.99,116.58,75.11,30.96,20.83,-0.8090450252633046,100.6628003414127
2024,12,PT Bank Perekonomian Rakyat Syariah Al Falah,Kab. Banyuasin,Provinsi Sumatera Selatan,620040,26027336904.0,16895732454.0,0.0,1236011721.0,0.0,0.0,0.0,0.0,0.0,0.0,0.0,69435262.0,5370175182.0,10219200000.0,0.0,0.0,110056455.0,0.0,0.0,1754351269.0,464125712.0,0.0,3132174589.0,4277896484.0,3080902748.0,0.0,269680532.0,60.52,8.74,13.27,1.18,89.59,116.74,37.78,60.52,,
2024,12,PT Bank Perekonomian Rakyat Syariah Amanah Insan Cita,Kab. Deli Serdang,Provinsi Sumatera Utara,620145,18700448444.0,10490679990.0,0.0,0.0,0.0,0.0,612500000.0,1602000003.0,0.0,0.0,0.0,3082972193.0,0.0,9502500000.0,0.0,0.0,86551545.0,0.0,2256829805.0,0.0,279701175.0,0.0,1894096610.0,2522703677.0,2398108255.0,0.0,-189183820.0,41.28,18.91,29.85,-1.12,113.44,100.95,84.57,41.28,,
2024,12,PT Bank Perekonomian Rakyat Syariah Puduarta Insani,Kab. Deli Serdang,Provinsi Sumatera Utara,620058,52440820710.0,25457484577.0,0.0,10000000.0,0.0,0.0,0.0,0.0,0.0,0.0,0.0,14217571048.0,0.0,28369076496.0,0.0,0.0,82604812.0,0.0,595749363.0,0.0,288323213.0,0.0,3915603292.0,5788833223.0,4038536296.0,0.0,245988406.0,32.68,5.5,7.15,0.47,104.21,60.55,39.77,32.68,,
2024,12,PT Bank Perekonomian Rakyat Syariah Sindanglaya Kotanopan,Kab. Mandailing Natal,Provinsi Sumatera Utara,620111,7734341762.0,3093836800.0,0.0,256306400.0,0.0,0.0,0.0,1348443972.0,0.0,0.0,0.0,1915863598.0,0.0,2254500000.0,0.0,0.0,3899243.0,0.0,1031916529.0,0.0,135240942.0,0.0,979727811.0,1153677849.0,1296411879.0,0.0,-177131023.0,62.91,17.36,17.76,-2.29,112.61,112.67,103.25,62.91,,
2024,12,PT Bank Perekonomian Rakyat Syariah Amanah Bangsa,Kab. Simalungun,Provinsi Sumatera Utara,620032,136822160295.0,106454928311.0,0.0,5295727.0,420380000.0,0.0,415450000.0,2697621950.0,0.0,0.0,429982400.0,18671240141.0,458552100.0,43486714523.0,0.0,0.0,347288081.0,0.0,38862070331.0,19034093274.0,1760337452.0,0.0,13478299115.0,22317598378.0,16406436246.0,61963438.0,1913811286.0,21.47,1.33,2.34,2.58,86.02,109.45,51.33,21.47,,
2024,12,PT. BPRS Al-Yaqin,Kab. Simalungun,Provinsi Sumatera Utara,620092,,,,,,,,,,,,,,,,,,,,,,,,,,,,,,,,,,,,,
2024,12,PT Bank Perekonomian Rakyat Syariah Al Washliyah,Kota Medan,Provinsi Sumatera Utara,620036,15641407308.0,5416684300.0,0.0,1973695200.0,0.0,0.0,828900.0,0.0,0.0,0.0,208023800.0,1379889865.0,3257234787.0,6849000000.0,0.0,0.0,167230185.0,0.0,1804171024.0,0.0,150192301.0,0.0,779486506.0,1261321161.0,963795436.0,0.0,64324122.0,23.86,23.34,28.19,0.51,92.35,64.34,37.39,23.86,3.5953913881617754,98.67901076224275
2024,12,PT Bank Perekonomian Rakyat Syariah Gebu Prima,Kota Medan,Provinsi Sumatera Utara,620055,29955022831.0,21427999582.0,0.0,782770170.0,0.0,0.0,17952617302.0,499583341.0,0.0,0.0,0.0,248616295.0,2236256430.0,33585000000.0,0.0,0.0,696545784.0,0.0,5954334027.0,0.0,135407925.0,0.0,-1146052297.0,4304565568.0,18825602357.0,0.0,-16363413263.0,-46.0,31.37,63.86,-40.44,234.81,97.22,12.73,-46.0,3.580883089096215,98.66623055730342
