Kode_Bank,Nama_BPR,Provinsi,Kabupaten_Kota,Latitude,Longitude,NPL_Neto,ROA,BOPO,LDR,KPMM,Cash_Ratio,delta_npl_net_1y,delta_roa_1y,delta_bopo_1y,delta_kpmm_1y,peer_city_npl_net_mean,peer_city_roa_mean,peer_city_bopo_mean,spatial_npl_net_mean,spatial_roa_mean,spatial_bopo_mean,predicted_deterioration_probability,risk_band,top_risk_drivers,data_quality_flag,data_quality_reason,shared_coordinate_flag
601700,PT Bank Perekonomian Rakyat Arta Mitra Rakyat,Provinsi Jawa Timur,Kab. Malang,-8.078618,112.4908254,5.32,86.37,10.83,24.6,100.0,50.39,-19.87,86.68,-91.96000000000001,46.15,16.196190476190477,1.6757142857142857,91.18380952380953,14.62125,1.225,98.63874999999999,0.7712801590657125,High Risk,ROA versus bank history (+0.158); one-year ROA movement (+0.059); profitability level (+0.050),True,ROA outside audit range,0
600935,PT Bank Perekonomian Rakyat Megakerta Swadiri,Provinsi Jawa Timur,Kab. Sidoarjo,-7.3448749,112.7652285,39.42,-0.64,103.45,239.74,116.48,56.28,33.29,74.51,-585.0699999999999,11.980000000000004,12.872631578947368,-0.9292105263157892,118.70578947368422,18.455714285714286,-1.3199999999999998,119.4042857142857,0.7648993669787669,High Risk,one-year ROA movement (+0.075); three-year BOPO trend (+0.050); capital adequacy level (+0.031),False,,0
602004,PT Bank Perekonomian Rakyat Brata Bhakti Sejahtera,Provinsi Jawa Barat,Kota Depok,-6.3396908,106.7747992,25.75,7.98,71.34,95.72,52.3,40.92,13.76,52.68000000000001,-247.02,27.529999999999998,13.358500000000001,1.4435,98.0005,13.76,0.2333333333333334,107.20666666666666,0.7482410808587068,High Risk,ROA versus bank history (+0.066); three-year BOPO trend (+0.040); one-year ROA movement (+0.037),False,,0
601254,PT Bank Perekonomian Rakyat Gede Arthaguna,Provinsi Jawa Barat,Kab. Subang,-6.7711967,107.4063929,1.65,15.9,80.63,35.38,272.54,848.87,-5.640000000000001,39.5,-219.63,44.150000000000034,10.032,0.5419999999999998,95.90599999999999,9.83,0.5071428571428571,96.88857142857144,0.7458840408107567,High Risk,ROA versus bank history (+0.125); one-year ROA movement (+0.109); capital adequacy level (+0.075),True,Cash_Ratio outside audit range,0
601677,PT Bank Perekonomian Rakyat Putra Arta Dewata,Provinsi Jawa Timur,Kota Malang,-7.9783661,112.6431286,56.93,9.28,70.42,1975.75,169.4,388.0,39.31,30.61,-141.49,64.63000000000001,16.28333333333333,2.866666666666667,83.56833333333334,11.796,3.3400000000000007,80.764,0.7387074100815131,High Risk,one-year ROA movement (+0.047); three-year BOPO trend (+0.036); profitability level (+0.021),True,LDR outside audit range,0
600193,PT Bank Perekonomian Rakyat Vima,Provinsi Jawa Barat,Kota Bandung,-6.2372083,106.2142554,9.72,19.33,49.6,60.88,29.82,17.35,-14.17,23.849999999999998,-121.39000000000001,-3.4099999999999966,10.45758620689655,-0.67,102.50931034482758,6.3412500000000005,3.69125,84.3175,0.7382494811966408,High Risk,three-year BOPO trend (+0.119); ROA versus bank history (+0.101); operating efficiency pressure (+0.075),False,,1
601276,PT Bank Perekonomian Rakyat Bangun Mitrawadas,Provinsi Jawa Barat,Kab. Karawang,-6.3232939,107.2892975,4.11,6.06,79.36,46.17,97.05,118.88,1.2200000000000002,55.580000000000005,-106.42999999999999,70.46,18.055833333333332,-0.6675,110.74666666666667,21.046,-4.058,136.10999999999999,0.7295521400447459,High Risk,one-year ROA movement (+0.117); ROA versus bank history (+0.074); three-year BOPO trend (+0.049),False,,0
600097,PT Bank Perekonomian Rakyat Artha Prima Inti,Provinsi Jawa Barat,Kota Cirebon,-6.7207162,108.5600929,12.29,-4.27,69.43,81.0,107.97,64.85,12.29,158.73,-749.1700000000001,-312.55999999999995,8.28,-6.578,140.984,12.92,-19.465,221.62,0.7214040684759201,High Risk,ROA versus bank history (+0.115); one-year ROA movement (+0.081); three-year BOPO trend (+0.074),False,,0
601222,PT. BPR Cempaka Mitra Nagari,Provinsi Sumatera Barat,Kota Padang,-0.9390722,100.3751386,5.05,9.02,60.34,121.25,92.45,20.16,0.96,5.99,-23.810000000000002,47.540000000000006,8.23,-0.8574999999999999,117.9375,8.243333333333334,-0.28,110.04333333333334,0.7181909999323736,High Risk,ROA versus bank history (+0.157); one-year ROA movement (+0.074); one-year KPMM movement (+0.041),False,,0
600864,PT Bank Perekonomian Rakyat Kredit Mandiri Kalsel,Provinsi Kalimantan Selatan,Kab. Banjar,-3.2790594,114.6879262,27.46,3.63,86.41,14.57,334.69,1858.7,18.93,4.99,-20.14,235.87,4.6274999999999995,3.8100000000000005,72.35499999999999,7.26,4.61,75.86600000000001,0.7170413915069282,High Risk,loan growth (+0.092); capital adequacy level (+0.059); one-year ROA movement (+0.058),True,Cash_Ratio outside audit range,0
601325,PT Bank Perekonomian Rakyat Laksana Lestariserpong,Provinsi Banten,Kota Tangerang Selatan,-6.2966815,106.6443806,31.17,4.58,78.47,220.34,59.75,47.65,8.810000000000002,3.02,-16.72,5.030000000000001,10.290999999999999,-0.8660000000000002,108.81599999999999,8.265,-0.2612500000000001,107.17500000000001,0.7082032672077748,High Risk,high NPL net (+0.077); three-year BOPO trend (+0.063); one-year ROA movement (+0.055),False,,0
601834,PT Bank Perekonomian Rakyat Suar Artha Dharma,Provinsi Bali,Kab. Badung,-8.6961668,115.1733172,6.03,6.06,63.71,67.45,32.92,15.15,1.6500000000000004,35.5,-58.309999999999995,11.990000000000002,6.644347826086958,1.6217391304347826,87.55869565217391,9.53,2.045,85.395,0.7073378793060808,High Risk,three-year BOPO trend (+0.091); operating efficiency pressure (+0.077); loan growth (+0.058),False,,0
600049,PT Bank Perekonomian Rakyat Gerbang Masa Depan,Provinsi Sulawesi Selatan,Kab. Takalar,-5.2779401,119.2385226,14.5,8.77,89.5,62.9,175.23,61.4,4.779999999999999,4.26,22.700000000000003,58.54999999999998,,,,3.3485714285714288,-1.2814285714285716,119.37857142857142,0.696891836781414,High Risk,capital adequacy level (+0.059); loan growth (+0.050); ROA versus bank history (+0.039),False,,0
600763,PT Bank Perekonomian Rakyat Danamas,Provinsi Jawa Timur,Kota Surabaya,-7.3020189,112.70794,5.45,16.76,134.48,59.33,56.1,29.13,4.42,16.51,37.36999999999999,27.450000000000003,9.305000000000001,0.008749999999999813,107.84625,6.62875,2.52,85.78375,0.6925503053680788,High Risk,ROA versus bank history (+0.168); loan growth (+0.108); one-year ROA movement (+0.084),False,,0
601667,PT Bank Perekonomian Rakyat Mojoagung Pahalapakto,Provinsi Jawa Timur,Kab. Jombang,-7.5678435,112.3309077,21.91,6.65,61.34,1158.01,200.52,877.29,8.03,-0.2699999999999996,-0.8299999999999983,20.120000000000005,9.098333333333334,5.101666666666667,80.88166666666666,11.445,5.486666666666667,79.76666666666667,0.6887134609470218,High Risk,loan growth (+0.179); one-year KPMM movement (+0.022); operating efficiency pressure (+0.020),True,LDR outside audit range; Cash_Ratio outside audit range,0
601780,PT Bank Perekonomian Rakyat Sukorejo Makmur,Provinsi Jawa Timur,Kab. Pasuruan,-7.7019245,112.6365973,26.3,58.84,86.66,412.93,137.05,47.79,4.0,-3.1299999999999955,9.189999999999998,8.810000000000002,15.076363636363634,2.584545454545454,87.95727272727274,15.533333333333331,2.3016666666666663,88.96666666666665,0.6837206305310237,High Risk,ROA versus bank history (+0.121); high NPL net (+0.046); three-year NPL net trend (+0.028),True,ROA outside audit range,0
600094,PT Bank Perekonomian Rakyat Dana Rajabally,Provinsi Jawa Timur,Kota Surabaya,-7.3166076,112.7322286,0.0,9.03,64.86,0.0,491.34,100.0,-3.85,-16.189999999999998,-2.6400000000000006,343.04999999999995,9.645625,0.49187499999999995,112.1975,14.56875,2.3437500000000004,109.3425,0.6820605530099679,High Risk,loan growth (+0.068); capital adequacy level (+0.065); loan scale (+0.055),False,,0
602753,PT Bank Perekonomian Rakyat Lestari Nusantara Indonesia,Provinsi Jawa Timur,Kab. Gresik,-7.4224593,108.3352868,31.27,10.93,73.46,294.19,152.17,37.42,-5.949999999999999,10.19,-29.460000000000008,10.079999999999984,14.774444444444445,1.3933333333333333,92.94999999999999,3.746,1.138,89.464,0.6819903967019402,High Risk,capital adequacy level (+0.083); one-year ROA movement (+0.067); ROA versus bank history (+0.053),False,,0
601135,PT Bank Perekonomian Rakyat Bumi Hayu,Provinsi Jawa Timur,Kab. Jember,-8.1535471,112.5595382,7.61,9.6,51.8,469.13,191.82,161.64,4.26,4.26,-17.78,80.80999999999999,12.03125,4.024375,80.4725,16.51,14.768333333333333,90.66666666666667,0.6816126263831991,High Risk,ROA versus bank history (+0.088); one-year ROA movement (+0.051); three-year BOPO trend (+0.049),False,,0
600971,PT Bank Perekonomian Rakyat Karunia Pakto,Provinsi Jawa Timur,Kab. Jember,-7.3131312,107.6590769,33.24,3.9,74.38,426.08,142.43,63.12,18.560000000000002,-0.36999999999999966,-0.6400000000000006,37.42,10.429375,4.380624999999999,79.06125,3.4880000000000004,2.694,86.34,0.6783003495829121,High Risk,high NPL net (+0.069); one-year KPMM movement (+0.031); provision coverage (+0.028),False,,0
601390,PT Bank Perekonomian Rakyat Kartadhani Mulya,Provinsi Jawa Tengah,Kab. Sukoharjo,-7.5670432,110.7758136,25.44,6.19,99.19,120.63,21.79,9.02,11.3,6.54,-2.980000000000004,1.4199999999999982,15.696153846153846,1.0715384615384616,94.69076923076923,17.481666666666666,-0.22499999999999995,101.10166666666667,0.6771632807509967,High Risk,high NPL net (+0.125); one-year NPL net movement (+0.067); ROA versus bank history (+0.054),False,,0
600116,PT Bank Perekonomian Rakyat Danamitra Surya,Provinsi Jawa Timur,Kota Surabaya,-7.329044,112.7463634,3.41,-8.16,207.8,33.11,84.71,63.37,3.41,10.71,-22.47999999999999,0.18999999999999773,9.432500000000001,1.56625,103.26375,21.4125,2.2875,88.79125,0.6760675800385502,High Risk,one-year ROA movement (+0.163); three-year BOPO trend (+0.072); loan growth (+0.068),False,,0
601291,PT BPR ARTA JAKARTA,Provinsi Banten,Kota Tangerang,-6.2331133,106.7326761,10.16,13.1,77.63,114.97,26.13,20.9,5.46,38.48,-45.25,7.419999999999998,16.304666666666666,0.7060000000000001,99.19866666666667,13.415000000000001,1.7966666666666669,105.73666666666666,0.6693390652922467,High Risk,one-year ROA movement (+0.110); ROA versus bank history (+0.105); three-year BOPO trend (+0.102),False,,0
601928,PT Bank Perekonomian Rakyat Juara Dana Abadi,Provinsi Sulawesi Utara,Kota Manado,1.485592,124.8440615,4.79,6.51,64.39,60.36,113.33,25.1,4.37,8.98,-53.510000000000005,-62.980000000000004,11.251999999999999,1.418,96.61000000000001,10.994,1.008,94.91600000000001,0.6668581770719108,High Risk,ROA versus bank history (+0.194); one-year ROA movement (+0.102); operating efficiency pressure (+0.030),False,,0
602049,PT Bank Perekonomian Rakyat Karya Prima Sentosa,Provinsi Banten,Kab. Tangerang,-6.2480201,106.6238242,17.77,5.9,69.81,105.48,75.49,11.2,-9.59,3.7700000000000005,-13.259999999999991,-36.980000000000004,12.170555555555556,2.2655555555555558,95.72722222222222,13.927999999999997,0.56,97.26200000000001,0.6637992232527216,High Risk,capital adequacy level (+0.085); ROA versus bank history (+0.081); one-year LDR movement (+0.059),False,,1
602562,Perumda BPR Citra Mas,Provinsi Sulawesi Selatan,Kab. Pangkajene Kepulauan,-4.8338276,119.5444173,66.37,89.36,67.32,100.0,183.6,1.26,43.03,-26.0,-118.49000000000001,99.05999999999999,,,,5.0625,-2.1799999999999997,125.59750000000001,0.6580645654001341,High Risk,ROA versus bank history (+0.060); three-year BOPO trend (+0.051); high NPL net (+0.046),True,ROA outside audit range,0
601102,Koperasi Jasa Bank Perekonomian Rakyat Bumi Arta (Skd),Provinsi Jawa Timur,Kab. Jombang,-7.5373176,112.2048795,27.76,9.81,91.22,109.25,57.72,42.98,14.990000000000002,5.98,11.959999999999994,3.5600000000000023,8.123333333333333,4.574999999999999,75.90166666666666,2.4475,2.0375,87.6175,0.6558131250994027,High Risk,high NPL net (+0.116); profitability level (+0.110); one-year ROA movement (+0.088),False,,0
602681,PT Bank Perekonomian Rakyat Dana Karunia Sejahtera,Provinsi Jawa Barat,Kab. Bekasi,-6.2682977,107.0730881,23.39,3.82,93.29,387.3,26.76,26.87,14.200000000000001,9.709999999999999,-44.760000000000005,1.490000000000002,16.627142857142857,-1.0142857142857142,100.06428571428572,27.463333333333335,-8.143333333333333,139.58666666666667,0.6554765616855776,High Risk,high NPL net (+0.117); one-year ROA movement (+0.057); funding pressure (+0.050),False,,0
601678,PT Bank Perekonomian Rakyat Dirgadhana Arthamas,Provinsi Jawa Timur,Kab. Sidoarjo,-7.3447267,112.6911949,13.88,7.87,65.85,410.11,109.02,95.15,10.55,-19.47,-11.150000000000006,-37.750000000000014,13.544736842105264,-1.1531578947368417,119.69526315789474,10.768571428571429,0.4842857142857144,99.86571428571428,0.6549272154108335,High Risk,deposit funding mix (+0.047); ROA versus bank history (+0.045); one-year LDR movement (+0.033),False,,0
602721,PT Bank Perekonomian Rakyat Bahteramas Raha (Perseroda),Provinsi Sulawesi Tenggara,Kab. Muna,-4.8186283,122.7232483,1.34,13.72,64.8,86.52,34.9,24.05,-9.41,9.450000000000001,-17.680000000000007,-32.77,,,,7.787142857142858,4.28,83.61,0.6532014428489091,High Risk,three-year BOPO trend (+0.197); one-year BOPO movement (+0.102); ROA versus bank history (+0.088),False,,0
601141,PT Bank Perekonomian Rakyat Arta Makmur Sejahtera,Provinsi Sulawesi Utara,Kota Kotamobagu,0.7342194,124.2850047,25.31,3.64,79.44,72.59,48.88,45.91,-1.7200000000000024,5.32,-30.49000000000001,-5.559999999999995,,,,9.2325,3.9025000000000003,82.29,0.6474195523033967,High Risk,one-year ROA movement (+0.082); high NPL net (+0.072); three-year BOPO trend (+0.058),False,,1
602749,PT BANK PEREKONOMIAN RAKYAT DANAFAST KALIMANTAN UTARA,Provinsi Kalimantan Timur,Kota Tarakan,3.3212551,117.5728025,25.18,3.76,73.1,122.19,58.23,22.78,14.74,3.5,-24.980000000000004,-6.93,,,,5.977500000000001,-1.66375,109.76374999999999,0.6438536804013266,High Risk,high NPL net (+0.116); one-year LDR movement (+0.048); three-year NPL net trend (+0.038),False,,0
601133,PT Bank Perekonomian Rakyat Artatama Sejahtera,Provinsi DKI Jakarta,Wil. Kota Jakarta Selatan,-6.2384516,106.7756436,0.74,6.18,65.98,85.1,23.82,29.31,0.69,16.66,-145.81,-85.13,22.779999999999998,-2.45,115.30000000000001,26.75,0.11,98.84,0.6404334257951687,High Risk,three-year BOPO trend (+0.184); ROA versus bank history (+0.180); one-year ROA movement (+0.092),False,,0
602569,PT Bank Perekonomian Rakyat Pesisir Layar Berkembang,Provinsi Nusa Tenggara Barat,Kab. Lombok Barat,-8.6012662,116.0828873,8.07,4.82,75.99,176.35,85.32,24.07,-7.989999999999998,7.8100000000000005,-44.94000000000001,4.089999999999989,9.305714285714284,3.5585714285714283,83.45857142857143,10.253333333333332,3.85,77.11333333333333,0.6376307639144256,High Risk,one-year ROA movement (+0.111); ROA versus bank history (+0.092); three-year BOPO trend (+0.088),False,,0
601112,PT Bank Perekonomian Rakyat Danamaster Bahtera,Provinsi Lampung,Kab. Lampung Selatan,-5.8623156,105.7423847,5.27,3.25,93.08,186.45,85.06,129.82,-16.48,15.06,-59.3,8.680000000000007,0.8300000000000001,14.98,62.61999999999999,11.319999999999999,2.9842857142857144,89.46428571428571,0.6312411219403704,High Risk,loan growth (+0.170); capital adequacy level (+0.132); one-year ROA movement (+0.062),False,,0
600216,PT BPR Artha Nusantara Abadi,Provinsi Jawa Tengah,Kota Semarang,-6.9998533,110.4426702,28.91,2.3,84.94,119.36,22.57,12.49,22.03,-0.30000000000000027,-0.09000000000000341,-6.23,18.299583333333334,0.6583333333333332,95.81208333333332,19.445999999999998,1.3039999999999998,89.52000000000001,0.6272123187553572,High Risk,high NPL net (+0.176); three-year NPL net trend (+0.092); one-year NPL net movement (+0.064),False,,0
601840,PT Bank Perekonomian Rakyat Nusapanida Kuta,Provinsi Bali,Kab. Badung,-8.7110895,115.1832922,9.38,3.83,75.32,73.9,88.3,25.96,2.710000000000001,1.38,-9.960000000000008,37.0,6.571521739130435,1.6702173913043479,87.30630434782609,5.793333333333333,2.4133333333333336,83.09666666666668,0.6260448086224308,High Risk,ROA versus bank history (+0.097); capital adequacy level (+0.087); one-year KPMM movement (+0.081),False,,0
601758,PT Bank Perekonomian Rakyat Buduran Deltapurnama,Provinsi Jawa Timur,Kab. Sidoarjo,-7.4248965,112.7201241,32.85,5.12,7.48,101.46,56.88,11.58,-3.1400000000000006,-0.14999999999999947,-56.28,-4.029999999999994,13.045526315789473,-1.08078947368421,121.23131578947371,9.52,-0.3014285714285713,109.01142857142858,0.6250578278158245,High Risk,high NPL net (+0.169); three-year BOPO trend (+0.118); one-year BOPO movement (+0.082),False,,0
600932,PT Bank Perekonomian Rakyat Arta Haksaprima,Provinsi Jawa Timur,Kab. Mojokerto,-7.5414809,112.5620949,8.7,15.77,55.54,277.57,109.83,28.32,3.2699999999999996,-1.740000000000002,1.9200000000000017,9.909999999999997,13.93142857142857,2.5399999999999996,84.4857142857143,14.23,3.185714285714286,85.88285714285715,0.6235270263194712,High Risk,ROA versus bank history (+0.082); capital adequacy level (+0.074); operating efficiency pressure (+0.069),False,,0
600076,PT BANK PEREKONOMIAN RAKYAT MULTI TATAPERKASA,Provinsi Sumatera Utara,Kota Medan,3.5760337,98.6585365,1.85,-0.43,103.28,182.31,114.21,97.03,1.78,7.67,-72.43,39.08,7.66125,1.26375,97.29125,5.99125,1.28625,97.16624999999999,0.6197673646549285,High Risk,three-year BOPO trend (+0.135); one-year ROA movement (+0.117); capital adequacy level (+0.055),False,,0
600068,PT Bank Perekonomian Rakyat Metropolitan Putra,Provinsi DKI Jakarta,Wil. Kota Jakarta Timur,-6.2156215,106.8699637,27.81,4.68,74.99,88.67,58.41,9.44,10.34,-2.37,8.459999999999994,-5.32,11.99,-3.445,163.79500000000002,10.738,-1.582,126.22600000000003,0.6191593777980071,High Risk,high NPL net (+0.172); three-year NPL net trend (+0.063); one-year LDR movement (+0.041),False,,0
602651,PT Bank Perekonomian Rakyat Duta Perdana,Provinsi Riau,Kota Pekanbaru,0.4887197,101.378742,23.91,2.4,84.03,243.36,63.62,23.81,10.67,-0.9300000000000002,-0.3199999999999932,-4.8600000000000065,9.295,0.360625,87.314375,9.51,1.89,87.10333333333334,0.6157932168259943,High Risk,ROA versus bank history (+0.080); high NPL net (+0.066); three-year NPL net trend (+0.041),False,,0
601134,PT Bank Perekonomian Rakyat Sentaosa Mandiri Jaya,Provinsi Jawa Timur,Kab. Lumajang,-8.1457234,113.2350397,18.13,0.26,99.59,153.92,161.98,134.39,5.119999999999999,-1.84,9.909999999999997,54.879999999999995,4.4799999999999995,3.545,75.2775,3.638333333333333,4.2700000000000005,74.91000000000001,0.6125833323317971,High Risk,loan growth (+0.153); three-year BOPO trend (+0.042); deposit growth (+0.034),False,,0
601871,PT. BPR Jati Lestari,Provinsi Jawa Timur,Kab. Sidoarjo,-7.4475531,112.6997077,0.0,0.88,125.04,0.0,371.76,0.0,0.0,6.05,-449.71,43.539999999999964,13.910000000000002,-0.9692105263157892,118.13763157894738,12.615,1.246666666666667,82.495,0.6102081643505496,High Risk,ROA versus bank history (+0.157); one-year ROA movement (+0.154); capital adequacy level (+0.063),False,,0
601290,PT Bank Perekonomian Rakyat Mitra Sejahtera Lestari,Provinsi Jawa Barat,Kota Bekasi,-6.2845164,106.9080126,0.0,0.0,0.0,0.0,0.0,0.0,-1.75,-4.2,-68.36,-18.73,17.79806451612903,-1.9029032258064518,122.65935483870967,20.845,-8.16125,171.75,0.6078498832769641,High Risk,three-year BOPO trend (+0.259); operating efficiency pressure (+0.247); one-year BOPO movement (+0.101),False,,0
601281,PT Bank Perekonomian Rakyat Alsaba Prima,Provinsi Jawa Barat,Kota Bekasi,-6.2474077,107.009208,20.78,-5.92,122.46,74.9,85.66,64.61,14.580000000000002,-5.04,-27.10000000000001,-41.730000000000004,17.127741935483872,-1.7119354838709677,118.70903225806451,10.675,2.355,85.4625,0.6074865442501641,High Risk,ROA versus bank history (+0.136); capital adequacy level (+0.055); one-year NPL net movement (+0.041),False,,0
601287,PT Bank Perekonomian Rakyat Interskala Mandiri Sejahtera,Provinsi Banten,Kota Tangerang,-6.1931952,106.69835,39.1,-5.11,161.31,46.94,166.0,39.39,24.480000000000004,-5.32,62.93000000000001,135.01,14.375333333333334,1.9200000000000002,93.62000000000002,16.3,1.1650000000000003,110.40500000000002,0.6054054426048229,High Risk,loan growth (+0.191); funding pressure (+0.102); three-year NPL net trend (+0.051),False,,0
601388,PT Bank Perekonomian Rakyat Artha Kramat,Provinsi Jawa Tengah,Kab. Tegal,-6.8811061,109.1894329,31.19,3.36,82.14,78.75,78.02,32.15,19.89,-0.7100000000000004,3.980000000000004,22.839999999999996,19.746000000000002,1.597,90.689,19.346249999999998,1.82875,89.10125000000001,0.602418240673508,High Risk,high NPL net (+0.160); loan growth (+0.054); three-year NPL net trend (+0.040),False,,0
602063,PT BPR Surya Prima Persada,Provinsi Banten,Kab. Tangerang,-6.2514328,106.6157935,21.11,1.49,88.67,156.47,88.17,13.14,16.32,-0.47,5.489999999999995,20.790000000000006,11.985000000000001,2.5105555555555554,94.67944444444444,17.0325,1.1550000000000002,97.01250000000002,0.6016106032686971,High Risk,loan growth (+0.107); one-year NPL net movement (+0.057); high NPL net (+0.051),False,,0
600909,PT Bank Perekonomian Rakyat Kerta Arthamandiri,Provinsi Jawa Timur,Kab. Malang,-8.010516,112.4552426,23.42,7.98,71.32,367.21,115.9,57.03,5.090000000000003,0.9200000000000008,-0.960000000000008,10.25,15.334285714285713,5.408571428571428,88.30333333333334,13.02875,13.068750000000001,77.48625,0.6008365967362886,High Risk,high NPL net (+0.137); three-year NPL net trend (+0.018); loan-to-deposit position (+0.016),False,,0
602047,PT Bank Perekonomian Rakyat Nusantara Bona Pasogit Tiga Puluh Satu,Provinsi Jawa Barat,Kab. Tasikmalaya,-6.2386172,106.7089556,26.26,3.43,87.58,86.7,24.3,16.25,2.5100000000000016,5.7,-21.840000000000003,4.440000000000001,9.879999999999999,0.836,94.32199999999999,5.08,0.97,92.375,0.6006725720401419,High Risk,high NPL net (+0.190); three-year BOPO trend (+0.085); one-year ROA movement (+0.071),False,,1
600788,PT Bank Perekonomian Rakyat Bintang Mitra Indonesia,Provinsi Jawa Timur,Kota Surabaya,-7.3278429,112.7663452,33.92,5.81,74.56,289.78,142.3,23.16,2.270000000000003,-2.1400000000000006,11.64,-13.579999999999984,7.525625000000001,0.693125,111.59125,19.24142857142857,-2.2414285714285715,123.53142857142858,0.6001294364093718,High Risk,high NPL net (+0.113); loan growth (+0.060); three-year NPL net trend (+0.039),False,,0
600603,PT. BPR Dhanatani Cepiring,Provinsi Jawa Tengah,Kab. Kendal,-6.9478364,110.1167317,5.87,9.57,69.51,71.71,66.66,59.73,3.66,-5.859999999999999,15.230000000000004,32.76,19.184,1.9940000000000002,86.303,18.67125,2.14625,85.61875,0.5986129863902935,High Risk,loan growth (+0.174); funding pressure (+0.072); capital adequacy level (+0.035),False,,0
602725,PT Bank Perekonomian Rakyat Bahteramas Buton Utara (Perseroda),Provinsi Sulawesi Tenggara,Kab. Buton,-4.9129564,122.2495905,17.53,0.62,94.05,81.78,134.48,44.32,9.990000000000002,22.59,-151.45,-11.850000000000023,0.0,-3.1,109.75000000000001,5.145714285714285,5.918571428571428,80.26857142857143,0.5974726682858288,High Risk,one-year ROA movement (+0.109); funding pressure (+0.095); three-year BOPO trend (+0.084),False,,0
600037,PT Bank Perekonomian Rakyat Puspita Sari,Provinsi DKI Jakarta,Wil. Kota Jakarta Barat,-6.2388071,106.7913684,18.05,-4.12,136.65,82.89,80.74,18.54,2.880000000000001,21.419999999999998,-6.739999999999981,-5.420000000000002,15.26,3.87,81.98,9.46,0.42,99.03,0.5922884794823776,High Risk,one-year ROA movement (+0.181); loan growth (+0.108); capital adequacy level (+0.069),False,,1
601792,PT Bank Perekonomian Rakyat Anugerah Artasentosa Prima,Provinsi DKI Jakarta,Wil. Kota Jakarta Barat,-6.1494027,106.8231897,17.88,7.37,66.3,43.09,178.14,8.45,17.88,-0.09999999999999964,0.0,25.289999999999992,15.345,-1.875,117.155,14.64375,-5.607500000000001,179.06625,0.5919677460877267,High Risk,loan growth (+0.073); high NPL net (+0.030); profitability level (+0.018),False,,0
600307,PT Bank Perekonomian Rakyat Panjawan Mitra Usaha,Provinsi Jawa Barat,Kab. Bandung,-6.9765751,107.6327749,20.4,4.16,61.17,205.37,33.42,18.31,16.099999999999998,0.77,-21.679999999999993,12.23,7.899333333333332,2.7846666666666664,87.30133333333333,12.302857142857144,-1.06,105.94285714285714,0.5907389940195139,High Risk,three-year BOPO trend (+0.075); operating efficiency pressure (+0.045); one-year BOPO movement (+0.042),False,,0
600575,PT Bank Perekonomian Rakyat Weleri Jayapersada,Provinsi Jawa Tengah,Kab. Kendal,-7.0357629,110.0873611,39.75,0.37,96.58,225.06,31.62,19.57,17.45,0.07,3.9200000000000017,-0.5599999999999987,15.796000000000001,2.914,83.59599999999999,14.04857142857143,3.4342857142857146,82.69428571428571,0.5869609474965147,High Risk,high NPL net (+0.137); three-year NPL net trend (+0.093); loan growth (+0.082),False,,0
601757,PT Bank Perekonomian Rakyat Artamulya Bumimukti,Provinsi Jawa Timur,Kab. Sidoarjo,-7.3823857,112.7512433,15.97,3.85,81.4,288.89,155.32,37.41,5.290000000000001,2.79,-13.379999999999995,37.94,13.489736842105264,-1.0473684210526313,119.28605263157897,27.01833333333333,-2.0449999999999995,117.76666666666665,0.5855540134757395,High Risk,loan growth (+0.088); funding pressure (+0.061); high NPL net (+0.035),False,,0
601911,PT Bank Perekonomian Rakyat Kredit Mandiri Sulawesi Selatan Sejahtera,Provinsi Sulawesi Selatan,Kota Makassar,-5.1603033,119.4417464,4.44,0.96,93.91,145.53,46.75,28.12,3.6400000000000006,4.33,-35.640000000000015,-23.11,4.332857142857143,-2.16,120.97142857142858,5.286666666666666,-1.2916666666666667,115.59166666666665,0.5848040066940725,High Risk,three-year BOPO trend (+0.086); funding pressure (+0.067); three-year capital trend (+0.045),False,,0
600070,PT. BPR Siwa Raharja Utama,Provinsi Jawa Barat,Kab. Bekasi,-6.2675266,107.1271288,0.0,0.0,0.0,0.0,0.0,0.0,-28.99,-1.2,-107.13,-93.64,17.740952380952383,-0.8323809523809524,104.50666666666666,22.13,-1.69,115.285,0.5826578732216614,High Risk,three-year BOPO trend (+0.234); operating efficiency pressure (+0.177); one-year LDR movement (+0.118),False,,1
601708,PT Bank Perekonomian Rakyat Wutama Artha Sejahtera,Provinsi Jawa Timur,Kab. Sidoarjo,-7.3511764,112.7294618,39.16,0.74,94.96,181.15,27.05,16.75,5.869999999999997,4.57,-34.92,-36.17999999999999,12.879473684210529,-0.9655263157894735,118.9292105263158,11.423333333333332,-0.37333333333333324,110.52166666666666,0.5815981594052805,High Risk,high NPL net (+0.164); one-year ROA movement (+0.064); deposit funding mix (+0.048),False,,0
601457,PT. BPR Sukadyarindang,Provinsi Jawa Tengah,Kota Surakarta/Solo,-7.5592892,110.7846131,18.1,2.58,70.14,103.41,66.95,30.83,-17.21,25.83,-165.76,58.690000000000005,14.005,0.5516666666666666,98.17,18.705,0.3766666666666667,105.94333333333333,0.5809627993190264,High Risk,loan growth (+0.133); one-year ROA movement (+0.105); three-year BOPO trend (+0.048),False,,0
601737,PERMATA ARTHA SURYA,Provinsi Jawa Timur,Kota Surabaya,-7.2530925,112.7306385,0.0,-2.27,111.35,6575.7,168.39,245.75,0.0,4.550000000000001,-46.400000000000006,-134.31,9.645625,1.1981249999999999,109.291875,7.36125,0.6537500000000003,117.2775,0.5798770952730831,High Risk,three-year BOPO trend (+0.113); ROA versus bank history (+0.089); one-year ROA movement (+0.082),True,LDR outside audit range,0
602658,PT Bank Perekonomian Rakyat Prisma Dana Gorontalo,Provinsi Gorontalo,Kota Gorontalo,0.5349365,123.057054,1.17,9.9,81.14,176.25,15.47,40.33,-1.27,14.05,-28.83,0.7300000000000004,,,,11.1175,6.992500000000001,76.8925,0.5789390861198452,High Risk,three-year BOPO trend (+0.187); ROA versus bank history (+0.141); one-year ROA movement (+0.113),False,,0
601687,PT Bank Perekonomian Rakyat Sili Corp Bank,Provinsi Jawa Timur,Kota Surabaya,-7.2801522,112.6814482,19.0,1.45,84.3,142.85,132.65,8.5,6.9399999999999995,-0.48,6.340000000000003,3.8700000000000045,8.458125,0.965625,110.9825,4.33375,3.2637500000000004,96.435,0.5771019161331108,High Risk,three-year NPL net trend (+0.053); NPL net versus bank history (+0.049); loan growth (+0.045),False,,0
602757,PT Bank Perekonomian Rakyat Anjuk Ladang Perseroda,Provinsi Jawa Timur,Kab. Nganjuk,-7.6057631,111.8992281,7.47,1.64,81.21,1355.57,290.14,243.6,6.59,0.33999999999999986,-0.12000000000000455,-16.660000000000025,19.51,-11.07,150.45,15.583333333333334,-0.2616666666666669,99.21666666666665,0.576123811659081,High Risk,ROA versus bank history (+0.085); funding pressure (+0.068); three-year BOPO trend (+0.052),True,LDR outside audit range,0
601106,PT BPR Multi Arthanusa,Provinsi Jawa Tengah,Kab. Temanggung,-7.2466486,110.0617573,22.31,2.92,79.69,91.49,38.53,29.59,0.5899999999999999,7.71,-50.25999999999999,7.540000000000003,16.206666666666667,1.5333333333333334,90.51833333333332,15.254285714285714,2.075714285714286,87.37428571428572,0.5709617225931614,High Risk,high NPL net (+0.123); three-year BOPO trend (+0.112); one-year ROA movement (+0.062),False,,0
601982,PT Bank Perekonomian Rakyat Arum Mandiri Melati,Provinsi D.I. Yogyakarta,Kab. Gunung Kidul,-7.9945014,110.642218,12.87,1.56,8.36,143.16,44.74,18.84,-3.17,0.14000000000000012,-81.97,-1.269999999999996,14.540000000000003,-0.2400000000000001,96.73499999999999,13.6,1.4485714285714286,88.61,0.5707636280576788,Watchlist,three-year BOPO trend (+0.117); operating efficiency pressure (+0.112); funding pressure (+0.086),False,,0
600934,PT Bank Perekonomian Rakyat Bina Kharisma Insani,Provinsi Jawa Timur,Kota Surabaya,-7.3431751,112.7693028,26.97,-2.57,129.17,80.93,52.28,6.69,24.5,4.449999999999999,-56.640000000000015,-33.17999999999999,7.960000000000001,1.216875,108.178125,20.234285714285715,-1.0442857142857143,115.73,0.5706094287965651,Watchlist,high NPL net (+0.184); deposit funding mix (+0.085); three-year NPL net trend (+0.045),False,,0
600937,PT Bank Perekonomian Rakyat Bank Ima,Provinsi Jawa Timur,Kab. Sidoarjo,-7.49333,112.7110737,32.27,-4.01,131.25,121.83,88.33,56.05,6.720000000000002,-1.65,11.930000000000007,33.72,13.060789473684212,-0.8405263157894735,117.9742105263158,8.938,-0.5759999999999998,108.798,0.5697776215171945,Watchlist,high NPL net (+0.126); funding pressure (+0.060); deposit funding mix (+0.049),False,,0
601303,PT Bank Perekonomian Rakyat Surya Kencana,Provinsi Jawa Barat,Kab. Bogor,-6.5828922,106.7865372,42.23,-0.73,103.69,106.28,30.4,8.24,21.74,-0.9199999999999999,5.079999999999998,2.6899999999999977,15.095,1.4200000000000002,104.75937499999999,16.252000000000002,0.8699999999999999,94.404,0.5663471282462647,Watchlist,high NPL net (+0.224); three-year NPL net trend (+0.090); one-year NPL net movement (+0.059),False,,0
600047,PT Bank Perekonomian Rakyat Ragam Peranmandiri,Provinsi Banten,Kab. Tangerang,-6.2536713,106.5583366,14.31,1.46,90.33,53.4,208.28,386.28,0.0,0.0,0.0,0.0,12.362777777777778,2.5122222222222224,94.58722222222224,9.036,3.112,87.484,0.5649607587048209,Watchlist,loan growth (+0.164); capital adequacy level (+0.068); deposit growth (+0.052),False,,0
601269,PT BPR Lesca Dana Batam,Provinsi Kep. Riau,Kota Batam,1.1440875,104.0119052,3.9,2.1,84.15,121.67,50.0,10.01,2.52,-0.5499999999999998,2.980000000000004,-8.469999999999999,5.502962962962962,2.3096296296296295,82.38111111111111,6.965,1.9275000000000002,86.22,0.5645366861228244,Watchlist,ROA versus bank history (+0.137); deposit funding mix (+0.071); three-year BOPO trend (+0.064),False,,0
601464,PT Bank Perekonomian Rakyat Wira Ardana Sejahtera,Provinsi Jawa Tengah,Kab. Sukoharjo,-7.6565269,110.8321637,51.04,-0.33,101.15,306.69,34.78,7.24,47.23,-5.23,22.30000000000001,1.3100000000000023,13.726923076923079,1.573076923076923,94.53999999999999,14.33,0.11333333333333333,99.20833333333333,0.5641957621449907,Watchlist,high NPL net (+0.134); three-year NPL net trend (+0.106); funding pressure (+0.079),False,,0
601899,PT Bank Perekonomian Rakyat Muara Sumber Dana,Provinsi Banten,Kab. Tangerang,-6.3419182,106.725835,36.64,-0.31,126.35,68.98,102.49,30.47,14.75,1.8199999999999998,13.399999999999991,-17.510000000000005,11.122222222222222,2.6105555555555555,92.58611111111112,11.296666666666667,2.11,92.52166666666666,0.5625950519408831,Watchlist,high NPL net (+0.098); one-year LDR movement (+0.059); one-year NPL net movement (+0.059),False,,0
600261,PT Bank Perekonomian Rakyat Tridanasakti Sumberpucung,Provinsi Jawa Timur,Kab. Malang,-8.1566822,112.4763626,10.03,7.48,65.68,211.99,138.68,97.21,0.129999999999999,-1.1399999999999988,2.2800000000000082,-9.430000000000007,15.971904761904764,5.432380952380952,88.57190476190476,10.135,16.12,83.79666666666667,0.5616846457357932,Watchlist,loan growth (+0.102); operating efficiency pressure (+0.057); funding pressure (+0.046),False,,0
601292,PT Bank Perekonomian Rakyat Hosing Jaya,Provinsi Jawa Barat,Kota Bekasi,-6.2838812,106.9080771,37.7,2.68,82.74,159.04,29.49,8.82,19.69,-2.72,11.449999999999989,3.9899999999999984,16.581935483870968,-1.9893548387096776,119.99032258064517,16.1325,-8.49625,161.4075,0.5610507814018312,Watchlist,high NPL net (+0.165); three-year NPL net trend (+0.077); loan growth (+0.057),False,,0
601435,PT Bank Perekonomian Rakyat Artha Mlatiindah,Provinsi D.I. Yogyakarta,Kab. Sleman,-7.7707885,110.3058162,11.84,5.97,61.09,87.7,44.7,6.5,7.33,-0.1900000000000004,-2.759999999999998,-0.7899999999999991,11.959545454545456,1.2245454545454548,91.57772727272729,9.450000000000001,1.7614285714285713,88.72,0.5583839167470229,Watchlist,high NPL net (+0.149); one-year NPL net movement (+0.067); ROA versus bank history (+0.067),False,,0
600705,PT Bank Perekonomian Rakyat Ulima Djumpa Marom,Provinsi Jawa Barat,Kota Bekasi,-6.2614025,106.9445579,36.97,-0.46,103.04,277.83,88.94,14.48,25.75,-2.69,18.85000000000001,40.169999999999995,16.605483870967742,-1.8880645161290324,119.33548387096775,15.205000000000002,1.0250000000000001,94.4625,0.558014947593894,Watchlist,loan growth (+0.083); funding pressure (+0.068); NPL net versus bank history (+0.055),False,,0
601704,PT Bank Perekonomian Rakyat Kridadhana Citranusa,Provinsi Jawa Timur,Kab. Malang,-8.2123653,112.7481092,11.69,5.18,74.03,93.87,56.39,13.65,3.3599999999999994,0.0,0.0,26.060000000000002,15.892857142857142,5.541904761904762,88.17428571428572,21.811666666666667,0.6166666666666666,86.35000000000001,0.5568529338867536,Watchlist,high NPL net (+0.136); one-year KPMM movement (+0.090); three-year BOPO trend (+0.060),False,,0
600914,PT Bank Perekonomian Rakyat Trikarya Waranugraha,Provinsi Jawa Timur,Kota Malang,-7.957702,112.589317,16.57,5.82,69.47,176.33,139.47,20.19,5.85,-1.2299999999999995,4.200000000000003,2.9799999999999898,23.01,3.4433333333333334,83.72666666666667,21.784,4.164,80.26,0.5557815725759654,Watchlist,operating efficiency pressure (+0.089); one-year NPL net movement (+0.051); funding pressure (+0.037),False,,0
601353,PT Bank Perekonomian Rakyat Mekar Adidana,Provinsi Jawa Barat,Kota Bandung,-6.9151487,107.5844919,15.39,1.95,83.04,90.4,63.46,8.91,2.5,-2.3099999999999996,4.25,-21.080000000000005,10.262068965517242,-0.0706896551724138,101.35620689655173,3.775714285714286,1.0414285714285716,94.79142857142857,0.5551086957211259,Watchlist,capital adequacy level (+0.072); ROA versus bank history (+0.062); deposit funding mix (+0.056),False,,0
600899,PT Bank Perekonomian Rakyat Eka Dana Mandiri,Provinsi Jawa Timur,Kab. Malang,-8.0286302,112.4673037,23.82,3.06,80.7,156.09,73.9,23.1,4.920000000000002,-3.28,14.400000000000006,19.03000000000001,15.315238095238096,5.642857142857143,87.85666666666667,12.97875,13.68375,76.31375,0.5533262160143684,Watchlist,high NPL net (+0.142); three-year NPL net trend (+0.043); one-year LDR movement (+0.030),False,,0
600061,PT Bank Perekonomian Rakyat Balongpanggang Sentosa,Provinsi Jawa Timur,Kab. Gresik,-7.2028844,112.3925074,14.46,9.32,65.67,481.86,125.16,35.89,2.860000000000001,1.37,-5.8700000000000045,15.899999999999991,16.642222222222223,1.572222222222222,93.81555555555556,16.853749999999998,1.925,88.06,0.5529928319075907,Watchlist,high NPL net (+0.050); three-year ROA trend (+0.030); loan growth (+0.027),False,,0
601234,PT BANK PEREKONOMIAN RAKYAT MARENSABANK,Provinsi Banten,Kota Tangerang Selatan,-6.2778127,106.5953982,49.82,0.76,104.57,88.05,46.83,28.01,9.689999999999998,0.37,8.11999999999999,-3.5,8.425999999999998,-0.48400000000000015,106.20599999999999,16.312857142857144,1.5914285714285714,92.46000000000001,0.5528418594785858,Watchlist,high NPL net (+0.155); three-year NPL net trend (+0.080); one-year NPL net movement (+0.066),False,,0
602729,PT Bank Perekonomian Rakyat Mitra Sumber Makmur,Provinsi Sumatera Utara,Kab. Deli Serdang,3.6288288,98.7039981,8.54,4.76,71.2,65.48,98.22,24.65,-6.300000000000001,1.6199999999999997,-5.759999999999991,3.789999999999992,5.991333333333333,1.0519999999999998,101.60466666666666,5.295,3.1033333333333335,89.38833333333332,0.5519844894877899,Watchlist,ROA versus bank history (+0.124); capital adequacy level (+0.082); operating efficiency pressure (+0.061),False,,0
601974,PT BANK PEREKONOMIAN RAKYAT SUMBER TIOPAN RAYA,Provinsi Sumatera Utara,Kab. Deli Serdang,3.5167755,98.6903253,4.79,-2.39,124.14,305.44,742.41,78.08,4.79,14.689999999999998,-291.8,505.10999999999996,6.2413333333333325,1.5286666666666664,98.07533333333332,4.71,1.9914285714285713,91.97285714285714,0.5486654610344033,Watchlist,one-year ROA movement (+0.116); funding pressure (+0.092); three-year BOPO trend (+0.087),True,KPMM outside audit range,0
602544,PT Bank Perekonomian Rakyat Talenta Raya,Provinsi Nusa Tenggara Timur,Kab. Sumba Timur,-9.656716,120.253443,3.14,8.42,60.3,124.25,90.01,21.81,0.16999999999999993,1.6100000000000003,-6.700000000000003,8.210000000000008,,,,10.322,2.992,90.068,0.5441589857839918,Watchlist,capital adequacy level (+0.098); ROA versus bank history (+0.080); loan growth (+0.076),False,,0
601077,PT Bank Perekonomian Rakyat Sari Dinarkencana,Provinsi Nusa Tenggara Timur,Kota Kupang,-10.1973286,123.622283,0.84,11.03,51.16,96.46,85.71,19.62,-0.87,4.64,-19.290000000000006,17.61999999999999,11.181999999999999,1.6500000000000004,89.45,9.891428571428573,1.0357142857142858,93.14999999999999,0.5432502447384346,Watchlist,one-year ROA movement (+0.084); loan growth (+0.075); loan scale (+0.039),False,,0
600905,PT Perusahaan Daerah Bank Perekonomian Rakyat Artha Kanjuruhan Pemerintah Kabupaten Malang,Provinsi Jawa Timur,Kab. Malang,-7.9981584,112.4673188,45.22,-2.38,118.57,120.31,24.15,11.63,-2.8500000000000014,6.9799999999999995,-83.91,11.019999999999998,14.296190476190478,5.9019047619047615,86.05333333333334,11.015714285714285,4.077142857142857,80.25857142857141,0.5431038901863813,Watchlist,high NPL net (+0.126); one-year ROA movement (+0.097); three-year BOPO trend (+0.076),False,,0
600273,PT Bank Perekonomian Rakyat Labuhan Dana Sentosa,Provinsi Lampung,Kab. Lampung Timur,-5.2916735,105.7526853,14.37,9.85,59.99,165.09,56.77,32.2,7.199999999999999,0.9499999999999993,-3.989999999999995,-1.0399999999999991,2.2150000000000007,11.485,66.25,3.1137499999999996,6.28875,71.3325,0.542671631992785,Watchlist,operating efficiency pressure (+0.050); high NPL net (+0.040); one-year NPL net movement (+0.033),False,,0
602032,PT BPR Satria Pertiwi Semarang,Provinsi Jawa Tengah,Kab. Semarang,-7.12753,110.4002322,35.49,2.57,85.49,98.12,31.53,18.27,24.200000000000003,0.48999999999999977,-1.3900000000000006,-1.1299999999999955,13.910833333333334,3.9933333333333336,78.8775,17.228749999999998,2.5825,83.08500000000001,0.5424999706595766,Watchlist,high NPL net (+0.200); three-year NPL net trend (+0.079); loan growth (+0.074),False,,0
600904,PT Bank Perekonomian Rakyat Gunung Ringgit,Provinsi Jawa Timur,Kota Malang,-7.9561636,112.5751936,30.47,0.89,95.26,138.12,84.89,33.97,23.32,-1.33,8.070000000000007,-0.030000000000001137,20.69333333333333,4.265,79.42833333333334,13.198000000000002,-7.81,184.874,0.5417898560009524,Watchlist,high NPL net (+0.195); three-year NPL net trend (+0.077); funding pressure (+0.048),False,,0
601831,PT Bank Perekonomian Rakyat Danamaster Dewata,Provinsi Bali,Kab. Karangasem,-8.4945893,115.4211204,4.9,2.97,79.15,164.52,72.4,16.89,0.20999999999999996,1.1300000000000001,-4.939999999999998,29.890000000000008,6.374999999999999,2.915,80.83999999999999,2.5462499999999997,2.3550000000000004,80.44749999999999,0.5415863326946748,Watchlist,capital adequacy level (+0.125); ROA versus bank history (+0.113); one-year KPMM movement (+0.070),False,,0
602714,PT. BPR Buana Mandiri,Provinsi Jambi,Kota Jambi,-1.6494098,103.5788576,10.02,3.43,84.23,141.11,59.97,12.5,0.6500000000000004,1.7300000000000002,-7.009999999999991,14.199999999999996,13.04307692307692,2.5084615384615385,85.44,11.40625,3.1849999999999996,82.7575,0.5404710167521033,Watchlist,three-year BOPO trend (+0.059); three-year NPL net trend (+0.051); deposit funding mix (+0.050),False,,0
601852,PT Bank Perekonomian Rakyat Mitra Bali Artha Mandiri,Provinsi Bali,Kab. Karangasem,-8.4535563,115.5992804,9.26,2.77,81.69,52.8,63.92,12.64,-4.49,1.1,-8.5,17.260000000000005,4.194999999999999,3.0150000000000006,79.57,2.99,2.2699999999999996,81.24625,0.5378599292677703,Watchlist,capital adequacy level (+0.128); one-year KPMM movement (+0.082); provision coverage (+0.082),False,,0
601972,PT Bank Perekonomian Rakyat Nusantara Ekonomi Jaya,Provinsi Sumatera Utara,Kab. Deli Serdang,3.5532132,98.6964811,1.86,2.55,90.09,540.08,92.9,28.62,1.86,-18.66,-208.08,-125.69999999999999,6.4366666666666665,1.199333333333333,100.34533333333334,5.047142857142857,2.5228571428571427,93.04857142857142,0.5377944877400078,Watchlist,ROA versus bank history (+0.175); funding pressure (+0.092); three-year BOPO trend (+0.060),True,LDR outside audit range,0
601992,PT Bank Perekonomian Rakyat Laksana Gunapercut,Provinsi Sumatera Utara,Kab. Deli Serdang,3.5966684,98.7411161,4.39,12.72,56.0,401.08,100.4,146.76,3.0399999999999996,2.960000000000001,-9.120000000000005,-4.809999999999988,6.268,0.521333333333333,102.618,6.540000000000001,3.4620000000000006,80.86600000000001,0.5359209278119228,Watchlist,ROA versus bank history (+0.089); funding pressure (+0.062); cash liquidity position (+0.056),False,,0
600815,PT Bank Perekonomian Rakyat Pandaan Arta Jaya,Provinsi Jawa Timur,Kab. Pasuruan,-7.4648631,112.6282728,45.82,-0.47,109.81,100.56,384.88,107.62,-3.6199999999999974,0.42000000000000004,1.460000000000008,-74.84000000000003,13.30181818181818,7.976363636363636,85.85272727272728,11.547142857142857,1.7885714285714285,93.25857142857141,0.5358364959654346,Watchlist,high NPL net (+0.106); loan growth (+0.052); three-year BOPO trend (+0.044),False,,0
601356,PT Bank Perekonomian Rakyat Mitra Kanaka Santosa,Provinsi Jawa Barat,Kab. Bandung,-6.9800893,107.5532329,0.67,9.48,52.24,72.0,118.69,20.52,0.25000000000000006,1.4700000000000006,-15.350000000000001,22.75999999999999,9.214666666666666,2.43,87.89666666666668,16.68857142857143,-0.917142857142857,105.57571428571428,0.5341341520822145,Watchlist,funding pressure (+0.099); capital adequacy level (+0.084); ROA versus bank history (+0.079),False,,0
601274,PT Bank Perekonomian Rakyat Usaha Rakyat,Provinsi Jawa Barat,Kab. Bekasi,-6.2668786,107.0765189,50.23,-21.84,203.31,36.62,128.98,25.25,40.31999999999999,-16.89,82.13,-33.44,15.349047619047619,0.2076190476190476,94.82523809523809,18.516666666666666,0.4099999999999999,102.91333333333334,0.5331166372676315,Watchlist,loan growth (+0.087); loan scale (+0.080); one-year LDR movement (+0.061),False,,1
600783,PT Bank Perekonomian Rakyat Restu Artha Makmur,Provinsi Jawa Tengah,Kota Semarang,-7.0175747,110.3703302,27.13,3.11,79.65,126.91,84.9,13.59,-2.8599999999999994,-1.1300000000000003,5.27000000000001,21.870000000000005,18.37375,0.6245833333333333,96.03249999999998,18.7875,0.31874999999999987,103.97999999999999,0.5330007657463453,Watchlist,high NPL net (+0.144); one-year KPMM movement (+0.043); NPL net versus bank history (+0.024),False,,0
600816,PT Bank Perekonomian Rakyat Olympindo Sejahtera,Provinsi DKI Jakarta,Wil. Kota Jakarta Utara,-6.1532675,106.8895163,30.43,1.19,92.98,45.01,50.36,15.34,12.5,5.3100000000000005,-37.58999999999999,12.920000000000002,10.165000000000001,-5.7225,200.30249999999998,8.309999999999999,0.8775000000000002,99.89999999999999,0.5325372325018822,Watchlist,high NPL net (+0.183); one-year ROA movement (+0.080); deposit funding mix (+0.068),False,,0
602566,PT. BANK PEREKONOMIAN RAKYAT PESISIR AKBAR,Provinsi Nusa Tenggara Barat,Kab. Bima,-8.4878001,118.6721655,29.14,-3.01,114.46,73.89,22.15,41.94,13.99,9.370000000000001,-22.500000000000014,5.079999999999998,,,,5.503333333333333,5.636666666666667,79.90333333333332,0.5312796964164945,Watchlist,high NPL net (+0.095); one-year ROA movement (+0.061); three-year BOPO trend (+0.054),False,,0
601986,PT Bank Perekonomian Rakyat Cahaya Wiraputra,Provinsi Kalimantan Barat,Kab. Kubu Raya,-0.0613907,109.3638215,19.4,4.71,64.94,126.76,36.57,15.88,6.499999999999998,0.6799999999999997,-4.409999999999997,-4.960000000000001,8.974999999999998,1.8050000000000002,83.22,7.71375,1.8474999999999997,83.82000000000001,0.5293183893266139,Watchlist,high NPL net (+0.096); ROA versus bank history (+0.040); profitability level (+0.040),False,,0
601079,PT Bank Perekonomian Rakyat Wiranadi,Provinsi Nusa Tenggara Barat,Kab. Lombok Barat,-8.6025601,116.1184917,2.61,7.13,62.39,144.06,41.65,65.01,-5.25,3.62,-18.319999999999993,0.1599999999999966,10.085714285714285,3.228571428571428,85.40142857142858,8.095714285714285,2.388571428571429,85.21714285714286,0.5288704064592731,Watchlist,three-year BOPO trend (+0.137); funding pressure (+0.109); one-year BOPO movement (+0.082),False,,0
600834,PT Bank Perekonomian Rakyat Bandataman,Provinsi Jawa Timur,Kab. Sidoarjo,-7.3533464,112.6891061,0.05,0.24,99.08,1298.14,207.93,66.71,-7.640000000000001,5.26,-22.400000000000006,70.86000000000001,13.908684210526317,-0.9523684210526313,118.82078947368423,12.744285714285715,1.5742857142857143,95.11857142857141,0.5273338336592498,Watchlist,one-year ROA movement (+0.125); three-year BOPO trend (+0.098); cash liquidity position (+0.062),True,LDR outside audit range,0
600010,PT Bank Perekonomian Rakyat Dana Usaha,Provinsi DKI Jakarta,Wil. Kota Jakarta Pusat,-6.1425888,106.8312926,0.0,8.33,59.76,49.44,163.99,6.46,-7.67,-1.1400000000000006,-0.980000000000004,54.370000000000005,19.757857142857144,-4.094285714285714,151.025,16.32125,-5.826250000000001,180.12750000000003,0.5272427741761849,Watchlist,loan growth (+0.141); capital adequacy level (+0.113); operating efficiency pressure (+0.071),False,,0
602574,PT Bank Perekonomian Rakyat Sumatera Selatan (Perseroda),Provinsi Sumatera Selatan,Kota Palembang,-2.961768,104.7218436,4.29,3.47,76.68,199.24,94.87,20.91,2.74,2.0600000000000005,-12.409999999999997,-2.3499999999999943,8.606363636363637,2.4272727272727272,83.21090909090908,9.181428571428572,3.4185714285714286,77.73142857142855,0.5268381935045345,Watchlist,capital adequacy level (+0.145); ROA versus bank history (+0.107); funding pressure (+0.083),False,,0
600123,PT Bank Perekonomian Rakyat Artha Kurnia Raharja,Provinsi Jawa Barat,Kab. Bogor,-6.4795415,106.8619258,27.56,0.19,98.24,84.35,47.73,6.18,6.859999999999999,0.1,-2.1400000000000006,6.469999999999999,16.011875,1.3625,105.1,29.3525,1.6,135.29,0.5261579365210014,Watchlist,high NPL net (+0.131); three-year NPL net trend (+0.072); deposit funding mix (+0.063),False,,0
600664,PT Bank Perekonomian Rakyat Dana Aman Tiara Abadi,Provinsi Jawa Tengah,Kota Semarang,-6.9877924,110.4300226,28.37,-0.03,96.79,202.63,57.49,15.48,14.020000000000001,-3.26,25.92,-9.160000000000004,18.322083333333335,0.7554166666666666,95.31833333333333,17.31,1.2750000000000001,90.86833333333334,0.5230356924746837,Watchlist,high NPL net (+0.178); three-year NPL net trend (+0.071); one-year NPL net movement (+0.049),False,,0
602687,PT Bank Perekonomian Rakyat Graha Lestari,Provinsi Nusa Tenggara Barat,Kota Mataram,-8.5879788,116.1443841,3.37,-1.65,111.8,182.14,132.65,12.06,-9.79,5.09,-47.10000000000001,10.66000000000001,8.8925,3.1825,80.21249999999999,10.721666666666666,3.6633333333333336,77.97333333333334,0.5226921100111356,Watchlist,one-year ROA movement (+0.141); funding pressure (+0.056); three-year capital trend (+0.047),False,,0
600082,PT Bank Perekonomian Rakyat Aneka Danaraya,Provinsi Banten,Kab. Tangerang,-6.3438869,106.7330806,8.05,3.04,86.75,71.55,81.23,46.19,2.080000000000001,-1.63,6.799999999999997,1.4100000000000108,12.710555555555555,2.4244444444444446,94.78611111111111,16.061666666666667,1.551666666666667,99.12166666666667,0.5222976822263786,Watchlist,deposit funding mix (+0.089); three-year BOPO trend (+0.058); three-year capital trend (+0.056),False,,0
601786,PT Bank Perekonomian Rakyat Batuartorejo,Provinsi Jawa Timur,Kota Batu,-7.8734118,112.5250438,21.95,4.74,71.28,125.9,89.99,31.45,-4.039999999999999,0.27000000000000046,-3.549999999999997,8.489999999999995,19.18,-27.17,356.94,14.373333333333333,-16.863333333333333,266.14666666666665,0.519372609174444,Watchlist,loan growth (+0.101); high NPL net (+0.065); three-year BOPO trend (+0.043),False,,0
601414,PT Bank Perekonomian Rakyat Lestari Jateng,Provinsi Jawa Tengah,Kota Surakarta/Solo,-7.5657524,110.7866408,20.22,-0.49,106.27,107.58,13.94,7.97,11.659999999999998,1.9200000000000002,-24.489999999999995,-2.790000000000001,13.828333333333333,0.8075,95.15916666666668,12.873333333333335,2.4283333333333332,86.57666666666667,0.5192256374777843,Watchlist,high NPL net (+0.168); NPL net versus bank history (+0.051); deposit funding mix (+0.050),False,,0
600638,PT Bank Perekonomian Rakyat Bumi Sediaguna,Provinsi Jawa Tengah,Kab. Tegal,-6.9304172,109.132549,29.57,3.31,81.24,104.76,68.23,41.7,18.009999999999998,-3.1199999999999997,8.969999999999999,-0.7399999999999949,19.908,1.6019999999999999,90.779,17.56875,1.4324999999999999,91.54125,0.5174514068004005,Watchlist,high NPL net (+0.164); three-year NPL net trend (+0.057); NPL net versus bank history (+0.034),False,,0
602581,PD. BPR Bestari,Provinsi Kep. Riau,Kota Tanjung Pinang,0.918106,104.5020085,18.28,1.43,86.01,207.69,29.15,3.43,9.500000000000002,5.72,2.8000000000000114,-1.6700000000000017,4.45875,1.8075,86.55375000000001,4.458749999999999,1.8075,86.55375,0.5170165904454228,Watchlist,one-year ROA movement (+0.082); high NPL net (+0.070); loan growth (+0.064),False,,0
600782,PT Bank Perekonomian Rakyat Artha Buana,Provinsi Jawa Timur,Kab. Sidoarjo,-7.3800579,112.6013481,11.14,3.24,84.21,171.17,120.67,22.26,8.34,-0.16999999999999993,5.75,8.810000000000002,13.61684210526316,-1.031315789473684,119.21210526315791,8.012500000000001,-17.435,318.425,0.5168995186621375,Watchlist,capital adequacy level (+0.059); high NPL net (+0.044); loan growth (+0.042),False,,0
602039,PT Bank Perekonomian Rakyat Artha Niaga Inti Sukses,Provinsi Jawa Timur,Kab. Banyuwangi,-8.3584349,114.1316682,8.83,5.93,65.82,139.76,106.11,29.39,3.3100000000000005,0.71,-2.910000000000011,8.5,12.995,2.34625,91.535,9.3425,4.245,80.58250000000001,0.5164686041142671,Watchlist,high NPL net (+0.084); operating efficiency pressure (+0.059); capital adequacy level (+0.028),False,,0
600853,PT Bank Perekonomian Rakyat Sumber Arta,Provinsi Jawa Tengah,Kab. Sragen,-7.4252987,111.0272445,22.69,2.06,85.8,148.75,72.56,16.77,13.63,0.9100000000000001,-3.950000000000003,-16.64999999999999,14.7,1.1580000000000001,91.264,13.841428571428574,0.4385714285714285,96.32571428571428,0.5149670408969922,Watchlist,high NPL net (+0.117); three-year NPL net trend (+0.047); deposit funding mix (+0.036),False,,0
600635,PT Bank Perekonomian Rakyat Dana Mitra Sentosa,Provinsi Jawa Tengah,Kab. Semarang,-7.1879229,110.3377788,18.27,5.43,70.25,147.27,53.4,16.39,8.34,-1.3600000000000003,3.4200000000000017,-9.600000000000001,15.345833333333333,3.7550000000000003,80.1475,18.1075,2.64,83.57,0.5144350535125237,Watchlist,high NPL net (+0.117); ROA versus bank history (+0.051); profitability level (+0.032),False,,0
601814,PT Bank Perekonomian Rakyat Sentral Ekonomi Nusantara,Provinsi Bali,Kota Denpasar,-8.6577017,115.2071903,7.44,3.88,65.61,88.19,86.76,8.82,3.5800000000000005,-0.21999999999999975,-5.5,-16.89999999999999,9.846666666666668,1.1666666666666667,92.24714285714286,11.17125,0.38375000000000004,100.64250000000001,0.512871300121465,Watchlist,deposit funding mix (+0.096); operating efficiency pressure (+0.036); funding pressure (+0.029),False,,0
601668,PT Bank Perekonomian Rakyat Manuk Ayu,Provinsi Jawa Timur,Kab. Bondowoso,-7.9536565,113.7545146,2.68,10.95,45.85,159.2,109.43,131.97,0.20999999999999996,-0.41999999999999993,2.3400000000000034,26.35000000000001,3.1300000000000003,5.969999999999999,70.35,12.028,2.9,83.098,0.5124925473641632,Watchlist,loan growth (+0.164); profitability level (+0.071); capital adequacy level (+0.049),False,,0
600114,PT Bank Perekonomian Rakyat Tentram Optimis Pusaka,Provinsi Jawa Barat,Kab. Bogor,-6.4912976,106.8775949,100.0,0.03,264.43,267.81,45.63,1455.0,0.0,53.28,-339.87999999999994,-131.89000000000001,11.484375,1.3725,94.71312499999999,18.627499999999998,1.0375,95.0025,0.5095890218520979,Watchlist,one-year ROA movement (+0.093); three-year BOPO trend (+0.065); cash liquidity position (+0.058),True,Cash_Ratio outside audit range,0
601310,PT Bank Perekonomian Rakyat Duta Pakuan Mandiri,Provinsi Jawa Barat,Kota Bogor,-6.6042637,106.7845477,20.6,-2.36,111.15,185.07,103.17,54.49,10.100000000000001,-0.33999999999999986,1.9000000000000057,7.019999999999996,6.039999999999999,2.8049999999999997,83.615,20.578,1.1960000000000002,92.912,0.5082606904039058,Watchlist,loan growth (+0.097); three-year NPL net trend (+0.064); one-year NPL net movement (+0.057),False,,0
601041,PT Bank Perekonomian Rakyat Sukawati Pancakanti,Provinsi Bali,Kab. Gianyar,-8.5740704,115.1917713,15.89,2.5,81.64,88.94,17.68,22.45,11.86,1.78,-9.700000000000003,2.469999999999999,5.008636363636364,2.1218181818181816,83.46227272727272,8.64125,1.21125,92.10874999999999,0.5079973732061772,Watchlist,high NPL net (+0.226); one-year NPL net movement (+0.053); NPL net versus bank history (+0.039),False,,0
600147,PT Bank Perekonomian Rakyat Amara Madina Sejahtera,Provinsi Jawa Barat,Kota Depok,-6.3953514,106.8261703,15.14,5.16,73.38,129.44,24.31,6.18,12.59,1.44,-7.670000000000002,-31.080000000000002,13.889000000000001,1.5845,97.89849999999998,23.355,-0.2450000000000001,104.17833333333333,0.5072478390374263,Watchlist,high NPL net (+0.134); operating efficiency pressure (+0.045); three-year NPL net trend (+0.038),False,,0
601805,PT Bank Perekonomian Rakyat Danatama Indonesia,Provinsi Jawa Barat,Kota Bekasi,-6.2383554,106.9715889,30.12,0.38,98.13,70.67,22.91,20.65,28.78,-13.34,33.33,-11.989999999999998,16.826451612903227,-1.9151612903225808,119.49387096774193,7.746,2.708,88.974,0.5070950038255314,Watchlist,high NPL net (+0.147); three-year NPL net trend (+0.113); deposit funding mix (+0.076),False,,0
600244,PT. BPR Surya Yudha,Provinsi Jawa Tengah,Kab. Wonosobo,-7.406593,109.7000469,31.25,0.12,98.78,105.25,25.31,13.72,8.850000000000001,-0.19,2.0900000000000034,1.8699999999999974,10.386666666666665,2.8066666666666666,83.62333333333332,12.535714285714286,1.772857142857143,88.92571428571429,0.5066116970154091,Watchlist,high NPL net (+0.207); three-year NPL net trend (+0.097); NPL net versus bank history (+0.073),False,,0
600985,PT Bank Perekonomian Rakyat Bima Hayu Pratama,Provinsi Jawa Timur,Kab. Jember,-8.2740488,113.5345877,13.9,4.43,74.63,47.17,54.55,53.1,-5.339999999999998,3.03,-17.290000000000006,-1.9000000000000057,11.638125,4.3475,79.045625,7.461666666666667,4.45,80.80999999999999,0.5061488289272572,Watchlist,three-year BOPO trend (+0.069); high NPL net (+0.051); loan growth (+0.050),False,,0
601306,PT Bank Perekonomian Rakyat Bekasi Binatanjung Makmur,Provinsi Jawa Barat,Kota Bekasi,-6.2504911,107.0249053,13.22,0.22,99.01,51.42,50.72,47.7,9.010000000000002,1.22,-14.829999999999998,4.75,17.371612903225806,-1.91,119.46548387096773,7.95,1.15,87.71,0.5054585643851475,Watchlist,funding pressure (+0.071); three-year BOPO trend (+0.066); cash liquidity position (+0.046),False,,1
601937,PT Bank Perekonomian Rakyat Maroba Ite,Provinsi Bengkulu,Kab. Rejang Lebong,-3.4631416,102.5222662,4.39,4.72,79.97,82.43,43.26,61.87,0.7799999999999998,5.47,-23.230000000000004,9.25,,,,10.517142857142858,4.49,78.28857142857143,0.5049512859036553,Watchlist,loan growth (+0.162); one-year ROA movement (+0.072); ROA versus bank history (+0.045),False,,0
601446,PT Bank Perekonomian Rakyat Dhana Adiwerna,Provinsi Jawa Tengah,Kab. Tegal,-6.9274656,109.1299468,28.06,1.44,91.91,155.58,37.75,21.66,17.43,-3.0500000000000003,14.689999999999998,-3.950000000000003,20.059,1.7889999999999997,89.712,17.7575,1.6662500000000002,90.20750000000001,0.5029661440703309,Watchlist,high NPL net (+0.151); three-year NPL net trend (+0.089); NPL net versus bank history (+0.069),False,,0
601442,PT Bank Perekonomian Rakyat Aris Mentari Ayu,Provinsi Jawa Tengah,Kab. Tegal,-6.9500942,109.1349252,21.16,2.91,85.01,96.24,58.51,63.34,10.49,2.5,-13.009999999999991,7.689999999999998,20.749000000000002,1.642,90.402,20.425714285714285,1.4642857142857142,91.60714285714286,0.5029381671211304,Watchlist,three-year BOPO trend (+0.110); high NPL net (+0.077); three-year NPL net trend (+0.048),False,,0
601849,PT Bank Perekonomian Rakyat Gianyar Partasedana,Provinsi Bali,Kab. Gianyar,-8.5581542,115.2574923,8.93,3.0,70.66,82.4,89.87,23.0,0.5999999999999996,-0.71,0.519999999999996,34.760000000000005,5.325,2.099090909090909,83.96136363636363,4.102857142857143,2.4285714285714284,78.52142857142857,0.5024459382585689,Watchlist,one-year KPMM movement (+0.145); operating efficiency pressure (+0.093); high NPL net (+0.079),False,,0
600074,PT Bank Perekonomian Rakyat Gema Esamas Abadi,Provinsi Jawa Barat,Kab. Karawang,-6.3135513,107.3171776,8.81,3.66,82.39,257.3,153.18,99.19,-8.700000000000001,19.91,-173.90000000000003,-147.68,17.664166666666667,-0.4675,110.49416666666666,20.106,-3.5780000000000003,135.504,0.5015110550319882,Watchlist,one-year ROA movement (+0.115); three-year BOPO trend (+0.083); funding pressure (+0.045),False,,0
600085,PT. BPR Dana Niaga,Provinsi Banten,Kota Tangerang,-6.1837464,106.6950159,47.56,-4.13,137.03,48.04,14.47,20.37,22.71,-4.609999999999999,38.989999999999995,1.2700000000000014,13.811333333333332,1.8546666666666667,95.23866666666667,17.137142857142855,0.01000000000000004,116.83142857142856,0.5007278724508709,Watchlist,high NPL net (+0.197); three-year NPL net trend (+0.111); one-year NPL net movement (+0.074),False,,0
601293,PT Bank Perekonomian Rakyat Kreo Lestari,Provinsi Banten,Kota Tangerang,-6.2335512,106.7333087,31.3,0.66,95.28,104.46,68.89,11.73,20.47,-1.7199999999999998,8.340000000000003,6.170000000000002,14.895333333333332,1.5353333333333334,98.022,8.655,4.201666666666666,100.73166666666668,0.4998534233635008,Watchlist,loan growth (+0.097); one-year NPL net movement (+0.061); three-year NPL net trend (+0.059),False,,0
602704,PT BPR Pratama Dana Abadi,Provinsi Jawa Tengah,Kab. Semarang,-7.1395876,110.4089264,5.63,2.81,82.77,130.05,67.04,39.37,-6.670000000000001,0.06999999999999984,0.0899999999999892,21.970000000000006,16.39916666666667,3.973333333333333,79.10416666666667,20.2875,2.5949999999999998,82.78875,0.4988857868139162,Watchlist,capital adequacy level (+0.170); ROA versus bank history (+0.141); one-year KPMM movement (+0.041),False,,0
600029,PT Bank Perekonomian Rakyat Pandanaran Jaya,Provinsi Jawa Barat,Kota Bekasi,-6.292827,106.91469,27.09,0.28,96.28,91.39,36.93,15.51,8.36,-1.28,10.790000000000006,-11.490000000000002,16.924193548387095,-1.911935483870968,119.55354838709677,17.458750000000002,-8.19625,159.71499999999997,0.49839476510144987,Watchlist,high NPL net (+0.103); three-year NPL net trend (+0.073); three-year capital trend (+0.036),False,,0
600629,PT BPR Arthama Cerah Weleri,Provinsi Jawa Tengah,Kab. Kendal,-6.9742247,110.0708402,29.46,0.26,97.1,109.93,22.99,21.23,8.96,-1.54,11.97999999999999,-2.0400000000000027,16.825,2.925,83.544,15.51857142857143,3.4499999999999997,82.62,0.497359009604166,Watchlist,high NPL net (+0.165); three-year NPL net trend (+0.124); one-year NPL net movement (+0.080),False,,0
601455,PT. BPR Hartha Muriatama,Provinsi Jawa Tengah,Kab. Kudus,-6.8358349,110.8299077,44.02,-1.74,110.57,135.1,49.08,20.77,15.900000000000002,-3.09,17.189999999999998,-5.670000000000002,13.760000000000002,1.932,87.62199999999999,10.614285714285714,2.2157142857142857,85.81142857142856,0.4973539204840513,Watchlist,high NPL net (+0.137); three-year NPL net trend (+0.100); one-year NPL net movement (+0.088),False,,0
600737,PT Bank Perekonomian Rakyat Natasha Bintang Anugrah,Provinsi D.I. Yogyakarta,Kab. Sleman,-7.7631462,110.3658102,8.78,3.68,67.93,94.9,24.3,8.48,-2.610000000000001,1.6300000000000003,-13.789999999999992,-2.1799999999999997,12.098636363636365,1.3286363636363638,91.26681818181818,15.346666666666666,0.16333333333333355,100.855,0.49719740652536903,Watchlist,three-year BOPO trend (+0.099); operating efficiency pressure (+0.091); high NPL net (+0.052),False,,0
601819,PT Bank Perekonomian Rakyat Dinar Jagad,Provinsi Bali,Kab. Badung,-8.6464285,115.1629298,3.95,0.99,86.35,106.7,63.4,38.66,3.95,5.61,-47.610000000000014,24.809999999999995,6.689565217391305,1.7319565217391304,87.06652173913044,4.80875,1.6099999999999999,85.61625000000001,0.4966452578624818,Watchlist,one-year KPMM movement (+0.127); one-year ROA movement (+0.120); three-year BOPO trend (+0.044),False,,0
601018,PT Bank Perekonomian Rakyat Pande Artha Dewata,Provinsi Bali,Kota Denpasar,-8.6890449,115.197546,5.15,2.68,77.38,44.47,85.75,48.35,-0.34999999999999964,3.2,-25.730000000000004,15.969999999999999,9.955714285714285,1.223809523809524,91.68666666666667,10.862857142857143,1.8357142857142859,89.74285714285715,0.49571862778590164,Watchlist,loan growth (+0.154); one-year ROA movement (+0.083); capital adequacy level (+0.069),False,,0
602655,PT Bank Perekonomian Rakyat Dana Mandiri,Provinsi Sumatera Utara,Kota Medan,3.5854757,98.6909639,7.6,3.08,79.1,91.69,57.14,23.96,6.039999999999999,-0.3700000000000001,2.549999999999997,9.11,6.9425,0.825,100.31375,4.824999999999999,1.9266666666666665,92.23166666666668,0.4954051545161106,Watchlist,ROA versus bank history (+0.071); three-year BOPO trend (+0.055); one-year NPL net movement (+0.054),False,,0
601137,PT. BPR Taman Artha Kencana,Provinsi Jawa Timur,Kab. Sidoarjo,-7.3505687,112.6896667,30.11,-5.01,131.76,70.25,61.04,51.31,19.04,-4.79,30.739999999999995,-2.3800000000000026,13.11763157894737,-0.8142105263157893,117.96078947368422,8.450000000000001,2.3242857142857143,90.45,0.4934564961937947,Watchlist,high NPL net (+0.098); three-year capital trend (+0.061); loan scale (+0.055),False,,0
602012,PT Bank Perekonomian Rakyat Jelita Arta,Provinsi Jawa Barat,Kab. Bandung,-6.9650624,107.5737383,45.07,5.4,64.49,62.4,211.55,8.54,1.5300000000000011,-4.699999999999999,21.369999999999997,1.990000000000009,6.254666666666666,2.702,87.08,10.345714285714289,-0.334285714285714,103.82571428571428,0.49112109909187607,Watchlist,high NPL net (+0.150); operating efficiency pressure (+0.071); one-year NPL net movement (+0.027),False,,0
602546,PT Bank Perekonomian Rakyat Wuni Artha Utama,Provinsi Jawa Tengah,Kab. Klaten,-7.7215682,110.6347624,23.86,1.05,91.2,137.2,90.19,31.57,19.33,-2.3899999999999997,14.260000000000005,3.9599999999999937,14.457500000000001,0.7799999999999999,96.87333333333333,13.36125,0.8600000000000001,96.13499999999999,0.490325758850825,Watchlist,three-year NPL net trend (+0.078); high NPL net (+0.072); one-year NPL net movement (+0.057),False,,0
600040,PT BPR Akar Budaya Dana Indonesia,Provinsi Jawa Barat,Kab. Karawang,-6.2381989,106.5440989,30.34,-5.88,171.52,98.38,69.08,7.27,29.86,-0.8600000000000003,15.870000000000005,-36.730000000000004,15.87,0.32749999999999996,103.06666666666666,9.036,3.112,87.48400000000001,0.48961926727367777,Watchlist,three-year NPL net trend (+0.083); high NPL net (+0.081); one-year LDR movement (+0.054),False,,1
600768,PT Bank Perekonomian Rakyat Mitra Dana Utama,Provinsi DKI Jakarta,Wil. Kota Jakarta Pusat,-6.1860708,106.8123379,49.2,-1.73,111.5,94.54,71.82,8.77,40.650000000000006,-14.43,54.8,-34.74000000000001,16.243571428571432,-3.375714285714286,147.32928571428573,27.177142857142858,-7.2128571428571435,192.01857142857145,0.4893473924188435,Watchlist,high NPL net (+0.084); funding pressure (+0.060); three-year NPL net trend (+0.059),False,,0
600119,PT Bank Perekonomian Rakyat Panca Dana,Provinsi Jawa Barat,Kota Depok,-6.3926329,106.8219899,58.17,-1.01,107.0,71.95,18.95,7.94,54.13,-6.12,35.97,-5.0,11.7375,1.893,96.2175,16.56,-0.24000000000000007,101.12166666666667,0.4886639897270393,Watchlist,high NPL net (+0.144); loan growth (+0.100); one-year NPL net movement (+0.070),False,,0
600154,PT Bank Perekonomian Rakyat Sayma Karya,Provinsi Jawa Barat,Kab. Karawang,-6.4210456,107.4735172,17.27,4.9,51.78,41.9,85.75,71.36,7.25,-0.5999999999999996,-0.5499999999999972,0.10999999999999943,16.959166666666665,-0.5708333333333334,113.045,10.725,3.39,81.67500000000001,0.48836157381309686,Watchlist,loan growth (+0.101); high NPL net (+0.078); operating efficiency pressure (+0.076),False,,0
601326,PT Bank Perekonomian Rakyat Artha Niaga Finatama,Provinsi Jawa Barat,Kota Bandung,-6.9368691,107.5787278,33.28,1.17,94.3,72.98,35.0,9.03,-1.6099999999999994,0.16999999999999993,2.980000000000004,-0.9799999999999969,9.645172413793105,-0.04379310344827587,100.96793103448275,4.99,1.27,91.57749999999999,0.48829005931373204,Watchlist,high NPL net (+0.223); deposit funding mix (+0.090); three-year NPL net trend (+0.066),False,,0
600699,PT Bank Perekonomian Rakyat Arta Utama,Provinsi Jawa Tengah,Kota Pekalongan,-6.9140593,109.6477682,12.74,7.22,67.49,117.07,55.48,28.71,2.41,-0.5,-1.2700000000000102,6.68,20.444999999999997,1.4650000000000003,88.43,26.27625,-0.0774999999999999,103.5075,0.48716785105227356,Watchlist,high NPL net (+0.122); operating efficiency pressure (+0.086); profitability level (+0.064),False,,0
601148,PT Bank Perekonomian Rakyat Kota Makassar Perseroda,Provinsi Sulawesi Selatan,Kota Makassar,-5.1412183,119.4166513,9.48,0.96,92.67,445.99,94.39,107.8,-1.4299999999999997,-1.4900000000000002,12.180000000000007,-27.53,3.6128571428571434,-2.16,121.14857142857144,3.706666666666667,-1.2883333333333333,113.28333333333335,0.48708993772833725,Watchlist,capital adequacy level (+0.137); ROA versus bank history (+0.110); three-year capital trend (+0.058),False,,1
601175,PT Bank Perekonomian Rakyat Gebu Harapan,Provinsi Sumatera Barat,Kab. Agam,-0.3126769,100.0309351,4.66,1.97,86.78,215.21,122.14,61.07,2.14,0.010000000000000009,-1.980000000000004,58.45,17.243333333333336,-0.8416666666666667,124.44,21.306666666666665,-3.2566666666666664,137.06833333333333,0.48637482201065313,Watchlist,capital adequacy level (+0.078); three-year NPL net trend (+0.054); funding pressure (+0.047),False,,0
601248,PT Bank Perekonomian Rakyat Tutur Ganda,Provinsi Jawa Barat,Kab. Sumedang,-6.2372083,106.2142554,10.99,10.65,74.05,138.53,48.73,22.22,1.9399999999999995,2.280000000000001,-4.760000000000005,-7.220000000000006,11.889999999999999,3.3433333333333333,82.51666666666667,6.1825,4.77625,81.26124999999999,0.4862314736008728,Watchlist,high NPL net (+0.070); three-year BOPO trend (+0.057); three-year NPL net trend (+0.049),False,,1
601666,PT Bank Perekonomian Rakyat Panji Aronta,Provinsi Jawa Timur,Kab. Jombang,-7.6814402,112.2980759,2.63,12.11,52.18,113.85,89.76,26.19,-0.8999999999999999,1.2699999999999996,-5.710000000000001,-7.780000000000001,12.311666666666667,4.191666666666666,82.40833333333333,11.114,2.378,84.99,0.4828387372384987,Watchlist,ROA versus bank history (+0.126); capital adequacy level (+0.122); operating efficiency pressure (+0.096),False,,0
600986,PT Bank Perekonomian Rakyat Bintang Niaga,Provinsi Jawa Timur,Kab. Jember,-8.2022012,113.6155028,28.09,5.01,76.75,368.62,79.72,6.96,3.3099999999999987,-1.0200000000000005,0.6099999999999994,-25.879999999999995,10.75125,4.311249999999999,78.913125,13.822857142857144,2.2357142857142853,87.39714285714285,0.48271671935308186,Watchlist,high NPL net (+0.134); funding pressure (+0.040); capital adequacy level (+0.023),False,,0
602040,PT Bank Perekonomian Rakyat Hamindo Natamakmur,Provinsi Jawa Timur,Kab. Kediri,-7.7842286,112.0247682,8.88,4.98,76.1,81.43,77.1,37.11,1.410000000000001,-0.019999999999999574,-1.6099999999999994,18.39999999999999,10.252857142857142,3.663571428571428,83.19642857142857,15.62142857142857,2.63,87.7942857142857,0.48242424344057994,Watchlist,capital adequacy level (+0.117); ROA versus bank history (+0.102); loan growth (+0.050),False,,0
601352,PT Bank Perekonomian Rakyat Banjar Arthasariguna,Provinsi Jawa Barat,Kota Tasikmalaya,-7.3435057,108.2013157,11.83,3.14,74.42,63.31,31.08,11.59,4.29,1.84,-14.219999999999999,-10.230000000000004,2.596666666666667,2.15,87.58333333333333,7.595999999999999,1.7719999999999998,87.392,0.48170420465182273,Watchlist,high NPL net (+0.093); three-year BOPO trend (+0.078); ROA versus bank history (+0.063),False,,0
600143,Perumda BPR Bank Salatiga,Provinsi Jawa Tengah,Kota Salatiga,-7.3239304,110.5011232,26.15,-1.0,106.69,110.25,27.86,15.98,9.309999999999999,-2.3600000000000003,15.409999999999997,0.28999999999999915,8.206666666666665,2.72,81.98333333333333,8.97625,3.41125,82.15875,0.4808987823596796,Watchlist,high NPL net (+0.174); three-year NPL net trend (+0.118); one-year NPL net movement (+0.102),False,,0
601731,PT Bank Perekonomian Rakyat Djojo Mandiri Raya,Provinsi Jawa Timur,Kab. Sidoarjo,-7.4684986,112.7131981,13.31,0.72,94.68,88.37,51.41,13.75,0.8600000000000012,37.769999999999996,-358.45,-56.56,13.559736842105266,-0.9649999999999996,118.93657894736843,11.201666666666668,-1.0733333333333333,111.29833333333333,0.477997726640908,Watchlist,high NPL net (+0.084); three-year BOPO trend (+0.075); one-year ROA movement (+0.072),False,,0
601697,PT Bank Perekonomian Rakyat Rajekwesi,Provinsi Jawa Timur,Kab. Bojonegoro,-7.1566775,111.8724996,17.06,-5.33,136.3,1427.76,199.03,464.82,-2.400000000000002,2.63,-37.19999999999999,0.030000000000001137,3.16,6.49,65.525,4.34,4.723999999999999,77.35600000000001,0.47756132373960886,Watchlist,three-year BOPO trend (+0.085); cash liquidity position (+0.067); one-year BOPO movement (+0.054),True,LDR outside audit range,0
601884,PT Bank Perekonomian Rakyat Bank Pekalongan (Perseroda),Provinsi Jawa Tengah,Kota Pekalongan,-6.9551239,109.5464452,22.74,1.45,90.24,144.7,28.27,27.49,10.12,0.19999999999999996,-0.5200000000000102,0.9499999999999993,15.444999999999999,4.3500000000000005,77.055,25.02625,0.6437499999999998,100.66375,0.476434721113066,Watchlist,high NPL net (+0.160); one-year NPL net movement (+0.076); NPL net versus bank history (+0.072),False,,0
600845,PT Bank Perekonomian Rakyat Intidana Sukses Makmur,Provinsi DKI Jakarta,Wil. Kota Jakarta Selatan,-6.1334435,106.8061028,26.52,0.06,99.74,95.23,21.02,5.97,21.91,-1.89,17.539999999999992,-0.740000000000002,9.889999999999999,0.6099999999999997,98.42000000000002,13.015,-7.74625,227.3625,0.47634158638126534,Watchlist,high NPL net (+0.199); three-year NPL net trend (+0.107); NPL net versus bank history (+0.074),False,,0
602590,PT Bank Perekonomian Rakyat Putra Batam,Provinsi Kep. Riau,Kota Batam,1.087858,103.9620128,4.14,4.43,76.28,133.0,27.33,11.13,-4.510000000000001,6.859999999999999,-32.760000000000005,2.3699999999999974,5.494074074074074,2.223333333333333,82.6725925925926,4.967499999999999,2.39,81.485,0.47621659512617226,Watchlist,one-year ROA movement (+0.111); three-year BOPO trend (+0.097); funding pressure (+0.082),False,,0
600004,PT Bank Perekonomian Rakyat Nusantara Artha Makmur,Provinsi D.I. Yogyakarta,Kab. Bantul,-7.8263539,110.4058927,4.94,2.7,84.48,83.06,77.63,43.82,2.5500000000000003,-2.3999999999999995,11.52000000000001,21.319999999999993,9.798,1.48,88.42999999999999,11.91,1.8712499999999999,87.86875,0.47558041057963296,Watchlist,ROA versus bank history (+0.158); capital adequacy level (+0.141); one-year KPMM movement (+0.079),False,,0
600744,PT Bank Perekonomian Rakyat Wijaya Mulya Sentosa,Provinsi D.I. Yogyakarta,Kab. Sleman,-7.7911171,110.3896512,11.34,3.22,81.35,121.71,56.06,12.75,0.019999999999999574,1.3100000000000003,-7.859999999999999,-4.619999999999997,11.982272727272727,1.3495454545454548,90.6568181818182,16.029999999999998,1.6742857142857144,90.56285714285714,0.47505990391130015,Watchlist,high NPL net (+0.137); provision coverage (+0.062); three-year BOPO trend (+0.032),False,,0
602053,Perumda BPR Kota Bandung,Provinsi Jawa Barat,Kota Bandung,-6.9195777,107.6085001,12.91,0.55,95.06,81.13,40.55,15.64,6.98,8.940000000000001,-75.13,-0.6200000000000045,10.347586206896551,-0.02241379310344829,100.94172413793103,6.76375,0.34500000000000003,98.82499999999999,0.4741971512027141,Watchlist,one-year ROA movement (+0.095); high NPL net (+0.091); three-year BOPO trend (+0.076),False,,0
601436,PT Bank Perekonomian Rakyat Danamas Prima,Provinsi D.I. Yogyakarta,Kab. Sleman,-7.7790155,110.3369208,3.31,3.12,83.3,159.08,73.31,14.82,-5.27,0.6800000000000002,-1.980000000000004,3.8400000000000034,12.347272727272726,1.3540909090909092,90.56818181818183,13.946666666666667,1.0866666666666667,93.80000000000001,0.4740828277445297,Watchlist,provision coverage (+0.129); capital adequacy level (+0.117); funding pressure (+0.069),False,,0
600973,PT Bank Perekonomian Rakyat Bapuri,Provinsi Jawa Timur,Kab. Jember,-8.1728847,113.687651,25.48,4.75,73.12,191.73,96.67,15.38,-5.949999999999999,1.52,-8.649999999999991,5.109999999999999,10.914375000000001,4.3275,79.13999999999999,16.816,1.5959999999999996,90.88000000000001,0.4734096089330124,Watchlist,high NPL net (+0.124); operating efficiency pressure (+0.070); capital adequacy level (+0.029),False,,0
600064,PT Bank Perekonomian Rakyat Cibitung Permai,Provinsi Jawa Barat,Kota Depok,-6.3246129,106.7821263,9.25,-1.71,112.87,110.53,73.27,9.38,-9.129999999999999,4.1,-65.03,48.269999999999996,14.1835,1.9280000000000002,95.924,18.826,1.956,101.97,0.4733079179305289,Watchlist,capital adequacy level (+0.103); one-year ROA movement (+0.101); deposit funding mix (+0.060),False,,0
600813,PT Bank Perekonomian Rakyat Danaputra Sakti,Provinsi Jawa Timur,Kab. Pasuruan,-7.6492356,112.7015194,47.97,-1.83,118.92,191.62,39.45,15.22,24.759999999999998,-3.35,25.040000000000006,-8.43,13.106363636363636,8.1,85.02454545454546,11.132,1.9119999999999997,86.8,0.47278829780169146,Watchlist,three-year NPL net trend (+0.118); high NPL net (+0.084); loan growth (+0.071),False,,0
600829,PT Bank Perekonomian Rakyat Pundi Masyarakat,Provinsi Kep. Riau,Kota Batam,1.0953093,103.9620128,2.12,3.98,79.02,110.76,80.16,16.53,-3.29,0.06000000000000005,-0.7999999999999972,13.929999999999993,5.568888888888888,2.2399999999999998,82.57111111111111,5.22,2.44625,81.1425,0.47243191688385794,Watchlist,provision coverage (+0.123); capital adequacy level (+0.092); one-year KPMM movement (+0.055),False,,0
600881,PT. BPR Intan Surya,Provinsi Jawa Tengah,Kab. Temanggung,-7.2889304,110.0542573,35.21,-1.01,108.54,64.81,22.93,7.88,23.130000000000003,-3.01,22.0,0.0,14.056666666666667,2.1883333333333335,85.71,13.9225,2.8825000000000003,82.51375,0.4717260194320535,Watchlist,high NPL net (+0.194); three-year NPL net trend (+0.119); one-year NPL net movement (+0.095),False,,0
601031,PT. BPR Ukabima Prima,Provinsi Kalimantan Tengah,Kab. Kotawaringin Timur,-2.5483505,112.943899,6.1,8.6,72.15,88.33,45.02,28.95,1.4399999999999995,0.5800000000000001,-1.289999999999992,6.6200000000000045,,,,11.513333333333334,2.716666666666667,96.34333333333332,0.4709101248840462,Watchlist,ROA versus bank history (+0.050); one-year LDR movement (+0.047); operating efficiency pressure (+0.046),False,,0
600890,PT Bank Perekonomian Rakyat Unhas,Provinsi Sulawesi Selatan,Kab. Luwu Timur (d/h Luwu Selatan),-2.6115307,121.1005335,7.96,2.66,85.39,261.9,94.12,74.82,-1.96,3.64,-20.590000000000003,-39.96000000000001,,,,5.47,5.804285714285714,77.81857142857143,0.4706997467372088,Watchlist,one-year ROA movement (+0.079); three-year BOPO trend (+0.072); funding pressure (+0.066),False,,0
600152,PT. BPR Makmur Merata,Provinsi Banten,Kab. Tangerang,-6.2358587,106.7395418,16.84,3.91,91.69,71.77,46.43,21.09,-3.1000000000000014,-69.91,-6.290000000000006,22.87,12.222222222222221,2.376111111111111,94.51166666666667,11.548333333333332,3.1566666666666663,104.08166666666666,0.46918403495822486,Watchlist,high NPL net (+0.117); deposit funding mix (+0.070); one-year KPMM movement (+0.064),False,,0
602565,PT Bank Perekonomian Rakyat Bangun Permata Karsa,Provinsi Kalimantan Timur,Kota Samarinda,-0.4734449,116.9931101,6.56,2.08,89.15,163.44,50.22,34.05,2.8699999999999997,0.5800000000000001,-3.789999999999992,-17.620000000000005,3.5000000000000004,-1.0233333333333334,103.48,4.59375,-0.10125000000000028,99.415,0.4690459798250186,Watchlist,three-year BOPO trend (+0.099); funding pressure (+0.079); three-year NPL net trend (+0.050),False,,0
600031,PT Bank Perekonomian Rakyat Pantura Abadi,Provinsi Jawa Barat,Kab. Karawang,-6.1745384,107.2945037,22.95,0.07,99.34,84.18,32.16,6.04,5.739999999999998,-0.42,4.109999999999999,-1.4400000000000048,16.485833333333336,-0.16833333333333333,109.08166666666666,12.1325,2.5349999999999997,89.51,0.4689295859578806,Watchlist,high NPL net (+0.177); three-year NPL net trend (+0.070); NPL net versus bank history (+0.062),False,,0
601471,PT. BPR Dhana Mitratama,Provinsi Jawa Tengah,Kab. Blora,-6.9736511,111.4084452,21.5,1.32,93.3,136.11,24.11,15.28,17.52,-1.22,9.049999999999997,-6.109999999999999,18.093333333333334,0.2766666666666668,100.67333333333333,17.577142857142857,1.5557142857142858,91.86,0.4687931426501458,Watchlist,high NPL net (+0.143); three-year NPL net trend (+0.097); NPL net versus bank history (+0.066),False,,0
602674,PT Bank Perekonomian Rakyat Danatama Artha Kassiti,Provinsi Jawa Barat,Kab. Kuningan,-6.9803155,108.4700668,49.47,-12.12,210.2,409.86,71.84,23.35,35.9,-8.07,84.22999999999999,15.970000000000006,8.825000000000003,0.6600000000000001,95.47,6.918000000000001,1.06,92.44800000000001,0.4686566501073759,Watchlist,loan growth (+0.154); funding pressure (+0.117); capital adequacy level (+0.080),False,,0
601105,PT Bank Perekonomian Rakyat Mojosari Pahalapakto,Provinsi Jawa Timur,Kab. Mojokerto,-7.4591336,112.4062395,19.91,3.75,81.43,153.76,77.76,11.37,16.57,0.52,-9.61,-5.719999999999999,12.33,4.257142857142857,80.78714285714285,11.096,2.66,79.96200000000002,0.468557365307456,Watchlist,high NPL net (+0.047); funding pressure (+0.047); three-year BOPO trend (+0.035),False,,0
601746,PT Bank Perekonomian Rakyat Tanah Kondang,Provinsi Jawa Timur,Kab. Bojonegoro,-7.1764756,112.0009512,3.02,7.23,70.6,235.2,117.71,84.28,-0.23999999999999977,0.25,-0.8400000000000034,15.11,10.18,0.20999999999999996,98.37500000000001,8.196666666666667,2.2416666666666667,91.92166666666667,0.4684736658035032,Watchlist,operating efficiency pressure (+0.080); funding pressure (+0.052); loan growth (+0.052),False,,0
600780,PT Bank Perekonomian Rakyat Sriekaya,Provinsi Jawa Timur,Kab. Sidoarjo,-7.4584893,112.6987667,19.92,-1.99,111.65,79.16,198.4,39.51,7.740000000000002,-3.48,18.840000000000003,114.41000000000001,13.385789473684211,-0.8936842105263154,118.49000000000002,10.100000000000001,-0.6216666666666666,108.47000000000001,0.46722775051532495,Watchlist,loan scale (+0.078); capital adequacy level (+0.054); high NPL net (+0.053),False,,0
601543,PT Bank Perekonomian Rakyat Enggal Makmur Adi Santoso,Provinsi Jawa Tengah,Kab. Kendal,-6.9569378,110.2477204,16.28,1.47,87.99,116.88,48.89,5.94,13.600000000000001,-0.49,0.5999999999999943,-10.560000000000002,18.143,2.8040000000000003,84.455,18.0175,1.5462500000000001,99.65625,0.46638588207940623,Watchlist,high NPL net (+0.100); one-year NPL net movement (+0.074); NPL net versus bank history (+0.057),False,,0
600648,PT Bank Perekonomian Rakyat Sahabat Tata,Provinsi Jawa Tengah,Kab. Tegal,-6.949345,109.1133362,33.98,-1.08,108.42,125.43,77.0,25.22,8.969999999999995,-2.2,15.700000000000003,-17.400000000000006,19.467000000000002,2.0409999999999995,88.061,18.594285714285714,2.0342857142857143,88.26285714285714,0.46630042156064244,Watchlist,high NPL net (+0.102); three-year NPL net trend (+0.076); one-year NPL net movement (+0.061),False,,0
600848,PT Bank Perekonomian Rakyat Sarana Sukses,Provinsi Jawa Timur,Kab. Sidoarjo,-7.3846838,112.7258108,19.14,-6.64,161.22,246.88,248.03,110.79,2.8500000000000014,-2.09,27.810000000000002,55.59,13.406315789473686,-0.7713157894736838,117.18552631578947,20.665,2.625,73.42,0.4660217820460945,Watchlist,loan growth (+0.170); funding pressure (+0.101); capital adequacy level (+0.070),False,,0
600131,PT Bank Perekonomian Rakyat Artha Sentana Hardja,Provinsi Jawa Barat,Kab. Bekasi,-6.2782804,106.9107089,20.1,-0.39,101.68,220.59,44.74,23.17,11.280000000000001,-3.67,19.710000000000008,19.290000000000003,16.783809523809524,-0.8138095238095238,99.6647619047619,18.3325,-8.112499999999999,159.04,0.4659027982713104,Watchlist,loan growth (+0.119); funding pressure (+0.079); three-year NPL net trend (+0.071),False,,0
600929,PT Bank Perekonomian Rakyat Yuka Jaya,Provinsi Jawa Timur,Kab. Lumajang,-8.1757995,113.1264998,7.75,5.6,69.43,91.93,57.74,7.48,1.2199999999999998,0.5099999999999998,-1.2199999999999989,2.190000000000005,7.074999999999999,2.21,82.8175,5.368333333333333,3.3800000000000003,79.93666666666667,0.46306393095822906,Watchlist,operating efficiency pressure (+0.069); deposit funding mix (+0.064); three-year BOPO trend (+0.039),False,,0
601943,PT Bank Perekonomian Rakyat Bank Toraya,Provinsi Sulawesi Selatan,Kab. Toraja Utara,-2.9751824,119.8930223,0.0,5.29,62.7,82.54,32.54,23.41,0.0,1.6,-8.11999999999999,-1.9100000000000037,,,,5.6987499999999995,4.10625,78.505,0.4627624060037906,Watchlist,operating efficiency pressure (+0.129); one-year LDR movement (+0.101); three-year BOPO trend (+0.070),False,,0
601108,PT Bank Perekonomian Rakyat Adji Caka,Provinsi Lampung,Kota Bandar Lampung,-5.4485357,105.2644083,14.05,5.37,66.94,92.12,40.2,11.43,2.360000000000001,0.41999999999999993,-2.6700000000000017,3.460000000000001,6.300909090909091,3.351818181818182,79.14090909090909,4.932857142857143,3.2399999999999998,79.00571428571428,0.4626616619819917,Watchlist,high NPL net (+0.134); operating efficiency pressure (+0.064); ROA versus bank history (+0.056),False,,0
600166,PT Bank Perekonomian Rakyat Rheksa Berkah,Provinsi Jawa Barat,Kota Bandung,-6.9136697,107.6017123,0.05,-0.86,108.05,71.94,72.04,11.76,-0.03,2.37,-30.019999999999996,21.28000000000001,10.79103448275862,0.026206896551724125,100.49379310344827,5.781428571428571,1.2985714285714285,92.00857142857141,0.4625144669248517,Watchlist,capital adequacy level (+0.106); ROA versus bank history (+0.086); deposit funding mix (+0.062),False,,0
601246,PT Bank Perekonomian Rakyat Karunia,Provinsi Jawa Barat,Kota Depok,-6.3742619,106.8967629,20.23,0.0,133.23,67.53,13.3,19.46,0.8399999999999999,0.0,32.22999999999999,-1.9899999999999984,13.6345,1.8425,94.90599999999999,6.269999999999999,4.33,83.18999999999998,0.46234949690508187,Watchlist,high NPL net (+0.146); loan growth (+0.109); three-year capital trend (+0.080),False,,0
601745,PT Bank Perekonomian Rakyat Mahkota Mitra Usaha,Provinsi Jawa Timur,Kota Kediri,-7.8069805,112.0312824,13.53,3.54,78.35,106.08,60.65,18.69,8.43,-0.04999999999999982,0.4399999999999977,-10.390000000000008,6.116666666666667,2.913333333333334,89.79666666666667,14.957142857142857,2.835714285714286,87.47285714285714,0.4620820671155103,Watchlist,high NPL net (+0.064); one-year LDR movement (+0.032); three-year capital trend (+0.030),False,,0
601346,PT Bank Perekonomian Rakyat Emasnusantara Sentosa,Provinsi Jawa Barat,Kota Bandung,-6.5833463,106.8855174,32.83,1.44,91.66,105.66,87.92,8.75,5.449999999999999,-1.9300000000000002,8.739999999999995,20.519999999999996,9.660689655172416,-0.05310344827586208,101.05896551724138,30.2,0.5499999999999999,123.71666666666668,0.46169965014650655,Watchlist,high NPL net (+0.151); deposit funding mix (+0.068); capital adequacy level (+0.038),False,,0
601719,PT Bank Perekonomian Rakyat Intan Nasional,Provinsi Jawa Timur,Kab. Gresik,-7.2310669,112.5372415,54.95,-8.09,121.98,104.53,32.06,10.55,29.980000000000004,-5.82,10.370000000000005,-4.659999999999997,12.143333333333334,3.5066666666666664,87.55888888888889,8.60142857142857,1.8314285714285712,91.16285714285713,0.46148628629905736,Watchlist,high NPL net (+0.119); one-year NPL net movement (+0.049); loan growth (+0.046),False,,1
600124,PT Bank Perekonomian Rakyat Cipta Dana Mulia,Provinsi Lampung,Kota Metro,-5.1284274,105.2971463,6.28,2.92,93.05,109.31,69.18,18.23,-2.1000000000000005,2.44,-8.019999999999996,23.730000000000004,0.46999999999999975,3.4299999999999997,70.13000000000001,15.618749999999999,2.73125,91.77000000000001,0.4600438522005107,Watchlist,capital adequacy level (+0.159); ROA versus bank history (+0.148); one-year KPMM movement (+0.048),False,,0
600020,PT Bank Perekonomian Rakyat Marcorindo Perdana,Provinsi Banten,Kab. Tangerang,-6.1763582,106.6401428,6.24,3.0,85.75,186.79,61.33,15.58,2.5700000000000003,-1.5099999999999998,6.299999999999997,-1.5399999999999991,12.81111111111111,2.4266666666666667,94.84166666666667,15.427499999999998,1.72,89.59,0.4598029853501353,Watchlist,provision coverage (+0.104); capital adequacy level (+0.070); funding pressure (+0.064),False,,1
601710,PT Bank Perekonomian Rakyat Delta Artha Kencana,Provinsi Jawa Timur,Kab. Malang,-8.0242622,112.6148282,20.89,0.23,98.73,152.95,30.57,17.43,5.67,-0.59,-6.420000000000002,-6.399999999999999,15.454761904761906,5.777619047619048,86.99809523809525,31.209999999999997,3.1533333333333338,86.12,0.45944969753055315,Watchlist,NPL net versus bank history (+0.093); high NPL net (+0.081); three-year NPL net trend (+0.061),False,,0
601132,PT Bank Perekonomian Rakyat Toeloengredjo Dasa Nusantara,Provinsi Jawa Timur,Kab. Kediri,-7.7790615,112.0222766,31.16,0.26,97.9,114.65,60.43,34.57,8.29,0.14,-0.6499999999999915,-0.03999999999999915,8.661428571428571,4.0007142857142854,81.6392857142857,12.43857142857143,3.3042857142857147,84.67999999999999,0.45775222982075014,Watchlist,high NPL net (+0.178); three-year NPL net trend (+0.055); one-year NPL net movement (+0.042),False,,0
602585,PT Bank Perekonomian Rakyat Arto Moro,Provinsi Jawa Tengah,Kota Semarang,-7.0228864,110.3822945,14.65,2.32,82.45,163.29,14.11,31.51,3.84,-0.22999999999999998,0.1599999999999966,-0.9600000000000009,18.89375,0.6574999999999999,95.91583333333334,19.44375,-1.65625,111.91125,0.45764284358661417,Watchlist,high NPL net (+0.158); three-year NPL net trend (+0.050); deposit funding mix (+0.046),False,,0
600531,PT Bank Perekonomian Rakyat Citra Darian,Provinsi Jawa Tengah,Kab. Kendal,-7.0320915,110.0947613,23.42,1.08,93.72,121.52,40.1,21.83,8.250000000000002,-2.07,10.39,-6.149999999999999,17.429000000000002,2.843,83.88199999999999,16.38142857142857,3.332857142857143,83.10285714285715,0.45725572315024005,Watchlist,high NPL net (+0.171); three-year NPL net trend (+0.086); three-year capital trend (+0.055),False,,0
600098,PT Bank Perekonomian Rakyat Binadana Makmur,Provinsi Jawa Barat,Kab. Bekasi,-6.2647617,107.0548284,5.7,-2.64,114.69,214.24,45.26,27.27,-0.3899999999999997,1.9,-22.25999999999999,-9.450000000000003,17.46952380952381,-0.7066666666666667,99.04523809523809,19.026666666666667,1.9233333333333331,92.22333333333334,0.45603609769373327,Watchlist,funding pressure (+0.125); loan growth (+0.121); three-year NPL net trend (+0.072),False,,0
602584,PT Bank Perekonomian Rakyat Papua Mandiri Makmur,Provinsi Papua,Kota Jayapura,-2.5509204,140.6890568,24.36,0.29,96.96,85.42,39.01,24.72,10.03,-1.44,7.809999999999988,19.509999999999998,14.50333333333333,-1.7766666666666666,111.81333333333333,11.814,-0.8919999999999998,104.38199999999999,0.455683143707994,Watchlist,high NPL net (+0.116); three-year NPL net trend (+0.062); one-year NPL net movement (+0.058),False,,0
600804,PT Bank Perekonomian Rakyat Ganda Lata,Provinsi Sulawesi Tenggara,Kota Kendari,-3.9990999,122.518708,14.25,13.03,63.15,107.97,59.31,33.88,2.76,2.9799999999999986,-3.6400000000000077,-3.759999999999998,4.879999999999999,8.03,65.35999999999999,4.465,6.596666666666667,75.18833333333333,0.45468307228886135,Watchlist,high NPL net (+0.126); operating efficiency pressure (+0.021); three-year capital trend (+0.020),False,,0
601796,PT Bank Perekonomian Rakyat Karpana Tasia,Provinsi Jawa Barat,Kab. Sumedang,-6.8149526,107.9451463,22.47,3.74,83.82,95.53,121.82,28.84,0.10999999999999943,-1.0299999999999994,3.469999999999999,-20.430000000000007,8.063333333333333,5.646666666666666,79.26,6.6,3.145,81.86500000000001,0.45404271547527353,Watchlist,high NPL net (+0.062); funding pressure (+0.057); three-year NPL net trend (+0.044),False,,0
602618,PT Bank Perekonomian Rakyat Harapan Bunda Batam,Provinsi Kep. Riau,Kota Batam,1.1271364,103.9999473,9.59,2.36,85.28,131.59,31.66,16.3,-2.9800000000000004,1.8199999999999998,-10.039999999999992,-2.120000000000001,5.292222222222222,2.3,82.33925925925925,6.50125,1.9000000000000001,85.5025,0.4537456382031003,Watchlist,deposit funding mix (+0.082); funding pressure (+0.042); three-year capital trend (+0.033),False,,0
601061,PT Bank Perekonomian Rakyat Saudaraku,Provinsi Bali,Kab. Tabanan,-8.5425575,115.0813369,22.57,-6.22,154.34,107.64,174.85,22.78,-2.509999999999998,-3.76,40.8,136.07999999999998,9.197058823529412,1.2164705882352942,88.26764705882353,7.004999999999999,1.775,85.03875,0.45373873788299696,Watchlist,high NPL net (+0.059); one-year KPMM movement (+0.041); deposit growth (+0.034),False,,0
600052,PT Bank Perekonomian Rakyat Bank Daerah Bojonegoro Perseroda,Provinsi Jawa Timur,Kab. Bojonegoro,-7.2646033,111.7754741,3.3,5.75,60.45,268.76,86.58,44.56,-1.4800000000000004,0.21999999999999975,-5.090000000000003,-11.769999999999996,10.04,0.9500000000000002,103.45000000000002,11.262,0.8600000000000001,99.422,0.45244117019909436,Watchlist,capital adequacy level (+0.070); ROA versus bank history (+0.069); one-year LDR movement (+0.065),False,,0
601887,PT BPR Luna Sinar Indonesia,Provinsi Banten,Kota Tangerang Selatan,-6.2758645,106.656937,0.75,3.98,73.13,103.67,27.94,19.71,0.75,9.31,-81.98000000000002,-6.98,13.332999999999998,-0.8060000000000003,109.35,12.24,-0.3157142857142857,109.56428571428572,0.4524044829388879,Watchlist,three-year BOPO trend (+0.186); funding pressure (+0.133); one-year ROA movement (+0.088),False,,0
601906,PT Bank Perekonomian Rakyat Lopokganda,Provinsi Nusa Tenggara Barat,Kab. Sumbawa,-8.5124895,117.2045392,14.42,6.28,80.95,135.91,62.82,42.39,6.209999999999999,-0.79,-0.7099999999999937,-6.539999999999999,7.410000000000001,4.1850000000000005,72.03999999999999,7.966666666666668,2.9333333333333336,80.17666666666666,0.45191097246740364,Watchlist,loan growth (+0.078); three-year capital trend (+0.039); one-year NPL net movement (+0.038),False,,0
602690,PT BANK PEREKONOMIAN RAKYAT JAMBI CITRA SAHABAT,Provinsi Jambi,Kota Jambi,-1.9643097,102.8492578,15.07,2.51,84.19,105.82,26.53,18.08,6.43,0.16999999999999993,-3.700000000000003,4.560000000000002,12.654615384615385,2.579230769230769,85.44307692307692,10.77125,4.5925,81.32625,0.4517435180338278,Watchlist,high NPL net (+0.149); deposit funding mix (+0.077); ROA versus bank history (+0.055),False,,0
601005,PT Bank Perekonomian Rakyat Pasarraya Kuta,Provinsi Bali,Kab. Badung,-8.7224399,115.1594507,31.72,-2.59,123.06,63.37,12.34,18.35,18.13,0.11000000000000032,-1.7000000000000028,-2.58,6.085869565217393,1.809782608695652,86.26847826086956,4.455000000000001,1.8633333333333333,85.86666666666667,0.4517331753788697,Watchlist,high NPL net (+0.168); three-year NPL net trend (+0.086); loan growth (+0.076),False,,0
601262,PT Bank Perekonomian Rakyat Dana Lestari,Provinsi Jawa Barat,Kota Depok,-6.3809683,106.8527115,8.85,8.55,78.52,287.0,120.02,46.55,-3.8100000000000005,2.620000000000001,-5.63000000000001,8.689999999999998,14.2035,1.415,97.6415,12.01,3.2142857142857144,88.08714285714287,0.4512039890153487,Watchlist,ROA versus bank history (+0.101); capital adequacy level (+0.092); profitability level (+0.034),False,,0
601363,PT Bank Perekonomian Rakyat Pundi Kencana Makmur,Provinsi Jawa Barat,Kota Bandung,-6.9464399,107.6060331,14.08,-4.57,125.5,77.24,54.21,12.17,1.4900000000000002,5.4399999999999995,-66.91999999999999,22.59,10.307241379310346,0.15413793103448276,99.89206896551724,8.384285714285713,-0.08142857142857148,97.38571428571429,0.45119885084027345,Watchlist,one-year ROA movement (+0.110); one-year KPMM movement (+0.080); three-year BOPO trend (+0.066),False,,0
602620,PT Bank Perekonomian Rakyat Dana Fanindo,Provinsi Kep. Riau,Kota Batam,1.1277067,103.9972496,5.07,2.88,78.24,107.03,73.77,10.89,-1.8999999999999995,2.77,-22.72,-16.5,5.45962962962963,2.2807407407407405,82.60000000000001,7.06625,1.835,86.3825,0.450854413607221,Watchlist,deposit funding mix (+0.105); three-year BOPO trend (+0.046); capital adequacy level (+0.040),False,,0
601323,PT Bank Perekonomian Rakyat Laksana Binacimanggis,Provinsi Jawa Barat,Kota Depok,-6.3655336,106.8592138,13.7,6.53,74.07,606.91,136.2,100.57,0.33999999999999986,-0.41999999999999993,-0.20000000000000284,5.889999999999986,13.961000000000002,1.516,97.864,14.13,2.7283333333333335,97.75833333333333,0.45008959047978,Watchlist,high NPL net (+0.048); operating efficiency pressure (+0.046); three-year BOPO trend (+0.026),True,LDR outside audit range,0
601154,PT. BPR Central Micro,Provinsi Sumatera Barat,Kota Padang,-0.9452407,100.3761708,5.97,-7.16,199.17,29.02,91.79,93.56,-4.71,-2.3,59.379999999999995,-17.099999999999994,8.0,3.1875,83.23000000000002,8.09,2.4166666666666665,86.90500000000002,0.44904427793094764,Watchlist,loan growth (+0.194); capital adequacy level (+0.100); loan scale (+0.069),False,,0
601769,PT Bank Perekonomian Rakyat Wongso Dana Prima,Provinsi DKI Jakarta,Wil. Kota Jakarta Utara,-6.1285672,106.7874761,0.0,-25.33,523.29,0.0,504.32,0.0,0.0,-4.969999999999999,254.71999999999997,235.44,17.7725,0.9074999999999998,92.725,16.57,-4.708750000000001,174.5625,0.44626225946107106,Watchlist,loan growth (+0.150); capital adequacy level (+0.086); loan scale (+0.044),True,BOPO outside audit range; KPMM outside audit range,0
602726,PT BPR Guru Jateng,Provinsi Jawa Tengah,Kota Semarang,-6.9890192,110.4325409,21.87,2.87,77.05,74.18,49.37,27.42,2.9299999999999997,-1.06,2.700000000000003,1.9600000000000009,18.592916666666667,0.6345833333333332,96.14083333333332,19.895714285714284,1.007142857142857,92.84142857142857,0.445360817712967,Watchlist,high NPL net (+0.173); loan growth (+0.065); three-year NPL net trend (+0.045),False,,0
602673,PT Bank Perekonomian Rakyat Bahteramas Wakatobi (Perseroda),Provinsi Sulawesi Tenggara,Kab. Wakatobi,-5.3142139,123.5286102,23.76,0.46,95.15,139.31,58.72,29.42,-4.02,-2.33,9.86,-2.3200000000000003,,,,7.281428571428571,5.092857142857143,83.53,0.4442854279380369,Watchlist,high NPL net (+0.162); three-year capital trend (+0.066); three-year NPL net trend (+0.059),False,,0
601868,PT Bank Perekonomian Rakyat Abdi Warga Mulia,Provinsi Nusa Tenggara Barat,Kab. Lombok Barat,-8.6156356,116.1249377,8.71,2.71,81.98,144.79,92.01,11.37,-3.2799999999999994,3.8499999999999996,-28.019999999999996,-7.47999999999999,9.214285714285714,3.8599999999999994,82.60285714285715,8.158750000000001,2.87,84.40625,0.4440014662903033,Watchlist,funding pressure (+0.071); three-year BOPO trend (+0.057); high NPL net (+0.053),False,,0
602630,PT Bank Perekonomian Rakyat Dana Putra,Provinsi Kep. Riau,Kota Batam,1.0960039,103.9620128,7.96,2.9,79.37,106.19,73.47,9.56,2.3600000000000003,-0.56,1.480000000000004,8.689999999999998,5.352592592592592,2.28,82.55814814814815,4.49,2.58125,81.09875,0.4429438185242503,Watchlist,capital adequacy level (+0.077); high NPL net (+0.047); one-year LDR movement (+0.037),False,,0
601915,PT Bank Perekonomian Rakyat Samawa Kencana,Provinsi Nusa Tenggara Barat,Kab. Sumbawa,-8.6038176,116.1171509,13.31,5.61,66.81,79.32,24.23,27.19,3.75,0.9700000000000006,-4.340000000000003,4.789999999999999,7.965000000000001,4.52,79.11,6.567142857142858,2.605714285714286,84.58571428571429,0.4429008604700165,Watchlist,operating efficiency pressure (+0.066); high NPL net (+0.058); ROA versus bank history (+0.055),False,,0
601449,PT Bank Perekonomian Rakyat Mitra Gema Mandiri,Provinsi Jawa Tengah,Kab. Banyumas,-7.4208242,109.1988611,16.46,-2.31,116.56,90.07,31.89,19.09,3.610000000000001,0.69,-4.8799999999999955,7.280000000000001,11.947142857142856,1.8271428571428572,87.1257142857143,8.927142857142858,2.2014285714285715,84.90285714285714,0.44143811101905345,Watchlist,funding pressure (+0.110); loan growth (+0.105); three-year NPL net trend (+0.093),False,,0
601358,PT Bank Perekonomian Rakyat Jujur Arghadana,Provinsi Jawa Barat,Kab. Bandung,-6.9784403,107.6321328,6.2,4.35,87.8,108.45,61.2,44.54,-1.8199999999999994,7.67,-23.299999999999997,13.580000000000005,8.846,2.772,85.52600000000001,14.331428571428571,-1.087142857142857,102.13857142857144,0.44077953240486845,Watchlist,one-year ROA movement (+0.135); funding pressure (+0.072); three-year BOPO trend (+0.062),False,,0
601818,PT Bank Perekonomian Rakyat Picu Manunggal Sejahtera,Provinsi Bali,Kota Denpasar,-8.6487692,115.2662214,16.58,2.79,70.51,91.47,96.26,27.86,0.759999999999998,0.3599999999999999,14.040000000000006,-0.0899999999999892,9.411428571428571,1.2185714285714286,92.01380952380953,7.28,1.73,91.60499999999999,0.44027688366099815,Watchlist,high NPL net (+0.132); three-year capital trend (+0.078); operating efficiency pressure (+0.047),False,,0
601341,PT Bank Perekonomian Rakyat Dana Agung Internusa,Provinsi Jawa Barat,Kab. Indramayu,-6.4131412,108.2796766,19.03,4.4,130.22,68.92,26.91,21.48,18.66,2.6000000000000005,40.81,8.86,27.775,-0.5449999999999999,105.90999999999998,26.02,-1.05,111.71,0.43916087673177134,Watchlist,high NPL net (+0.091); one-year NPL net movement (+0.073); ROA versus bank history (+0.065),False,,0
602743,PT Bank Perekonomian Rakyat Elbaghraf Madura Berdikari,Provinsi Jawa Timur,Kab. Sumenep,-7.0069968,113.8590529,22.9,-1.8,112.41,194.79,141.94,9.76,8.679999999999998,-3.6500000000000004,27.03,-0.9399999999999977,,,,9.3475,1.0725,92.1025,0.4389581797627004,Watchlist,three-year NPL net trend (+0.067); high NPL net (+0.059); NPL net versus bank history (+0.057),False,,0
601129,PT Bank Perekonomian Rakyat Saudarakita,Provinsi Jawa Barat,Kab. Karawang,-6.3571273,107.2992519,17.9,2.45,86.98,99.49,27.17,7.92,5.039999999999999,0.10000000000000009,1.730000000000004,-6.850000000000001,16.906666666666666,-0.3666666666666667,110.11166666666666,18.288,-3.3360000000000007,134.58599999999998,0.4388265882812985,Watchlist,high NPL net (+0.147); three-year NPL net trend (+0.061); one-year NPL net movement (+0.052),False,,0
602624,PT Bank Perekonomian Rakyat Bontang,Provinsi Kalimantan Timur,Kota Bontang,0.3140465,117.3444969,6.76,1.5,77.27,321.11,30.74,125.14,5.779999999999999,-0.7599999999999998,-4.430000000000007,11.669999999999998,5.745,-2.115,132.415,4.43625,-1.34,111.91499999999999,0.4385807494823849,Watchlist,three-year BOPO trend (+0.082); three-year NPL net trend (+0.080); funding pressure (+0.058),False,,0
601693,PT. BPR Sapadhana,Provinsi Jawa Timur,Kab. Madiun,-7.6674462,111.4380729,1.12,10.94,72.49,141.04,71.32,24.96,-1.12,3.3899999999999997,-6.25,-5.300000000000011,11.688333333333333,1.6883333333333335,89.79,9.318333333333333,2.8466666666666662,82.565,0.4385333078208668,Watchlist,capital adequacy level (+0.123); ROA versus bank history (+0.101); funding pressure (+0.090),False,,0
600015,PT Bank Perekonomian Rakyat Panasayu Arthalayan Sejahtera,Provinsi Jawa Tengah,Kab. Pemalang,-6.8938175,109.4082556,55.66,-4.52,132.03,164.55,27.68,11.8,16.809999999999995,-2.7399999999999993,17.689999999999998,8.379999999999999,17.80333333333333,-0.5266666666666667,105.15333333333335,21.89875,2.25625,90.2,0.43825739734482394,Watchlist,loan growth (+0.106); high NPL net (+0.085); one-year NPL net movement (+0.073),False,,0
602576,PT Bank Perekonomian Rakyat Tata Karya Indonesia,Provinsi DKI Jakarta,Wil. Kota Jakarta Utara,-6.1319339,106.7904561,18.6,1.54,89.81,128.67,62.37,15.72,8.930000000000001,2.38,-8.799999999999997,-3.8000000000000043,13.1225,-5.81,201.09499999999997,14.245,-8.0675,228.7475,0.43816224553738253,Watchlist,high NPL net (+0.073); three-year NPL net trend (+0.055); one-year NPL net movement (+0.042),False,,0
601827,PT Bank Perekonomian Rakyat Urip Kalantas,Provinsi Bali,Kab. Badung,-8.6072677,115.1838784,13.49,4.53,69.46,45.62,63.58,60.0,-8.53,3.2300000000000004,-20.11,-0.6800000000000068,6.482173913043479,1.6549999999999998,87.43369565217391,4.3585714285714285,1.577142857142857,89.25285714285714,0.4379622211274961,Watchlist,high NPL net (+0.078); operating efficiency pressure (+0.074); three-year BOPO trend (+0.061),False,,0
600906,PT Bank Perekonomian Rakyat Bahana Ekonomi Sentosa,Provinsi DKI Jakarta,Wil. Kota Jakarta Pusat,-6.1830019,106.8298259,28.51,-0.66,119.04,71.16,16.18,13.29,21.410000000000004,-1.03,41.82000000000001,0.6799999999999997,17.72142857142857,-3.4521428571428574,146.7907142857143,20.60625,-0.14250000000000002,100.57124999999999,0.43685177173736967,Watchlist,high NPL net (+0.196); three-year NPL net trend (+0.080); one-year NPL net movement (+0.074),False,,0
602043,PT Bank Perekonomian Rakyat Chandra Muktiartha,Provinsi D.I. Yogyakarta,Kab. Bantul,-7.8858278,110.2751626,21.98,0.54,95.58,94.97,15.31,10.09,9.33,0.30000000000000004,-2.8700000000000045,-0.5399999999999991,8.094,1.6960000000000002,87.32,9.086666666666666,1.71,86.78166666666668,0.4361180482886007,Watchlist,high NPL net (+0.162); NPL net versus bank history (+0.068); three-year NPL net trend (+0.067),False,,0
600099,PT BPR Kedu Arthasetia,Provinsi Jawa Tengah,Kab. Temanggung,-7.2781109,110.1556182,21.76,3.35,79.2,113.37,36.38,38.39,1.0100000000000016,0.9700000000000002,-6.269999999999996,-4.1299999999999955,16.298333333333332,1.461666666666667,90.59999999999998,16.723750000000003,1.8050000000000002,89.06875,0.4357151065647888,Watchlist,high NPL net (+0.188); three-year BOPO trend (+0.038); funding pressure (+0.036),False,,0
600778,PT Bank Perekonomian Rakyat Mitra Mulia Persada,Provinsi Jawa Tengah,Kab. Semarang,-7.1219477,110.4057064,25.6,2.03,85.96,103.33,40.68,13.78,8.860000000000003,-2.1600000000000006,10.439999999999998,-1.7299999999999969,14.735000000000001,4.038333333333333,78.83833333333332,17.4625,2.815,81.91,0.4354753030674532,Watchlist,high NPL net (+0.184); deposit funding mix (+0.066); one-year NPL net movement (+0.063),False,,0
602731,PT Bank Perekonomian Rakyat Palembang,Provinsi Sumatera Selatan,Kota Palembang,-2.9633294,104.7228199,3.61,6.77,67.99,130.73,31.99,15.62,-2.6999999999999997,1.71,-7.480000000000004,0.48999999999999844,8.66818181818182,2.127272727272727,84.00090909090909,9.278571428571428,2.9471428571428575,78.97285714285714,0.43503962985000694,Watchlist,ROA versus bank history (+0.100); operating efficiency pressure (+0.066); funding pressure (+0.052),False,,0
601541,PT Bank Perekonomian Rakyat BKK Demak Perseroda,Provinsi Jawa Tengah,Kab. Demak,-6.9228905,110.4599962,13.81,4.22,69.9,53.0,35.97,23.54,5.720000000000001,-0.8700000000000001,1.730000000000004,0.5799999999999983,18.492,2.4799999999999995,87.81200000000001,21.17,1.4787499999999998,92.3975,0.4338317945699084,Watchlist,high NPL net (+0.136); operating efficiency pressure (+0.086); loan growth (+0.065),False,,0
600066,PT Bank Perekonomian Rakyat Lumbung Mekar Fortuna,Provinsi Banten,Kota Cilegon,-6.0335985,106.0786378,23.67,1.1,93.83,85.17,67.77,29.02,0.610000000000003,0.3400000000000001,-1.6500000000000057,-5.840000000000003,16.159999999999997,-1.44,103.96,7.8914285714285715,3.662857142857143,84.2242857142857,0.43373031149506497,Watchlist,deposit funding mix (+0.093); high NPL net (+0.070); capital adequacy level (+0.056),False,,0
602085,PT BANK PEREKONOMIAN RAKYAT DANAFLASH KALIMANTAN TIMUR,Provinsi Kalimantan Timur,Kota Samarinda,-0.4957681,117.1410508,2.52,6.97,67.27,132.9,61.88,23.22,-0.8799999999999999,-0.7999999999999998,6.489999999999995,23.980000000000004,4.173333333333334,-1.8383333333333336,107.12666666666667,5.09875,-0.7125000000000004,102.15,0.43342618356219476,Watchlist,operating efficiency pressure (+0.106); capital adequacy level (+0.057); one-year LDR movement (+0.031),False,,0
600770,PT Bank Perekonomian Rakyat Aswaja,Provinsi Jawa Timur,Kab. Ponorogo,-7.8575056,111.4788656,0.0,4.43,83.13,0.0,295.56,23.84,-19.71,4.96,-20.27000000000001,233.3,8.425,2.5375,81.3775,9.915714285714285,3.6285714285714286,81.37571428571427,0.43328279444614753,Watchlist,one-year ROA movement (+0.171); three-year BOPO trend (+0.102); funding pressure (+0.041),False,,0
600122,PT Bank Perekonomian Rakyat Artha Moro,Provinsi Jawa Tengah,Kab. Sragen,-7.4310775,111.0215118,35.35,-0.75,111.34,66.56,77.24,66.78,14.020000000000003,-0.06000000000000005,8.52000000000001,-7.050000000000011,12.168,1.7200000000000002,86.15599999999999,12.032857142857141,0.84,92.67714285714285,0.4329013633559193,Watchlist,high NPL net (+0.097); one-year LDR movement (+0.066); one-year NPL net movement (+0.054),False,,0
600071,PT. BPR Artaperdana Delta Sentosa,Provinsi Jawa Tengah,Kab. Pati,-6.7248495,111.0146101,25.39,1.76,89.76,100.53,40.81,25.0,14.8,-0.18999999999999995,-0.4899999999999949,7.160000000000004,9.974444444444444,3.79,81.96666666666667,11.294285714285715,4.0600000000000005,81.08142857142856,0.4321388540332213,Watchlist,high NPL net (+0.127); one-year NPL net movement (+0.065); three-year NPL net trend (+0.055),False,,0
601445,PT BPR Pollux,Provinsi Jawa Tengah,Kota Semarang,-6.9877511,110.4319624,15.48,0.55,96.55,101.15,48.21,29.5,-1.379999999999999,-0.8999999999999999,6.099999999999994,-7.600000000000001,18.859166666666667,0.7312499999999998,95.32833333333332,20.80857142857143,1.3385714285714285,90.05571428571429,0.4319738754028677,Watchlist,three-year capital trend (+0.077); deposit funding mix (+0.063); high NPL net (+0.060),False,,0
601173,PT BPR Raga Dana Sejahtera,Provinsi Sumatera Barat,Kota Padang,-0.9473747,100.3786197,8.78,3.8,77.55,153.13,25.27,22.15,7.1499999999999995,-0.2400000000000002,0.09000000000000341,1.75,7.297499999999999,0.4475,113.635,7.621666666666667,0.5899999999999999,107.175,0.43189980513799325,Watchlist,high NPL net (+0.115); one-year NPL net movement (+0.073); funding pressure (+0.065),False,,0
602727,PT Bank Perekonomian Rakyat Ukabima Permata,Provinsi Jambi,Kota Jambi,-1.605279,103.5774157,25.82,2.32,86.56,210.04,50.11,17.76,4.859999999999999,0.23999999999999977,-4.549999999999997,2.530000000000001,11.827692307692306,2.5938461538461537,85.26076923076924,10.855714285714285,3.125714285714286,82.82571428571428,0.431637707870819,Watchlist,high NPL net (+0.115); funding pressure (+0.064); one-year NPL net movement (+0.031),False,,0
600535,PT. BPR Gunung Kinibalu,Provinsi Jawa Tengah,Kota Semarang,-6.981784,110.4079596,20.4,3.83,77.91,94.8,42.02,11.38,4.989999999999998,1.58,-9.510000000000005,1.0800000000000054,18.65416666666667,0.5945833333333332,96.105,13.062857142857142,-0.13571428571428562,94.49857142857142,0.4314578889245979,Watchlist,high NPL net (+0.117); ROA versus bank history (+0.019); three-year BOPO trend (+0.018),False,,0
600888,PT Bank Perekonomian Rakyat Arta Taman Dayu,Provinsi Jawa Timur,Kab. Pasuruan,-7.6533198,112.6963129,22.06,1.96,88.0,660.96,217.36,94.16,-27.610000000000003,-1.2400000000000002,6.0,-3.299999999999983,15.461818181818181,7.755454545454546,87.83545454545455,18.054,13.36,91.046,0.43143142836159193,Watchlist,high NPL net (+0.086); funding pressure (+0.077); deposit growth (+0.052),True,LDR outside audit range,0
600437,PT Bank Perekonomian Rakyat Intan Jabar,Provinsi Jawa Barat,Kab. Garut,-7.2122414,107.899784,0.0,0.24,97.55,61.87,20.5,45.67,-8.23,390.0,-3027.6299999999997,592.12,4.73,3.3199999999999994,80.63000000000001,12.611666666666666,2.92,84.11666666666666,0.4311947735973874,Watchlist,three-year BOPO trend (+0.182); one-year ROA movement (+0.087); funding pressure (+0.082),False,,0
601111,PT Bank Perekonomian Rakyat Swadaya Anugerah Utama,Provinsi Lampung,Kota Bandar Lampung,-5.0975824,105.0695998,24.48,0.07,105.62,72.84,25.11,14.35,3.6000000000000014,1.33,-0.10999999999999943,4.039999999999999,5.352727272727273,3.833636363636364,75.62454545454545,16.286666666666665,2.415,94.055,0.4303112673948851,Watchlist,high NPL net (+0.175); one-year LDR movement (+0.053); three-year NPL net trend (+0.040),False,,0
601399,PT Bank Perekonomian Rakyat Dana Mitra Sejahtera,Provinsi Jawa Tengah,Kab. Kebumen,-7.6649726,109.6495012,17.71,2.21,82.93,90.75,53.93,21.51,9.990000000000002,-1.0499999999999998,6.400000000000006,3.0,6.467499999999999,2.7325,81.5475,10.307500000000001,2.07375,85.67,0.42954438945110923,Watchlist,high NPL net (+0.139); ROA versus bank history (+0.059); one-year NPL net movement (+0.052),False,,0
602468,PT Bank Perekonomian Rakyat Arisma Mandiri,Provinsi Jawa Tengah,Kab. Brebes,-6.8754897,109.048573,47.33,-3.26,128.35,180.66,76.23,40.96,30.259999999999998,-6.06,47.379999999999995,-11.289999999999992,9.185000000000002,2.17,84.03,12.372857142857143,2.0557142857142856,86.55571428571429,0.42889961728677584,Watchlist,high NPL net (+0.076); three-year NPL net trend (+0.056); NPL net versus bank history (+0.050),False,,0
602670,PT Bank Perekonomian Rakyat Bahteramas Konawe Selatan (Perseroda),Provinsi Sulawesi Tenggara,Kab. Konawe Selatan,-4.1626573,122.0314531,2.58,6.4,71.22,94.87,75.21,42.64,0.3599999999999999,-3.219999999999999,10.369999999999997,-11.210000000000008,,,,5.526000000000001,7.725999999999999,74.13,0.42865607253108096,Watchlist,funding pressure (+0.122); operating efficiency pressure (+0.055); one-year ROA movement (+0.052),False,,0
601695,PT Bank Perekonomian Rakyat Arta Seruni Surabaya,Provinsi Jawa Timur,Kab. Pasuruan,-7.5668322,112.7064027,17.6,-2.19,96.35,111.79,46.28,25.42,8.000000000000002,-5.87,2.2299999999999898,-37.78999999999999,15.867272727272727,8.132727272727273,87.07636363636364,10.690000000000001,2.9224999999999994,91.3375,0.42842179848930717,Watchlist,high NPL net (+0.148); three-year capital trend (+0.088); deposit funding mix (+0.043),False,,0
602587,PT BPR Niji,Provinsi Jawa Tengah,Kab. Magelang,-7.4112885,110.2344296,17.29,2.62,82.58,235.86,41.85,19.83,9.69,-2.88,16.980000000000004,-0.490000000000002,12.42818181818182,1.1509090909090909,91.08363636363636,13.805,1.82625,88.39375,0.4276244107462657,Watchlist,high NPL net (+0.099); one-year NPL net movement (+0.039); funding pressure (+0.033),False,,0
601945,PT Bank Perekonomian Rakyat Kartika Matuari,Provinsi Sulawesi Utara,Kota Tomohon,1.3623712,124.8298324,3.01,2.37,88.02,208.24,184.17,41.09,-13.06,12.29,-53.84000000000002,-9.54000000000002,,,,13.978,2.2520000000000002,95.19,0.42696508245856624,Watchlist,one-year ROA movement (+0.149); funding pressure (+0.093); three-year BOPO trend (+0.055),False,,0
600843,PT Bank Perekonomian Rakyat Banksar Dana Loka,Provinsi DKI Jakarta,Wil. Kota Jakarta Pusat,-6.1869715,106.8150795,68.04,-4.95,144.35,54.88,220.98,42.66,37.03,1.96,-40.27000000000001,88.53,14.897857142857143,-3.1457142857142855,144.98285714285717,24.485714285714284,-6.752857142857144,187.32571428571427,0.4267594564254899,Watchlist,loan growth (+0.122); capital adequacy level (+0.075); one-year NPL net movement (+0.040),False,,0
601456,PT Bank Perekonomian Rakyat Mitra Banaran Mandiri,Provinsi Jawa Tengah,Kab. Sragen,-7.3770795,110.964767,17.39,0.97,93.44,130.3,47.96,52.68,9.5,-1.78,11.090000000000003,-4.32,15.76,1.3760000000000001,89.736,14.133333333333331,0.9500000000000001,92.48833333333333,0.4262726318196236,Watchlist,one-year NPL net movement (+0.071); high NPL net (+0.069); three-year NPL net trend (+0.061),False,,0
601263,PT Bank Perekonomian Rakyat Danasari Persada,Provinsi Jawa Barat,Kota Bekasi,-6.2494754,106.9436883,22.28,1.27,94.95,85.65,65.25,36.41,1.1000000000000014,1.8599999999999999,-9.829999999999998,8.39,17.07935483870968,-1.9438709677419357,119.59645161290324,17.068,0.8600000000000001,96.182,0.42518811305288357,Watchlist,high NPL net (+0.092); deposit funding mix (+0.078); capital adequacy level (+0.073),False,,0
602554,PT Bank Perekonomian Rakyat Tuah Negeri Mandiri,Provinsi Riau,Kota Pekanbaru,0.4874364,101.4176645,34.29,-2.0,105.68,161.02,48.82,18.98,5.759999999999998,-4.35,18.52000000000001,-5.039999999999999,8.64625,0.635625,85.96124999999999,8.498571428571429,2.6,83.35857142857142,0.4251252200117101,Watchlist,high NPL net (+0.098); three-year NPL net trend (+0.048); NPL net versus bank history (+0.045),False,,0
602717,PT Bank Perekonomian Rakyat Dana Mitra Indonesia,Provinsi DKI Jakarta,Wil. Kota Jakarta Timur,-6.2215109,106.8651154,18.87,-0.25,101.48,97.55,64.28,15.6,5.090000000000002,-2.97,14.39,6.960000000000001,16.46,-0.98,150.55,12.526,-0.5960000000000001,120.92800000000003,0.424730616505244,Watchlist,three-year NPL net trend (+0.084); high NPL net (+0.077); deposit funding mix (+0.047),False,,1
601765,PT Bank Perekonomian Rakyat Arta Nusantara Daha,Provinsi Jawa Timur,Kab. Kediri,-7.8076105,112.0368798,13.57,5.15,73.17,233.51,146.12,175.65,-5.07,-1.4899999999999993,2.8599999999999994,-16.49000000000001,9.917857142857143,3.6514285714285712,83.40571428571427,14.951428571428574,2.605714285714286,88.21285714285715,0.42461812825360656,Watchlist,operating efficiency pressure (+0.081); high NPL net (+0.037); three-year BOPO trend (+0.018),False,,0
602003,PT BANK PEREKONOMIAN RAKYAT APTA SEJAHTERA,Provinsi Jawa Barat,Kota Depok,-6.3354578,106.779338,23.25,-4.81,149.93,25.81,104.22,32.12,-8.55,-2.2199999999999998,27.820000000000007,6.579999999999998,13.483500000000001,2.083,94.071,16.026,2.5759999999999996,94.558,0.42417233922259945,Watchlist,loan growth (+0.122); loan scale (+0.081); capital adequacy level (+0.048),False,,0
602037,PT Bank Perekonomian Rakyat Tumpangprima Artorejo,Provinsi Jawa Timur,Kab. Malang,-8.0111267,112.7550241,43.89,-10.17,92.83,147.32,61.55,106.32,-0.5499999999999972,-13.4,9.909999999999997,-3.3400000000000034,14.359523809523811,6.272857142857142,87.27904761904763,25.233999999999998,3.572,83.65400000000001,0.4236854965452476,Moderate Risk,loan growth (+0.105); capital adequacy level (+0.094); high NPL net (+0.034),False,,0
601421,PT. BPR Hartasarana,Provinsi Jawa Tengah,Kab. Semarang,-7.2530747,110.41265,20.34,1.67,90.27,134.7,100.41,28.92,9.03,-1.25,6.530000000000001,10.11,15.173333333333334,4.068333333333333,78.47916666666667,10.435,4.467499999999999,76.61,0.42367993011557004,Moderate Risk,one-year NPL net movement (+0.061); high NPL net (+0.053); three-year NPL net trend (+0.045),False,,0
601408,PT Bank Perekonomian Rakyat Suriyah Yogyakarta,Provinsi D.I. Yogyakarta,Kab. Sleman,-7.7518078,110.3818357,39.04,-5.89,146.89,136.19,104.8,42.79,-22.060000000000002,1.4400000000000004,1.6899999999999977,116.71,10.723181818181818,1.763636363636364,87.67772727272728,8.923333333333334,2.1183333333333336,85.19666666666667,0.42338018785591097,Moderate Risk,high NPL net (+0.109); deposit growth (+0.037); funding pressure (+0.029),False,,0
601679,PT Bank Perekonomian Rakyat Anekadana Sejahtera,Provinsi Jawa Timur,Kab. Gresik,-7.3232349,112.5715344,8.6,-0.67,106.87,79.66,69.72,39.2,3.34,0.7799999999999999,-13.530000000000001,53.73,17.293333333333337,2.6822222222222223,89.23777777777778,6.774000000000001,-13.351999999999999,272.384,0.42297876620500546,Moderate Risk,loan growth (+0.157); capital adequacy level (+0.054); three-year BOPO trend (+0.035),False,,0
601977,PT Bank Perekonomian Rakyat Tapeunadana,Provinsi Jawa Barat,Kota Depok,-6.3867732,106.8222577,42.0,-1.66,114.01,50.68,59.07,10.1,16.94,-0.11999999999999988,-0.6799999999999926,-6.460000000000001,12.546000000000001,1.9255,95.86699999999999,20.078,-1.1900000000000002,105.26799999999999,0.4219955787176386,Moderate Risk,high NPL net (+0.100); three-year NPL net trend (+0.055); one-year NPL net movement (+0.050),False,,0
600643,PT Bank Perekonomian Rakyat Bank Bahari Kota Tegal (Perseroda),Provinsi Jawa Tengah,Kota Tegal,-6.8583344,109.1268087,30.72,0.7,95.45,123.16,68.66,37.88,4.07,-1.08,6.25,-1.740000000000009,8.5,2.15,84.38000000000002,22.231250000000003,1.5675,91.09,0.42187709677019253,Moderate Risk,high NPL net (+0.113); three-year NPL net trend (+0.069); NPL net versus bank history (+0.043),False,,0
601374,PT Bank Perekonomian Rakyat Surya Yudhakencana,Provinsi Jawa Tengah,Kab. Banjarnegara,-7.295332,109.7176303,23.19,0.88,92.91,79.92,24.74,17.62,1.120000000000001,10.88,-112.99000000000001,11.95,24.669999999999998,-2.73,118.16999999999999,13.74,1.7328571428571429,89.53,0.4215656075467411,Moderate Risk,high NPL net (+0.156); one-year ROA movement (+0.079); NPL net versus bank history (+0.048),False,,0
601547,PT Bank Perekonomian Sahabat Mitra Artha,Provinsi Jawa Timur,Kab. Sidoarjo,-7.4258419,112.7201173,2.12,5.57,77.82,61.2,141.84,485.9,-1.25,-1.1799999999999997,-0.18000000000000682,60.480000000000004,13.854210526315791,-1.0926315789473682,119.38026315789476,13.91,-0.36571428571428566,98.96285714285715,0.42135811255149636,Moderate Risk,loan growth (+0.175); capital adequacy level (+0.081); funding pressure (+0.075),False,,0
602686,PT. BPR Ukabima Khatulistiwa Pontianak,Provinsi Kalimantan Barat,Kota Pontianak,-0.0411557,109.3200892,2.36,7.36,70.14,117.53,48.94,36.43,-3.1200000000000006,-3.7199999999999998,6.810000000000002,-1.8800000000000026,6.57,0.8922222222222224,88.80666666666667,5.426666666666667,0.4499999999999999,90.17833333333333,0.4209662831725677,Moderate Risk,operating efficiency pressure (+0.066); one-year LDR movement (+0.063); ROA versus bank history (+0.052),False,,0
601724,PT Bank Perekonomian Rakyat Arta Bangsal Utama,Provinsi Jawa Timur,Kab. Mojokerto,-7.5105485,112.5181882,9.37,2.53,79.93,76.37,149.13,130.35,3.4899999999999993,3.36,-32.92999999999999,49.459999999999994,13.835714285714285,4.431428571428571,81.00142857142858,12.556000000000001,5.656000000000001,75.248,0.4204435128511701,Moderate Risk,three-year BOPO trend (+0.083); loan scale (+0.046); one-year ROA movement (+0.045),False,,0
602596,PT Bank Perekonomian Rakyat Prima Dana Abadi,Provinsi Sumatera Selatan,Kota Palembang,-2.9834255,104.7544213,15.47,3.34,75.01,81.83,32.44,10.48,5.6800000000000015,-1.6100000000000003,1.1600000000000108,-2.8700000000000045,7.590000000000001,2.439090909090909,83.36272727272727,7.642857142857143,1.3985714285714284,89.14,0.42015325368508166,Moderate Risk,high NPL net (+0.126); one-year NPL net movement (+0.039); loan growth (+0.030),False,,0
601430,PT Bank Perekonomian Rakyat Arthareksa Sejahtera,Provinsi Jawa Tengah,Kab. Sragen,-7.4359437,111.0157039,11.03,-0.16,98.4,90.63,90.15,55.99,-6.910000000000002,6.91,-82.13,-52.120000000000005,17.032,1.6019999999999999,88.744,15.507142857142858,0.7557142857142856,94.52571428571427,0.41873444640082735,Moderate Risk,one-year ROA movement (+0.126); three-year BOPO trend (+0.066); cash liquidity position (+0.043),False,,0
600016,PT Bank Perekonomian Rakyat Siraya Karya Bakti,Provinsi Jawa Barat,Kota Bekasi,-6.3224581,106.9453496,33.57,-5.94,130.35,91.42,98.67,28.89,13.04,-7.760000000000001,33.0,0.3100000000000023,16.71516129032258,-1.7112903225806453,118.45451612903226,24.892,-15.516,215.794,0.41847883303167527,Moderate Risk,funding pressure (+0.096); capital adequacy level (+0.087); high NPL net (+0.057),False,,0
601759,PT Bank Perekonomian Rakyat Bumi Gora Jaya,Provinsi Jawa Timur,Kab. Sidoarjo,-7.3491737,112.7437681,11.93,3.22,70.97,248.57,217.1,98.29,1.6600000000000001,1.3900000000000001,-11.689999999999998,45.34,13.59605263157895,-1.0307894736842103,119.56052631578947,22.71857142857143,-1.9485714285714286,122.70000000000002,0.41678761767619615,Moderate Risk,operating efficiency pressure (+0.051); high NPL net (+0.045); funding pressure (+0.037),False,,0
601255,PT. BPR Genades Putranindo,Provinsi Jawa Barat,Kota Bekasi,-6.286492,106.9186341,44.48,-66.78,678.86,1900.31,53.37,102.78,31.759999999999998,-65.18,571.21,-66.68,16.363225806451613,0.25129032258064515,100.76064516129033,15.285,0.18624999999999997,86.89249999999998,0.4163833496719606,Moderate Risk,loan growth (+0.099); funding pressure (+0.071); one-year NPL net movement (+0.040),True,ROA outside audit range; BOPO outside audit range; LDR outside audit range,0
600497,PT Bank Perekonomian Rakyat Badan Kredit Kecamatan Purwokerto (Perseroda),Provinsi Jawa Tengah,Kab. Banyumas,-7.2827434,109.0853576,23.74,1.76,82.84,66.79,26.21,32.43,12.309999999999999,-1.86,11.760000000000005,-1.759999999999998,10.907142857142858,1.2457142857142858,91.94285714285715,11.375,1.32625,89.06125,0.41620454407298707,Moderate Risk,high NPL net (+0.169); three-year NPL net trend (+0.085); one-year NPL net movement (+0.084),False,,0
602758,PT. BANK PEREKONOMIAN RAKYAT DANA MASTER LOTARA,Provinsi Nusa Tenggara Barat,Kab. Lombok Barat,-8.6470341,116.1155794,3.01,6.16,73.58,130.55,39.13,23.68,-4.3,3.68,-14.870000000000005,-0.4199999999999946,10.028571428571427,3.3671428571428565,83.80285714285715,9.97,3.0914285714285716,81.12142857142858,0.4159937269111298,Moderate Risk,funding pressure (+0.081); ROA versus bank history (+0.061); three-year BOPO trend (+0.055),False,,0
600024,PT Bank Perekonomian Rakyat Mulya Arta,Provinsi Jawa Barat,Kab. Bandung Barat,-6.8144189,107.6208842,11.76,3.93,80.79,138.15,42.69,31.56,4.29,0.16000000000000014,0.9500000000000028,7.239999999999995,3.7600000000000007,1.41,93.74499999999998,8.274285714285714,-1.8499999999999999,107.94285714285715,0.414801245585785,Moderate Risk,high NPL net (+0.093); deposit funding mix (+0.044); ROA versus bank history (+0.034),False,,0
600793,PT Bank Perekonomian Rakyat Dana Kerja Putra,Provinsi Jawa Timur,Kab. Bangkalan,-7.1724246,112.7218731,14.98,-6.15,133.76,144.25,123.32,55.09,1.200000000000001,0.23999999999999932,-22.480000000000018,18.169999999999987,1.8999999999999986,3.77,73.9,5.604285714285714,-1.4442857142857144,113.35142857142857,0.4146309559789211,Moderate Risk,three-year BOPO trend (+0.060); funding pressure (+0.058); loan scale (+0.046),False,,0
601004,PT Bank Perekonomian Rakyat Parasari,Provinsi Bali,Kab. Badung,-8.6421695,115.1140669,9.33,3.19,73.63,79.62,40.15,15.09,4.89,-0.040000000000000036,-2.4000000000000057,-3.8400000000000034,6.572608695652175,1.6841304347826087,87.34304347826087,5.31625,2.0374999999999996,84.97875,0.4146275363883693,Moderate Risk,three-year BOPO trend (+0.076); high NPL net (+0.064); operating efficiency pressure (+0.057),False,,1
601987,PT Bank Perekonomian Rakyat Danapermata Lestari,Provinsi Kalimantan Selatan,Kota Banjarmasin,-3.3016944,114.5729259,16.77,-0.93,105.33,58.57,77.3,25.88,2.209999999999999,0.39,1.480000000000004,12.579999999999998,,,,9.398,5.522,72.082,0.41416738943754183,Moderate Risk,loan growth (+0.162); capital adequacy level (+0.062); three-year NPL net trend (+0.035),False,,0
601725,PT Bank Perekonomian Rakyat Mitra Dhanaceswara,Provinsi Jawa Timur,Kab. Lamongan,-7.1496329,112.3471072,10.23,6.82,68.7,131.89,116.39,60.4,4.840000000000001,0.71,1.769999999999996,15.810000000000002,9.104,3.408,85.06800000000001,17.50714285714286,2.548571428571429,88.68571428571428,0.41393584924478816,Moderate Risk,high NPL net (+0.071); operating efficiency pressure (+0.070); profitability level (+0.018),False,,0
601912,PT Bank Perekonomian Rakyat Tritama Abadi Mengkendek,Provinsi Sulawesi Selatan,Kab. Tana Toraja,-5.1464168,119.4207036,1.39,-6.32,188.62,210.19,221.74,730.0,-98.61,-18.130000000000003,-6.639999999999986,32.41,13.37,1.1500000000000004,93.75999999999999,5.055000000000001,-0.07500000000000011,97.29166666666667,0.41393047921940107,Moderate Risk,loan growth (+0.167); capital adequacy level (+0.098); loan scale (+0.039),True,Cash_Ratio outside audit range,0
601542,PT Bank Perekonomian Rakyat Persada Ganda,Provinsi Jawa Tengah,Kab. Semarang,-7.2548768,110.4075094,8.47,9.68,73.84,144.35,48.58,13.52,-0.7299999999999986,0.5099999999999998,-1.3100000000000023,-1.0900000000000034,16.1625,3.4008333333333334,79.84833333333333,11.91875,3.46625,78.66375,0.41390007362882403,Moderate Risk,operating efficiency pressure (+0.081); high NPL net (+0.080); ROA versus bank history (+0.062),False,,0
601088,PT Bank Perekonomian Rakyat Surya Artha Guna Mandiri,Provinsi Jawa Timur,Kab. Kediri,-7.8180481,111.9913301,32.5,-0.42,102.46,50.92,36.37,21.19,6.149999999999999,-0.44999999999999996,-18.960000000000008,17.999999999999996,8.565714285714284,4.049285714285714,81.31357142857142,12.212857142857144,3.238571428571429,84.98714285714286,0.4137576099578307,Moderate Risk,loan growth (+0.072); deposit growth (+0.060); three-year BOPO trend (+0.054),False,,0
602045,PT Bank Perekonomian Rakyat Laksana Luhurcilamaya,Provinsi Jawa Barat,Kab. Karawang,-6.2598658,107.5719739,13.08,5.41,67.2,207.62,164.5,112.81,5.98,0.7999999999999998,-7.679999999999993,35.03999999999999,17.308333333333334,-0.6133333333333334,111.75999999999999,15.545999999999998,1.816,86.046,0.41289744096591985,Moderate Risk,operating efficiency pressure (+0.076); high NPL net (+0.056); loan-to-deposit position (+0.023),False,,0
600093,PT Bank Perekonomian Rakyat Gitamakmur Utama,Provinsi Banten,Kab. Tangerang,-6.2388071,106.7913684,26.75,0.11,98.84,66.98,30.53,5.2,12.82,-0.8,7.939999999999998,-4.43,11.671666666666667,2.587222222222222,94.11444444444446,,,,0.4121871931207949,Moderate Risk,high NPL net (+0.163); NPL net versus bank history (+0.070); one-year NPL net movement (+0.068),False,,1
602671,PT Bank Perekonomian Rakyat Bahteramas Kolaka (Perseroda),Provinsi Sulawesi Tenggara,Kab. Kolaka,-4.0631515,121.6084919,1.34,13.72,64.8,86.52,34.9,24.05,-0.26,5.33,5.039999999999999,-19.28,8.47,12.26,66.56000000000002,5.083333333333333,5.3566666666666665,79.15666666666665,0.4121701811473007,Moderate Risk,ROA versus bank history (+0.081); one-year ROA movement (+0.055); profitability level (+0.034),False,,0
600414,PT Bank Perekonomian Rakyat Kuta Bumi Sidomukti,Provinsi Banten,Kab. Tangerang,-6.1555788,106.5795276,15.34,1.79,89.23,260.57,83.06,6.58,6.709999999999999,-0.6499999999999999,1.480000000000004,-22.42,12.305555555555555,2.493888888888889,94.64833333333334,9.928333333333333,2.0250000000000004,85.03500000000001,0.41199116507353534,Moderate Risk,funding pressure (+0.056); high NPL net (+0.041); capital adequacy level (+0.027),False,,0
600689,PT Bank Perekonomian Rakyat Ceper Permata Artha,Provinsi Jawa Tengah,Kab. Klaten,-7.6780506,110.6207452,16.32,-2.21,127.54,503.14,13.52,12.2,7.6,-3.3899999999999997,41.900000000000006,-4.719999999999999,15.085833333333333,1.0516666666666667,93.84500000000001,18.504285714285714,0.28571428571428575,100.85857142857142,0.41168139686941085,Moderate Risk,high NPL net (+0.099); three-year NPL net trend (+0.044); one-year NPL net movement (+0.035),True,LDR outside audit range,0
601534,PT BPR BKK Ungaran (Perseroda),Provinsi Jawa Tengah,Kab. Semarang,-7.1967256,110.3799147,21.95,2.18,80.82,99.39,24.49,12.33,9.18,-0.5099999999999998,0.8099999999999881,-0.2900000000000027,15.039166666666668,4.025833333333334,79.26666666666667,10.09,4.50375,77.56375,0.411419904110309,Moderate Risk,high NPL net (+0.151); one-year NPL net movement (+0.071); three-year NPL net trend (+0.071),False,,0
601100,PT Bank Perekonomian Rakyat Sukasada,Provinsi Sumatera Selatan,Kota Palembang,-2.9651646,104.711885,12.51,3.16,70.13,68.23,38.92,24.6,8.059999999999999,-0.020000000000000018,1.8799999999999955,-3.3999999999999986,7.859090909090909,2.455454545454545,83.80636363636364,8.007142857142856,3.462857142857143,78.66714285714286,0.41079960020915385,Moderate Risk,high NPL net (+0.163); operating efficiency pressure (+0.075); three-year capital trend (+0.031),False,,0
600078,PT Bank Perekonomian Rakyat Klaten Sejahtera,Provinsi Jawa Tengah,Kab. Klaten,-7.7025393,110.5858975,18.92,1.42,91.22,115.59,24.41,14.16,8.640000000000002,-0.52,3.480000000000004,0.5100000000000016,14.869166666666667,0.7491666666666666,96.87166666666667,12.0975,0.8087500000000001,96.9125,0.4094115385902428,Moderate Risk,high NPL net (+0.110); NPL net versus bank history (+0.082); three-year NPL net trend (+0.060),False,,0
601474,PT. BPR Gunung Mas,Provinsi Jawa Tengah,Kab. Klaten,-7.7549761,110.4962311,21.3,2.62,84.04,87.56,26.4,14.53,4.510000000000002,0.7400000000000002,-4.4199999999999875,-2.84,14.670833333333333,0.6491666666666667,97.47000000000001,10.792857142857144,2.1957142857142857,84.97285714285714,0.40935233845935504,Moderate Risk,high NPL net (+0.175); deposit funding mix (+0.044); one-year NPL net movement (+0.039),False,,0
601848,PT Bank Perekonomian Rakyat Partakencana Tohpati,Provinsi Bali,Kota Denpasar,-8.635593,115.2455322,5.33,2.86,97.42,77.74,24.75,18.18,-3.3200000000000003,3.63,-20.53,3.1099999999999994,9.947142857142856,1.2152380952380955,90.73238095238095,8.68625,1.72125,88.24125000000001,0.40925144127162577,Moderate Risk,loan growth (+0.075); ROA versus bank history (+0.071); three-year BOPO trend (+0.069),False,,0
600176,Perumda BPR Kota Sukabumi,Provinsi Jawa Barat,Kota Sukabumi,-6.9590156,106.8878909,4.45,5.41,69.93,78.42,60.13,27.1,-0.7800000000000002,0.08999999999999986,-3.279999999999987,-27.270000000000003,24.45,0.2400000000000002,98.84,14.782,0.716,96.26400000000001,0.40903813817500234,Moderate Risk,ROA versus bank history (+0.100); capital adequacy level (+0.061); operating efficiency pressure (+0.057),False,,0
600112,PT Bank Perekonomian Rakyat Dau Lestari,Provinsi Jawa Timur,Kab. Malang,-8.0616592,112.4970754,5.04,5.34,76.53,1397.26,201.15,268.32,3.0700000000000003,-1.5099999999999998,3.1700000000000017,22.060000000000002,16.20952380952381,5.534285714285714,88.0552380952381,14.65625,11.35375,90.42625,0.40865358926012,Moderate Risk,capital adequacy level (+0.056); loan growth (+0.040); one-year KPMM movement (+0.029),True,LDR outside audit range,1
601793,PT Bank Perekonomian Rakyat Harapan Saudara,Provinsi Jawa Barat,Kab. Bekasi,-6.2630297,107.0610166,26.46,0.05,100.76,69.31,19.71,5.98,-5.960000000000001,5.14,-49.95,10.840000000000002,16.48095238095238,-0.8347619047619048,99.70857142857142,21.637500000000003,-4.6899999999999995,123.4775,0.40856655727889,Moderate Risk,high NPL net (+0.139); one-year ROA movement (+0.070); loan growth (+0.048),False,,0
601232,PT Bank Perekonomian Rakyat Setia Natapala,Provinsi Jawa Barat,Kab. Karawang,-6.3191305,107.288994,14.4,2.75,83.74,70.55,28.28,37.05,6.42,0.1299999999999999,-0.730000000000004,3.59,17.198333333333334,-0.39166666666666666,110.38166666666666,18.988,-3.396000000000001,135.234,0.4080533324465733,Moderate Risk,high NPL net (+0.118); three-year NPL net trend (+0.039); deposit funding mix (+0.032),False,,0
602715,PT Bank Perekonomian Rakyat Mukomuko Makmur,Provinsi Bengkulu,Kab. Mukomuko,-2.7714356,101.1341113,2.52,6.87,67.07,111.95,56.6,36.68,-0.6000000000000001,1.9699999999999998,-5.1000000000000085,-3.3399999999999963,,,,7.886666666666668,0.73,94.58333333333333,0.4080008972542948,Moderate Risk,ROA versus bank history (+0.123); operating efficiency pressure (+0.055); three-year BOPO trend (+0.045),False,,0
600057,PT Bank Perekonomian Rakyat Bhakti Riyadi,Provinsi Jawa Tengah,Kab. Klaten,-7.703568,110.5948896,20.86,-0.38,102.78,138.03,59.17,33.64,7.76,-0.22,1.3100000000000023,12.75,14.707500000000001,0.8991666666666668,95.90833333333335,14.165,0.8799999999999999,96.00750000000001,0.4070044565044315,Moderate Risk,high NPL net (+0.070); NPL net versus bank history (+0.040); three-year NPL net trend (+0.040),False,,0
602001,PT Bank Perekonomian Rakyat Harta Tanamas,Provinsi Jawa Barat,Kab. Bekasi,-6.2614687,107.018709,15.22,2.15,87.06,133.74,54.47,25.25,2.1500000000000004,-0.1299999999999999,-2.759999999999991,-1.3000000000000043,17.016190476190474,-0.9347619047619047,100.36095238095238,20.896666666666665,-1.113333333333333,105.67,0.40697995694941846,Moderate Risk,high NPL net (+0.086); deposit funding mix (+0.069); three-year capital trend (+0.027),False,,0
600398,PT Bank Perekonomian Rakyat Mitra Harmoni Indramayu,Provinsi Jawa Barat,Kab. Indramayu,-6.3953527,108.0316614,29.53,-0.04,100.11,84.37,15.18,20.71,7.84,2.02,-9.25,-2.0100000000000016,22.525,1.6750000000000003,120.96499999999997,,,,0.4063297203117857,Moderate Risk,high NPL net (+0.206); three-year capital trend (+0.056); NPL net versus bank history (+0.055),False,,0
601299,PT Bank Perekonomian Rakyat Artadamas Mandiri,Provinsi Banten,Kota Tangerang,-6.1858489,106.6174571,8.34,3.86,72.04,117.68,130.37,13.74,0.16000000000000014,2.88,-20.689999999999998,1.789999999999992,16.426,1.322,99.57133333333334,9.525,2.0575,89.53,0.40618403442790196,Moderate Risk,high NPL net (+0.062); operating efficiency pressure (+0.058); capital adequacy level (+0.034),False,,0
600968,PT Bank Perekonomian Rakyat Blambangan Makmur Banyuwangi,Provinsi Jawa Timur,Kab. Banyuwangi,-8.3092355,114.290058,12.06,3.22,83.34,142.69,84.75,18.39,3.3900000000000006,-1.06,-5.289999999999992,3.9099999999999966,12.591249999999999,2.685,89.345,14.5,1.518,95.634,0.4055703790570258,Moderate Risk,ROA versus bank history (+0.116); capital adequacy level (+0.059); three-year BOPO trend (+0.034),False,,0
601772,PT Bank Perekonomian Rakyat Keluarga Sejahtera,Provinsi Jawa Timur,Kab. Malang,-8.0309898,112.5025254,1.72,3.89,80.24,221.9,165.38,179.63,-1.57,-1.7799999999999998,1.3399999999999892,-9.789999999999992,16.367619047619048,5.6033333333333335,87.87857142857143,17.9225,12.50125,80.44,0.4055406721795283,Moderate Risk,loan growth (+0.123); capital adequacy level (+0.110); cash liquidity position (+0.060),False,,0
601295,PT Bank Perekonomian Rakyat Vinski Mukti Arta,Provinsi Banten,Kab. Tangerang,-6.2274014,106.7135494,10.97,1.5,174.98,113.47,16.9,27.02,-7.08,-0.48,83.21999999999998,-27.61,12.548333333333334,2.51,89.88444444444445,9.44,1.5633333333333335,91.76333333333334,0.4048788897180596,Moderate Risk,deposit funding mix (+0.108); three-year capital trend (+0.083); high NPL net (+0.065),False,,0
600429,PT Bank Perekonomian Rakyat Indramayu Jabar (Perseroda),Provinsi Jawa Barat,Kab. Indramayu,-6.3786856,108.2967028,26.02,-1.05,111.71,104.63,30.89,39.38,3.2399999999999984,9.069999999999999,-81.2,25.5,24.28,2.18,115.16499999999999,19.03,4.4,130.22,0.40348285865418526,Moderate Risk,one-year ROA movement (+0.102); high NPL net (+0.098); NPL net versus bank history (+0.039),False,,0
601288,PT Bank Perekonomian Rakyat Bahtera Artha Jaya,Provinsi Lampung,Kab. Lampung Tengah,-4.9420742,105.2113101,10.76,1.66,80.98,135.94,37.91,12.09,5.68,-1.4200000000000002,-3.0,6.459999999999997,39.69,-4.25,128.77499999999998,16.434285714285714,2.9842857142857144,94.12142857142855,0.40337817193713116,Moderate Risk,three-year NPL net trend (+0.082); one-year NPL net movement (+0.071); three-year BOPO trend (+0.066),False,,0
602073,PT Bank Perekonomian Rakyat Artha Karya Sejahtera,Provinsi Jawa Barat,Kab. Bogor,-6.4128223,106.9671695,5.05,3.79,82.2,83.05,54.65,16.77,-5.28,1.25,-1.9099999999999966,-40.970000000000006,17.41875,1.1375000000000002,106.10249999999999,13.343333333333334,0.19333333333333327,103.81833333333334,0.40336675472936473,Moderate Risk,deposit funding mix (+0.088); ROA versus bank history (+0.044); three-year BOPO trend (+0.043),False,,0
601261,PT Bank Perekonomian Rakyat Dassa,Provinsi Banten,Kab. Tangerang,-6.2553216,106.6172733,7.51,2.17,84.42,130.92,51.03,8.93,6.9399999999999995,0.54,-6.8999999999999915,4.980000000000004,12.740555555555556,2.4727777777777775,94.91555555555556,18.535999999999998,1.076,96.036,0.4026397151230132,Moderate Risk,loan growth (+0.062); high NPL net (+0.049); funding pressure (+0.042),False,,0
602028,PT Bank Perekonomian Rakyat Tataarta Swadaya,Provinsi Lampung,Kab. Lampung Tengah,-5.052986,105.0802922,18.04,2.36,84.79,80.18,42.54,33.39,2.9799999999999986,0.08000000000000007,-1.309999999999988,-3.5700000000000003,36.05,-4.6,126.86999999999998,17.53,0.9550000000000001,98.60000000000001,0.40096641626627294,Moderate Risk,high NPL net (+0.102); three-year NPL net trend (+0.068); three-year BOPO trend (+0.042),False,,0
600862,PT Bank Perekonomian Rakyat Intan Kita,Provinsi Jawa Timur,Kab. Gresik,-7.2310669,112.5372415,25.2,0.94,95.47,93.66,43.13,11.36,9.83,-0.73,5.390000000000001,8.380000000000003,15.448888888888892,2.503333333333333,90.50444444444445,12.851428571428572,0.5414285714285713,94.95,0.4003225273667459,Moderate Risk,high NPL net (+0.146); one-year NPL net movement (+0.077); three-year ROA trend (+0.027),False,,1
601862,PT Bank Perekonomian Rakyat Kancana Dewata Mahadahana,Provinsi Bali,Kab. Gianyar,-8.5985337,115.1805984,0.94,1.55,80.1,91.57,66.71,46.56,-5.68,2.09,-18.42,-20.75,5.6881818181818184,2.165,83.53227272727273,6.151428571428572,2.0028571428571427,87.73285714285714,0.39994420901425437,Moderate Risk,ROA versus bank history (+0.104); capital adequacy level (+0.065); cash liquidity position (+0.040),False,,0
601720,PT Bank Perekonomian Rakyat Sentra Dana Makmur,Provinsi Jawa Timur,Kab. Sidoarjo,-7.4204755,112.6805829,17.97,2.01,84.01,198.32,97.92,20.17,5.169999999999998,-0.9300000000000002,4.430000000000007,-3.1700000000000017,13.437105263157894,-0.9989473684210523,119.21736842105264,11.805714285714286,1.5571428571428574,87.34714285714286,0.3995901606297939,Moderate Risk,funding pressure (+0.070); high NPL net (+0.052); three-year NPL net trend (+0.041),False,,0
601091,Koperasi Simpan Pinjam Bank Perekonomian Rakyat Sendang Harta Sejahtera,Provinsi Jawa Timur,Kab. Mojokerto,-7.507297,112.5269237,16.9,4.07,80.33,233.81,42.36,12.49,0.8200000000000003,1.1500000000000004,-4.269999999999996,-11.46,12.76,4.211428571428571,80.94428571428571,11.134,5.37,76.44200000000001,0.398716386298382,Moderate Risk,high NPL net (+0.091); three-year NPL net trend (+0.028); NPL net versus bank history (+0.019),False,,0
601705,Koperasi Jasa Bank Perekonomian Rakyat Amanah,Provinsi Jawa Timur,Kab. Malang,-8.0312429,112.5258726,15.2,3.19,83.68,257.55,72.32,32.15,0.8499999999999996,1.04,-13.549999999999997,10.959999999999994,15.725714285714286,5.636666666666667,87.7147619047619,13.38625,11.622500000000002,89.5325,0.3985296192347163,Moderate Risk,high NPL net (+0.043); three-year NPL net trend (+0.024); funding pressure (+0.024),False,,0
601545,PT Bank Perekonomian Rakyat Sami Makmur,Provinsi Jawa Tengah,Kab. Sukoharjo,-7.5997823,110.8115038,13.43,0.33,97.16,124.98,75.06,20.45,7.05,-0.51,3.8299999999999983,-3.289999999999992,16.62,1.5223076923076926,94.84692307692308,9.858571428571427,1.197142857142857,92.48857142857143,0.39847869497263744,Moderate Risk,deposit funding mix (+0.071); three-year NPL net trend (+0.051); capital adequacy level (+0.039),False,,0
600032,PT Bank Perekonomian Rakyat Bringin Dana Sejahtera,Provinsi Jawa Barat,Kota Bekasi,-6.2391221,106.9900035,30.27,-2.31,124.21,39.85,62.56,13.66,0.370000000000001,2.65,-29.519999999999996,-2.3999999999999915,16.82161290322581,-1.8283870967741935,118.6525806451613,4.72,2.84,84.935,0.39715490704353235,Moderate Risk,high NPL net (+0.119); deposit funding mix (+0.092); three-year capital trend (+0.041),False,,0
600046,PT Bank Perekonomian Rakyat Tjandra Artha Lestari,Provinsi Lampung,Kota Bandar Lampung,-5.4406672,105.2624829,20.27,0.76,91.77,79.08,100.86,65.19,12.67,-0.72,10.299999999999997,-3.3599999999999994,5.735454545454545,3.7709090909090914,76.88363636363637,4.0442857142857145,3.8985714285714286,75.45857142857143,0.39703768862868244,Moderate Risk,loan growth (+0.082); three-year NPL net trend (+0.073); one-year NPL net movement (+0.068),False,,0
600933,PT Bank Perekonomian Rakyat Purwosari Anugerah,Provinsi Jawa Timur,Kab. Pasuruan,-7.7434789,112.6390014,9.9,4.72,73.15,191.92,19.5,22.83,3.33,-0.28000000000000025,2.3100000000000023,-10.129999999999999,16.567272727272726,7.504545454545454,89.18545454545455,12.325999999999999,13.952000000000002,85.678,0.39680457544924863,Moderate Risk,high NPL net (+0.117); operating efficiency pressure (+0.066); loan-to-deposit position (+0.048),False,,0
602033,PT Bank Perekonomian Rakyat Nusantara Bona Pasogit Tiga Puluh Dua,Provinsi Jawa Barat,Kab. Karawang,-6.2950812,106.6857965,11.78,4.56,82.37,86.29,40.63,19.44,6.419999999999999,0.07999999999999918,-1.8199999999999932,-4.609999999999999,17.416666666666668,-0.5425,110.49583333333332,7.603333333333334,0.6316666666666668,98.52166666666669,0.3965711813101377,Moderate Risk,high NPL net (+0.128); one-year NPL net movement (+0.047); profitability level (+0.036),False,,0
601686,PT Bank Perekonomian Rakyat Ihuthan Ganda,Provinsi Jawa Tengah,Kab. Sukoharjo,-7.5515457,110.7331098,12.0,7.11,82.28,141.68,63.15,28.06,2.2799999999999994,1.7000000000000002,-2.5900000000000034,-2.289999999999999,16.73,1.0007692307692309,95.99153846153847,19.05375,-0.7775000000000001,113.68500000000002,0.3956017133370515,Moderate Risk,loan growth (+0.051); three-year ROA trend (+0.032); ROA versus bank history (+0.028),False,,0
601431,PT Bank Perekonomian Rakyat Alto Makmur,Provinsi D.I. Yogyakarta,Kab. Sleman,-7.7781435,110.4275148,14.0,3.14,79.66,129.79,37.13,16.79,1.3900000000000006,-0.3899999999999997,0.539999999999992,0.9000000000000057,11.861363636363636,1.3531818181818183,90.73363636363636,14.768333333333333,1.0733333333333335,96.35666666666667,0.3948645329111297,Moderate Risk,high NPL net (+0.146); three-year NPL net trend (+0.035); one-year NPL net movement (+0.020),False,,0
602054,PT Bank Perekonomian Rakyat Cemara Artha Pratama,Provinsi Jawa Barat,Kota Bandung,-6.9065302,107.6313604,33.69,-5.67,126.8,108.32,63.39,51.78,3.889999999999997,-1.69,10.659999999999997,27.25,9.63103448275862,0.19206896551724137,99.84724137931033,8.04875,-1.36875,106.02375,0.3944836915887712,Moderate Risk,capital adequacy level (+0.081); high NPL net (+0.076); three-year NPL net trend (+0.041),False,,0
601378,PT Bank Perekonomian Rakyat Sabar Artha Prima,Provinsi Jawa Tengah,Kota Surakarta/Solo,-7.5711068,110.8229912,34.28,-4.46,152.64,89.25,16.44,12.48,5.700000000000003,-1.6800000000000002,27.39999999999999,-11.719999999999999,12.656666666666666,1.1383333333333334,91.295,10.388571428571428,1.27,92.53714285714285,0.394444967257299,Moderate Risk,high NPL net (+0.180); three-year capital trend (+0.065); one-year NPL net movement (+0.052),False,,0
600955,PT. BPR Nusamba Wlingi,Provinsi Jawa Timur,Kab. Blitar,-8.0854537,112.3258727,11.59,4.56,78.56,79.42,36.77,25.43,5.74,-1.8100000000000005,6.3799999999999955,0.480000000000004,7.188,3.476,83.214,15.690000000000001,4.157500000000001,81.01249999999999,0.3944272662340836,Moderate Risk,high NPL net (+0.113); loan growth (+0.068); three-year NPL net trend (+0.057),False,,0
601699,PT Bank Perekonomian Rakyat Nur Semesta Indah,Provinsi Jawa Timur,Kab. Jember,-8.2272606,113.3740249,3.91,7.72,67.66,161.93,31.82,27.72,-1.6600000000000001,-0.8799999999999999,2.969999999999999,1.990000000000002,12.262500000000001,4.141875,79.48124999999999,6.421428571428572,4.812857142857142,78.12142857142855,0.39432673584623695,Moderate Risk,operating efficiency pressure (+0.137); one-year LDR movement (+0.058); loan growth (+0.044),False,,0
600128,PT Bank Perekonomian Rakyat Mandiri Dhanasejahtera,Provinsi Jawa Timur,Kota Madiun,-7.643292,111.5306315,29.0,0.51,96.19,128.64,128.64,13.27,2.1000000000000014,-2.12,14.090000000000003,92.45999999999998,5.27,3.1750000000000003,80.51000000000002,7.273333333333333,2.8200000000000003,82.83666666666666,0.39412991454523943,Moderate Risk,high NPL net (+0.100); one-year KPMM movement (+0.058); three-year NPL net trend (+0.055),False,,0
600892,PT Bank Perekonomian Rakyat Dana Sanggau Mandiri,Provinsi Kalimantan Barat,Kab. Sanggau,0.1226663,110.6007213,3.07,3.37,73.74,103.32,51.74,30.59,-1.1300000000000003,2.71,-22.30000000000001,-1.009999999999998,7.359999999999999,1.9299999999999997,85.61,8.96625,2.22625,82.06375,0.392982977401415,Moderate Risk,three-year BOPO trend (+0.090); one-year BOPO movement (+0.076); ROA versus bank history (+0.065),False,,0
601145,Bank Perekonomian Rakyat Ciledug Dhana Semesta,Provinsi Banten,Kota Tangerang,-6.226846,106.7125776,8.2,2.7,81.7,152.6,33.37,11.1,4.169999999999999,-0.19999999999999973,-0.46999999999999886,-9.550000000000004,16.435333333333332,1.3993333333333335,98.92733333333334,12.254999999999999,0.615,136.935,0.39224736954951867,Moderate Risk,high NPL net (+0.066); deposit funding mix (+0.061); funding pressure (+0.056),False,,1
602713,PT. BPR Muncul Artha Sejahtera,Provinsi Jawa Tengah,Kota Semarang,-6.9572349,110.4542467,23.43,2.35,86.69,72.76,56.47,12.1,-1.1600000000000001,-2.4199999999999995,13.310000000000002,-3.469999999999999,18.527916666666666,0.6562499999999999,95.73916666666666,20.5025,1.7275,89.97125,0.3921239438055982,Moderate Risk,high NPL net (+0.151); deposit funding mix (+0.076); three-year capital trend (+0.058),False,,0
601235,PT Bank Perekonomian Rakyat Talabumi Ekapersada,Provinsi Jawa Barat,Kab. Bekasi,-6.3111487,107.173465,23.26,-5.64,122.03,46.67,158.3,91.13,2.990000000000002,-3.2399999999999998,9.010000000000005,84.07000000000001,16.633333333333333,-0.5638095238095238,98.69571428571427,7.06,4.46,79.06,0.391724104586115,Moderate Risk,loan scale (+0.076); loan growth (+0.061); capital adequacy level (+0.046),False,,0
601401,PT Bank Perekonomian Rakyat Bumiayu Bangun Citra,Provinsi Jawa Tengah,Kab. Brebes,-7.2548625,109.0107935,13.41,2.28,80.78,126.48,150.61,90.45,-2.6400000000000006,2.1799999999999997,-16.11,24.920000000000016,17.665000000000003,0.785,95.92249999999999,12.8225,1.15375,89.56375,0.39134657674439594,Moderate Risk,three-year BOPO trend (+0.094); cash liquidity position (+0.036); loan scale (+0.030),False,,0
601206,PT. BPR Andalas Baruh Bukit,Provinsi Sumatera Barat,Kab. Tanah Datar,-0.3867266,100.5183369,30.5,-0.11,101.72,77.52,36.83,23.25,25.85,-0.9,9.219999999999999,1.1899999999999977,10.6375,-2.4425000000000003,116.85749999999999,10.6375,-2.4425000000000003,116.8575,0.39131415874839626,Moderate Risk,high NPL net (+0.146); three-year NPL net trend (+0.088); one-year LDR movement (+0.060),False,,0
601756,PT. BPR Puspa Kencana,Provinsi Jawa Tengah,Kab. Wonosobo,-7.3757259,109.9123567,17.5,4.6,77.34,87.33,42.99,10.64,7.119999999999999,-1.7600000000000007,7.299999999999997,-4.350000000000001,14.969999999999999,1.3133333333333332,90.76999999999998,10.954285714285716,1.907142857142857,86.36571428571428,0.3907154355401366,Moderate Risk,high NPL net (+0.145); one-year NPL net movement (+0.047); three-year capital trend (+0.040),False,,0
601984,PT BPR Gawisabumi Mandarsari,Provinsi Kalimantan Selatan,Kota Banjarbaru,-3.4348492,114.8196153,1.12,12.05,52.99,77.44,86.8,26.05,-3.67,-0.20999999999999908,1.5800000000000054,21.459999999999994,,,,11.467500000000001,3.8899999999999997,76.85499999999999,0.3906245872479895,Moderate Risk,loan growth (+0.138); capital adequacy level (+0.084); one-year KPMM movement (+0.081),False,,0
600821,PT Bank Perekonomian Rakyat Hara Lata,Provinsi Sulawesi Tenggara,Kab. Kolaka,-4.0557157,121.5918381,8.47,12.26,66.56,122.54,41.2,22.21,1.9300000000000006,-1.0099999999999998,1.8599999999999994,-1.7199999999999989,1.3399999999999999,13.72,64.80000000000001,3.8949999999999996,5.6000000000000005,78.86333333333333,0.3898694453334429,Moderate Risk,high NPL net (+0.103); operating efficiency pressure (+0.086); funding pressure (+0.025),False,,0
600947,PT Bank Perekonomian Rakyat Dharma Raga,Provinsi Jawa Timur,Kab. Ponorogo,-7.8696045,111.4742965,9.59,3.43,78.42,499.05,78.3,40.46,0.9700000000000006,-0.98,6.640000000000001,17.619999999999997,6.027500000000001,2.7875,82.55499999999999,8.545714285714286,3.7714285714285714,82.04857142857144,0.38908655269961473,Moderate Risk,high NPL net (+0.053); funding pressure (+0.048); capital adequacy level (+0.048),False,,0
601385,PT Bank Perekonomian Rakyat Mekar Nugraha,Provinsi Jawa Tengah,Kab. Semarang,-7.2678942,110.1970921,9.54,5.33,68.51,97.05,25.6,17.5,4.4799999999999995,-0.5300000000000002,3.1400000000000006,-1.8699999999999974,16.073333333333334,3.7633333333333336,80.2925,18.25125,1.5575,90.405,0.38809118418262684,Moderate Risk,high NPL net (+0.096); operating efficiency pressure (+0.071); profitability level (+0.033),False,,0
600600,PT Bank Perekonomian Rakyat Artha Mranggenjaya,Provinsi Jawa Tengah,Kab. Demak,-6.9619826,110.4891509,33.95,1.03,92.6,82.14,18.95,12.55,4.740000000000002,0.5,-3.990000000000009,-0.40000000000000213,14.464000000000002,3.1179999999999994,83.272,18.595714285714283,2.277142857142857,86.78428571428572,0.38806489089184965,Moderate Risk,high NPL net (+0.117); three-year NPL net trend (+0.073); NPL net versus bank history (+0.028),False,,0
600412,PT Bank Perekonomian Rakyat Eka Prasetya,Provinsi Sumatera Utara,Kota Medan,3.6096367,98.6252748,15.87,2.58,89.79,103.67,31.18,28.54,3.7799999999999994,2.47,-4.339999999999989,7.699999999999999,5.90875,0.8875,98.9775,5.104285714285715,0.8499999999999999,101.0557142857143,0.3874865011489514,Moderate Risk,high NPL net (+0.055); ROA versus bank history (+0.051); loan growth (+0.031),False,,0
600636,PT Bank Perekonomian Rakyat Artamas,Provinsi Jawa Tengah,Kab. Demak,-6.9591128,110.4880033,27.92,-2.06,112.23,96.5,33.73,9.29,2.710000000000001,-3.0300000000000002,18.33,-0.8800000000000026,15.670000000000002,3.7359999999999993,79.346,19.457142857142856,2.718571428571429,83.98,0.38702450602488203,Moderate Risk,high NPL net (+0.092); three-year capital trend (+0.058); three-year NPL net trend (+0.057),False,,0
601078,PT Bank Perekonomian Rakyat Ramot Ganda,Provinsi Nusa Tenggara Barat,Kab. Lombok Barat,-8.5975131,116.1952283,6.52,8.28,74.94,96.87,63.94,30.08,3.4699999999999998,-0.009999999999999787,-0.14000000000000057,8.099999999999994,9.527142857142858,3.0642857142857136,83.60857142857142,8.87125,2.4387499999999998,85.45625,0.3854213220060012,Moderate Risk,loan growth (+0.099); capital adequacy level (+0.032); one-year LDR movement (+0.019),False,,0
600586,PT Bank Perekonomian Rakyat BKK Grogol (Perseroda),Provinsi Jawa Tengah,Kab. Sukoharjo,-7.4000011,110.3384805,26.5,2.18,85.47,88.43,69.33,22.55,5.129999999999999,1.4400000000000002,-8.760000000000005,10.469999999999999,15.614615384615385,1.3800000000000001,95.74615384615385,10.3475,1.78375,88.3125,0.3839659693275782,Moderate Risk,high NPL net (+0.084); three-year NPL net trend (+0.035); NPL net versus bank history (+0.022),False,,0
600565,PT. BPR Pasar Boja,Provinsi Jawa Tengah,Kab. Kendal,-7.104106,110.2720527,26.19,1.3,90.09,75.81,20.85,8.38,6.690000000000001,-1.0199999999999998,6.109999999999999,2.0100000000000016,17.152,2.821,84.24499999999999,18.0875,3.06,81.185,0.3838708830508511,Moderate Risk,high NPL net (+0.134); three-year NPL net trend (+0.086); deposit funding mix (+0.064),False,,0
601733,PT Bank Perekonomian Rakyat Puridana Arthamas,Provinsi Jawa Timur,Kab. Sidoarjo,-7.4615766,112.6425015,20.26,3.26,86.1,316.81,117.68,23.37,1.1800000000000033,-1.3399999999999999,5.069999999999993,11.780000000000001,13.37684210526316,-1.0318421052631574,119.16236842105263,14.68375,0.5025000000000001,101.10500000000002,0.38289180432445,Moderate Risk,deposit funding mix (+0.067); high NPL net (+0.037); three-year NPL net trend (+0.029),False,,0
601174,PT BPR Mutiara Pesisir,Provinsi Sumatera Barat,Kab. Agam,-0.3005134,99.8887939,19.5,1.54,88.52,98.04,27.16,15.57,17.31,-0.96,3.719999999999999,4.199999999999999,14.770000000000001,-0.77,124.14999999999999,19.419999999999998,-3.4857142857142853,136.98,0.3825896141155105,Moderate Risk,high NPL net (+0.108); one-year NPL net movement (+0.085); three-year NPL net trend (+0.082),False,,0
600113,PT Bank Perekonomian Rakyat Pulau Intan Sejahtera,Provinsi Jawa Timur,Kota Blitar,-8.1311712,112.1901494,10.03,4.69,77.11,116.43,102.09,68.43,-0.4400000000000013,-3.8999999999999995,12.239999999999995,20.35000000000001,3.7200000000000006,2.13,119.12000000000002,6.540000000000001,2.795,94.6725,0.38224613992735423,Moderate Risk,capital adequacy level (+0.089); loan growth (+0.074); one-year KPMM movement (+0.057),False,,0
602000,PT Bank Perekonomian Rakyat Citradana Rahayu,Provinsi Jawa Barat,Kota Bandung,-6.9235721,107.615137,15.53,0.52,96.1,107.57,32.62,12.83,3.7299999999999986,0.10000000000000003,-7.040000000000006,-3.470000000000006,10.257241379310345,-0.0213793103448276,100.90586206896552,8.83625,-0.7162499999999999,102.63499999999999,0.3820573846886313,Moderate Risk,high NPL net (+0.115); three-year capital trend (+0.074); three-year NPL net trend (+0.039),False,,0
602737,PT Bank Perekonomian Rakyat SUNI,Provinsi Papua,Kota Jayapura,-2.5968453,140.6779314,24.33,-6.39,139.91,217.95,54.39,10.09,15.729999999999999,-6.6,40.959999999999994,7.850000000000001,14.51333333333333,0.4499999999999999,97.49666666666667,11.819999999999999,0.44400000000000006,95.792,0.3819476736867696,Moderate Risk,loan growth (+0.092); funding pressure (+0.077); three-year NPL net trend (+0.048),False,,0
602610,PT Bank Perekonomian Rakyat Dana Amanah (Perseroda),Provinsi Riau,Kab. Pelalawan,0.388893,101.8516943,7.5,1.13,94.36,167.38,38.95,9.47,0.9500000000000002,2.98,-14.049999999999997,-0.5599999999999952,,,,9.171428571428573,-2.1299999999999994,91.76428571428572,0.381471420516995,Moderate Risk,funding pressure (+0.114); three-year BOPO trend (+0.090); deposit growth (+0.042),False,,0
600184,KOPERASI JASA BANK PEREKONOMIAN RAKYAT BARA UJUNGBERUNG,Provinsi Jawa Barat,Kota Bandung,-6.9076816,107.6390229,3.48,-14.79,167.02,94.74,78.74,75.49,-18.509999999999998,8.41,30.200000000000017,-57.84000000000002,10.672758620689654,0.506551724137931,98.4603448275862,14.678749999999999,-1.3712499999999999,105.76625,0.38145005437655966,Moderate Risk,one-year ROA movement (+0.138); three-year BOPO trend (+0.096); loan scale (+0.063),False,,0
602010,PT Bank Perekonomian Rakyat Handalan Danagraha,Provinsi Jawa Barat,Kab. Bekasi,-6.2274566,107.0023929,5.76,6.33,62.49,90.89,37.24,10.3,1.4900000000000002,0.9400000000000004,-2.1699999999999946,0.20000000000000284,17.46666666666667,-1.1338095238095238,101.53095238095239,17.354000000000003,-1.7759999999999998,113.41399999999999,0.38144338751011825,Moderate Risk,ROA versus bank history (+0.068); deposit funding mix (+0.054); operating efficiency pressure (+0.030),False,,0
600587,PT Bank Perekonomian Rakyat Arthanugraha Makmursejahtera,Provinsi Jawa Tengah,Kab. Demak,-6.9588521,110.4870688,18.54,2.11,89.23,180.1,37.63,25.77,7.739999999999998,-0.8400000000000003,4.410000000000011,2.8500000000000014,17.546000000000003,2.9019999999999997,83.946,20.797142857142855,2.1228571428571428,87.26571428571428,0.38138757551434144,Moderate Risk,high NPL net (+0.077); three-year NPL net trend (+0.047); NPL net versus bank history (+0.045),False,,0
601424,PT Bank Perekonomian Rakyat Grogol Joyo,Provinsi Jawa Tengah,Kab. Sukoharjo,-7.6026496,110.8131874,16.76,0.81,93.37,67.21,40.91,16.18,2.9700000000000024,0.14,-1.4299999999999926,-2.240000000000002,16.363846153846154,1.4853846153846155,95.13846153846156,9.382857142857144,1.1285714285714286,93.03,0.3802085006732442,Moderate Risk,high NPL net (+0.105); three-year capital trend (+0.066); one-year LDR movement (+0.028),False,,0
601883,PT Bank Perekonomian Rakyat Bangun Solusi Bersama,Provinsi Jawa Barat,Kota Bekasi,-6.1829417,106.9851191,17.13,0.8,106.74,107.22,46.57,17.34,-1.4700000000000024,3.2,-19.28,-20.220000000000006,17.245483870967742,-1.9287096774193548,119.21612903225807,12.096666666666666,1.035,111.835,0.37982381605701016,Moderate Risk,three-year capital trend (+0.073); deposit funding mix (+0.039); one-year LDR movement (+0.034),False,,0
601857,PT Bank Perekonomian Rakyat Kanaya,Provinsi Bali,Kab. Buleleng,-8.1130429,115.0856337,36.49,-11.78,293.22,49.74,6.11,8.91,22.150000000000002,-5.35,72.47000000000003,-8.239999999999998,8.03,-0.11666666666666654,92.12,10.4925,-0.18875000000000008,94.8525,0.37981896542424987,Moderate Risk,high NPL net (+0.134); one-year NPL net movement (+0.080); three-year NPL net trend (+0.052),False,,0
600875,PT Bank Perekonomian Rakyat Catur Artha Jaya,Provinsi Jawa Tengah,Kab. Kudus,-6.7737283,110.8038782,25.75,0.44,96.92,76.93,15.34,18.34,10.94,-1.58,10.710000000000008,-1.75,17.414,1.496,90.35199999999999,13.224285714285715,1.9042857142857146,87.76142857142858,0.37930328219643794,Moderate Risk,high NPL net (+0.140); three-year NPL net trend (+0.102); one-year NPL net movement (+0.080),False,,0
602567,PT Bank Perekonomian Rakyat Duta Artha Sejahtera,Provinsi Jawa Barat,Kab. Bandung,-7.0367787,107.6592488,8.71,1.14,95.19,48.8,56.38,56.84,1.950000000000001,0.039999999999999813,-1.230000000000004,28.790000000000003,8.678666666666665,2.9859999999999998,85.03333333333333,11.517999999999999,1.49,91.53,0.3791239633670447,Moderate Risk,loan growth (+0.116); deposit growth (+0.068); three-year NPL net trend (+0.019),False,,0
601889,PT Bank Perekonomian Rakyat Dana Pos,Provinsi Jawa Barat,Kab. Cianjur,-6.832356,107.0645921,1.51,0.54,96.81,86.57,85.94,54.6,-0.8400000000000001,2.25,-13.849999999999994,-0.5799999999999983,15.624999999999998,-1.1575,111.40500000000002,17.59,-0.8499999999999999,109.7175,0.3788300900906292,Moderate Risk,three-year BOPO trend (+0.083); funding pressure (+0.078); one-year ROA movement (+0.037),False,,0
602058,PT Bank Perekonomian Rakyat Nusantara Bona Pasogit Dua Puluh Delapan,Provinsi Jawa Barat,Kab. Cirebon,-6.5353494,107.0100913,23.65,0.8,95.96,73.61,19.7,16.04,7.419999999999998,-0.43999999999999995,1.4799999999999898,-0.8599999999999994,6.244999999999999,1.8875,88.2975,25.126666666666665,2.125,117.26833333333336,0.3786795692998649,Moderate Risk,high NPL net (+0.165); three-year NPL net trend (+0.080); one-year NPL net movement (+0.051),False,,0
602027,PT Bank Perekonomian Rakyat Arta Kedaton Makmur,Provinsi Lampung,Kota Bandar Lampung,-5.4471162,105.2678219,5.4,6.83,58.23,133.76,64.28,12.08,4.57,-3.08,15.949999999999996,6.149999999999999,7.087272727272727,3.2190909090909092,79.93272727272728,6.168571428571428,3.031428571428571,80.25,0.3780941191416641,Moderate Risk,deposit funding mix (+0.033); operating efficiency pressure (+0.029); profitability level (+0.026),False,,0
601308,PT Bank Perekonomian Rakyat Varia Centralartha,Provinsi Jawa Barat,Kota Bekasi,-6.2517022,107.01081,9.65,1.7,85.23,162.33,17.78,12.59,1.7300000000000004,0.86,-2.5,-8.489999999999998,17.48677419354839,-1.9577419354838712,119.91,17.255,-0.19999999999999996,98.55,0.3780365452742005,Moderate Risk,high NPL net (+0.087); deposit funding mix (+0.072); funding pressure (+0.046),False,,0
602038,PT Bank Perekonomian Rakyat Berkah Pakto,Provinsi Jawa Timur,Kab. Kediri,-7.7598544,112.0751415,4.17,4.91,77.71,232.92,141.32,144.82,-3.8200000000000003,-3.959999999999999,16.339999999999996,21.379999999999995,10.589285714285714,3.6685714285714286,83.08142857142856,12.118571428571428,3.68,82.25857142857141,0.3780341572250016,Moderate Risk,capital adequacy level (+0.091); loan growth (+0.081); cash liquidity position (+0.056),False,,0
600921,PT Bank Perekonomian Rakyat Semeru Swasti,Provinsi Jawa Timur,Kota Probolinggo,-7.7484665,113.2150384,35.88,-3.91,165.81,73.65,52.67,15.5,6.640000000000004,-3.0100000000000002,51.510000000000005,31.3,6.079999999999998,1.13,86.68,3.565,2.0183333333333335,83.70166666666667,0.3779040598903083,Moderate Risk,loan growth (+0.086); one-year KPMM movement (+0.054); three-year NPL net trend (+0.048),False,,0
602664,PT Bank Perekonomian Rakyat Central Niaga Abadi,Provinsi Jambi,Kota Jambi,-1.5937361,103.6144601,21.92,0.4,96.92,99.11,40.66,15.91,-1.7099999999999973,-0.7299999999999999,2.7900000000000063,2.4099999999999966,12.127692307692305,2.7415384615384615,84.46384615384615,10.26142857142857,2.754285714285714,84.0142857142857,0.37769767106564256,Moderate Risk,high NPL net (+0.136); three-year capital trend (+0.060); NPL net versus bank history (+0.034),False,,0
600139,PT Bank Perekonomian Rakyat Olympindo Primadana,Provinsi Jawa Barat,Kab. Bekasi,-6.2712604,106.9092317,13.89,-3.64,130.57,81.15,28.45,16.59,6.390000000000001,-5.49,39.0,-1.5899999999999999,17.07952380952381,-0.659047619047619,98.28904761904761,19.10875,-7.706250000000001,155.42875,0.37751953935459004,Moderate Risk,three-year capital trend (+0.100); high NPL net (+0.098); deposit funding mix (+0.042),False,,0
601265,PT Bank Perekonomian Rakyat Cahaya Arthasejati,Provinsi Banten,Kab. Tangerang,-6.2137244,106.587226,3.09,1.3,85.06,99.18,43.12,13.98,3.09,0.15000000000000013,-1.7399999999999949,10.18,12.98611111111111,2.5211111111111113,94.88000000000001,11.296000000000001,2.1700000000000004,85.03,0.3772175732198804,Moderate Risk,deposit funding mix (+0.079); three-year BOPO trend (+0.062); provision coverage (+0.048),False,,0
602065,PT Bank Perekonomian Rakyat Mitra Rakyat Riau,Provinsi Riau,Kota Pekanbaru,0.5305112,101.4447332,5.0,5.09,72.97,164.49,47.09,54.77,1.8599999999999999,-0.8600000000000003,-2.7900000000000063,-2.259999999999998,10.476875,0.1925,88.005625,9.085,-1.8274999999999997,91.6875,0.37712796749489635,Moderate Risk,funding pressure (+0.067); operating efficiency pressure (+0.054); cash liquidity position (+0.029),False,,0
601089,PT Bank Perekonomian Rakyat Wlingi Pahalapakto,Provinsi Jawa Timur,Kab. Blitar,-8.1171978,112.0159863,6.48,6.99,67.62,257.28,144.98,93.42,1.1600000000000001,0.08999999999999986,-6.0,12.409999999999997,8.209999999999999,2.9899999999999993,85.402,6.413333333333333,4.241666666666666,78.50999999999999,0.37699724508251364,Moderate Risk,operating efficiency pressure (+0.066); cash liquidity position (+0.044); three-year BOPO trend (+0.024),False,,0
600036,PT Bank Perekonomian Rakyat Dana Multi Guna,Provinsi Jawa Barat,Kab. Bekasi,-6.249312,107.1556541,22.56,1.17,93.45,112.63,51.52,11.97,5.809999999999999,-0.78,3.469999999999999,1.7100000000000009,16.666666666666668,-0.888095238095238,100.05666666666667,10.85,-2.275,68.56,0.37678959606102036,Moderate Risk,high NPL net (+0.141); three-year NPL net trend (+0.052); one-year NPL net movement (+0.048),False,,0
602543,PT Bank Perekonomian Rakyat Sukadana Prima,Provinsi Kalimantan Barat,Kota Pontianak,-0.022346,109.3332874,5.18,-6.67,131.11,32.32,55.48,88.57,-12.18,9.87,-96.89999999999998,-68.35,6.256666666666667,2.4511111111111115,82.03222222222222,4.981428571428572,2.434285714285714,82.43285714285715,0.37622041607383777,Moderate Risk,three-year BOPO trend (+0.100); one-year ROA movement (+0.099); loan scale (+0.056),False,,0
601829,PT Bank Perekonomian Rakyat Saptacristy Utama,Provinsi Bali,Kab. Badung,-8.6619004,115.1065933,4.28,3.69,73.13,67.47,43.18,27.01,-7.63,1.73,-2.7900000000000063,3.3800000000000026,6.682391304347827,1.6732608695652174,87.35391304347826,4.36,2.5157142857142856,81.75857142857141,0.3760920357670577,Moderate Risk,provision coverage (+0.070); three-year BOPO trend (+0.056); ROA versus bank history (+0.044),False,,0
601458,PT Bank Perekonomian Rakyat Asabahana Sejahtera,Provinsi Jawa Tengah,Kab. Pati,-6.7073663,111.0149219,21.19,3.61,80.04,116.87,53.4,23.89,5.16,-0.25,-0.47999999999998977,-1.5799999999999983,10.44111111111111,3.5844444444444443,83.04666666666668,11.894285714285713,3.795714285714286,82.47,0.3757048537718811,Moderate Risk,high NPL net (+0.145); one-year NPL net movement (+0.047); three-year NPL net trend (+0.018),False,,0
600090,PT Bank Perekonomian Rakyat Ukabima Nindya Raharja,Provinsi D.I. Yogyakarta,Kab. Gunung Kidul,-7.9638456,110.6153414,22.42,-2.2,114.25,156.32,34.58,19.0,-9.379999999999999,-1.8800000000000001,10.370000000000005,5.439999999999998,9.765,1.6400000000000001,43.78999999999999,12.10142857142857,1.9728571428571429,74.07285714285715,0.37544504756242075,Moderate Risk,high NPL net (+0.132); three-year NPL net trend (+0.062); deposit funding mix (+0.027),False,,0
601055,PT Bank Perekonomian Rakyat Mambal,Provinsi Bali,Kab. Badung,-8.5517063,115.2184177,7.07,3.0,68.03,143.54,127.52,21.78,-1.4299999999999997,1.21,-7.049999999999997,-6.549999999999997,6.621739130434783,1.6882608695652173,87.46478260869564,9.9025,1.23125,91.75625,0.3751513629413416,Moderate Risk,operating efficiency pressure (+0.070); one-year LDR movement (+0.052); funding pressure (+0.029),False,,0
600125,PT Bank Perekonomian Rakyat Tulus Puji Rejeki,Provinsi Jawa Timur,Kab. Kediri,-7.7660885,112.0847688,2.68,7.54,68.99,205.43,76.58,41.86,0.8500000000000001,0.9900000000000002,-1.2900000000000063,-6.540000000000006,10.695714285714285,3.4807142857142854,83.7042857142857,12.331428571428573,3.3042857142857143,83.50428571428571,0.37418491346106664,Moderate Risk,funding pressure (+0.075); operating efficiency pressure (+0.068); capital adequacy level (+0.022),False,,0
602710,PT Bank Perekonomian Rakyat Berkah Serumpun Mandiri,Provinsi Kep. Bangka Belitung,Kota Pangkal Pinang,-2.1272901,106.110183,9.67,3.12,81.8,126.78,30.64,19.23,-0.5199999999999996,0.3999999999999999,-1.0499999999999972,-0.5899999999999999,0.5999999999999996,7.570000000000001,68.69000000000001,4.218333333333333,3.8766666666666665,80.80833333333334,0.3731491910221239,Moderate Risk,high NPL net (+0.115); funding pressure (+0.049); three-year NPL net trend (+0.032),False,,0
602615,PT Bank Perekonomian Rakyat Surya Utama,Provinsi Jawa Tengah,Kab. Sukoharjo,-7.6459933,110.7109186,15.77,0.21,97.71,71.43,45.89,11.24,-9.219999999999999,4.49,-40.769999999999996,11.980000000000004,16.44,1.5315384615384615,94.80461538461539,9.6,1.5939999999999999,88.1,0.3730879295611411,Moderate Risk,three-year BOPO trend (+0.082); one-year ROA movement (+0.067); high NPL net (+0.051),False,,0
602583,PT Bank Perekonomian Rakyat Harta Mandiri,Provinsi Riau,Kota Pekanbaru,0.5358002,101.4445376,17.04,3.43,82.32,181.78,66.67,22.96,2.799999999999999,-2.28,9.779999999999987,-6.1499999999999915,9.724375,0.29625,87.42125,7.58,-1.6199999999999999,90.51875000000001,0.3718818198217366,Moderate Risk,high NPL net (+0.058); NPL net versus bank history (+0.018); deposit growth (+0.015),False,,0
600729,PT Bank Perekonomian Rakyat Lestari Darmo Mulyo,Provinsi D.I. Yogyakarta,Kota Yogyakarta,-7.8025937,110.3668308,24.29,1.69,88.45,101.5,37.82,15.41,6.0,-0.020000000000000018,-0.8499999999999943,6.27,24.633999999999997,-0.5759999999999998,115.532,21.77857142857143,0.14428571428571452,108.34285714285714,0.37180527894219695,Moderate Risk,high NPL net (+0.158); three-year NPL net trend (+0.058); NPL net versus bank history (+0.057),False,,0
602716,PT Bank Perekonomian Rakyat Perdana Cipta Sejahtera,Provinsi Jambi,Kota Jambi,-1.6063747,103.6127614,7.78,4.57,70.2,102.19,33.87,7.98,3.42,-0.6600000000000001,0.6899999999999977,0.5799999999999983,13.215384615384615,2.420769230769231,86.51923076923077,11.277142857142858,2.007142857142857,87.67142857142858,0.37161996403325215,Moderate Risk,operating efficiency pressure (+0.052); high NPL net (+0.044); deposit funding mix (+0.040),False,,0
600822,PT Bank Perekonomian Rakyat Kartini,Provinsi DKI Jakarta,Wil. Kota Jakarta Pusat,-6.1474967,106.8291135,0.0,-7.96,187.68,497.76,124.83,120.83,0.0,0.04999999999999982,-142.11,-348.1,19.757857142857144,-2.9307142857142856,141.88785714285714,16.32125,-3.7900000000000005,164.13750000000002,0.37147132394277055,Moderate Risk,capital adequacy level (+0.088); deposit funding mix (+0.043); loan scale (+0.031),False,,0
601397,PT. BPR Jateng,Provinsi Jawa Tengah,Kota Semarang,-7.0221446,110.4042136,13.21,2.38,84.43,76.42,26.15,5.35,5.670000000000001,-0.96,4.360000000000014,1.139999999999997,18.953750000000003,0.6549999999999999,95.83333333333333,12.693999999999999,-0.8699999999999999,97.546,0.371173491994676,Moderate Risk,high NPL net (+0.116); loan growth (+0.088); one-year NPL net movement (+0.050),False,,0
600794,PT Bank Perekonomian Rakyat Rakyat Mandiri,Provinsi Sulawesi Tenggara,Kota Bau-Bau,-5.4634407,122.5940124,11.19,2.91,85.94,92.71,57.28,32.18,6.8,-2.75,11.549999999999997,10.18,1.6099999999999994,1.6600000000000001,91.19999999999999,8.265,4.95,83.1425,0.37049291975926046,Moderate Risk,high NPL net (+0.081); one-year NPL net movement (+0.044); ROA versus bank history (+0.036),False,,0
601319,PT Bank Perekonomian Rakyat Gracia Mandiri,Provinsi Jawa Barat,Kab. Bekasi,-6.2619821,107.0206217,39.82,-5.26,132.77,89.92,63.53,33.52,-2.6300000000000026,-12.629999999999999,66.81000000000002,2.5799999999999983,15.844761904761905,-0.5819047619047619,98.1842857142857,14.22,1.185,93.035,0.3688755827869837,Moderate Risk,three-year capital trend (+0.058); capital adequacy level (+0.041); deposit funding mix (+0.040),False,,1
600087,PT Bank Perekonomian Rakyat Central International,Provinsi Jawa Tengah,Kota Surakarta/Solo,-7.5712638,110.8201859,27.61,-3.44,124.11,82.0,32.45,9.61,0.6699999999999982,-1.77,-1.6400000000000006,8.600000000000001,13.2125,1.0533333333333332,93.67250000000001,11.34142857142857,1.1242857142857143,96.61285714285714,0.36872651014947,Moderate Risk,high NPL net (+0.128); deposit funding mix (+0.079); deposit growth (+0.036),False,,0
602008,PT Bank Perekonomian Rakyat Artha Waringin Jaya,Provinsi Jawa Timur,Kab. Situbondo,-7.7042808,113.9770265,20.17,1.2,89.04,111.68,35.63,7.37,3.4800000000000004,2.71,-23.959999999999994,-4.229999999999997,7.25,3.67,74.34999999999998,4.353333333333333,6.863333333333333,63.51666666666666,0.3679088321596546,Moderate Risk,three-year BOPO trend (+0.076); one-year ROA movement (+0.046); one-year BOPO movement (+0.034),False,,0
601045,PT Bank Perekonomian Rakyat Maha Bhoga Marga,Provinsi Bali,Kab. Badung,-8.581079,115.1786347,31.04,-0.26,103.86,78.16,13.62,10.36,3.1400000000000006,4.390000000000001,-49.980000000000004,0.5800000000000001,6.100652173913043,1.7591304347826087,86.68586956521739,8.19875,1.48125,93.295,0.3675423981152699,Moderate Risk,high NPL net (+0.147); one-year ROA movement (+0.055); three-year capital trend (+0.045),False,,0
601736,Koperasi Jasa Bank Perekonomian Rakyat Semanding (Skd),Provinsi Jawa Timur,Kab. Tuban,-6.8984761,112.0471482,14.34,4.0,73.65,94.87,51.02,40.31,7.34,-2.8,10.500000000000007,2.1500000000000057,5.650000000000002,9.29,52.46000000000001,8.416666666666666,3.598333333333333,87.27499999999999,0.36753409878130816,Moderate Risk,high NPL net (+0.085); operating efficiency pressure (+0.040); loan growth (+0.038),False,,0
600681,PT Bank Perekonomian Rakyat Solobaru Permai,Provinsi Jawa Tengah,Kab. Sukoharjo,-7.6052818,110.7989943,6.08,-1.35,109.43,64.28,63.28,11.14,5.74,-2.37,-29.060000000000002,-7.609999999999999,17.185384615384613,1.6515384615384616,93.90307692307692,9.541666666666666,1.3183333333333334,90.575,0.3669044121918348,Moderate Risk,capital adequacy level (+0.097); loan growth (+0.095); three-year capital trend (+0.079),False,,0
601365,PT Bank Perekonomian Rakyat Sumber Sibapudung,Provinsi Jawa Barat,Kota Cirebon,-6.7567964,108.5546331,13.6,-2.05,106.67,146.2,68.4,17.88,-3.4399999999999995,0.7200000000000002,-2.1599999999999966,22.020000000000003,8.017999999999999,-7.022,133.536,10.18,-12.816666666666668,162.4466666666667,0.36679358304241055,Moderate Risk,capital adequacy level (+0.053); deposit growth (+0.049); one-year KPMM movement (+0.031),False,,0
600789,PT Bank Perekonomian Rakyat Anugerah Harta Kaliwungu,Provinsi Jawa Tengah,Kab. Kendal,-6.9660666,110.1613886,14.67,3.31,80.72,102.33,39.66,15.49,4.869999999999999,-2.19,10.840000000000003,-1.5300000000000011,18.304000000000002,2.62,85.18199999999999,14.6375,3.06625,83.14375,0.36572491207452945,Moderate Risk,high NPL net (+0.133); NPL net versus bank history (+0.038); one-year NPL net movement (+0.037),False,,0
601124,PT BANK PEREKONOMIAN RAKYAT INGERTAD BANGUN UTAMA,Provinsi Kalimantan Timur,Kab. Kutai Kartanegara,-0.3498929,116.6265879,12.75,2.09,87.62,134.64,24.45,15.66,11.58,-4.22,19.189999999999998,0.14000000000000057,3.0,3.24,86.82,3.8200000000000003,-0.10250000000000026,99.60625,0.3650797792247849,Moderate Risk,one-year NPL net movement (+0.079); high NPL net (+0.071); three-year NPL net trend (+0.060),False,,0
601060,PT Bank Perekonomian Rakyat Restu Dewata,Provinsi Bali,Kab. Tabanan,-8.5524461,115.13865,28.49,-7.01,120.77,70.66,30.9,39.55,19.189999999999998,-8.629999999999999,33.22,24.65,8.848823529411764,1.2629411764705882,90.24235294117646,7.867142857142857,0.8242857142857142,93.25,0.364978025708663,Moderate Risk,high NPL net (+0.140); one-year NPL net movement (+0.065); one-year KPMM movement (+0.063),False,,0
600400,PT Bank Perekonomian Rakyat Bank Pura Artha,Provinsi Jawa Tengah,Kab. Karanganyar,-7.6716481,110.8917623,15.46,1.67,89.93,154.32,33.18,16.66,7.860000000000001,0.53,-3.5,2.6900000000000013,15.044,-0.6260000000000001,106.71099999999998,19.351666666666667,0.305,96.99166666666667,0.36496986999323955,Moderate Risk,high NPL net (+0.074); one-year NPL net movement (+0.073); three-year NPL net trend (+0.048),False,,0
601075,PT Bank Perekonomian Rakyat Segara Anak Kencana,Provinsi Nusa Tenggara Barat,Kab. Lombok Timur,-8.7699308,116.4824419,9.28,4.73,71.27,78.6,24.75,27.9,-1.3000000000000007,1.2800000000000002,-8.219999999999999,0.7699999999999996,,,,11.9775,3.6725,84.2925,0.36394775722792244,Moderate Risk,operating efficiency pressure (+0.072); high NPL net (+0.056); ROA versus bank history (+0.037),False,,0
601258,PT Bank Perekonomian Rakyat Difobutama,Provinsi Jawa Barat,Kota Depok,-6.3871009,106.8195015,15.93,-0.53,105.73,177.85,53.13,7.26,-1.370000000000001,-0.9,6.790000000000006,6.170000000000002,13.8495,1.8690000000000002,96.28099999999999,25.291999999999998,-1.4160000000000001,106.924,0.36310609351140616,Moderate Risk,high NPL net (+0.055); funding pressure (+0.048); deposit growth (+0.037),False,,0
602691,PT. BPR Artha Sukma,Provinsi Kalimantan Tengah,Kab. Sukamara,-2.7085936,111.1707931,20.6,-8.03,171.67,171.29,107.97,55.28,6.010000000000002,-2.6499999999999995,20.599999999999994,23.189999999999998,,,,6.08625,5.173749999999999,76.73625,0.3627636363361464,Moderate Risk,loan growth (+0.122); capital adequacy level (+0.075); one-year NPL net movement (+0.042),False,,0
600901,PT Bank Perekonomian Rakyat Tresna Niaga,Provinsi Nusa Tenggara Barat,Kab. Lombok Tengah,-8.7100278,116.2753934,13.11,1.31,91.99,384.88,24.1,44.23,5.379999999999999,-1.0299999999999998,7.659999999999997,2.1400000000000006,,,,8.216,3.7439999999999998,84.554,0.3627083941248137,Moderate Risk,funding pressure (+0.080); three-year NPL net trend (+0.052); deposit growth (+0.038),False,,0
601243,PT Bank Perekonomian Rakyat Niaga Mandiri,Provinsi Banten,Kota Tangerang,-6.2095094,106.6064275,25.39,1.69,89.23,76.87,83.22,5.9,4.830000000000002,-0.33000000000000007,4.900000000000006,-7.189999999999998,15.289333333333332,1.4666666666666666,98.42533333333334,7.93,2.1100000000000003,83.9175,0.3609742457443603,Moderate Risk,deposit funding mix (+0.083); high NPL net (+0.071); capital adequacy level (+0.052),False,,0
602697,PT BPR Sanggam Cipta Sejahtera Balangan,Provinsi Kalimantan Selatan,Kab. Balangan,-2.3358169,115.458182,3.81,3.75,74.02,140.43,164.88,41.64,-0.52,1.1099999999999999,-7.280000000000001,9.310000000000002,,,,2.5900000000000003,0.8366666666666666,91.04,0.3590190260580061,Moderate Risk,capital adequacy level (+0.080); operating efficiency pressure (+0.056); one-year LDR movement (+0.015),False,,0
600849,PT Bank Perekonomian Rakyat Payung Negeri Bestari,Provinsi Riau,Kota Pekanbaru,0.5087104,101.4418624,16.64,0.82,96.14,135.85,46.81,21.94,2.17,0.2599999999999999,-0.14000000000000057,-7.099999999999994,9.749375,0.459375,86.55749999999999,11.20375,-1.7462499999999999,90.69624999999999,0.3585550988639151,Moderate Risk,three-year NPL net trend (+0.062); high NPL net (+0.035); three-year BOPO trend (+0.034),False,,0
601794,PT Bank Perekonomian Rakyat Mitra Ekonomi Andalas,Provinsi Jawa Barat,Kota Bekasi,-6.2285512,106.974459,8.14,3.91,84.69,221.85,55.92,13.65,-1.1499999999999986,0.20999999999999996,0.6099999999999994,-2.239999999999995,17.53548387096774,-2.0290322580645164,119.9274193548387,20.8225,0.13499999999999998,102.495,0.35814375356413247,Moderate Risk,funding pressure (+0.084); high NPL net (+0.071); loan-to-deposit position (+0.016),False,,0
600882,PT Bank Perekonomian Rakyat Armindo Kencana,Provinsi Jawa Timur,Kota Malang,-8.0446979,112.6437225,29.14,-0.16,101.06,93.15,59.75,24.07,-4.269999999999996,0.19999999999999998,-2.4399999999999977,5.869999999999997,20.915,4.44,78.46166666666667,29.708,3.684,83.826,0.35776714887927286,Moderate Risk,deposit funding mix (+0.115); high NPL net (+0.100); capital adequacy level (+0.039),False,,0
601142,PT Bank Perekonomian Rakyat Millenia,Provinsi Sulawesi Utara,Kota Manado,1.476983,124.8387916,48.94,-6.68,163.09,77.98,48.33,36.67,24.319999999999997,-6.3999999999999995,38.74000000000001,25.849999999999998,2.4219999999999997,4.056,76.87,2.56,4.05,74.9125,0.3574209640799742,Moderate Risk,high NPL net (+0.066); one-year KPMM movement (+0.058); one-year NPL net movement (+0.052),False,,0
602645,PT Bank Perekonomian Rakyat Tara Dharma Artha,Provinsi Lampung,Kab. Lampung Tengah,-4.9603033,105.229063,61.34,-10.86,172.76,115.58,16.08,22.53,59.34,-14.42,88.21999999999998,-8.060000000000002,14.399999999999999,2.01,82.88499999999999,9.20857142857143,4.772857142857142,81.01,0.3573194139452254,Moderate Risk,high NPL net (+0.107); one-year NPL net movement (+0.077); three-year NPL net trend (+0.069),False,,0
602719,PT Bank Perekonomian Rakyat Dana Selaras Sentosa,Provinsi Lampung,Kota Bandar Lampung,-5.4066063,105.2743294,2.59,3.43,76.87,84.06,63.14,13.95,-5.22,0.33000000000000007,1.4200000000000017,-9.0,7.342727272727273,3.5281818181818183,78.23818181818181,4.887142857142857,4.048571428571429,74.92142857142858,0.35695270611013086,Moderate Risk,deposit funding mix (+0.151); capital adequacy level (+0.078); three-year capital trend (+0.036),False,,0
600086,PT Bank Perekonomian Rakyat Suryamas,Provinsi Jawa Tengah,Kota Surakarta/Solo,-7.6471511,110.6251516,25.52,0.02,99.54,87.76,31.04,5.98,1.870000000000001,-1.67,8.13000000000001,0.6699999999999982,13.386666666666665,0.765,95.72000000000001,17.19,-0.03285714285714276,104.85857142857142,0.35661814116266183,Moderate Risk,high NPL net (+0.162); deposit funding mix (+0.051); NPL net versus bank history (+0.041),False,,0
601351,PT Bank Perekonomian Rakyat Mulia Yuganta Indonesia,Provinsi Jawa Barat,Kota Bandung,-6.9657286,107.5738062,12.99,-5.59,129.68,51.06,32.89,18.15,1.7799999999999994,-2.55,12.030000000000001,-1.1700000000000017,10.344827586206897,0.18931034482758619,99.74793103448276,14.928571428571429,1.235714285714286,94.51285714285714,0.3565509305685967,Moderate Risk,high NPL net (+0.070); loan growth (+0.069); three-year capital trend (+0.029),False,,0
602703,PT Bank Perekonomian Rakyat Nusantara Abdi Mulia,Provinsi Nusa Tenggara Timur,Kota Kupang,-10.1726999,123.5875458,18.46,1.88,88.03,83.83,30.14,12.49,8.46,-0.8700000000000001,7.769999999999996,4.310000000000002,7.6579999999999995,3.4800000000000004,82.076,7.3742857142857146,2.3428571428571425,87.88285714285713,0.3563882452855587,Moderate Risk,high NPL net (+0.102); three-year capital trend (+0.051); loan growth (+0.050),False,,0
601007,PT Bank Perekonomian Rakyat Penebel,Provinsi Bali,Kab. Tabanan,-8.5374695,115.0834918,2.12,3.95,71.04,125.96,46.5,23.62,-1.38,0.7000000000000002,-8.779999999999987,-2.520000000000003,10.399999999999999,0.6182352941176471,93.16764705882352,9.561250000000001,0.50375,95.45124999999999,0.35517776303910226,Moderate Risk,three-year BOPO trend (+0.073); funding pressure (+0.067); operating efficiency pressure (+0.057),False,,0
600771,PT BPR Majatama Perseroda,Provinsi Jawa Timur,Kota Mojokerto,-7.4816549,112.4333104,5.82,4.8,68.33,176.52,27.83,18.89,0.47000000000000064,0.09999999999999964,-3.1599999999999966,-7.850000000000001,0.6200000000000001,1.79,82.59000000000002,12.251999999999999,2.3419999999999996,83.19800000000001,0.35492081170158735,Moderate Risk,operating efficiency pressure (+0.083); loan-to-deposit position (+0.037); ROA versus bank history (+0.023),False,,0
600997,PT Bank Perekonomian Rakyat Bank Buleleng 45 (Perseroda),Provinsi Bali,Kab. Buleleng,-8.1111414,115.0875673,19.78,-6.17,98.81,71.3,47.25,16.94,12.96,-6.71,8.400000000000006,-14.240000000000002,10.815,-1.0516666666666665,124.52166666666669,12.58125,-0.8899999999999999,119.15375,0.3548951563473575,Moderate Risk,high NPL net (+0.069); three-year capital trend (+0.062); one-year NPL net movement (+0.061),False,,0
601239,PT. BPR Nasional Nusantara,Provinsi Jawa Barat,Kota Bekasi,-6.293265,106.9821869,45.94,-11.73,211.68,99.29,74.05,18.49,11.519999999999996,-9.05,88.4,38.099999999999994,16.316129032258065,-1.5245161290322582,115.8309677419355,6.95,0.65,92.15,0.35421818348875617,Moderate Risk,high NPL net (+0.071); deposit funding mix (+0.058); one-year NPL net movement (+0.032),False,,0
601738,PT Bank Perekonomian Rakyat Buana Citra Sejahtera,Provinsi Jawa Timur,Kab. Magetan,-7.6551019,111.3105966,34.14,-8.4,125.25,120.8,20.43,25.09,5.43,0.4900000000000002,-30.120000000000005,6.619999999999999,8.083333333333334,1.58,87.55333333333334,5.9628571428571435,3.6999999999999997,81.9042857142857,0.3541778685264214,Moderate Risk,three-year BOPO trend (+0.067); three-year NPL net trend (+0.066); high NPL net (+0.065),False,,0
601981,PT Bank Perekonomian Rakyat Arum Mandiri Kenanga,Provinsi D.I. Yogyakarta,Kab. Bantul,-7.8523325,110.339934,19.4,0.08,99.32,103.43,22.01,26.09,1.0499999999999972,-0.38999999999999996,2.7099999999999937,1.8900000000000006,8.352,1.7420000000000002,86.946,16.065714285714286,0.15428571428571441,105.49857142857142,0.3540802987480424,Moderate Risk,deposit funding mix (+0.069); three-year NPL net trend (+0.051); high NPL net (+0.047),False,,0
601854,PT Bank Perekonomian Rakyat Mitra Bali Mandiri,Provinsi Bali,Kab. Badung,-8.6179413,115.1384762,14.07,-1.51,108.8,39.14,50.75,15.95,4.210000000000001,2.13,-24.36,36.49,6.469565217391305,1.786304347826087,86.57847826086956,3.3975,2.9825000000000004,78.01249999999999,0.35403670837795714,Moderate Risk,three-year BOPO trend (+0.071); one-year ROA movement (+0.036); one-year BOPO movement (+0.034),False,,1
602616,PT Bank Perekonomian Rakyat Tanjung Pratama,Provinsi Nusa Tenggara Timur,Kab. Belu,-9.1068978,124.8932646,9.77,2.98,80.96,53.0,83.96,24.05,3.59,0.04999999999999982,0.8099999999999881,7.539999999999992,3.5600000000000005,-3.98,123.84000000000002,8.615714285714287,2.1857142857142855,88.89285714285714,0.35350224543525427,Moderate Risk,loan growth (+0.065); one-year KPMM movement (+0.056); capital adequacy level (+0.036),False,,0
601689,Bank Perekonomian Rakyat Wutama Artha Jaya,Provinsi Jawa Timur,Kab. Jember,-8.1773001,113.6804646,15.01,-1.61,110.84,96.55,59.25,25.81,-3.200000000000001,-2.2,14.010000000000005,-16.370000000000005,11.568750000000001,4.725,76.7825,18.91,2.868,83.336,0.3530120214846169,Moderate Risk,deposit funding mix (+0.092); three-year capital trend (+0.082); high NPL net (+0.065),False,,0
601247,PT Bank Perekonomian Rakyat Brilian Investama,Provinsi DKI Jakarta,Wil. Kota Jakarta Pusat,-6.1644112,106.8253172,7.28,0.04,95.35,64.25,48.86,35.78,0.79,-0.98,0.5099999999999909,-37.540000000000006,19.237857142857145,-3.5021428571428572,148.48285714285717,17.598750000000003,-5.645,181.065,0.3529805474694047,Moderate Risk,deposit funding mix (+0.113); three-year capital trend (+0.088); funding pressure (+0.036),False,,0
600975,PT Bank Perekonomian Rakyat Swadhanamas Pakto,Provinsi Jawa Timur,Kab. Banyuwangi,-8.3398012,114.0970976,5.83,9.75,59.61,143.55,51.12,20.72,1.2599999999999998,0.8300000000000001,-1.7100000000000009,-14.330000000000005,13.37,1.86875,92.31125,10.092500000000001,3.2899999999999996,82.13499999999999,0.35297792309147574,Moderate Risk,operating efficiency pressure (+0.080); funding pressure (+0.032); three-year ROA trend (+0.020),False,,0
601272,PT Bank Perekonomian Rakyat Aditama Arta,Provinsi Jawa Barat,Kota Bekasi,-6.2388071,106.7913684,17.69,0.32,102.25,93.0,42.85,8.92,6.260000000000002,-1.23,12.579999999999998,-0.259999999999998,17.22741935483871,-1.913225806451613,119.36096774193548,,,,0.35119994235424445,Moderate Risk,high NPL net (+0.100); deposit funding mix (+0.071); three-year capital trend (+0.031),False,,1
600278,PT Bank Perekonomian Rakyat Bank Sinpo,Provinsi DKI Jakarta,Wil. Kota Jakarta Pusat,-6.1798662,106.8385164,0.0,0.14,94.57,5.18,184.87,33.49,-0.02,1.13,-35.51000000000002,-4.3700000000000045,19.757857142857144,-3.5092857142857143,148.53857142857143,24.44,-0.46875,105.27625,0.35119861798968793,Moderate Risk,ROA versus bank history (+0.131); capital adequacy level (+0.058); loan scale (+0.054),False,,0
601472,PT Bank Perekonomian Rakyat Arthapuspa Mega,Provinsi Jawa Tengah,Kab. Tegal,-6.9334561,109.0929716,19.1,0.76,94.67,97.7,21.14,20.31,6.800000000000001,-1.21,6.439999999999998,1.629999999999999,20.955000000000002,1.8569999999999998,89.436,20.21142857142857,1.974285714285714,88.21000000000001,0.3508506347402716,Moderate Risk,high NPL net (+0.128); one-year NPL net movement (+0.068); three-year NPL net trend (+0.065),False,,0
600946,PT Bank Perekonomian Rakyat Dhaha Ekonomi,Provinsi Jawa Timur,Kota Kediri,-7.8107661,112.0071542,6.53,0.07,101.88,94.12,47.81,9.36,4.0600000000000005,-0.12,1.4200000000000017,13.580000000000005,8.45,4.07,81.95333333333333,15.922857142857142,3.1685714285714286,85.07000000000001,0.3496486941510111,Moderate Risk,three-year BOPO trend (+0.089); three-year NPL net trend (+0.080); deposit funding mix (+0.062),False,,0
602014,PT. BPR Mos Muara Panas,Provinsi Sumatera Barat,Kab. Solok,-0.8495406,100.6855152,6.73,3.86,79.74,116.8,55.18,37.47,5.41,0.3799999999999999,-3.0500000000000114,-5.450000000000003,11.55,1.175,117.13999999999999,8.778571428571428,1.7799999999999998,95.98714285714286,0.34948077705651726,Moderate Risk,one-year NPL net movement (+0.065); ROA versus bank history (+0.046); capital adequacy level (+0.018),False,,0
600900,PT Bank Perekonomian Rakyat Gunung Arjuna,Provinsi Jawa Timur,Kota Malang,-7.9775847,112.6265561,13.28,3.74,76.64,152.05,148.9,18.53,-11.540000000000001,1.6600000000000001,-9.39,-18.370000000000005,23.558333333333334,3.7900000000000005,82.53166666666668,22.183333333333337,3.8550000000000004,82.14333333333333,0.3493417737168133,Moderate Risk,ROA versus bank history (+0.095); capital adequacy level (+0.035); high NPL net (+0.030),False,,0
602711,PT Bank Perekonomian Rakyat Citra Darma Wangsa,Provinsi Jambi,Kota Jambi,-1.599029,103.6066958,10.66,2.52,88.26,141.45,58.74,10.53,0.620000000000001,1.54,-6.640000000000001,1.0800000000000054,12.993846153846153,2.5784615384615384,85.13000000000001,11.870000000000001,2.4514285714285715,85.25142857142858,0.3487071191654992,Moderate Risk,deposit funding mix (+0.045); ROA versus bank history (+0.025); funding pressure (+0.022),False,,0
602678,PT Bank Perekonomian Rakyat Anugerah Bintang Sejahtera,Provinsi Riau,Kota Pekanbaru,-2.8854451,101.539957,17.34,3.76,70.36,82.59,31.92,13.39,6.9399999999999995,-1.29,6.630000000000003,1.2900000000000027,9.705625,0.275625,88.16875,3.7471428571428573,4.015714285714286,84.9542857142857,0.34859266797514016,Moderate Risk,high NPL net (+0.143); operating efficiency pressure (+0.053); profitability level (+0.014),False,,0
600984,PT Bank Perekonomian Rakyat Balung Artha Guna,Provinsi Jawa Timur,Kab. Jember,-8.2246744,113.495512,3.23,8.44,75.91,201.51,60.24,13.61,-1.56,3.59,-10.150000000000006,3.789999999999999,12.305000000000001,4.096875,78.96562499999999,8.626666666666667,4.001666666666666,78.97500000000001,0.34782458282091877,Moderate Risk,funding pressure (+0.082); capital adequacy level (+0.082); one-year ROA movement (+0.040),False,,0
600430,Perumda BPR Bank Blora Artha,Provinsi Jawa Tengah,Kab. Blora,-6.9695952,111.4119069,39.63,-5.22,142.27,139.21,19.79,15.34,21.720000000000002,-6.16,50.040000000000006,1.25,12.049999999999999,2.4566666666666666,84.35,14.987142857142858,2.4899999999999998,84.86428571428571,0.3476937576995849,Moderate Risk,three-year NPL net trend (+0.090); one-year NPL net movement (+0.078); high NPL net (+0.059),False,,0
602696,PT Bank Perekonomian Rakyat Natuna,Provinsi Kep. Riau,Kab. Natuna,4.0000212,108.2397002,1.44,4.61,61.82,119.93,71.22,8.79,0.15999999999999992,0.5600000000000005,-5.57,-21.900000000000006,,,,8.715,-1.04,100.1225,0.34721393694307323,Moderate Risk,deposit funding mix (+0.095); capital adequacy level (+0.079); one-year KPMM movement (+0.024),False,,0
601096,PT Bank Perekonomian Rakyat Mulyo Raharjo,Provinsi Jawa Timur,Kab. Magetan,-7.5525389,111.450947,15.5,-0.94,105.58,142.99,28.24,17.12,8.15,-3.4,19.39999999999999,-0.9600000000000009,14.296666666666667,-0.9066666666666668,94.11000000000001,6.666666666666667,4.211666666666666,80.90166666666667,0.3469574023925713,Moderate Risk,high NPL net (+0.059); one-year NPL net movement (+0.054); three-year NPL net trend (+0.051),False,,0
602605,PT Bank Perekonomian Rakyat Puskopat,Provinsi Sumatera Selatan,Kota Palembang,-2.9635051,104.7405001,20.82,-0.45,101.62,132.8,43.26,16.8,-0.8399999999999999,-1.36,6.52000000000001,-8.770000000000003,7.103636363636365,2.7836363636363632,80.94363636363636,6.585714285714286,3.5800000000000005,76.27142857142859,0.3466236998052503,Moderate Risk,high NPL net (+0.108); three-year NPL net trend (+0.041); three-year capital trend (+0.036),False,,0
601321,PT Bank Perekonomian Rakyat Sumber Artha Rahayu,Provinsi Jawa Barat,Kota Bekasi,-6.2493957,106.9416111,29.85,-0.79,103.25,75.76,59.39,23.02,-1.1699999999999982,-2.6100000000000003,13.14,-0.21000000000000085,16.83516129032258,-1.8774193548387097,119.32870967741935,15.553999999999998,1.272,94.522,0.3459926667215319,Moderate Risk,high NPL net (+0.127); three-year NPL net trend (+0.036); capital adequacy level (+0.027),False,,0
600561,PT BPR Kridaharta,Provinsi Jawa Tengah,Kota Salatiga,-7.3311372,110.4974692,13.88,1.93,83.21,77.01,34.77,19.0,7.200000000000001,-0.6399999999999999,4.390000000000001,1.1500000000000057,12.296666666666665,1.7433333333333334,89.81,10.51,3.045,85.09375,0.34564842278193275,Moderate Risk,high NPL net (+0.138); three-year NPL net trend (+0.045); one-year NPL net movement (+0.044),False,,0
600781,PT. BANK PEREKONOMIAN RAKYAT PITIH GUMARANG,Provinsi Nusa Tenggara Barat,Kota Mataram,-8.595713,116.0970268,9.39,4.96,70.75,79.38,30.74,16.46,6.25,-0.3200000000000003,-1.3299999999999983,5.609999999999999,7.387499999999999,1.53,90.475,10.485,3.6133333333333333,78.72666666666667,0.3455106682698061,Moderate Risk,high NPL net (+0.095); operating efficiency pressure (+0.076); profitability level (+0.032),False,,0
601375,PT Bank Perekonomian Rakyat Artha Perwira (Perseroda),Provinsi Jawa Tengah,Kab. Purbalingga,-7.4098064,109.3485701,14.76,2.1,82.91,95.36,43.6,27.5,8.75,-1.58,8.450000000000003,0.990000000000002,5.069999999999999,4.1450000000000005,69.81,9.37142857142857,1.862857142857143,87.56428571428572,0.34522016013704476,Moderate Risk,high NPL net (+0.084); one-year NPL net movement (+0.066); loan growth (+0.064),False,,0
600186,PT Bank Perekonomian Rakyat Artha Margahayu,Provinsi Riau,Kota Pekanbaru,0.5348314,101.4226401,5.13,2.92,82.97,78.89,58.04,6.25,1.35,-0.41000000000000014,4.739999999999995,7.420000000000002,10.46875,0.328125,87.380625,9.068750000000001,-1.5562499999999997,90.4375,0.34476250437244654,Moderate Risk,provision coverage (+0.074); one-year KPMM movement (+0.057); three-year BOPO trend (+0.045),False,,0
601932,PT Bank Perekonomian Rakyat Mapalus Tumetenden,Provinsi Sulawesi Utara,Kab. Minahasa Utara,1.3621759,124.8661329,16.79,0.3,98.18,148.6,46.28,26.95,7.289999999999999,0.64,-1.779999999999987,-0.9699999999999989,0.5799999999999983,2.03,76.23000000000002,1.55,4.4079999999999995,75.786,0.3442914667941277,Moderate Risk,high NPL net (+0.043); three-year NPL net trend (+0.040); funding pressure (+0.036),False,,0
601117,PT Bank Perekonomian Rakyat Agritrans Batumarta,Provinsi Sumatera Selatan,Kab. Ogan Komering Ulu,-4.0488589,104.1207496,16.3,1.52,88.57,159.51,16.04,9.49,2.1800000000000015,-0.10999999999999988,-0.960000000000008,-0.6300000000000026,0.17999999999999972,2.9400000000000004,83.475,4.148571428571429,3.4057142857142852,78.83428571428571,0.3435400094619134,Moderate Risk,high NPL net (+0.097); three-year NPL net trend (+0.058); NPL net versus bank history (+0.047),False,,0
600563,PT Bank Perekonomian Rakyat Mulyo Lumintu,Provinsi Jawa Tengah,Kab. Magelang,-7.5819546,110.282883,16.4,0.53,96.75,79.61,57.96,15.98,9.229999999999999,-1.72,8.549999999999997,-14.619999999999997,12.509090909090908,1.340909090909091,89.79545454545455,13.877500000000001,-0.3600000000000001,100.84625,0.3429678490793214,Moderate Risk,high NPL net (+0.115); three-year capital trend (+0.070); three-year NPL net trend (+0.043),False,,0
600828,PT Bank Perekonomian Rakyat Buana Dana Makmur,Provinsi Jawa Timur,Kab. Sidoarjo,-7.3504637,112.7007612,8.46,2.01,83.49,103.63,49.97,24.4,6.9,2.6799999999999997,-21.570000000000007,7.32,13.687368421052632,-0.9989473684210523,119.23105263157896,11.542857142857143,1.3214285714285714,97.34571428571428,0.34264699676385413,Moderate Risk,high NPL net (+0.076); one-year KPMM movement (+0.039); one-year NPL net movement (+0.029),False,,0
601032,PT Bank Perekonomian Rakyat Bunga Sutra Mas,Provinsi Bali,Kab. Tabanan,-8.4388545,114.9333225,2.65,4.98,62.3,90.73,43.8,12.17,0.5,0.9000000000000004,-4.8700000000000045,3.969999999999999,10.368823529411763,0.5576470588235294,93.68176470588234,11.808571428571428,-0.32857142857142857,98.06285714285715,0.3424670987807257,Moderate Risk,operating efficiency pressure (+0.107); provision coverage (+0.059); one-year KPMM movement (+0.025),False,,0
601779,PT Bank Perekonomian Rakyat Adiartha Reksacitra,Provinsi Jawa Timur,Kab. Malang,-7.9026196,112.658909,5.15,4.16,81.94,156.51,59.96,24.1,-1.3399999999999999,0.4900000000000002,0.14999999999999147,6.960000000000001,16.204285714285714,5.590476190476191,87.79761904761905,14.608,4.184,79.016,0.34236653363473385,Moderate Risk,capital adequacy level (+0.055); deposit funding mix (+0.041); loan growth (+0.031),False,,0
601432,PT Bank Perekonomian Rakyat Eleska Artha,Provinsi Jawa Tengah,Kab. Banyumas,-7.4410758,109.2353932,16.91,2.21,81.42,125.96,157.84,27.3,-3.8999999999999986,0.08000000000000007,-2.3700000000000045,13.300000000000011,11.882857142857144,1.1814285714285713,92.1457142857143,9.064285714285715,1.8471428571428572,87.77714285714286,0.3423349442065663,Moderate Risk,loan growth (+0.025); three-year NPL net trend (+0.017); capital adequacy level (+0.015),False,,0
601685,PT Bank Perekonomian Rakyat Sungkunandhana,Provinsi Jawa Tengah,Kab. Pati,-6.7079713,111.0479775,5.67,12.49,63.81,118.86,35.49,12.31,-0.71,2.09,-3.8799999999999955,-13.809999999999995,12.165555555555555,2.597777777777777,84.85000000000001,14.111428571428572,2.527142857142857,84.78857142857143,0.3421509071310478,Moderate Risk,operating efficiency pressure (+0.095); one-year ROA movement (+0.015); deposit funding mix (+0.013),False,,0
601087,PT Bank Perekonomian Rakyat Surya Arthaguna Abadi,Provinsi Jawa Timur,Kota Surabaya,-7.2611823,112.7452693,3.85,-0.72,106.15,85.52,64.08,12.28,3.64,1.97,-16.25,-13.420000000000002,9.405000000000001,1.1012499999999998,109.616875,6.879999999999999,0.45999999999999996,117.92750000000001,0.34201677211054027,Moderate Risk,deposit funding mix (+0.082); three-year BOPO trend (+0.065); capital adequacy level (+0.030),False,,0
601271,PT Bank Perekonomian Rakyat Karinamas Permai,Provinsi Jawa Barat,Kota Bekasi,-6.2279447,106.9800619,19.78,0.47,96.62,81.19,24.9,17.02,5.940000000000001,-1.82,9.810000000000002,-0.39000000000000057,17.16,-1.9180645161290324,119.5425806451613,17.9125,0.995,99.51249999999999,0.3420060900011857,Moderate Risk,high NPL net (+0.136); deposit funding mix (+0.066); NPL net versus bank history (+0.048),False,,0
601257,PT Bank Perekonomian Rakyat Prabu Mitra,Provinsi Jawa Barat,Kab. Bekasi,-6.2525046,107.0288638,7.95,1.15,87.71,113.54,29.18,4.79,2.04,-9.81,-102.69000000000001,17.22,17.362380952380953,-0.8871428571428571,100.33,26.52,-2.52,115.89000000000001,0.34171293336934366,Moderate Risk,deposit funding mix (+0.072); three-year BOPO trend (+0.043); one-year KPMM movement (+0.031),False,,0
600579,PT. BPR Ambarawa Persada,Provinsi Jawa Tengah,Kab. Semarang,-7.2552385,110.4057849,3.02,6.93,61.79,126.41,52.19,13.09,0.020000000000000018,-0.3000000000000007,3.799999999999997,-1.240000000000002,16.616666666666667,3.6300000000000003,80.8525,12.6,3.81,80.17,0.341477038181056,Moderate Risk,operating efficiency pressure (+0.107); funding pressure (+0.057); deposit funding mix (+0.020),False,,0
600035,PT Bank Perekonomian Rakyat Pusaka Dana,Provinsi Banten,Kab. Tangerang,-6.2204946,106.4388217,3.56,15.94,63.57,95.82,32.13,18.56,0.71,1.2799999999999994,-1.6300000000000026,-4.919999999999995,12.96,1.7077777777777778,96.0738888888889,9.112,2.806,87.55199999999999,0.3414455199253276,Moderate Risk,operating efficiency pressure (+0.075); funding pressure (+0.042); ROA versus bank history (+0.038),False,,0
600817,PT Bank Perekonomian Rakyat Tanggo Rajo Perseroda,Provinsi Jambi,Kab. Tanjung Jabung Barat,-0.8223904,103.4578507,3.98,3.46,76.5,142.03,120.64,55.32,0.0,0.22999999999999998,-1.3400000000000034,39.19,,,,12.345714285714283,3.947142857142857,84.33142857142856,0.3410484538644704,Moderate Risk,loan growth (+0.086); capital adequacy level (+0.057); three-year NPL net trend (+0.025),False,,0
601136,PT Bank Perekonomian Rakyat Bhapertim Persada,Provinsi Jawa Timur,Kab. Jombang,-7.5706268,112.3411017,16.71,1.26,92.24,93.27,21.07,12.72,5.1800000000000015,0.36,-1.8700000000000045,-0.5399999999999991,9.965,6.0,75.73166666666667,10.053999999999998,5.772,70.326,0.3408996916371649,Moderate Risk,high NPL net (+0.115); three-year capital trend (+0.063); one-year NPL net movement (+0.056),False,,0
600991,PT Bank Perekonomian Rakyat Surya Kencana Jaya,Provinsi Jawa Timur,Kab. Jember,-8.1729386,113.5361161,2.8,7.04,65.55,69.49,48.24,136.0,0.29000000000000004,-1.2800000000000002,-2.049999999999997,-11.18,12.331875,4.184374999999999,79.613125,13.37,3.2733333333333334,85.08666666666667,0.3407654355244352,Moderate Risk,operating efficiency pressure (+0.135); one-year LDR movement (+0.073); profitability level (+0.045),False,,0
600777,PT Bank Perekonomian Rakyat Kurnia Dadi Arta,Provinsi Jawa Timur,Kota Mojokerto,-7.4749723,112.4295271,0.62,1.79,82.59,67.88,150.27,15.46,-1.27,2.17,-21.42,6.960000000000008,5.82,4.8,68.33000000000001,13.292000000000002,2.944,80.346,0.34015892679768306,Moderate Risk,provision coverage (+0.075); loan scale (+0.046); one-year LDR movement (+0.026),False,,0
602759,PT BPR BKK Jawa Tengah (Perseroda),Provinsi Jawa Tengah,Kota Semarang,-6.9752028,110.4131077,16.46,2.03,82.87,82.14,43.14,19.26,2.6500000000000004,-0.5900000000000003,4.730000000000004,1.4500000000000028,18.818333333333335,0.6695833333333332,95.89833333333333,15.718749999999998,-0.06499999999999995,96.34875,0.33983613937799867,Moderate Risk,three-year BOPO trend (+0.078); high NPL net (+0.066); three-year NPL net trend (+0.048),False,,0
601760,PT Bank Perekonomian Rakyat Puriseger Sentosa,Provinsi Jawa Timur,Kab. Mojokerto,-7.5029461,112.457491,20.44,3.39,71.25,71.08,51.36,17.06,2.3800000000000026,-0.31000000000000005,-1.0600000000000023,-4.049999999999997,12.254285714285714,4.308571428571428,82.24142857142859,9.328,2.6239999999999997,82.614,0.3389337816701061,Moderate Risk,high NPL net (+0.133); operating efficiency pressure (+0.071); one-year NPL net movement (+0.013),False,,0
600658,PT Bank Perekonomian Rakyat Bina Sejahtera Insani,Provinsi Jawa Tengah,Kab. Karanganyar,-7.5528828,110.7666292,12.61,1.48,86.85,86.77,29.02,17.19,8.41,-0.15999999999999992,1.5699999999999932,0.8900000000000006,15.329000000000002,-0.607,107.019,20.31714285714286,0.051428571428571476,106.2685714285714,0.33881627339775083,Moderate Risk,high NPL net (+0.103); NPL net versus bank history (+0.064); one-year NPL net movement (+0.058),False,,0
602744,PERUMDA BPR Mukomuko,Provinsi Bengkulu,Kab. Bengkulu Selatan,-2.5695476,101.1092579,5.21,1.72,88.77,144.4,67.33,61.23,-1.7199999999999998,1.21,-8.02000000000001,-7.859999999999999,,,,7.438333333333333,1.5883333333333332,90.96666666666665,0.33842747198466056,Moderate Risk,three-year BOPO trend (+0.052); one-year LDR movement (+0.048); funding pressure (+0.045),False,,0
601718,PT Bank Perekonomian Rakyat Kebomas,Provinsi Jawa Timur,Kab. Gresik,-7.1549732,112.6150826,13.43,1.17,93.35,89.78,33.89,19.41,1.6799999999999997,0.2699999999999999,-0.12000000000000455,-7.630000000000003,16.756666666666668,2.4777777777777774,90.74,16.181428571428572,-0.48857142857142855,99.46428571428571,0.33816897546955044,Moderate Risk,deposit funding mix (+0.060); high NPL net (+0.046); funding pressure (+0.043),False,,0
600183,PT Bank Perekonomian Rakyat Nusamba Tanjungsari,Provinsi Jawa Barat,Kab. Sumedang,-6.9093458,107.7922996,9.61,2.72,87.11,88.14,23.42,20.22,3.5199999999999996,0.8400000000000003,-4.75,2.1800000000000033,12.35,5.986666666666667,78.16333333333334,7.8340000000000005,-2.7819999999999996,113.03399999999999,0.3379401744173703,Moderate Risk,three-year NPL net trend (+0.064); three-year BOPO trend (+0.060); ROA versus bank history (+0.048),False,,0
601777,PT Bank Perekonomian Rakyat Bekonang Sukoharjo,Provinsi Jawa Tengah,Kab. Sukoharjo,-7.6042642,110.8645329,17.39,-1.54,111.71,104.56,50.53,20.54,13.440000000000001,-2.51,19.959999999999994,10.670000000000002,16.315384615384616,1.666153846153846,93.72769230769231,15.288333333333334,0.7966666666666669,99.05166666666666,0.3378589762854333,Moderate Risk,high NPL net (+0.099); NPL net versus bank history (+0.058); one-year NPL net movement (+0.046),False,,0
600764,PT Bank Perekonomian Rakyat Guna Yatra,Provinsi Jawa Timur,Kota Surabaya,-7.2430169,112.7359303,10.42,1.78,85.7,125.92,40.3,11.46,4.59,0.19999999999999996,9.100000000000009,-6.109999999999999,8.994375000000002,0.945,110.895,6.05875,0.14749999999999996,120.48374999999999,0.33767599852323704,Moderate Risk,high NPL net (+0.058); funding pressure (+0.057); deposit funding mix (+0.033),False,,0
602724,PT Bank Perekonomian Rakyat Bahteramas Buton (Perseroda),Provinsi Sulawesi Tenggara,Kab. Buton,-5.4699599,122.6466578,0.0,-3.1,109.75,114.16,42.86,29.59,-2.83,-2.65,2.489999999999995,-6.350000000000001,17.53,0.6200000000000001,94.05000000000001,9.66375,5.70125,80.16624999999999,0.3371632264563525,Moderate Risk,three-year BOPO trend (+0.085); funding pressure (+0.071); ROA versus bank history (+0.050),False,,0
600910,PT Bank Perekonomian Rakyat Tugu Artha Sejahtera Kota Malang Perseroda,Provinsi Jawa Timur,Kota Malang,-7.939379,112.6345315,4.14,4.46,72.13,164.92,57.88,41.22,-1.5100000000000007,0.6499999999999999,-1.6800000000000068,-19.630000000000003,25.081666666666667,3.67,83.28333333333335,16.484,4.26,79.81,0.337065084388328,Moderate Risk,operating efficiency pressure (+0.051); funding pressure (+0.038); ROA versus bank history (+0.023),False,,0
601944,PT Bank Perekonomian Rakyat Alinma,Provinsi Sulawesi Selatan,Kota Makassar,-5.1521459,119.4184221,4.94,-4.32,127.19,108.59,57.22,208.06,1.8700000000000006,-4.0,32.42999999999999,34.599999999999994,4.261428571428572,-1.4057142857142857,116.21714285714286,3.825714285714286,-2.4457142857142857,129.74714285714285,0.3367681763291501,Moderate Risk,three-year BOPO trend (+0.103); funding pressure (+0.058); cash liquidity position (+0.048),False,,0
600717,PT Bank Perekonomian Rakyat Madani Sejahtera Abadi,Provinsi D.I. Yogyakarta,Kota Yogyakarta,-7.7941115,110.3670834,14.98,2.1,81.61,86.88,16.75,19.68,-3.6799999999999997,0.3600000000000001,-2.5799999999999983,0.3299999999999983,26.496,-0.6579999999999999,116.9,24.18285714285714,-0.15428571428571422,111.47285714285714,0.3365019816442022,Moderate Risk,high NPL net (+0.163); three-year NPL net trend (+0.044); three-year capital trend (+0.042),False,,0
601301,PT Bank Perekonomian Rakyat Sehat Sejahtera,Provinsi Banten,Kota Tangerang Selatan,-6.3460775,106.6891957,1.04,4.28,58.76,138.35,47.96,12.95,-0.18999999999999995,-2.29,2.3900000000000006,-5.449999999999996,13.303999999999998,-0.8360000000000003,110.78699999999999,16.416666666666668,-0.40166666666666667,114.40666666666668,0.33606343715657183,Moderate Risk,one-year LDR movement (+0.073); operating efficiency pressure (+0.056); ROA versus bank history (+0.043),False,,0
601103,PT Bank Perekonomian Rakyat Bumi Jaya,Provinsi Jawa Timur,Kab. Mojokerto,-7.3960423,112.3736415,17.68,3.07,76.85,49.01,90.64,0.52,-0.7899999999999991,-1.1999999999999997,7.009999999999991,35.92,12.648571428571428,4.354285714285714,81.44142857142857,11.542,2.7960000000000003,80.878,0.3347133432716354,Moderate Risk,one-year KPMM movement (+0.085); loan growth (+0.053); high NPL net (+0.023),False,,0
600854,PT. BPR Artha Mukti Santosa,Provinsi Jawa Tengah,Kota Semarang,-6.9812672,110.393168,14.4,3.73,80.03,107.72,77.88,12.14,6.590000000000001,-0.8000000000000003,2.969999999999999,1.3299999999999983,18.90416666666667,0.5987499999999999,96.01666666666665,18.785,-1.6862499999999998,112.07624999999999,0.33469748292976886,Moderate Risk,high NPL net (+0.077); one-year NPL net movement (+0.030); loan-to-deposit position (+0.010),False,,0
600940,PT Bank Perekonomian Rakyat Dana Karya Nusa,Provinsi Bali,Kab. Tabanan,-8.5528862,115.1317747,0.78,3.05,79.1,73.59,84.1,31.35,0.78,-0.5300000000000002,0.8900000000000006,-21.28,10.478823529411764,0.6711764705882353,92.6935294117647,12.127142857142857,-0.28714285714285726,96.22714285714285,0.3344307918411557,Moderate Risk,capital adequacy level (+0.085); provision coverage (+0.045); one-year LDR movement (+0.039),False,,0
601073,PT Bank Perekonomian Rakyat Sinar Puteramas,Provinsi Bali,Kab. Klungkung,-8.5420679,115.3990938,3.66,2.44,79.84,74.15,62.8,25.43,3.12,0.48,-7.890000000000001,-8.980000000000004,2.7925,2.5450000000000004,80.55250000000001,2.4562500000000003,2.51875,79.16875,0.3342374564172245,Moderate Risk,ROA versus bank history (+0.111); capital adequacy level (+0.099); three-year BOPO trend (+0.022),False,,0
601143,PT BANK PEREKONOMIAN RAKYAT MITRA NATAPALA,Provinsi Banten,Kota Tangerang,-6.2638614,106.6344743,25.47,-3.59,134.71,64.42,12.56,12.56,12.829999999999998,-0.1599999999999997,-10.73999999999998,-1.299999999999999,15.283999999999999,1.8186666666666667,95.39333333333335,9.200000000000001,2.968571428571429,81.53142857142858,0.33417789621781235,Moderate Risk,high NPL net (+0.103); three-year NPL net trend (+0.059); loan growth (+0.055),False,,0
601950,PT Bank Perekonomian Rakyat Musi Arta Lestari,Provinsi Sumatera Selatan,Kab. Ogan Komering Ulu Timur,-4.1148914,104.6473711,2.38,4.21,70.06,63.62,60.91,24.34,-1.7800000000000002,1.8199999999999998,-11.759999999999991,-4.590000000000003,,,,5.57,2.68,84.136,0.33238274644628985,Moderate Risk,ROA versus bank history (+0.101); capital adequacy level (+0.093); operating efficiency pressure (+0.050),False,,0
602009,PT Bank Perekonomian Rakyat Arta Mas Surakarta,Provinsi Jawa Tengah,Kab. Karanganyar,-7.5381382,110.7431846,27.06,-7.09,158.84,129.75,17.14,9.42,7.859999999999999,-0.7199999999999998,18.090000000000003,-4.719999999999999,13.884,0.24999999999999992,99.82,18.434285714285714,0.8885714285714288,107.09428571428573,0.3317349195567717,Moderate Risk,high NPL net (+0.067); three-year capital trend (+0.040); three-year NPL net trend (+0.036),False,,0
602730,PT Bank Perekonomian Rakyat Buana Arthakassiti,Provinsi Jawa Tengah,Kab. Purbalingga,-7.4084982,109.3473063,2.6,4.38,67.28,234.95,51.98,45.56,0.28000000000000025,-1.7700000000000005,7.149999999999999,-0.6100000000000065,11.149999999999999,3.0050000000000003,77.625,11.108571428571429,1.5371428571428571,89.79714285714284,0.33162059729578264,Moderate Risk,funding pressure (+0.119); operating efficiency pressure (+0.081); three-year BOPO trend (+0.016),False,,0
601305,PT Bank Perekonomian Rakyat Berfasi Raharja,Provinsi Jawa Barat,Kab. Bogor,-6.5614738,106.8089453,15.75,-0.34,101.98,57.11,44.75,16.96,2.3100000000000005,-0.29000000000000004,-2.030000000000001,5.93,16.75,1.3956250000000001,104.86625,21.548,0.7919999999999999,94.74600000000001,0.33079821010762184,Moderate Risk,high NPL net (+0.104); three-year capital trend (+0.074); deposit funding mix (+0.045),False,,0
602695,PT Bank Perekonomian Rakyat Arsham Sejahtera,Provinsi Riau,Kota Pekanbaru,0.5166131,101.4298046,5.44,3.94,73.66,175.58,41.18,16.06,-1.1999999999999993,-1.4499999999999997,2.519999999999996,-9.36,10.449375,0.264375,87.96249999999999,9.03,-1.6837499999999994,91.60125,0.3301757334059703,Moderate Risk,funding pressure (+0.071); operating efficiency pressure (+0.056); deposit funding mix (+0.019),False,,0
602547,PT Bank Perekonomian Rakyat Andalan Favorit Perdana,Provinsi Kalimantan Barat,Kota Pontianak,-0.0606598,109.3517777,17.78,1.19,89.47,66.49,85.9,11.88,8.4,-0.8500000000000001,6.789999999999992,-17.97,4.8566666666666665,1.577777777777778,86.65888888888888,7.91625,2.2874999999999996,80.75375,0.3300711369903395,Moderate Risk,high NPL net (+0.071); one-year NPL net movement (+0.035); three-year capital trend (+0.034),False,,0
600697,PT Bank Perekonomian Rakyat Danamas Pratama,Provinsi Jawa Tengah,Kab. Klaten,-7.6840072,110.5564152,13.13,0.61,94.89,144.43,15.13,10.47,8.81,-0.7799999999999999,5.269999999999996,-1.1399999999999988,15.351666666666667,0.8166666666666668,96.56583333333333,14.129999999999999,0.8075000000000001,96.46000000000001,0.32982606543693543,Moderate Risk,high NPL net (+0.070); three-year NPL net trend (+0.052); one-year NPL net movement (+0.051),False,,0
602564,PT Bank Perekonomian Rakyat Mandiri Jaya Perkasa,Provinsi Riau,Kota Pekanbaru,0.4933031,101.4160489,3.86,3.19,77.3,196.22,26.74,12.07,-1.2500000000000004,0.5899999999999999,3.819999999999993,-0.11000000000000298,10.548124999999999,0.31125,87.735,12.845714285714285,1.8585714285714285,87.41285714285713,0.3296065063139323,Moderate Risk,funding pressure (+0.062); loan growth (+0.032); three-year capital trend (+0.021),False,,0
600408,BANK PEREKONOMIAN RAKYAT MAHKOTA ARTHA SEJAHTERA,Provinsi Banten,Kota Tangerang,-6.1854701,106.6125729,15.07,1.69,88.49,89.44,19.3,18.74,-0.4499999999999993,-0.24,1.6299999999999955,-0.8999999999999986,15.977333333333332,1.4666666666666666,98.47466666666668,11.2975,2.535,84.275,0.3291314768109128,Moderate Risk,high NPL net (+0.119); deposit funding mix (+0.077); three-year capital trend (+0.042),False,,0
601328,PT Bank Perekonomian Rakyat Bumi Pendawa Raharja,Provinsi Jawa Barat,Kab. Cianjur,-6.7421414,107.0435434,46.62,-9.92,158.31,100.92,7.74,0.0,45.91,-13.91,72.99000000000001,-9.430000000000001,4.347499999999998,1.4575,96.03000000000002,1.8350000000000002,2.42,90.86500000000001,0.32894825462259736,Moderate Risk,high NPL net (+0.073); one-year NPL net movement (+0.062); three-year NPL net trend (+0.035),False,,0
601067,PT Bank Perekonomian Rakyat Sinar Kuta Mulia,Provinsi Bali,Kab. Badung,-8.7001376,115.129677,0.0,3.12,76.44,77.17,118.21,14.8,-2.28,0.8400000000000003,-8.480000000000004,10.789999999999992,6.775434782608696,1.6856521739130432,87.28195652173913,10.015,0.615,94.84666666666668,0.3283651286574353,Moderate Risk,loan growth (+0.079); one-year LDR movement (+0.034); capital adequacy level (+0.032),False,,0
602541,PT Bank Perekonomian Rakyat Dana Nagoya,Provinsi Kep. Riau,Kota Batam,1.1313734,104.0117973,6.33,3.92,72.06,83.31,23.32,8.71,2.04,0.3599999999999999,-2.6299999999999955,-1.75,5.412962962962962,2.242222222222222,82.8288888888889,6.79375,1.81875,86.55874999999999,0.32832624463098353,Moderate Risk,operating efficiency pressure (+0.082); three-year BOPO trend (+0.062); ROA versus bank history (+0.038),False,,0
600810,PT Bank Perekonomian Rakyat Arta Waru Surya,Provinsi Jawa Timur,Kab. Sidoarjo,-7.3420046,112.7668577,19.9,1.85,86.01,188.65,128.04,26.57,0.4599999999999973,-0.69,0.0,11.469999999999999,13.386315789473686,-0.9947368421052629,119.16473684210527,21.244285714285716,-1.6757142857142857,121.89571428571428,0.3281933924536414,Moderate Risk,funding pressure (+0.031); deposit growth (+0.026); three-year NPL net trend (+0.023),False,,0
601029,PT Bank Perekonomian Rakyat Adi Jaya Mulia,Provinsi Bali,Kab. Buleleng,-8.1109157,115.0849872,10.62,1.3,88.63,74.08,113.8,12.69,5.85,-1.0799999999999998,7.579999999999998,12.409999999999997,12.341666666666667,-2.2966666666666664,126.21833333333335,13.72625,-1.82375,120.42625,0.32793716426282166,Moderate Risk,capital adequacy level (+0.049); loan growth (+0.041); three-year capital trend (+0.037),False,,0
601387,PT Bank Perekonomian Rakyat Dana Berkah Pusakatama,Provinsi D.I. Yogyakarta,Kab. Sleman,-7.7721853,110.3082583,10.21,2.98,87.06,144.75,39.34,18.91,-2.84,2.15,-7.709999999999994,-4.989999999999995,12.033636363636363,1.3604545454545456,90.39727272727274,9.682857142857143,2.1885714285714286,85.00999999999999,0.32778710744778417,Moderate Risk,high NPL net (+0.069); funding pressure (+0.044); one-year ROA movement (+0.033),False,,0
602705,PT Bank Perekonomian Rakyat Prima Madani,Provinsi Sumatera Utara,Kota Medan,3.5919582,98.6456471,8.39,1.39,93.34,72.29,65.0,22.05,5.24,-1.1000000000000003,9.620000000000005,-2.8299999999999983,6.84375,1.03625,98.53375,6.8914285714285715,0.8114285714285714,100.39428571428572,0.327747117155265,Moderate Risk,deposit funding mix (+0.069); capital adequacy level (+0.058); high NPL net (+0.042),False,,0
600938,PT Bank Perekonomian Rakyat Gema Nusa,Provinsi Jawa Timur,Kab. Sidoarjo,-7.3555819,112.7256137,19.4,1.3,95.03,93.02,51.49,11.92,3.3599999999999994,-0.1299999999999999,2.6400000000000006,7.840000000000003,13.399473684210529,-0.9802631578947365,118.92736842105265,17.338333333333335,-0.21333333333333324,102.74666666666667,0.3276021495762285,Moderate Risk,deposit funding mix (+0.081); three-year BOPO trend (+0.049); high NPL net (+0.043),False,,0
600581,PT. BPR Restu Mranggen Makmur,Provinsi Jawa Tengah,Kab. Demak,-6.8894536,110.6333421,9.97,4.85,77.05,124.56,71.81,18.39,2.830000000000001,-1.8600000000000003,7.409999999999997,12.170000000000002,19.26,2.3539999999999996,86.382,16.327142857142857,2.458571428571428,86.33142857142857,0.32753837105384853,Moderate Risk,high NPL net (+0.052); capital adequacy level (+0.039); deposit funding mix (+0.021),False,,0
602659,PT Bank Perekonomian Rakyat Dana Wira Buana,Provinsi Kalimantan Barat,Kota Pontianak,-0.0426265,109.3483551,3.66,3.83,71.79,84.51,60.72,17.62,-2.0300000000000002,-0.3899999999999997,4.170000000000002,7.789999999999999,6.4255555555555555,1.2844444444444445,88.62333333333333,7.184285714285715,1.5528571428571427,85.19428571428571,0.32693035894055605,Moderate Risk,operating efficiency pressure (+0.048); one-year KPMM movement (+0.037); deposit funding mix (+0.031),False,,0
601373,PT Bank Perekonomian Rakyat Artajaya Bhaktimulia,Provinsi D.I. Yogyakarta,Kab. Sleman,-7.7890587,110.4078332,18.59,2.58,84.74,101.98,59.89,23.79,5.199999999999999,-0.48999999999999977,-0.45000000000000284,9.61,11.652727272727274,1.3786363636363639,90.50272727272728,9.993333333333334,2.4983333333333335,84.63,0.32676367188173694,Moderate Risk,high NPL net (+0.061); one-year NPL net movement (+0.023); one-year KPMM movement (+0.019),False,,0
601149,PT Bank Perekonomian Rakyat Taruna Jujur Sakti,Provinsi Sulawesi Selatan,Kota Makassar,-5.1479552,119.4075811,0.0,0.98,78.82,4905.19,138.41,2629.47,0.0,-0.5,5.799999999999997,-96.63,4.967142857142858,-2.162857142857143,123.12714285714287,4.531428571428571,-3.2028571428571433,136.65714285714287,0.32659933498581145,Moderate Risk,three-year BOPO trend (+0.081); funding pressure (+0.047); cash liquidity position (+0.042),True,LDR outside audit range; Cash_Ratio outside audit range,0
601343,PT Bank Perekonomian Rakyat Mangun Pundiyasa,Provinsi Jawa Barat,Kota Bandung,-6.9364392,107.6176513,29.45,-8.34,131.29,84.8,66.75,27.05,16.24,-5.68,17.359999999999985,-4.780000000000001,9.777241379310345,0.28413793103448276,99.69241379310344,8.620000000000001,0.19625000000000004,98.31875,0.32646803215042197,Moderate Risk,high NPL net (+0.064); one-year NPL net movement (+0.034); funding pressure (+0.023),False,,0
600081,PT Bank Perekonomian Rakyat Bosnik Intsia Papua,Provinsi Papua,Kab. Biak Numfor,-1.1413692,136.0681018,2.67,4.12,83.78,214.43,59.51,26.95,-1.6399999999999997,-1.67,6.349999999999994,-6.559999999999995,,,,13.604,0.852,90.61800000000001,0.32629630382781205,Moderate Risk,funding pressure (+0.118); capital adequacy level (+0.045); three-year BOPO trend (+0.027),False,,0
601044,PT Bank Perekonomian Rakyat Lestari Bali,Provinsi Bali,Kota Denpasar,-8.6736987,115.2052174,31.89,-1.63,121.44,71.4,17.31,10.98,16.740000000000002,-1.64,22.819999999999993,-1.4600000000000009,8.682380952380951,1.4290476190476191,89.58857142857143,7.2299999999999995,1.497142857142857,87.01714285714286,0.32602794506461336,Moderate Risk,high NPL net (+0.085); three-year NPL net trend (+0.074); one-year NPL net movement (+0.059),False,,0
601043,PT Bank Perekonomian Rakyat Nur Abadi,Provinsi Bali,Kab. Buleleng,-8.089891,115.1244119,7.59,2.34,80.5,77.93,23.46,16.56,-3.7200000000000006,3.9799999999999995,-36.39,1.1799999999999997,12.846666666666666,-2.4699999999999998,127.57333333333334,13.2875,-1.4174999999999998,117.68375,0.32547005372893023,Moderate Risk,one-year ROA movement (+0.079); funding pressure (+0.064); high NPL net (+0.035),False,,0
601101,PT Bank Perekonomian Rakyat Rukun Karya Sari,Provinsi Jawa Timur,Kab. Lamongan,-7.1869905,112.1944246,16.35,4.07,78.82,201.02,121.23,36.33,0.9800000000000022,-0.8999999999999995,8.139999999999986,32.58,7.88,3.9579999999999997,83.04400000000001,4.836666666666667,4.793333333333334,79.28500000000001,0.3254341567047267,Moderate Risk,high NPL net (+0.052); deposit growth (+0.029); funding pressure (+0.025),False,,0
601698,PT Bank Perekonomian Rakyat Nagajayaraya Sentrasentosa,Provinsi Jawa Timur,Kab. Nganjuk,-7.6009894,112.0959862,19.51,-11.07,150.45,94.8,142.65,79.4,5.940000000000001,-16.45,70.16999999999999,23.74000000000001,7.469999999999999,1.6400000000000006,81.20999999999998,10.846,3.444,89.83600000000001,0.32531485563526763,Moderate Risk,funding pressure (+0.083); three-year NPL net trend (+0.030); capital adequacy level (+0.026),False,,0
600865,PT BANK PEREKONOMIAN RAKYAT ARTHA KARYA PERDANA,Provinsi Kalimantan Timur,Kota Samarinda,-0.5020611,117.1464356,2.47,3.16,78.12,87.48,65.81,20.87,-9.95,-2.49,9.290000000000006,0.7999999999999972,4.1816666666666675,-1.2033333333333334,105.31833333333333,5.105,-0.23625000000000007,100.79375,0.3251249171240259,Moderate Risk,deposit funding mix (+0.110); capital adequacy level (+0.066); three-year BOPO trend (+0.043),False,,0
600012,PT Bank Perekonomian Rakyat Daya Arta,Provinsi DKI Jakarta,Wil. Kota Jakarta Pusat,-6.2386172,106.7089556,21.34,-0.74,108.61,66.89,17.11,10.81,2.75,-0.55,-29.440000000000012,2.889999999999999,18.23357142857143,-3.4464285714285716,147.53571428571428,14.020000000000001,3.3466666666666662,85.36333333333334,0.32501157494148825,Moderate Risk,high NPL net (+0.152); deposit funding mix (+0.081); three-year NPL net trend (+0.033),False,,1
600820,PT Bank Perekonomian Rakyat Surya Dana Karya,Provinsi Jawa Timur,Kab. Pasuruan,-7.6558303,112.6785745,12.19,2.9,81.89,115.66,67.3,16.86,-1.0899999999999999,0.6000000000000001,-3.5,-0.5900000000000034,16.35909090909091,7.669999999999999,88.39090909090909,20.028,13.172,92.268,0.3247908852520953,Moderate Risk,high NPL net (+0.067); capital adequacy level (+0.025); three-year NPL net trend (+0.023),False,,0
601692,PT Bank Perekonomian Rakyat Arthaya Indotama Pusaka,Provinsi Jawa Timur,Kab. Madiun,-7.5459713,111.655114,31.44,-4.24,127.3,92.52,17.02,15.16,2.5700000000000003,-0.9100000000000001,-3.9299999999999926,0.4499999999999993,6.635000000000001,4.218333333333334,80.655,10.780000000000001,2.405,85.33333333333333,0.32474162068684126,Moderate Risk,high NPL net (+0.131); three-year NPL net trend (+0.058); three-year capital trend (+0.039),False,,0
600157,PT Bank Perekonomian Rakyat Hagati Wiradana Sejahtera,Provinsi Jawa Barat,Kab. Karawang,-6.2381989,106.5440989,0.61,2.65,79.46,23.04,149.04,11.9,-2.74,-3.8000000000000003,10.789999999999992,25.059999999999988,18.3475,-0.3833333333333333,110.73833333333333,14.982,1.4060000000000001,105.896,0.3245650456108998,Moderate Risk,capital adequacy level (+0.091); deposit funding mix (+0.077); loan scale (+0.024),False,,1
602017,PT. Bank Perekonomian Rakyat Rap Ganda,Provinsi Jambi,Kab. Muaro Jambi,-1.5846084,103.5102662,3.34,14.92,62.78,154.27,52.3,21.21,-1.12,-0.6500000000000004,1.1400000000000006,-9.850000000000001,7.550000000000001,1.6100000000000012,93.93,13.482500000000002,2.8912500000000003,84.885,0.3244413239440465,Moderate Risk,operating efficiency pressure (+0.100); funding pressure (+0.030); profitability level (+0.022),False,,0
601003,PT Bank Perekonomian Rakyat Amerta Sari,Provinsi Bali,Kab. Tabanan,-8.5460788,115.0766064,8.6,3.13,75.92,99.92,37.26,8.24,1.1799999999999997,0.6599999999999997,-2.1200000000000045,-8.740000000000002,10.018823529411764,0.6664705882352943,92.88058823529411,8.751249999999999,0.6062500000000001,94.84125,0.32395997946203686,Moderate Risk,high NPL net (+0.070); provision coverage (+0.057); operating efficiency pressure (+0.027),False,,0
602050,PT Bank Perekonomian Rakyat Semesta Megadana,Provinsi Jawa Barat,Kab. Sukabumi,-6.9121687,106.8957481,24.82,-0.54,103.41,91.33,41.47,12.63,6.43,0.39,-2.6200000000000045,17.459999999999997,10.590000000000002,2.1933333333333334,88.71666666666665,10.708000000000002,1.9060000000000001,89.56800000000001,0.3237537703974154,Moderate Risk,high NPL net (+0.119); one-year NPL net movement (+0.045); NPL net versus bank history (+0.037),False,,0
601213,PT Bank Perekonomian Rakyat Baringin Padang Panjang Sakato,Provinsi Sumatera Barat,Kota Padang Panjang,-0.4646816,100.3994541,6.81,2.55,83.87,128.95,42.82,24.66,1.6599999999999993,0.5599999999999998,-3.8799999999999955,-3.1499999999999986,,,,11.126666666666665,-3.5233333333333334,124.78333333333335,0.32312440769619666,Moderate Risk,three-year NPL net trend (+0.063); three-year BOPO trend (+0.032); three-year capital trend (+0.026),False,,0
600585,PT BPR Tayu Dutapersada,Provinsi Jawa Tengah,Kab. Pati,-6.756262,111.0381841,18.82,1.87,85.67,120.95,58.88,20.77,-5.460000000000001,-1.7799999999999998,13.579999999999998,-3.5700000000000003,10.704444444444444,3.7777777777777777,82.42111111111112,12.232857142857144,4.0442857142857145,81.66571428571429,0.32307936168229356,Moderate Risk,high NPL net (+0.051); deposit funding mix (+0.051); three-year capital trend (+0.041),False,,0
600301,PT Bank Perekonomian Rakyat Nusamba Singaparna,Provinsi Jawa Barat,Kab. Tasikmalaya,-7.3489415,108.1318293,22.33,0.76,97.01,101.51,31.75,17.01,0.16999999999999815,1.85,-8.449999999999989,-0.5300000000000011,10.666,1.3699999999999999,92.43599999999999,5.316666666666666,2.6783333333333332,83.75,0.322901617117449,Moderate Risk,high NPL net (+0.135); three-year NPL net trend (+0.051); NPL net versus bank history (+0.047),False,,0
600343,PT Bank Perekonomian Rakyat Serang (Perseroda),Provinsi Banten,Kab. Serang,-6.1482441,106.1811604,11.92,2.85,84.91,157.01,24.91,15.02,2.2200000000000006,0.6600000000000001,-2.960000000000008,-2.1999999999999993,4.459999999999999,9.89,72.45000000000002,6.18,6.4725,79.385,0.3219892319204237,Moderate Risk,high NPL net (+0.113); three-year NPL net trend (+0.033); funding pressure (+0.021),False,,0
600762,PT Bank Perekonomian Rakyat Mega Artha Mustika,Provinsi Jawa Tengah,Kab. Tegal,-6.89712,109.1855955,18.72,1.78,89.01,105.16,37.37,8.3,3.9999999999999982,-1.18,6.219999999999999,-0.5500000000000043,20.993000000000002,1.7549999999999997,90.002,20.905,2.02625,88.2425,0.3216455005598677,Moderate Risk,high NPL net (+0.095); three-year capital trend (+0.073); three-year NPL net trend (+0.035),False,,0
602463,PT Bank Perekonomian Rakyat Mitra Abadi Sejahtera,Provinsi Jawa Tengah,Kab. Cilacap,-4.3032575,108.0595701,17.46,1.41,93.53,131.66,24.06,9.38,3.9800000000000004,-1.6500000000000001,9.180000000000007,-9.05,5.5059999999999985,2.352,82.68599999999999,18.015,2.74,83.27000000000001,0.32147043130346964,Moderate Risk,high NPL net (+0.066); three-year NPL net trend (+0.053); NPL net versus bank history (+0.041),False,,0
601968,PT Bank Perekonomian Rakyat Prima Tata Pratama,Provinsi Sumatera Utara,Kota Medan,3.5910206,98.6483466,2.0,-2.24,124.88,99.32,80.75,9.54,-2.9299999999999997,1.7799999999999994,-7.52000000000001,-60.27000000000001,7.6425,1.49,94.59125,7.804285714285713,1.3299999999999998,95.88857142857144,0.32119032560163535,Moderate Risk,capital adequacy level (+0.092); deposit funding mix (+0.084); provision coverage (+0.030),False,,0
600691,PT Bank Perekonomian Rakyat Cita Dewi,Provinsi Jawa Tengah,Kab. Karanganyar,-7.5343824,110.7763475,38.72,-8.34,173.38,91.0,18.21,17.52,11.559999999999999,-6.43,56.94999999999999,-8.829999999999998,12.718,0.3749999999999999,98.366,18.62666666666667,0.7383333333333333,100.75833333333333,0.3209525074540625,Moderate Risk,high NPL net (+0.099); one-year NPL net movement (+0.066); three-year capital trend (+0.044),False,,0
601283,PT Bank Perekonomian Rakyat Lesca Dana Jakarta,Provinsi DKI Jakarta,Wil. Kota Jakarta Utara,-6.1165864,106.7549862,6.4,0.65,89.79,69.36,27.59,32.59,1.8600000000000003,2.47,-25.629999999999995,-8.290000000000003,16.1725,-5.5874999999999995,201.1,16.278750000000002,-8.7875,231.76375000000002,0.32038863050566974,Moderate Risk,three-year BOPO trend (+0.068); ROA versus bank history (+0.060); three-year capital trend (+0.046),False,,0
600265,PT Bank Perekonomian Rakyat Multidhana Bersama,Provinsi Kalimantan Selatan,Kab. Banjar,-3.3696037,114.6384693,5.95,5.2,70.53,184.14,14.82,7.18,2.87,-0.040000000000000036,0.4099999999999966,0.25,10.004999999999999,3.4175000000000004,76.32499999999999,11.562000000000001,4.296,79.042,0.32008785420166397,Moderate Risk,operating efficiency pressure (+0.090); funding pressure (+0.058); loan-to-deposit position (+0.027),False,,0
600858,PT Bank Perekonomian Rakyat Mitra Arta Mulia,Provinsi Riau,Kab. Bengkalis,1.472552,102.1047781,3.15,3.89,64.57,80.39,24.04,8.67,1.0699999999999998,1.3900000000000001,-8.090000000000003,-12.340000000000003,3.1550000000000002,3.7349999999999994,75.255,6.109999999999999,3.258333333333333,81.125,0.31975996134912366,Moderate Risk,operating efficiency pressure (+0.106); three-year BOPO trend (+0.045); equity-to-assets position (+0.024),False,,0
601016,PT. BPR Karunia Dewata,Provinsi Bali,Kab. Tabanan,-8.5476391,115.1160062,8.43,-1.16,94.88,98.2,48.96,17.59,5.279999999999999,-1.2799999999999998,-4.450000000000003,-15.859999999999992,10.028823529411763,0.9188235294117648,91.76529411764704,11.034285714285716,0.3142857142857142,93.97285714285715,0.31942046769328936,Moderate Risk,three-year BOPO trend (+0.092); three-year NPL net trend (+0.067); one-year NPL net movement (+0.046),False,,0
600180,Koperasi Jasa Bank Perekonomian Rakyat Tanjung Raya,Provinsi Jawa Barat,Kota Bandung,-6.9278107,107.5961136,0.72,0.87,94.19,89.02,31.0,10.98,0.49,-0.7799999999999999,37.3,8.64,10.767931034482759,-0.03344827586206898,100.97172413793103,5.3525,0.88125,94.51625,0.3192750224943077,Moderate Risk,loan growth (+0.108); deposit growth (+0.049); deposit funding mix (+0.042),False,,0
600053,PT Bank Perekonomian Rakyat Ana Artha,Provinsi Jawa Barat,Kota Bekasi,-6.2323617,106.911872,10.67,3.8,78.11,80.56,37.97,7.97,-3.5199999999999996,-0.7599999999999998,3.5900000000000034,5.210000000000001,17.45387096774194,-2.025483870967742,120.13967741935484,19.948571428571427,-0.23857142857142863,114.75428571428571,0.31923664753137854,Moderate Risk,high NPL net (+0.067); loan growth (+0.053); three-year NPL net trend (+0.029),False,,0
600766,Perumda BPR Bangkalan,Provinsi Jawa Timur,Kab. Bangkalan,-7.029675,112.747592,1.9,3.77,73.9,322.43,173.31,147.15,-1.0100000000000002,-2.6300000000000003,13.440000000000005,-42.0,14.979999999999999,-6.15,133.76,8.747142857142856,-2.4514285714285715,119.23285714285714,0.3190938407788182,Moderate Risk,capital adequacy level (+0.060); cash liquidity position (+0.047); operating efficiency pressure (+0.046),False,,0
600860,PT Bank Perekonomian Rakyat Berkat Cahaya Artha,Provinsi Jawa Timur,Kab. Sidoarjo,-7.406753,112.5685902,21.76,-1.98,113.82,137.97,50.12,24.47,-8.509999999999998,-2.7199999999999998,16.19999999999999,-1.2000000000000028,13.337368421052632,-0.8939473684210524,118.43289473684213,6.897500000000001,3.4625,80.6425,0.3187154597713437,Moderate Risk,high NPL net (+0.121); funding pressure (+0.039); three-year NPL net trend (+0.035),False,,0
600313,PT Bank Perekonomian Rakyat Ragasakti,Provinsi Banten,Kota Tangerang,-6.2386172,106.7089556,8.0,6.13,69.65,96.68,21.64,9.81,2.3200000000000003,-1.2700000000000005,4.5800000000000125,-0.5,16.448666666666664,1.1706666666666667,99.73066666666666,21.34,-0.74,108.61,0.31841938233818595,Moderate Risk,operating efficiency pressure (+0.048); high NPL net (+0.044); deposit funding mix (+0.026),False,,1
601013,PT Bank Perekonomian Rakyat Sedana Yasa,Provinsi Bali,Kab. Tabanan,-8.5540006,115.1357217,28.91,-1.11,115.06,34.7,34.0,32.1,0.48999999999999844,-0.09000000000000008,7.590000000000003,-0.020000000000003126,8.824117647058824,0.9158823529411765,90.57823529411765,8.108571428571429,0.30714285714285705,91.09,0.3183725473524732,Moderate Risk,high NPL net (+0.127); three-year NPL net trend (+0.063); loan growth (+0.041),False,,0
600228,PT Bank Perekonomian Rakyat Tapin Sejahtera Perseroda,Provinsi Kalimantan Selatan,Kab. Tapin,-2.9680155,115.0739888,6.74,2.32,83.39,97.41,32.8,18.76,4.57,1.18,-3.200000000000003,0.769999999999996,,,,15.75,2.23,87.81,0.3168083598735469,Moderate Risk,ROA versus bank history (+0.090); one-year NPL net movement (+0.048); three-year NPL net trend (+0.024),False,,0
601823,PT Bank Perekonomian Rakyat Gisawa,Provinsi Bali,Kab. Badung,-8.6367808,115.1754669,11.36,1.92,80.55,96.41,30.02,13.19,0.5099999999999998,0.76,-5.049999999999997,2.8200000000000003,6.528478260869565,1.7117391304347824,87.19260869565217,3.8824999999999994,1.49375,86.34125,0.31618898131127754,Moderate Risk,high NPL net (+0.062); ROA versus bank history (+0.058); three-year BOPO trend (+0.045),False,,0
601673,PT Bank Perekonomian Rakyat Mentari Terang,Provinsi Jawa Timur,Kab. Tuban,-6.897715,112.0384082,5.65,9.29,52.46,134.68,56.49,18.58,-1.1499999999999995,0.7099999999999991,-0.9699999999999989,6.240000000000002,14.340000000000002,4.0,73.65,9.865,2.716666666666667,90.80666666666667,0.31588658781082257,Moderate Risk,operating efficiency pressure (+0.133); funding pressure (+0.056); profitability level (+0.012),False,,0
601426,PT Bank Perekonomian Rakyat Mlatipundi Artha,Provinsi D.I. Yogyakarta,Kab. Sleman,-7.7292276,110.3607361,17.17,1.61,91.28,76.9,21.73,14.66,2.5500000000000025,1.6,-10.89,5.25,11.717272727272727,1.4227272727272728,90.20545454545456,12.302857142857144,1.0814285714285714,92.55999999999999,0.31527046745303683,Moderate Risk,three-year NPL net trend (+0.057); three-year BOPO trend (+0.053); high NPL net (+0.045),False,,0
602739,PT Bank Perekonomian Rakyat Muara Enim (Perseroda),Provinsi Sumatera Selatan,Kab. Lematang Ilir Ogan Tengah (Muara Enim),-3.6594551,103.7672075,2.66,5.6,67.6,274.19,39.06,44.93,0.9900000000000002,0.2699999999999996,0.5,5.410000000000004,,,,7.088571428571429,3.8085714285714283,82.48428571428572,0.31514118519708145,Moderate Risk,funding pressure (+0.081); operating efficiency pressure (+0.068); profitability level (+0.015),False,,0
601955,PT Bank Perekonomian Rakyat Prabumegah Kencana,Provinsi Sumatera Selatan,Kab. Musi Banyuasin,-3.1960752,104.1797761,12.45,2.15,82.07,91.3,52.18,13.75,0.879999999999999,1.3499999999999999,-3.7900000000000063,4.18,,,,6.218333333333334,5.336666666666666,74.47833333333334,0.31465528009087607,Moderate Risk,high NPL net (+0.084); loan growth (+0.046); three-year NPL net trend (+0.018),False,,0
602735,PT Bank Perekonomian Rakyat Putra Mahkota Mandiri,Provinsi Riau,Kota Pekanbaru,0.464858,101.4613966,4.16,3.41,81.12,146.15,78.05,15.31,1.73,-0.020000000000000018,1.0799999999999983,-7.8500000000000085,10.529375,0.2975,87.49625,11.655714285714286,-3.1014285714285705,94.65428571428572,0.31463860292160156,Moderate Risk,capital adequacy level (+0.086); funding pressure (+0.042); deposit funding mix (+0.020),False,,0
602035,PT Bank Perekonomian Rakyat Wingsati,Provinsi Jawa Barat,Kota Bekasi,-6.2553406,107.0066576,19.8,2.75,85.67,118.62,39.8,10.37,-3.9499999999999993,0.04999999999999982,4.230000000000004,0.4799999999999969,17.159354838709678,-1.9916129032258065,119.8958064516129,13.895,-0.4049999999999999,97.8775,0.31391058806357364,Moderate Risk,high NPL net (+0.117); deposit funding mix (+0.050); loan growth versus deposit growth (+0.020),False,,0
600819,PT. BPR Adil Jaya Artha,Provinsi Jawa Tengah,Kota Semarang,-6.9772837,110.422557,30.37,-1.37,114.26,93.17,34.12,12.87,1.3900000000000006,-1.9500000000000002,17.310000000000002,10.989999999999998,18.23875,0.8112499999999999,94.59041666666666,17.134999999999998,1.8499999999999999,86.35374999999999,0.31322278599258,Moderate Risk,high NPL net (+0.142); NPL net versus bank history (+0.050); three-year NPL net trend (+0.042),False,,0
600533,PT BPR Gunung Kawi,Provinsi Jawa Tengah,Kota Semarang,-6.9713252,110.4168387,16.61,1.27,93.35,98.46,17.27,19.72,6.559999999999999,-1.1600000000000001,6.959999999999994,-3.960000000000001,18.812083333333334,0.7012499999999999,95.46166666666666,18.091250000000002,0.29375,92.735,0.3128199378620388,Moderate Risk,high NPL net (+0.133); three-year NPL net trend (+0.046); one-year NPL net movement (+0.042),False,,0
600951,PT Bank Perekonomian Rakyat Tunas Artha Baru,Provinsi Jawa Timur,Kota Madiun,-7.6170099,111.5315053,7.4,4.41,78.84,132.7,113.02,37.52,-2.0999999999999996,-0.09999999999999964,-1.039999999999992,-6.910000000000011,16.07,1.225,89.18500000000002,10.873333333333333,2.17,85.72833333333334,0.3125632962403998,Moderate Risk,capital adequacy level (+0.067); high NPL net (+0.023); funding pressure (+0.020),False,,0
602539,PT Bank Perekonomian Rakyat Sulawesi Karya Sentosa,Provinsi Sulawesi Tengah,Kota Palu,-0.9100921,119.8556285,1.38,3.18,83.96,84.28,15.06,20.15,-1.35,0.5500000000000003,-3.5400000000000063,-3.839999999999998,5.210000000000001,2.8000000000000003,87.05666666666667,3.641666666666667,3.305,81.61166666666666,0.3118516381258938,Moderate Risk,deposit funding mix (+0.110); ROA versus bank history (+0.057); three-year capital trend (+0.020),False,,0
601340,PT Bank Perekonomian Rakyat Permata Dhanawira,Provinsi Jawa Barat,Kota Bandung,-6.8934997,107.5112212,15.67,0.86,91.14,39.99,25.93,9.54,5.4399999999999995,1.5699999999999998,-15.700000000000003,2.009999999999998,10.252413793103448,-0.03310344827586208,101.07689655172413,5.951428571428572,1.2685714285714287,95.36428571428571,0.31169677649716654,Moderate Risk,deposit funding mix (+0.076); three-year BOPO trend (+0.073); three-year NPL net trend (+0.043),False,,0
601821,PT Bank Perekonomian Rakyat Mertha Sedana,Provinsi Bali,Kab. Badung,-8.6288246,115.1643551,2.71,3.09,71.72,115.22,22.1,16.08,-4.64,1.06,12.5,2.0700000000000003,6.716521739130435,1.6863043478260868,87.38456521739131,4.963749999999999,1.3475,87.44500000000001,0.3114170268677929,Moderate Risk,operating efficiency pressure (+0.065); provision coverage (+0.048); three-year BOPO trend (+0.024),False,,0
601228,PT BPR Muaro Bodi,Provinsi Sumatera Barat,Kab. Sawahlunto/Sijunjung,-0.7055843,100.8839417,2.87,2.66,82.96,85.32,69.13,30.49,-2.09,-0.04999999999999982,1.7399999999999949,9.689999999999998,9.738333333333335,-0.38999999999999996,102.57166666666666,9.06,0.35875,98.305,0.31098181272535047,Moderate Risk,capital adequacy level (+0.086); loan growth (+0.080); one-year KPMM movement (+0.030),False,,0
601307,PT Bank Perekonomian Rakyat Cakradana Tirtamas Reksa,Provinsi Jawa Barat,Kab. Bekasi,-6.2540071,106.9144362,13.66,0.58,96.1,169.18,45.75,32.9,3.130000000000001,-1.7599999999999998,11.519999999999996,5.600000000000001,17.09047619047619,-0.86,99.93047619047618,15.232857142857142,0.3185714285714285,99.47571428571428,0.310856090215425,Moderate Risk,funding pressure (+0.048); high NPL net (+0.048); deposit growth (+0.042),False,,0
600677,PT Bank Perekonomian Rakyat Bank Pasar Patma,Provinsi Jawa Tengah,Kab. Klaten,-7.6997058,110.5981175,18.07,1.48,86.87,81.55,40.24,27.93,7.120000000000001,0.020000000000000018,-0.21999999999999886,1.490000000000002,14.94,0.7441666666666666,97.23416666666667,14.513750000000002,0.6475000000000001,97.99625,0.3107614699111928,Moderate Risk,high NPL net (+0.111); one-year NPL net movement (+0.045); three-year NPL net trend (+0.040),False,,0
600950,Perumda BPR Bank Daerah Kota Madiun,Provinsi Jawa Timur,Kota Madiun,-7.6244114,111.4951708,3.14,1.94,82.18,119.59,59.39,13.46,-0.9300000000000002,9.5,-111.19,-12.840000000000003,18.2,2.46,87.51500000000001,8.843333333333334,4.145,82.39333333333333,0.3103384246663572,Moderate Risk,one-year ROA movement (+0.125); capital adequacy level (+0.040); one-year KPMM movement (+0.024),False,,0
600891,PT Bank Perekonomian Rakyat Bhaskara Pakto,Provinsi Jawa Timur,Kab. Malang,-8.0538935,112.5446288,40.87,-0.65,103.87,327.29,125.64,22.77,-1.0,-1.9700000000000002,14.650000000000006,-4.410000000000011,14.503333333333334,5.81952380952381,86.75333333333334,9.81125,11.748750000000001,89.2625,0.310211932541746,Moderate Risk,high NPL net (+0.063); funding pressure (+0.033); NPL net versus bank history (+0.016),False,,0
602706,PT Bank Perekonomian Rakyat Prima Sejahtera,Provinsi Banten,Kota Tangerang Selatan,-6.2493514,106.647812,4.6,1.29,90.63,80.57,68.34,8.97,-1.6500000000000004,-0.31000000000000005,1.1999999999999886,18.580000000000005,12.947999999999999,-0.5370000000000001,107.6,10.745,2.046666666666667,88.97333333333331,0.3100424009358863,Moderate Risk,deposit funding mix (+0.104); capital adequacy level (+0.099); loan growth versus deposit growth (+0.016),False,,0
600155,PT BANK PEREKONOMIAN RAKYAT MITRADANA MADANI,Provinsi Sumatera Utara,Kota Medan,3.5928541,98.6419415,11.41,-4.37,146.93,155.06,17.1,17.8,5.6000000000000005,-2.2,36.22000000000001,-2.169999999999998,6.4662500000000005,1.75625,91.83500000000001,6.46,1.6342857142857141,92.73857142857142,0.309719448595348,Moderate Risk,three-year NPL net trend (+0.047); three-year capital trend (+0.042); loan growth (+0.038),False,,0
601548,PT Bank Perekonomian Rakyat BKK Kota Pekalongan (Perseroda),Provinsi Jawa Tengah,Kota Pekalongan,-6.9551239,109.556661,18.15,1.48,86.62,92.9,57.84,19.85,6.419999999999998,0.07000000000000006,0.3400000000000034,1.9200000000000017,17.74,4.335,78.865,25.6,0.6399999999999999,101.11625,0.3094598820702393,Moderate Risk,high NPL net (+0.109); one-year NPL net movement (+0.046); NPL net versus bank history (+0.039),False,,0
602594,PT. Bank Perekonomian Rakyat Timor Raya Makmur,Provinsi Nusa Tenggara Timur,Kota Kupang,-10.1532093,123.5976164,14.07,0.68,95.07,115.12,75.57,16.71,7.61,-3.04,16.809999999999988,8.079999999999998,8.536,3.72,80.66799999999999,8.001428571428573,2.5142857142857147,86.87714285714286,0.3094017849038693,Moderate Risk,three-year NPL net trend (+0.032); deposit growth (+0.029); capital adequacy level (+0.028),False,,0
601332,PT Bank Perekonomian Rakyat Arta Gandhita,Provinsi Jawa Barat,Kab. Cianjur,-6.8740767,107.1055408,2.08,0.07,98.57,41.29,49.72,67.3,-2.05,60.68,-28.5,22.5,15.482499999999998,-1.04,110.96500000000002,18.922,-0.694,108.104,0.3093225092351406,Moderate Risk,loan scale (+0.081); one-year ROA movement (+0.077); one-year KPMM movement (+0.042),False,,0
600994,PT Bank Perekonomian Rakyat Bukit Tanjung,Provinsi Bali,Kab. Badung,-8.7670516,115.1580486,0.76,0.72,99.76,90.11,81.28,13.11,-4.0600000000000005,-1.9000000000000001,18.260000000000005,23.25,6.758913043478262,1.7378260869565216,86.77499999999999,9.676666666666668,1.205,91.825,0.30889177686945235,Moderate Risk,one-year KPMM movement (+0.077); capital adequacy level (+0.071); provision coverage (+0.058),False,,0
602689,PT. Bank Perekonomian Rakyat Prima Jambi Mandiri,Provinsi Jambi,Kota Jambi,-1.6150677,103.599139,8.42,2.0,84.43,117.12,42.65,17.05,1.71,-0.2999999999999998,0.2600000000000051,-1.8599999999999994,13.166153846153845,2.6184615384615384,85.42461538461538,13.341428571428574,3.1714285714285713,83.13000000000001,0.308628938828749,Moderate Risk,deposit funding mix (+0.078); high NPL net (+0.046); three-year capital trend (+0.025),False,,0
602465,PT BANK PEREKONOMIAN RAKYAT ARTHA PRIMA PERSADA,Provinsi Jambi,Kota Jambi,-1.6108968,103.6097456,10.6,4.39,75.63,111.97,24.74,12.48,-3.960000000000001,0.8399999999999999,-4.660000000000011,0.8299999999999983,12.998461538461537,2.4346153846153844,86.10153846153847,12.222857142857142,2.4814285714285718,84.67285714285715,0.3081684647038838,Moderate Risk,high NPL net (+0.065); deposit funding mix (+0.063); ROA versus bank history (+0.041),False,,0
601181,PT Bank Perekonomian Rakyat Piala Makmur,Provinsi Sumatera Barat,Kab. Padang Pariaman,-0.4996877,100.0609771,24.22,-0.24,101.01,83.99,15.3,27.88,4.539999999999999,-0.07999999999999999,4.240000000000009,0.47000000000000064,11.51,-0.11000000000000001,110.51199999999999,18.06833333333333,-3.466666666666667,139.32333333333335,0.30629193899135265,Moderate Risk,high NPL net (+0.097); loan scale (+0.046); three-year NPL net trend (+0.029),False,,0
600315,PT Bank Perekonomian Rakyat Rajadana Menganti,Provinsi Jawa Timur,Kab. Gresik,-7.2939786,112.5880117,0.75,2.78,87.96,2370.04,199.51,113.09,-2.19,-0.6000000000000001,0.0899999999999892,24.72,18.165555555555557,2.2988888888888885,91.33888888888889,17.075,-12.963333333333333,248.05166666666665,0.3043738904000368,Moderate Risk,capital adequacy level (+0.048); cash liquidity position (+0.033); deposit growth (+0.026),True,LDR outside audit range,0
601189,PT Bank Perekonomian Rakyat Sarantau Sasurambi,Provinsi Sumatera Barat,Kab. Solok Selatan,-1.4776092,101.0464414,13.14,-2.16,109.42,107.13,14.06,8.3,2.200000000000001,-2.42,11.260000000000005,0.7000000000000011,1.9100000000000001,3.38,81.87000000000002,3.728,2.46,85.85600000000001,0.3040795574034517,Moderate Risk,loan scale (+0.053); high NPL net (+0.051); deposit growth (+0.050),False,,0
602614,PT Bank Perekonomian Rakyat Indobaru Finansia,Provinsi Kep. Riau,Kota Batam,1.1195239,104.04052,4.34,0.12,81.18,112.28,128.29,11.08,-3.790000000000001,-1.5499999999999998,-0.23999999999999488,6.529999999999987,5.486666666666666,2.3829629629629627,82.49111111111112,5.3975,2.365,81.18625,0.3039994361532337,Moderate Risk,capital adequacy level (+0.105); deposit funding mix (+0.095); three-year capital trend (+0.012),False,,0
601975,PT Bank Perekonomian Rakyat Logo Karo Asri,Provinsi Sumatera Utara,Kab. Karo,3.1934056,98.5059973,5.2,2.42,77.6,75.45,77.29,15.98,4.3100000000000005,0.27,-1.3300000000000125,12.66000000000001,0.9799999999999995,3.4000000000000004,85.16999999999999,4.348571428571429,1.4285714285714286,95.86,0.30335946744982856,Moderate Risk,capital adequacy level (+0.051); one-year KPMM movement (+0.048); three-year ROA trend (+0.025),False,,0
601913,PT Bank Perekonomian Rakyat Yustima Polewali Mandar,Provinsi Sulawesi Barat,Kab. Polewali Mandar,-3.396517,119.2176613,6.7,5.19,69.05,173.68,91.69,35.93,1.5600000000000005,-1.4799999999999995,-1.769999999999996,4.810000000000002,,,,18.034,20.982,78.574,0.3026536436327594,Moderate Risk,operating efficiency pressure (+0.059); funding pressure (+0.033); loan-to-deposit position (+0.013),False,,0
600263,PT Bank Perekonomian Rakyat Suryakusuma Kranggan,Provinsi Jawa Tengah,Kab. Temanggung,-7.3297729,110.1741379,21.55,0.18,98.32,65.58,47.26,16.88,2.0,0.94,-7.810000000000002,-6.600000000000001,16.333333333333332,1.9900000000000002,87.41333333333334,15.292499999999999,1.9775,88.455,0.30252746453943663,Moderate Risk,high NPL net (+0.116); three-year capital trend (+0.035); deposit funding mix (+0.019),False,,0
601065,PT Bank Perekonomian Rakyat Surya Natapala,Provinsi Bali,Kab. Klungkung,-8.6437092,115.2748503,4.47,3.45,77.68,76.81,27.44,20.14,0.8199999999999998,1.06,-8.969999999999999,6.870000000000001,2.59,2.2925000000000004,81.0925,6.844999999999999,2.4799999999999995,82.12875,0.3024777002919635,Moderate Risk,ROA versus bank history (+0.077); deposit funding mix (+0.043); provision coverage (+0.022),False,,0
600945,PT Bank Perekonomian Rakyat Bina Reksa Karyaartha,Provinsi Jawa Timur,Kab. Kediri,-7.8415996,111.9247847,6.45,10.11,62.6,167.07,93.98,53.44,0.6400000000000006,-0.33000000000000007,0.03999999999999915,13.510000000000005,10.426428571428572,3.2971428571428567,84.16071428571429,8.557500000000001,3.085,87.28375,0.30188106134658743,Moderate Risk,operating efficiency pressure (+0.069); profitability level (+0.034); high NPL net (+0.012),False,,0
602550,PT BANK PEREKONOMIAN RAKYAT KUTAI TIMUR,Provinsi Kalimantan Timur,Kab. Kutai Timur,-0.3473796,115.9247243,1.95,4.23,77.48,175.21,57.1,38.94,0.27,1.3300000000000005,-7.950000000000003,-2.6700000000000017,,,,5.105,-0.23625000000000018,100.79375,0.3016772225322782,Moderate Risk,three-year BOPO trend (+0.082); funding pressure (+0.071); ROA versus bank history (+0.047),False,,0
601898,PT Bank Perekonomian Rakyat Karangwaru,Provinsi D.I. Yogyakarta,Kab. Sleman,-7.7502623,110.3649647,12.39,2.98,80.46,87.96,18.2,7.7,4.370000000000001,-1.2600000000000002,6.579999999999998,0.259999999999998,11.934545454545455,1.3604545454545456,90.69727272727273,13.365,0.6400000000000002,96.26833333333333,0.3014383426923637,Moderate Risk,high NPL net (+0.101); one-year NPL net movement (+0.030); deposit funding mix (+0.020),False,,0
600021,PT Bank Perekonomian Rakyat Sinar Terang,Provinsi Jawa Barat,Kota Bekasi,-6.2276872,107.0006249,15.91,-5.87,151.84,76.87,13.65,7.48,9.09,1.1100000000000003,49.89,0.6699999999999999,17.28483870967742,-1.7135483870967743,117.76129032258065,11.762,2.242,88.252,0.3010254114789112,Moderate Risk,high NPL net (+0.095); deposit funding mix (+0.080); one-year NPL net movement (+0.049),False,,0
600687,PT Bank Perekonomian Rakyat Delanggu Raya,Provinsi Jawa Tengah,Kota Surakarta/Solo,-7.5929236,110.682955,4.27,2.98,81.41,242.31,47.99,17.33,3.5999999999999996,-0.6699999999999999,2.3900000000000006,-0.8699999999999974,15.157499999999999,0.5183333333333332,97.23083333333334,14.521428571428572,1.122857142857143,97.54142857142857,0.3008980694339687,Moderate Risk,funding pressure (+0.078); provision coverage (+0.030); loan-to-deposit position (+0.019),False,,0
602462,PT Bank Perekonomian Rakyat Artha Berkah Cemerlang,Provinsi D.I. Yogyakarta,Kota Yogyakarta,-7.7924714,110.3588587,22.62,1.41,98.06,97.89,45.88,16.51,-1.6600000000000001,-0.5999999999999999,8.86,4.190000000000005,24.967999999999996,-0.5199999999999999,113.60999999999999,23.23857142857143,-0.4157142857142856,111.12571428571428,0.30087406491733426,Moderate Risk,high NPL net (+0.069); three-year NPL net trend (+0.039); deposit growth (+0.037),False,,0
600038,PT Bank Perekonomian Rakyat Sanggabuana Agung,Provinsi Jawa Barat,Kab. Karawang,-6.3053642,107.2899485,21.21,-2.33,112.55,87.58,70.78,16.95,-0.18999999999999773,-3.45,18.14999999999999,-1.0499999999999972,16.63083333333333,0.031666666666666655,107.98083333333334,17.625999999999998,-2.3800000000000003,129.472,0.3004804891320017,Moderate Risk,three-year NPL net trend (+0.037); funding pressure (+0.030); high NPL net (+0.022),False,,0
601891,PT Bank Perekonomian Rakyat Karya Guna Mandiri,Provinsi Jawa Barat,Kota Bandung,-6.9155671,107.5975869,10.25,0.18,99.77,89.94,15.77,8.34,1.7799999999999994,9.31,-42.980000000000004,-2.75,10.439310344827586,-0.009655172413793114,100.77931034482758,3.9257142857142857,1.2185714285714286,92.66857142857143,0.30002148830001735,Moderate Risk,high NPL net (+0.067); deposit funding mix (+0.062); one-year ROA movement (+0.050),False,,0
602752,PT Bank Perekonomian Rakyat Berkat Sejati,Provinsi Sumatera Selatan,Kota Palembang,-2.9774749,104.7505911,1.69,1.46,76.8,100.08,61.34,5.93,0.83,-0.49,1.5,-13.11,8.842727272727274,2.61,83.2,9.611428571428572,1.667142857142857,88.88428571428572,0.29974750693835595,Moderate Risk,capital adequacy level (+0.095); deposit funding mix (+0.066); one-year LDR movement (+0.023),False,,0
601903,PT Bank Perekonomian Rakyat Raksa Wacana Agri Purnama,Provinsi Jawa Barat,Kab. Kuningan,-6.8762194,108.4938257,15.13,0.05,100.78,91.04,30.47,17.32,4.780000000000001,-1.15,3.730000000000004,2.9800000000000004,25.995,-5.425,150.18,12.866666666666665,-0.4166666666666665,107.99000000000001,0.299475356667988,Moderate Risk,high NPL net (+0.063); three-year NPL net trend (+0.038); NPL net versus bank history (+0.036),False,,0
601383,PT Bank Perekonomian Rakyat Arta Agung Yogyakarta,Provinsi D.I. Yogyakarta,Kab. Sleman,-7.7755998,110.3270852,18.99,-0.55,104.73,80.21,19.88,27.29,-2.4700000000000024,-1.6300000000000001,13.740000000000009,-0.9299999999999997,11.634545454545453,1.520909090909091,89.59409090909092,9.32,2.801666666666667,83.06,0.2992820814543862,Moderate Risk,high NPL net (+0.124); three-year capital trend (+0.061); three-year NPL net trend (+0.042),False,,0
602593,PT Bank Perekonomian Rakyat Hardi Mas Mandiri,Provinsi Jawa Tengah,Kab. Klaten,-7.6911299,110.6101786,15.58,-1.91,120.7,98.42,75.2,31.68,-3.049999999999999,-3.42,25.930000000000007,37.650000000000006,15.147499999999999,1.0266666666666666,94.415,18.372857142857146,0.3900000000000001,100.64428571428572,0.29925756588075425,Moderate Risk,one-year KPMM movement (+0.052); capital adequacy level (+0.047); high NPL net (+0.043),False,,0
601380,PT Bank Perekonomian Rakyat Berlian Bumi Arta,Provinsi D.I. Yogyakarta,Kab. Sleman,-7.8006651,110.3217265,11.51,0.92,93.1,174.73,15.86,13.71,10.25,-2.0500000000000003,10.069999999999993,1.0,11.974545454545455,1.454090909090909,90.12272727272729,10.511666666666665,1.7149999999999999,90.33333333333333,0.29885557118767386,Moderate Risk,high NPL net (+0.064); three-year NPL net trend (+0.045); one-year NPL net movement (+0.044),False,,0
602692,PT. BPR Pelangi,Provinsi Kalimantan Tengah,Kab. Kotawaringin Barat,-2.6718938,111.6411717,0.74,18.86,52.42,128.97,38.5,16.86,0.18999999999999995,1.4800000000000004,-5.359999999999999,-0.6000000000000014,5.54,2.004999999999999,83.91499999999999,8.56875,1.8125,91.64250000000001,0.29852976036709294,Moderate Risk,funding pressure (+0.048); one-year LDR movement (+0.036); operating efficiency pressure (+0.032),False,,0
600290,PT Bank Perekonomian Rakyat Martapura Banjar Sejahtera Perseroda,Provinsi Kalimantan Selatan,Kab. Banjar,-3.4074071,114.8421187,10.02,2.73,84.86,152.34,84.52,58.88,3.5999999999999996,0.08999999999999986,0.5900000000000034,9.349999999999994,8.9875,4.035,72.74249999999999,9.2425,6.22,68.8875,0.29846528151560553,Moderate Risk,high NPL net (+0.036); capital adequacy level (+0.024); three-year NPL net trend (+0.019),False,,0
600250,PT. BPR Gunung Talang,Provinsi Sumatera Barat,Kab. Solok,-0.8614725,100.6450072,21.78,0.0,148.78,123.77,18.05,12.71,13.360000000000001,0.0,39.11,-2.719999999999999,4.025,3.105,82.61999999999999,6.621666666666667,2.405,86.04,0.29820429002416443,Moderate Risk,high NPL net (+0.057); three-year capital trend (+0.046); three-year NPL net trend (+0.043),False,,0
602021,PT Bank Perekonomian Rakyat Lipatganda,Provinsi Lampung,Kab. Lampung Timur,-5.0734808,105.5221759,2.58,14.46,63.44,117.92,40.64,26.64,0.9000000000000001,0.20000000000000107,-0.30000000000000426,-7.530000000000001,8.11,9.18,64.525,12.885000000000002,4.02375,87.09875,0.2979430236903466,Moderate Risk,operating efficiency pressure (+0.059); ROA versus bank history (+0.040); funding pressure (+0.033),False,,0
601764,PT Bank Perekonomian Rakyat Mitra Agung Mandiri,Provinsi Jawa Timur,Kab. Tulungagung,-8.0913645,111.9177153,4.59,4.97,75.44,196.61,80.74,37.88,-8.25,-1.12,2.5799999999999983,7.47999999999999,5.65,4.534000000000001,78.054,6.41,4.13,79.85666666666667,0.297871810823412,Moderate Risk,capital adequacy level (+0.076); funding pressure (+0.052); operating efficiency pressure (+0.009),False,,0
601289,PT Bank Perekonomian Rakyat Menara Cendrawasih Papua,Provinsi Papua Barat,Kota Sorong,-0.8952219,131.3161281,14.99,1.77,89.1,151.4,51.39,12.39,1.0299999999999994,-2.4,8.86999999999999,-0.6099999999999994,10.339999999999998,0.6400000000000001,78.03,5.076,1.6520000000000004,84.538,0.29745288666244857,Moderate Risk,high NPL net (+0.074); funding pressure (+0.048); three-year NPL net trend (+0.041),False,,0
602044,PT Bank Perekonomian Rakyat Bank Mulya Sejahtera,Provinsi D.I. Yogyakarta,Kab. Sleman,-7.7510636,110.3600989,7.27,2.74,85.09,109.24,43.96,14.72,-5.41,-0.009999999999999787,2.25,-2.789999999999999,12.167272727272728,1.3713636363636363,90.4868181818182,14.620000000000001,0.5985714285714286,96.19714285714285,0.2971975183839565,Moderate Risk,ROA versus bank history (+0.071); deposit funding mix (+0.028); high NPL net (+0.018),False,,0
600318,PT Bank Perekonomian Rakyat Bank Karanganyar (Perseroda),Provinsi Jawa Tengah,Kab. Karanganyar,-7.5984685,110.9444701,9.9,0.25,96.08,132.62,22.37,13.44,5.180000000000001,-0.77,6.6200000000000045,-2.539999999999999,15.6,-0.4840000000000001,106.096,15.373333333333335,0.3500000000000001,102.19833333333332,0.29715940999740265,Moderate Risk,high NPL net (+0.055); one-year NPL net movement (+0.045); funding pressure (+0.043),False,,0
600079,PT. BPR Lestari Banten,Provinsi Banten,Kab. Tangerang,-6.2600184,106.59907,17.38,0.14,99.11,46.34,23.73,14.99,11.68,0.010000000000000009,-0.9699999999999989,-1.4499999999999993,12.192222222222222,2.5855555555555556,94.09944444444446,24.336000000000002,1.346,96.436,0.2969060509140721,Moderate Risk,high NPL net (+0.102); deposit funding mix (+0.064); one-year NPL net movement (+0.045),False,,0
600151,PT Bank Perekonomian Rakyat Klepu Mitra Kencana,Provinsi Jawa Tengah,Kab. Semarang,-7.1281705,110.2854202,14.27,4.07,78.69,99.9,37.71,10.24,1.8200000000000003,-1.1499999999999995,5.75,0.6899999999999977,15.679166666666667,3.8683333333333336,79.44416666666666,22.79625,2.325,84.59,0.2969046151578285,Moderate Risk,high NPL net (+0.128); three-year NPL net trend (+0.026); loan-to-deposit position (+0.020),False,,0
601683,PT Bank Perekonomian Rakyat Lumbungartha Muntilanindo,Provinsi Jawa Tengah,Kab. Magelang,-7.5792168,110.2786694,31.32,-4.82,136.95,109.01,62.45,20.36,-4.560000000000002,-5.45,40.999999999999986,-11.86999999999999,11.152727272727274,1.8272727272727274,86.14090909090909,12.0125,0.30875000000000014,95.82124999999999,0.29644656232770344,Moderate Risk,high NPL net (+0.057); three-year capital trend (+0.047); three-year NPL net trend (+0.042),False,,0
600144,PT Bank Perekonomian Rakyat Kemuning Mitra Cemerlang,Provinsi Banten,Kab. Tangerang,-6.1612582,106.8549422,11.25,-0.2,99.89,66.16,71.04,59.57,-3.6799999999999997,1.37,-7.760000000000005,12.700000000000003,12.532777777777778,2.604444444444445,94.05611111111111,11.0725,1.2737500000000002,100.53999999999999,0.29637480599084187,Moderate Risk,deposit funding mix (+0.073); capital adequacy level (+0.035); one-year ROA movement (+0.024),False,,0
600190,PT Bank Perekonomian Rakyat Bina Sono Artha,Provinsi Jawa Barat,Kota Bandung,-6.9030997,107.6090269,0.0,0.39,96.42,38.25,69.47,8.51,0.0,1.05,-11.010000000000005,0.09000000000000341,10.792758620689655,-0.016896551724137943,100.89482758620689,7.271428571428572,0.44571428571428573,98.13857142857144,0.2963094112916688,Moderate Risk,deposit funding mix (+0.136); three-year capital trend (+0.034); asset scale (+0.010),False,,0
601082,PT Bank Perekonomian Rakyat Luhur Damai,Provinsi Bali,Kab. Tabanan,-8.5622253,115.1131938,9.29,2.8,75.18,75.31,59.88,45.52,-2.7200000000000006,1.5899999999999999,-4.579999999999998,8.520000000000003,9.978235294117647,0.6858823529411765,92.92411764705881,10.911428571428571,-0.2514285714285714,96.78714285714285,0.29603267264179645,Moderate Risk,loan growth (+0.050); one-year KPMM movement (+0.045); one-year ROA movement (+0.033),False,,0
600790,PT Bank Perekonomian Rakyat Nusamba Brondong,Provinsi Jawa Timur,Kab. Lamongan,-6.8732445,112.2899469,13.79,2.33,90.79,91.02,34.33,18.74,5.5,-1.67,7.300000000000011,1.6499999999999986,8.392,4.306,80.65,9.591666666666667,5.375,74.52166666666666,0.29590270007677144,Moderate Risk,high NPL net (+0.078); loan growth (+0.042); three-year NPL net trend (+0.038),False,,0
601696,PT Bank Perekonomian Rakyat Harta Swadiri,Provinsi Jawa Timur,Kab. Pasuruan,-7.6083706,112.6713391,2.88,5.14,74.81,98.18,45.97,44.0,-0.3400000000000003,0.4899999999999993,-0.12999999999999545,3.6000000000000014,17.205454545454543,7.466363636363636,89.03454545454547,16.805000000000003,2.0883333333333334,90.14833333333333,0.29585386488812615,Moderate Risk,loan growth (+0.076); funding pressure (+0.041); profitability level (+0.025),False,,0
601400,PT Bank Perekonomian Rakyat Tirta Danarta,Provinsi Jawa Tengah,Kab. Banyumas,-7.4424427,109.2370153,18.03,0.35,102.5,111.27,48.2,16.06,0.3000000000000007,-0.29000000000000004,6.959999999999994,15.400000000000006,11.722857142857142,1.4471428571428573,89.13428571428572,8.904285714285715,2.1128571428571434,84.76571428571428,0.2957878020656328,Moderate Risk,high NPL net (+0.066); deposit funding mix (+0.040); three-year NPL net trend (+0.039),False,,0
601172,PT BPR Tjahaja Baru,Provinsi Sumatera Barat,Kota Padang,-0.9484441,100.3514251,7.12,1.61,86.02,277.79,118.72,36.9,2.16,-3.05,18.61,21.260000000000005,7.7124999999999995,0.9949999999999999,111.51750000000001,7.898333333333333,0.955,105.76333333333332,0.2952487777481209,Moderate Risk,funding pressure (+0.034); three-year NPL net trend (+0.027); three-year capital trend (+0.025),False,,0
602637,PT Bank Perekonomian Rakyat Athena Surya Prima,Provinsi Banten,Kab. Tangerang,-6.2292764,106.6332956,10.95,1.44,87.88,116.13,34.25,8.56,-1.3000000000000007,-0.24,2.1799999999999926,0.0,12.549444444444445,2.5133333333333336,94.72333333333333,12.747499999999999,2.7125000000000004,83.38250000000001,0.29513332871355774,Moderate Risk,deposit funding mix (+0.062); high NPL net (+0.049); three-year NPL net trend (+0.024),False,,0
600832,PT Bank Perekonomian Rakyat Bank Bumi Sanggabuana,Provinsi Jawa Timur,Kab. Gresik,-7.1142365,112.5330011,4.6,0.8,97.49,550.0,199.16,58.41,3.55,-0.3899999999999999,1.9899999999999949,3.4199999999999875,17.73777777777778,2.5188888888888887,90.28,18.464285714285715,2.35,87.56142857142856,0.2949020397203237,Moderate Risk,deposit growth (+0.037); funding pressure (+0.027); capital adequacy level (+0.025),True,LDR outside audit range,0
600936,PT Bank Perekonomian Rakyat Dinar Pusaka,Provinsi Jawa Timur,Kab. Sidoarjo,-7.3495778,112.7033949,20.66,-2.13,115.16,142.52,128.16,25.52,-4.48,-1.0599999999999998,7.759999999999991,-4.340000000000003,13.366315789473685,-0.8899999999999997,118.39763157894738,11.138333333333334,1.6133333333333333,95.76333333333332,0.2945255254235798,Moderate Risk,three-year capital trend (+0.035); capital adequacy level (+0.028); high NPL net (+0.020),False,,0
601922,PT Bank Perekonomian Rakyat Pembangunan Kabupaten Padang Pariaman,Provinsi Sumatera Barat,Kab. Padang Pariaman,-0.5750217,100.0609771,13.69,-2.42,125.52,170.79,69.99,18.85,8.01,-4.05,36.94,-13.450000000000003,13.616,0.32599999999999996,105.60999999999999,22.856,-4.118,144.93,0.29451991874496075,Moderate Risk,high NPL net (+0.033); three-year capital trend (+0.031); loan-to-deposit position (+0.026),False,,0
601164,PT BPR LPN Sungai Rumbai,Provinsi Sumatera Barat,Kab. Dharmasraya,-1.2195839,101.737289,11.4,1.53,83.19,52.08,25.3,35.07,9.09,-0.32000000000000006,4.060000000000002,0.7100000000000009,18.810000000000002,-30.77,232.03000000000003,12.956,-6.712000000000001,129.50799999999998,0.2940320485805629,Moderate Risk,high NPL net (+0.091); one-year NPL net movement (+0.060); three-year NPL net trend (+0.060),False,,1
600831,PT Bank Perekonomian Rakyat Suar Data,Provinsi Sulawesi Selatan,Kab. Bone,-4.5445895,120.3131389,8.97,7.06,81.68,144.1,51.71,24.87,2.8600000000000003,0.9699999999999998,-2.2099999999999937,-4.799999999999997,,,,16.628000000000004,17.402,105.98599999999999,0.2937704800456648,Moderate Risk,high NPL net (+0.054); three-year capital trend (+0.023); funding pressure (+0.022),False,,0
600540,PT Bank Perekonomian Rakyat BKK Banjarharjo (Perseroda),Provinsi Jawa Tengah,Kab. Brebes,-7.0508011,108.7656107,16.94,1.98,83.28,82.42,47.3,24.78,5.110000000000001,0.18999999999999995,-2.539999999999992,3.8900000000000006,16.782500000000002,0.86,95.29749999999999,6.5925,1.1099999999999999,91.5325,0.29362559056820875,Moderate Risk,high NPL net (+0.058); loan growth (+0.047); three-year NPL net trend (+0.045),False,,0
600765,PT Bank Perekonomian Rakyat Bina Maju Usaha,Provinsi Jawa Barat,Kota Bandung,-6.9000699,107.560539,1.55,5.16,84.38,98.54,54.98,26.75,0.29000000000000004,-0.3899999999999997,1.3999999999999915,4.779999999999994,10.739310344827587,-0.1813793103448276,101.30999999999999,8.263333333333334,0.5616666666666666,95.94166666666666,0.2930134958905781,Moderate Risk,deposit funding mix (+0.089); ROA versus bank history (+0.075); loan growth versus deposit growth (+0.014),False,,0
602754,PT. BPR Sampuraga Cemerlang (Perseroda),Provinsi Kalimantan Tengah,Kab. Lamandau,-2.1796396,111.4641701,19.89,2.39,80.81,85.75,90.87,15.04,7.68,-1.2599999999999998,5.109999999999999,-4.3799999999999955,,,,6.175,3.87125,88.09375,0.2925004270748474,Moderate Risk,high NPL net (+0.044); one-year NPL net movement (+0.031); funding pressure (+0.017),False,,0
600954,PT. BPR Nusamba Ngunut,Provinsi Jawa Timur,Kab. Tulungagung,-8.0953779,111.9895877,11.81,2.52,87.57,82.66,28.75,27.31,3.8400000000000007,0.06999999999999984,0.5499999999999972,5.52,4.206,5.024,75.628,5.13,5.128571428571429,74.9042857142857,0.29247325366724847,Moderate Risk,high NPL net (+0.075); loan growth (+0.057); three-year NPL net trend (+0.039),False,,0
601716,PT Bank Perekonomian Rakyat Delta Lamongan,Provinsi Jawa Timur,Kab. Lamongan,-7.1194574,112.097726,9.06,2.28,89.34,118.47,98.12,18.48,2.8200000000000003,0.6099999999999999,-3.1499999999999915,7.170000000000002,9.338,4.316,80.94000000000001,8.55,2.866,90.422,0.29246819808278324,Moderate Risk,capital adequacy level (+0.026); one-year NPL net movement (+0.019); loan growth (+0.019),False,,0
600543,PT BPR Bank Kebumen (Perseroda),Provinsi Jawa Tengah,Kab. Kebumen,-7.6687877,109.6583684,14.11,1.69,84.57,81.89,42.99,15.39,0.379999999999999,-0.4700000000000002,3.799999999999997,1.5800000000000054,7.3675,2.8625000000000003,81.1375,10.7575,2.13875,85.465,0.29245538599020154,Moderate Risk,three-year NPL net trend (+0.064); high NPL net (+0.061); three-year BOPO trend (+0.061),False,,0
601988,PT Bank Perekonomian Rakyat Dana Tirtaraya,Provinsi Kalimantan Barat,Kab. Kubu Raya,-0.0775718,109.379913,5.55,1.36,86.4,67.45,56.89,5.95,2.9899999999999998,0.2100000000000002,-1.509999999999991,0.1600000000000037,15.899999999999997,3.48,72.49,9.445,2.26625,81.1375,0.29239957294564545,Moderate Risk,loan growth (+0.095); deposit growth (+0.025); three-year NPL net trend (+0.022),False,,0
600907,PT Bank Perekonomian Rakyat Bank Lumajang (Perseroda),Provinsi Jawa Timur,Kab. Lumajang,-8.0642218,113.1493588,0.52,3.37,71.61,161.66,55.16,26.64,-0.5700000000000001,0.7000000000000002,-2.950000000000003,-6.290000000000006,8.882499999999999,2.7675,82.2725,5.777142857142857,3.2857142857142856,81.64999999999999,0.2920575885015796,Moderate Risk,three-year BOPO trend (+0.101); funding pressure (+0.073); operating efficiency pressure (+0.036),False,,0
600779,PT Bank Perekonomian Rakyat Argo Dana Artha,Provinsi Jawa Tengah,Kab. Semarang,-7.1689519,110.3107136,22.67,1.0,91.38,100.78,29.36,20.3,5.770000000000003,-1.94,10.289999999999992,-2.34,14.979166666666666,4.1241666666666665,78.38666666666667,19.1575,2.88875,82.31875,0.2919667959074212,Moderate Risk,high NPL net (+0.121); one-year NPL net movement (+0.050); NPL net versus bank history (+0.032),False,,0
600924,PT Bank Perekonomian Rakyat Antar Parama,Provinsi Jawa Timur,Kab. Probolinggo,-7.7604457,113.4198168,5.31,2.43,80.71,98.56,40.31,27.23,-4.95,1.37,-10.290000000000006,4.510000000000005,1.0,0.48999999999999977,94.11,8.901666666666667,2.6166666666666667,89.73500000000001,0.2912227616416228,Moderate Risk,ROA versus bank history (+0.062); three-year BOPO trend (+0.048); one-year ROA movement (+0.020),False,,0
600966,PT Bank Perekonomian Rakyat Artha Nugraha,Provinsi Jawa Timur,Kab. Kediri,-7.72384,111.9881526,11.63,3.62,77.89,84.65,51.29,18.3,5.470000000000001,-1.17,5.3700000000000045,0.38000000000000256,10.05642857142857,3.7607142857142857,83.06857142857142,14.95142857142857,2.605714285714286,88.21285714285715,0.2908611519650703,Moderate Risk,high NPL net (+0.105); one-year NPL net movement (+0.028); profitability level (+0.019),False,,0
601858,PT Bank Perekonomian Rakyat Mitra Bali Muktijaya Mandiri,Provinsi Bali,Kab. Bangli,-8.3010044,115.2535407,24.68,-1.62,114.77,51.63,12.06,24.97,9.68,1.6,-16.14999999999999,-0.049999999999998934,17.584999999999997,-3.6600000000000006,118.84,5.717500000000001,1.5237500000000002,88.46125,0.290624088455668,Moderate Risk,three-year BOPO trend (+0.049); three-year NPL net trend (+0.039); loan growth (+0.038),False,,0
601345,PT Bank Perekonomian Rakyat Parinama Simfoni Indonesia,Provinsi Jawa Barat,Kota Bandung,-6.9396983,107.6036684,5.4,2.2,88.33,119.15,51.91,11.74,1.7900000000000005,-0.7399999999999998,4.819999999999993,-1.6500000000000057,10.606551724137931,-0.07931034482758623,101.17379310344828,10.035,-0.8487499999999999,101.74125,0.29029946901565723,Moderate Risk,deposit funding mix (+0.067); three-year capital trend (+0.056); three-year NPL net trend (+0.023),False,,0
600965,Koperasi Jasa Bank Perekonomian Rakyat Arta Kencana,Provinsi Jawa Timur,Kab. Madiun,-7.5765148,111.5627352,17.56,1.56,89.16,82.08,24.78,33.51,5.039999999999999,-1.1999999999999997,7.319999999999993,-0.5700000000000003,8.948333333333332,3.251666666666667,87.01166666666667,9.18,2.645,84.00833333333334,0.29027735529797805,Moderate Risk,high NPL net (+0.088); one-year NPL net movement (+0.052); three-year NPL net trend (+0.048),False,,0
601888,PT Bank Perekonomian Rakyat Parasahabat Bekasi,Provinsi Jawa Barat,Kab. Bekasi,-6.2386172,106.7089556,7.8,0.48,98.86,163.52,28.33,19.07,3.1499999999999995,-0.48,1.5499999999999972,0.9399999999999977,17.36952380952381,-0.8552380952380952,99.79904761904761,2.36,1.46,85.89,0.289165485444785,Moderate Risk,high NPL net (+0.068); funding pressure (+0.067); three-year NPL net trend (+0.021),False,,1
602661,PT BANK PEREKONOMIAN RAKYAT WAHANA BERSAMA KPUM,Provinsi Sumatera Utara,Kota Medan,3.6868375,98.6023573,6.51,2.61,85.51,81.64,41.58,32.9,1.1499999999999995,0.6799999999999999,-9.659999999999997,6.559999999999995,7.07875,0.88375,99.5125,9.167142857142858,-3.5700000000000003,132.67142857142855,0.2890807677380361,Moderate Risk,deposit funding mix (+0.084); three-year BOPO trend (+0.045); one-year BOPO movement (+0.014),False,,0
602672,PT Bank Perekonomian Rakyat Bahteramas Bombana (Perseroda),Provinsi Sulawesi Tenggara,Kab. Bombana,-4.764343,122.0328126,5.05,6.81,75.82,141.16,65.22,36.6,-4.12,3.3,-6.510000000000005,-4.590000000000003,,,,6.314285714285715,7.3342857142857145,76.48,0.28897998965257116,Moderate Risk,capital adequacy level (+0.081); one-year ROA movement (+0.036); funding pressure (+0.024),False,,0
601459,PT. BPR Restu Klepu Makmur,Provinsi Jawa Tengah,Kab. Semarang,-7.1835437,110.4230721,13.39,3.74,78.97,123.95,62.15,20.92,-3.9800000000000004,-2.1899999999999995,12.039999999999992,10.25,15.752500000000003,3.8958333333333335,79.42083333333333,16.135,3.3387499999999997,82.72125,0.2888427703452304,Moderate Risk,loan growth (+0.022); high NPL net (+0.019); deposit funding mix (+0.015),False,,0
601266,PT Bank Perekonomian Rakyat Lestari Jakarta,Provinsi DKI Jakarta,Wil. Kota Jakarta Barat,-6.1977648,106.7457171,12.64,0.37,97.66,64.59,18.87,11.73,6.080000000000001,0.25,-3.9000000000000057,-2.59,17.965,1.625,101.47500000000001,12.366666666666667,3.558333333333333,103.24833333333333,0.28846112147774383,Moderate Risk,high NPL net (+0.072); deposit funding mix (+0.044); three-year capital trend (+0.028),False,,0
600964,Koperasi Jasa Bank Perekonomian Rakyat Babadan,Provinsi Jawa Timur,Kab. Ponorogo,-7.880275,111.3787833,9.4,3.62,75.26,87.21,60.59,31.45,2.4300000000000006,-0.029999999999999805,0.5900000000000034,-1.029999999999994,6.075000000000001,2.74,83.345,5.371428571428571,4.038571428571428,80.10571428571428,0.28830155109943706,Moderate Risk,high NPL net (+0.058); capital adequacy level (+0.040); one-year NPL net movement (+0.010),False,,0
600005,PT Bank Perekonomian Rakyat Hasamitra Jawa Barat,Provinsi Jawa Barat,Kota Depok,-6.3639637,106.7648817,0.44,3.88,75.48,118.31,17.95,15.67,-0.55,-0.5700000000000003,-1.8100000000000023,-0.490000000000002,14.624,1.6484999999999999,97.7935,12.482,1.9619999999999997,97.798,0.28811904121074094,Moderate Risk,deposit funding mix (+0.104); ROA versus bank history (+0.054); three-year BOPO trend (+0.034),False,,0
601461,PT Bank Perekonomian Rakyat Kandimadu Arta,Provinsi Jawa Tengah,Kab. Karanganyar,-7.5583845,110.7414581,22.17,-1.74,113.16,73.95,27.37,14.41,10.260000000000002,-0.75,5.849999999999994,0.38000000000000256,14.373000000000001,-0.28500000000000003,104.38799999999999,17.7825,0.3287500000000001,109.825,0.2876308136708599,Moderate Risk,high NPL net (+0.112); NPL net versus bank history (+0.051); one-year NPL net movement (+0.046),False,,0
600674,PT Bank Perekonomian Rakyat Bank Solo (Perseroda),Provinsi Jawa Tengah,Kota Surakarta/Solo,-7.5712994,110.8199084,11.75,1.07,89.33,81.36,37.85,26.16,5.85,-0.9399999999999997,7.909999999999997,-0.3200000000000003,14.534166666666666,0.6774999999999999,96.57083333333334,13.607142857142858,0.48000000000000015,101.58142857142856,0.28728081573173314,Moderate Risk,high NPL net (+0.069); NPL net versus bank history (+0.057); one-year NPL net movement (+0.052),False,,1
602750,PT Bank Perekonomian Rakyat Sorong Sukses Sejahtera,Provinsi Papua Barat,Kota Sorong,-0.8831002,131.2838116,10.34,0.64,78.03,116.38,57.37,11.5,-5.789999999999999,-2.59,2.3799999999999955,-0.7600000000000051,14.989999999999998,1.77,89.1,6.006,1.8780000000000001,86.752,0.28707800182676835,Moderate Risk,provision coverage (+0.048); funding pressure (+0.025); operating efficiency pressure (+0.025),False,,0
601838,PT Bank Perekonomian Rakyat Megah Raharja Berdaya,Provinsi Bali,Kab. Badung,-8.5447669,114.8378722,4.78,0.38,94.63,77.31,40.89,25.7,-1.5499999999999998,1.6099999999999999,-18.620000000000005,16.44,6.671521739130435,1.7452173913043478,86.88652173913043,11.831428571428571,0.14142857142857146,94.65142857142858,0.28661627886384594,Moderate Risk,three-year BOPO trend (+0.066); ROA versus bank history (+0.060); one-year BOPO movement (+0.031),False,,0
601904,PT Bank Perekonomian Rakyat Sulawesi Danajaya,Provinsi Sulawesi Selatan,Kota Makassar,-5.1608025,119.4182028,13.83,0.46,105.99,60.84,116.54,33.39,3.5999999999999996,2.33,-19.310000000000002,81.48,2.991428571428572,-2.0885714285714285,119.24571428571429,2.5557142857142856,-3.1285714285714294,132.7757142857143,0.28615173190529486,Moderate Risk,deposit funding mix (+0.045); one-year ROA movement (+0.025); high NPL net (+0.025),False,,0
601993,PT Bank Perekonomian Rakyat Talabumi Sunggal,Provinsi Sumatera Utara,Kab. Deli Serdang,3.5355849,98.6174939,4.96,4.06,82.52,165.69,26.35,28.26,-0.009999999999999787,-0.1200000000000001,-0.15000000000000568,-3.4399999999999977,6.23,1.0986666666666665,100.85,6.5175,0.9324999999999999,100.20875000000001,0.2859243980157132,Moderate Risk,funding pressure (+0.046); deposit funding mix (+0.022); three-year capital trend (+0.018),False,,0
600105,PT Bank Perekonomian Rakyat Sowan Utama,Provinsi Nusa Tenggara Barat,Kab. Lombok Barat,-8.622015,116.1480934,21.08,0.62,95.49,74.87,41.26,4.11,6.209999999999999,-1.2400000000000002,7.099999999999994,3.4199999999999946,7.447142857142857,4.158571428571428,80.67285714285715,6.612500000000001,3.1312499999999996,82.7175,0.2859042262587277,Moderate Risk,high NPL net (+0.110); one-year NPL net movement (+0.027); NPL net versus bank history (+0.025),False,,0
602707,PT Bank Perekonomian Rakyat Cahaya Khatulistiwa Sejahtera,Provinsi Kalimantan Barat,Kota Pontianak,-0.0385042,109.3405915,13.96,1.14,89.69,102.57,43.31,4.48,1.040000000000001,0.10999999999999988,-1.7000000000000028,4.830000000000005,5.2811111111111115,1.5833333333333333,86.63444444444445,3.912857142857143,0.8142857142857142,88.58571428571429,0.2856805678953768,Moderate Risk,high NPL net (+0.084); deposit funding mix (+0.046); three-year NPL net trend (+0.032),False,,0
600979,PT Bank Perekonomian Rakyat Rambi Artha Putra,Provinsi Jawa Timur,Kab. Jember,-8.2080095,113.6048983,15.68,1.85,87.73,150.81,90.29,22.4,1.379999999999999,-1.4,6.930000000000007,13.02000000000001,11.526875,4.50875,78.22687499999999,15.595714285714285,2.687142857142857,85.82857142857142,0.28553327392382805,Moderate Risk,three-year NPL net trend (+0.029); high NPL net (+0.027); NPL net versus bank history (+0.016),False,,0
601275,PT Bank Perekonomian Rakyat Kranji Krida Sejahtera,Provinsi Jawa Barat,Kota Bekasi,-6.248884,106.9810883,5.95,4.19,85.04,76.94,24.89,14.51,0.2999999999999998,-0.47999999999999954,-3.4599999999999937,-6.48,17.606129032258064,-2.0380645161290323,119.91612903225807,2.97,1.97,86.0,0.2851770230132652,Moderate Risk,deposit funding mix (+0.094); funding pressure (+0.046); three-year capital trend (+0.028),False,,0
602653,PT Bank Perekonomian Rakyat Sumber Dana Mas,Provinsi Kep. Riau,Kab. Lingga,-0.4981562,104.5597449,1.94,7.05,68.79,180.06,25.22,20.85,-0.10999999999999988,0.6499999999999995,-4.109999999999999,-4.940000000000001,,,,6.43375,1.93875,85.49875,0.28503480882710497,Moderate Risk,funding pressure (+0.059); three-year BOPO trend (+0.049); operating efficiency pressure (+0.019),False,,0
601946,PT Bank Perekonomian Rakyat Phidectama Abepura,Provinsi Papua,Kota Jayapura,-2.6154258,140.6739432,7.08,1.46,91.49,107.95,59.71,37.85,-0.6299999999999999,7.38,-48.66000000000001,-0.19999999999999574,20.263333333333332,-2.1666666666666665,113.63666666666666,15.27,-1.1260000000000001,105.476,0.28468349114385283,Moderate Risk,one-year ROA movement (+0.105); capital adequacy level (+0.053); one-year BOPO movement (+0.019),False,,1
601050,PT Bank Perekonomian Rakyat Ashi,Provinsi Bali,Kab. Badung,-8.6455464,115.1150927,0.26,1.9,86.54,41.5,38.28,27.96,-3.8500000000000005,-0.10999999999999988,0.7900000000000063,17.080000000000002,6.769782608695652,1.712173913043478,87.06239130434783,6.45,2.19875,83.36500000000001,0.2843459662368663,Moderate Risk,three-year BOPO trend (+0.076); loan growth (+0.065); one-year KPMM movement (+0.056),False,,0
600776,Perumda BPR Bank Kota Kediri,Provinsi Jawa Timur,Kota Kediri,-7.8134802,112.0075967,7.89,4.9,83.09,83.15,32.65,30.28,-2.13,2.4800000000000004,-2.009999999999991,11.629999999999999,7.996666666666666,2.4600000000000004,88.21666666666665,15.728571428571428,2.4785714285714286,87.75428571428571,0.2835037507164302,Moderate Risk,three-year BOPO trend (+0.044); ROA versus bank history (+0.041); one-year KPMM movement (+0.035),False,,0
601721,PT Bank Perekonomian Rakyat Anugerahdharma Yuwana Banyuwangi,Provinsi Jawa Timur,Kab. Banyuwangi,-8.3215409,114.0953995,6.86,3.54,78.62,82.47,34.18,22.57,-3.0200000000000005,1.2999999999999998,-6.75,-44.949999999999996,13.241249999999999,2.645,89.935,9.835,4.8425,77.3825,0.28326720809951195,Moderate Risk,three-year BOPO trend (+0.061); loan growth (+0.056); one-year ROA movement (+0.035),False,,0
602647,PT Bank Perekonomian Rakyat Majesty Golden Raya,Provinsi Kep. Riau,Kota Batam,1.1128174,104.0395533,7.37,2.76,79.17,98.19,32.01,7.27,1.71,-0.1900000000000004,1.3400000000000034,2.469999999999999,5.3744444444444435,2.285185185185185,82.56555555555555,5.01875,2.035,81.4375,0.28313794190238917,Moderate Risk,deposit funding mix (+0.052); high NPL net (+0.036); three-year BOPO trend (+0.026),False,,0
601978,PT Bank Perekonomian Rakyat Prima Nusatama,Provinsi Jawa Barat,Kab. Bekasi,-6.2158956,107.0744788,26.37,2.34,86.16,74.12,58.53,23.82,1.3599999999999994,3.19,-19.150000000000006,0.8200000000000003,16.485238095238095,-0.9438095238095239,100.40380952380953,38.345,-10.895,152.035,0.2829391908718682,Moderate Risk,high NPL net (+0.040); loan growth (+0.036); three-year NPL net trend (+0.028),False,,0
601410,PT Bank Perekonomian Rakyat Bank Purwa Artha (Perseroda),Provinsi Jawa Tengah,Kab. Grobogan,-7.0709466,110.9155055,11.29,2.59,81.95,120.11,84.3,18.99,0.3099999999999987,0.36999999999999966,-1.6199999999999903,7.140000000000001,6.876666666666668,5.38,67.43333333333334,15.988333333333335,2.5683333333333334,83.64999999999999,0.2827908043403026,Moderate Risk,loan growth (+0.046); capital adequacy level (+0.014); loan growth versus deposit growth (+0.012),False,,0
601333,PT Bank Perekonomian Rakyat Kertamulia,Provinsi Jawa Barat,Kab. Bandung,-6.9029849,107.6518121,8.71,0.23,100.21,38.58,22.4,7.14,1.7700000000000005,0.82,-4.25,0.21999999999999886,8.678666666666665,3.046666666666667,84.69866666666667,15.56125,-4.3675,119.85875,0.28267889649448813,Moderate Risk,three-year BOPO trend (+0.061); deposit funding mix (+0.053); three-year NPL net trend (+0.042),False,,0
600703,PT Bank Perekonomian Rakyat Mertoyudan Makmur,Provinsi Jawa Tengah,Kota Magelang,-7.481004,110.2124511,4.36,2.9,81.39,100.83,39.55,15.29,0.040000000000000036,-0.33000000000000007,3.019999999999996,-13.64,13.435,0.6749999999999999,98.3675,14.4725,1.07875,94.10499999999999,0.28245847434921467,Moderate Risk,deposit funding mix (+0.059); three-year BOPO trend (+0.027); three-year capital trend (+0.021),False,,0
602746,PT Bank Perekonomian Rakyat Asli Dana Mandiri,Provinsi Kep. Riau,Kota Tanjung Pinang,0.9217417,104.4512698,7.22,2.77,82.07,115.23,31.81,10.99,1.9100000000000001,1.3900000000000001,-12.050000000000011,11.84,5.8412500000000005,1.6400000000000001,87.04625000000001,5.8412500000000005,1.64,87.04625,0.2811860886023533,Moderate Risk,asset growth (+0.050); high NPL net (+0.031); ROA versus bank history (+0.028),False,,0
600917,PT Bank Perekonomian Rakyat Dhana Lestari,Provinsi Jawa Timur,Kab. Malang,-8.0616592,112.4970754,5.36,3.36,81.81,167.29,42.75,41.21,0.3799999999999999,-0.6200000000000001,2.490000000000009,-5.030000000000001,16.194285714285712,5.628571428571429,87.80380952380953,14.61625,11.60125,89.76625,0.28101231413038613,Moderate Risk,funding pressure (+0.059); three-year capital trend (+0.024); capital adequacy level (+0.016),False,,1
600435,PT Bank Perekonomian Rakyat Penataran Kabupaten Blitar Perseroda,Provinsi Jawa Timur,Kab. Blitar,-8.0774984,111.8800284,10.21,2.11,88.87,131.93,45.46,19.54,-16.279999999999998,0.3799999999999999,-2.8799999999999955,9.43,7.464,3.9659999999999997,81.152,5.473333333333334,4.6066666666666665,77.61833333333333,0.2808744885479397,Moderate Risk,funding pressure (+0.041); three-year BOPO trend (+0.034); high NPL net (+0.031),False,,0
601916,PT Bank Perekonomian Rakyat Citra Dumoga,Provinsi Sulawesi Utara,Kab. Bolaang Mongondow,0.5591656,123.9830687,14.76,2.11,88.53,96.08,17.0,12.55,-9.87,3.7199999999999998,-22.480000000000004,-1.870000000000001,,,,6.65,9.318000000000001,70.922,0.2807352246713349,Moderate Risk,high NPL net (+0.071); one-year BOPO movement (+0.049); three-year BOPO trend (+0.047),False,,0
600774,PT Bank Perekonomian Rakyat Krian Nusantara,Provinsi Jawa Timur,Kab. Sidoarjo,-7.4114853,112.5722141,10.07,3.04,83.95,127.77,33.44,22.53,1.75,-0.73,5.519999999999996,0.5399999999999991,13.645,-1.026052631578947,119.21894736842107,9.104,2.748,85.428,0.28064541516847646,Moderate Risk,high NPL net (+0.082); funding pressure (+0.029); three-year NPL net trend (+0.027),False,,0
602599,PT Bank Perekonomian Rakyat Kepri Bintan,Provinsi Kep. Riau,Kota Tanjung Pinang,0.9170528,104.5003717,8.69,-0.87,106.18,104.04,35.98,10.12,5.609999999999999,-3.5300000000000002,24.5,-2.0600000000000023,5.657500000000001,2.095,84.0325,5.657500000000001,2.0949999999999998,84.0325,0.2806304891885306,Moderate Risk,high NPL net (+0.060); three-year capital trend (+0.050); deposit funding mix (+0.037),False,,0
600153,PT Bank Perekonomian Rakyat Universitas Gadjah Mada,Provinsi D.I. Yogyakarta,Kab. Sleman,-7.764,110.2238777,13.56,2.02,83.49,88.6,31.42,7.65,-6.179999999999998,-0.04999999999999982,0.8099999999999881,-0.7999999999999972,11.881363636363636,1.4040909090909093,90.55954545454546,10.45,2.4319999999999995,81.768,0.28062841872420197,Moderate Risk,high NPL net (+0.105); three-year NPL net trend (+0.039); NPL net versus bank history (+0.020),False,,0
601951,PT Bank Perekonomian Rakyat Tri Gunung Selatan,Provinsi Sumatera Selatan,Kota Palembang,-2.9490122,104.6821895,9.58,3.64,78.21,89.34,48.94,9.62,-0.75,-1.06,11.059999999999988,9.049999999999997,8.125454545454547,2.4118181818181816,83.07181818181817,8.425714285714287,3.394285714285714,77.51285714285714,0.280617696425756,Moderate Risk,high NPL net (+0.078); deposit funding mix (+0.037); one-year KPMM movement (+0.033),False,,0
602733,PT Bank Perekonomian Rakyat Dana Prima Mandiri,Provinsi Kep. Riau,Kota Tanjung Pinang,0.9167874,104.503334,4.93,1.29,91.26,137.99,35.0,14.03,0.5199999999999996,-0.07000000000000006,0.5,-1.6400000000000006,6.1275,1.8250000000000002,85.89750000000001,6.1274999999999995,1.825,85.89750000000001,0.2804618174550891,Moderate Risk,deposit funding mix (+0.064); three-year capital trend (+0.060); funding pressure (+0.029),False,,0
601285,PT Bank Perekonomian Rakyat Central Artha Rezeki,Provinsi Banten,Kota Tangerang Selatan,-6.2386172,106.7089556,13.54,-0.27,98.89,85.12,16.37,8.88,-8.060000000000002,2.25,-25.489999999999995,-1.0399999999999991,12.053999999999998,-0.38100000000000017,106.77399999999997,7.42,2.01,87.41,0.2804437669711442,Moderate Risk,deposit funding mix (+0.065); high NPL net (+0.051); three-year BOPO trend (+0.024),False,,1
602667,PT Bank Perekonomian Rakyat Bahteramas Kendari (Perseroda),Provinsi Sulawesi Tenggara,Kota Kendari,-3.991533,122.5057735,4.88,8.03,65.36,93.51,26.52,37.41,-2.71,-0.8900000000000006,4.350000000000001,-14.27,14.25,13.03,63.14999999999999,5.408333333333334,8.581666666666667,72.98333333333333,0.28035141010016573,Moderate Risk,operating efficiency pressure (+0.116); one-year KPMM movement (+0.025); profitability level (+0.012),False,,0
600944,PT Bank Perekonomian Rakyat Anugerah Paktomas,Provinsi Jawa Timur,Kab. Tulungagung,-8.0762294,111.9212982,11.5,3.31,84.38,290.97,122.76,27.83,1.2899999999999991,-1.2799999999999998,9.86,0.960000000000008,4.268000000000001,4.8660000000000005,76.26599999999999,5.258333333333334,4.406666666666667,78.36666666666666,0.2802739578657963,Moderate Risk,funding pressure (+0.033); high NPL net (+0.030); three-year capital trend (+0.011),False,,0
601315,PT Bank Perekonomian Rakyat Prismaberlian Danarta,Provinsi Jawa Barat,Kab. Bekasi,-6.1763582,106.6401428,26.73,-0.62,104.03,108.7,37.24,13.6,4.440000000000001,-1.47,3.030000000000001,-6.689999999999998,16.468095238095238,-0.8028571428571428,99.55285714285712,10.305,2.625,85.02000000000001,0.28016543255968335,Moderate Risk,high NPL net (+0.085); three-year NPL net trend (+0.036); NPL net versus bank history (+0.025),False,,1
601750,PT. BPR Andalan Daerah,Provinsi Jawa Timur,Kab. Sidoarjo,-7.3432536,112.7697914,0.0,0.86,86.35,0.0,478.82,30.45,0.0,-0.8099999999999999,13.530000000000001,-2.3899999999999864,13.910000000000002,-0.9686842105263155,119.15578947368421,24.087142857142858,-1.5342857142857143,121.84714285714287,0.27977843750919895,Moderate Risk,capital adequacy level (+0.069); deposit funding mix (+0.051); funding pressure (+0.039),False,,0
600095,PT Bank Perekonomian Rakyat Gajah Mungkur,Provinsi Jawa Tengah,Kab. Wonogiri,-7.8202872,110.9170648,9.51,2.62,79.13,86.94,35.08,24.5,6.449999999999999,0.3400000000000003,-2.6700000000000017,2.1099999999999994,7.569999999999999,2.4899999999999998,81.175,19.7,1.416,89.416,0.27971630552326016,Moderate Risk,high NPL net (+0.073); one-year NPL net movement (+0.057); three-year NPL net trend (+0.015),False,,0
600148,PT Bank Perekonomian Rakyat Nusa Utara,Provinsi Sulawesi Utara,Kota Manado,1.4968474,124.8403887,,,,,,,,,,,,,,9.959999999999999,1.9249999999999998,89.82833333333333,0.27942966830010735,Moderate Risk,loan growth (+0.059); funding pressure (+0.045); deposit growth (+0.029),False,,0
602580,PT Bank Perekonomian Rakyat Bina Dana Cakrawala,Provinsi DKI Jakarta,Wil. Kota Jakarta Utara,-6.1765454,106.909629,15.66,0.25,98.32,101.4,30.1,11.95,3.59,0.42000000000000004,-1.9100000000000108,-7.269999999999996,13.857500000000002,-5.4875,198.96749999999997,17.431428571428572,1.512857142857143,103.26,0.2792103262742553,Moderate Risk,high NPL net (+0.082); deposit funding mix (+0.065); three-year NPL net trend (+0.028),False,,0
600839,PT Bank Perekonomian Rakyat Central Niaga,Provinsi Jawa Timur,Kota Surabaya,-7.2901997,112.7285501,6.15,1.25,89.01,98.97,102.82,0.35,-4.24,-0.79,10.960000000000008,12.669999999999987,9.26125,0.9781249999999999,110.688125,4.05625,2.0775,114.14625,0.27907306338596927,Moderate Risk,capital adequacy level (+0.085); deposit funding mix (+0.059); one-year KPMM movement (+0.014),False,,0
601806,PT Bank Perekonomian Rakyat Nusantara Bona Pasogit Empat Belas,Provinsi Jawa Barat,Kab. Bogor,-6.2386172,106.7089556,12.32,1.51,94.73,87.2,19.8,7.32,1.0700000000000003,2.6100000000000003,-8.599999999999994,-0.9399999999999977,16.964375,1.28,105.319375,12.14,1.79,90.77666666666666,0.27905874061378055,Moderate Risk,three-year NPL net trend (+0.053); three-year BOPO trend (+0.051); high NPL net (+0.027),False,,1
601010,PT Bank Perekonomian Rakyat Sekolah Perhotelan Bali,Provinsi Bali,Kota Denpasar,-8.6353901,115.2242208,15.59,-4.93,148.87,64.5,48.23,56.94,3.92,-3.8199999999999994,40.010000000000005,-4.300000000000004,9.458571428571428,1.5861904761904764,88.28238095238095,7.856249999999999,1.91375,88.93125,0.2789391464535539,Moderate Risk,three-year capital trend (+0.063); high NPL net (+0.057); one-year NPL net movement (+0.019),False,,0
600593,PT. BPR Agung Sejahtera,Provinsi Jawa Tengah,Kota Semarang,-6.9956547,110.40039,8.34,1.86,86.32,105.27,23.06,15.08,4.05,-0.8400000000000001,11.049999999999997,-3.4299999999999997,19.15666666666667,0.6766666666666666,95.75458333333331,13.31,0.4728571428571427,91.88714285714286,0.27865473262309676,Moderate Risk,deposit funding mix (+0.067); high NPL net (+0.057); one-year NPL net movement (+0.023),False,,0
601312,PT BANK PEREKONOMIAN RAKYAT BUMIDHANA,Provinsi Banten,Kota Tangerang,-6.1861378,106.6077213,5.22,1.59,90.08,126.18,33.59,20.73,1.4799999999999995,0.93,-4.510000000000005,-16.299999999999997,16.634,1.4733333333333334,98.36866666666668,14.926666666666668,1.765,88.81666666666666,0.278307504260774,Moderate Risk,loan-to-deposit position (+0.032); ROA versus bank history (+0.030); three-year NPL net trend (+0.027),False,,0
600026,PT Bank Perekonomian Rakyat Koperindo Jaya,Provinsi DKI Jakarta,Wil. Kota Jakarta Pusat,-6.1640874,106.8100504,54.07,-49.27,716.7,118.52,-57.65,1.62,51.76,-50.34,626.47,-103.18,15.895714285714288,0.02000000000000008,104.10071428571429,22.841250000000002,0.76125,97.0375,0.2782098003199063,Low Risk,funding pressure (+0.072); three-year NPL net trend (+0.041); one-year NPL net movement (+0.030),True,BOPO outside audit range; KPMM outside audit range,0
600160,PT Bank Perekonomian Rakyat Karawang Jabar (Perseroda),Provinsi Jawa Barat,Kab. Karawang,-6.2381989,106.5440989,15.41,0.57,96.74,180.77,47.12,25.26,-0.9199999999999982,0.08999999999999997,0.22999999999998977,-2.210000000000001,17.114166666666666,-0.21,109.29833333333333,12.021999999999998,1.8219999999999998,102.44000000000001,0.2781692518166488,Low Risk,high NPL net (+0.055); funding pressure (+0.047); three-year NPL net trend (+0.040),False,,1
600270,PT Bank Perekonomian Rakyat Global Nusantara,Provinsi Maluku Utara,Kota Ternate,0.7912242,127.3825185,6.31,-6.83,125.79,118.91,23.56,35.35,2.05,-8.18,34.290000000000006,-2.200000000000003,1.4100000000000001,8.46,61.06000000000002,11.326666666666666,2.7466666666666666,104.47833333333334,0.2780676039845173,Low Risk,funding pressure (+0.079); three-year BOPO trend (+0.053); one-year NPL net movement (+0.020),False,,0
601317,PT BANK PEREKONOMIAN RAKYAT BINTARA PRATAMA SEJAHTERA,Provinsi Jawa Barat,Kota Bekasi,-6.2143091,106.945495,10.51,1.37,95.88,74.15,58.39,6.29,4.7,1.2400000000000002,-8.510000000000005,12.57,17.459032258064518,-1.9470967741935483,119.56645161290322,15.174000000000001,1.278,110.67999999999999,0.27804067439216174,Low Risk,funding pressure (+0.039); high NPL net (+0.038); deposit funding mix (+0.024),False,,0
600272,PT Bank Perekonomian Rakyat Ukabima BMMS,Provinsi Jawa Tengah,Kab. Klaten,-7.7289697,110.5436291,5.38,2.28,86.88,109.94,58.28,20.23,-2.01,-0.48,2.269999999999996,7.990000000000002,15.9975,0.6775000000000001,97.23333333333335,15.15125,0.99,92.89500000000001,0.27791183304706935,Low Risk,loan growth (+0.051); three-year capital trend (+0.021); one-year KPMM movement (+0.018),False,,0
602460,PT Bank Perekonomian Rakyat Sekar Kalimantan Timur,Provinsi Kalimantan Timur,Kota Samarinda,-0.4799511,117.1224372,10.4,0.93,94.42,157.17,41.63,29.98,2.54,-0.88,5.320000000000007,1.8800000000000026,2.8600000000000008,-0.8316666666666667,102.60166666666667,4.11375,0.04249999999999976,98.75625,0.2779080386676491,Low Risk,funding pressure (+0.047); three-year capital trend (+0.030); high NPL net (+0.027),False,,0
601743,PT Bank Perekonomian Rakyat Tanjung Tani,Provinsi Jawa Timur,Kab. Kediri,-7.800661,111.8782386,8.69,3.37,85.1,79.92,25.39,13.27,0.8099999999999996,-0.1499999999999999,-0.15000000000000568,1.75,10.266428571428571,3.7785714285714285,82.55357142857143,8.2775,3.9275,84.47125,0.2776736592006477,Low Risk,loan growth (+0.045); high NPL net (+0.043); cash liquidity position (+0.016),False,,0
601983,PT Bank Perekonomian Rakyat Artha Sumber Arum,Provinsi D.I. Yogyakarta,Kab. Sleman,-7.783046,110.4049304,11.1,2.68,85.98,88.85,43.15,13.6,2.5,-0.1299999999999999,0.8599999999999994,3.8299999999999983,11.993181818181817,1.3740909090909093,90.44636363636364,16.925,1.05,94.825,0.27754294947494285,Low Risk,high NPL net (+0.051); deposit funding mix (+0.031); three-year NPL net trend (+0.015),False,,0
600786,PT Bank Perekonomian Rakyat Wijaya Prima,Provinsi Jawa Timur,Kab. Jombang,-7.5406126,112.2355097,0.0,1.55,88.35,69.51,104.23,30.26,0.0,0.9500000000000001,-5.670000000000002,3.8100000000000023,12.75,5.951666666666667,76.38,14.068000000000001,4.576,83.76,0.27731989083609665,Low Risk,loan growth (+0.090); capital adequacy level (+0.058); three-year BOPO trend (+0.031),False,,0
601997,PT Bank Perekonomian Rakyat Baleendah Rahayu,Provinsi Jawa Barat,Kab. Bandung,-7.0016514,107.6196402,1.83,3.85,77.47,118.62,85.97,95.64,-1.23,0.54,-3.6700000000000017,64.72,9.137333333333332,2.805333333333333,86.21466666666667,17.232857142857142,0.8957142857142857,94.09,0.27687814171005637,Low Risk,three-year BOPO trend (+0.060); cash liquidity position (+0.044); one-year KPMM movement (+0.032),False,,0
601389,PT Bank Perekonomian Rakyat Lawu Artha,Provinsi Jawa Tengah,Kab. Karanganyar,-7.6181039,110.7323232,8.09,0.74,95.3,129.34,13.21,30.28,4.52,-1.09,5.019999999999996,-3.539999999999999,15.781,-0.5330000000000001,106.174,10.73,1.8042857142857145,92.14428571428572,0.27679403300836375,Low Risk,funding pressure (+0.056); high NPL net (+0.050); three-year capital trend (+0.036),False,,0
602007,PT Bank Perekonomian Rakyat Azaz Andifa,Provinsi Kalimantan Selatan,Kab. Banjar,-3.4038381,115.9876139,0.1,3.31,68.41,102.37,64.16,4.6,0.1,0.22999999999999998,1.1199999999999903,-59.89,11.4675,3.89,76.85499999999999,5.347499999999999,2.1725,85.08,0.2764739487330088,Low Risk,deposit funding mix (+0.052); NPL net versus bank history (+0.019); capital adequacy level (+0.019),False,,0
601885,PT Bank Perekonomian Rakyat Danamasa Cimahi,Provinsi Jawa Barat,Kota Cimahi,-6.8808661,107.5332316,16.92,-2.9,113.95,72.45,98.84,40.53,-0.22999999999999687,-3.46,16.42,13.210000000000008,2.495000000000001,1.9549999999999998,89.72999999999999,6.305714285714286,2.1914285714285713,89.35285714285715,0.27622200859525053,Low Risk,funding pressure (+0.061); capital adequacy level (+0.042); high NPL net (+0.027),False,,0
601144,PT Bank Perekonomian Rakyat Pinang Artha,Provinsi Banten,Kota Tangerang,-6.2843206,106.6365576,10.64,3.57,80.17,129.06,42.21,16.95,-3.84,-0.29000000000000004,0.6899999999999977,-13.369999999999997,16.272666666666666,1.3413333333333335,99.02933333333334,10.217142857142857,-0.5985714285714285,108.85142857142857,0.2761001769513196,Low Risk,high NPL net (+0.073); ROA versus bank history (+0.029); capital adequacy level (+0.016),False,,0
602700,PT BPR Bank Bulungan (Perseroda),Provinsi Kalimantan Timur,Kab. Bulungan,2.8424283,117.3693809,3.42,2.16,76.45,133.27,45.62,17.42,-0.5999999999999996,0.9200000000000002,-9.75,-25.15,,,,9.5175,1.17125,96.65124999999999,0.27527164890291606,Low Risk,three-year BOPO trend (+0.069); funding pressure (+0.046); one-year BOPO movement (+0.018),False,,0
601161,PT BPR Durian Mandiri Sawahlunto,Provinsi Sumatera Barat,Kota Sawahlunto,-0.6633414,100.7570335,11.5,2.11,89.1,105.78,38.03,22.84,8.2,-0.43000000000000016,-2.5700000000000074,6.540000000000003,2.5500000000000007,3.1,81.91,5.292,2.326,85.44800000000001,0.2752158987679237,Low Risk,high NPL net (+0.043); one-year NPL net movement (+0.038); NPL net versus bank history (+0.031),False,,0
600767,Perumda BPR Bank Gresik,Provinsi Jawa Timur,Kab. Gresik,-7.1547442,112.6543808,5.91,1.28,90.55,100.67,84.47,22.69,4.24,0.47,-2.6200000000000045,20.409999999999997,17.592222222222222,2.4655555555555555,91.05111111111111,8.992857142857142,-1.195714285714286,112.81857142857143,0.2751406774489861,Low Risk,capital adequacy level (+0.046); one-year KPMM movement (+0.042); three-year NPL net trend (+0.024),False,,0
602680,PT Bank Perekonomian Rakyat Danaku Mapan Lestari,Provinsi Sulawesi Utara,Kota Bitung,1.4397395,125.1226081,43.15,-8.02,261.96,76.12,-5.94,9.45,25.799999999999997,-5.41,117.79999999999998,-23.18,,,,12.854999999999999,2.6449999999999996,88.555,0.2748565748731066,Low Risk,high NPL net (+0.032); one-year NPL net movement (+0.029); three-year capital trend (+0.028),True,KPMM outside audit range,0
600110,PT Bank Perekonomian Rakyat Jadimanunggal Abadi,Provinsi Jawa Tengah,Kab. Sukoharjo,-7.6708919,110.8361465,16.86,0.76,93.65,115.05,52.79,16.41,7.809999999999999,-0.69,5.530000000000001,0.01999999999999602,16.356153846153845,1.4892307692307691,95.11692307692307,20.026666666666667,-0.06833333333333336,100.45833333333333,0.274684497963909,Low Risk,high NPL net (+0.064); one-year NPL net movement (+0.032); NPL net versus bank history (+0.028),False,,0
600977,PT Bank Perekonomian Rakyat Nusamba Genteng,Provinsi Jawa Timur,Kab. Banyuwangi,-8.3586309,114.1577287,9.14,3.09,85.74,90.49,31.22,15.73,2.5100000000000007,-1.5600000000000005,6.640000000000001,-5.770000000000003,12.956249999999999,2.70125,89.045,9.264999999999999,4.955,75.60249999999999,0.2746435018878237,Low Risk,high NPL net (+0.061); loan growth (+0.058); three-year NPL net trend (+0.035),False,,0
601170,PT Bank Perekonomian Rakyat LPN Padang Tarab,Provinsi Sumatera Barat,Kab. Agam,-0.3017355,100.3751021,6.42,2.08,114.1,66.77,14.29,41.42,1.3600000000000003,1.75,16.72,-1.2800000000000011,16.95,-0.86,119.88666666666666,6.996,1.6659999999999997,89.068,0.27462304388846287,Low Risk,loan scale (+0.063); loan growth (+0.060); ROA versus bank history (+0.046),False,,0
600640,PT Bank Perekonomian Rakyat Bank Pemalang (Perseroda),Provinsi Jawa Tengah,Kab. Pemalang,-7.005105,109.0627197,33.42,-4.21,141.41,98.61,8.52,22.65,3.610000000000003,3.75,-25.659999999999997,-8.71,25.216666666666665,-0.6299999999999999,102.02666666666669,16.28,1.0785714285714285,92.35142857142857,0.27456502593751003,Low Risk,high NPL net (+0.059); three-year capital trend (+0.040); three-year NPL net trend (+0.034),False,,1
601533,PT BPR BKK Kendal (Perseroda),Provinsi Jawa Tengah,Kab. Kendal,-6.9221734,110.195243,17.15,2.33,79.02,59.32,32.22,31.22,-0.19000000000000128,-0.54,2.6799999999999926,-0.5200000000000031,18.056,2.718,85.352,14.3275,3.1887499999999998,83.35625,0.2745400081741469,Low Risk,high NPL net (+0.114); three-year NPL net trend (+0.047); loan growth (+0.037),False,,0
600027,PT Bank Perekonomian Rakyat Adipura Santosa,Provinsi Jawa Tengah,Kota Surakarta/Solo,-7.5796992,110.8099279,5.85,0.9,93.31,74.42,19.61,18.05,1.5499999999999998,2.77,-23.14,3.0,15.025833333333333,0.6916666666666665,96.23916666666668,14.450000000000001,0.5042857142857143,101.01285714285714,0.27430488065499653,Low Risk,three-year BOPO trend (+0.066); deposit funding mix (+0.064); ROA versus bank history (+0.043),False,,0
601452,PT Bank Perekonomian Rakyat Kartikaartha Kencanajaya,Provinsi D.I. Yogyakarta,Kab. Bantul,-7.7807011,110.3459772,16.35,0.4,96.72,117.95,86.89,14.74,-5.099999999999998,0.030000000000000027,-0.8799999999999955,15.159999999999997,8.657,1.7100000000000002,87.20599999999999,14.864,0.9580000000000002,96.372,0.27395543386098614,Low Risk,deposit growth (+0.043); loan growth (+0.031); three-year BOPO trend (+0.023),False,,0
601966,PT Bank Perekonomian Rakyat Milala Sugiharta Sentosa,Provinsi Sumatera Utara,Kota Medan,3.5837444,98.6584363,7.54,4.1,79.73,125.12,57.24,21.12,-3.04,-0.8600000000000003,3.5400000000000063,-0.10999999999999943,6.95,0.6975,100.235,7.012857142857143,0.4242857142857142,102.33857142857143,0.27389237151357226,Low Risk,high NPL net (+0.041); deposit funding mix (+0.024); deposit growth (+0.018),False,,0
602041,PT Bank Perekonomian Rakyat Unisritama,Provinsi Riau,Kota Pekanbaru,0.4245533,101.4331175,2.49,2.88,79.13,82.51,32.88,16.59,1.7900000000000003,-0.18000000000000016,0.8799999999999955,0.6300000000000026,10.63375,0.330625,87.62062499999999,8.658333333333333,2.0749999999999997,86.08,0.27386563693678695,Low Risk,ROA versus bank history (+0.058); three-year BOPO trend (+0.054); three-year NPL net trend (+0.044),False,,0
601926,PT Bank Perekonomian Rakyat Dumai Kapital Lestari,Provinsi Riau,Kota Dumai,1.669115,101.4399452,0.81,2.43,86.59,126.95,139.6,10.24,0.10000000000000009,0.4600000000000002,-2.8100000000000023,16.33,,,,5.718333333333334,3.481666666666667,80.10666666666667,0.27358006944352187,Low Risk,capital adequacy level (+0.070); loan growth (+0.068); provision coverage (+0.008),False,,0
601198,PT Bank Perekonomian Rakyat Batang Selo,Provinsi Sumatera Barat,Kab. Tanah Datar,-0.4416241,100.4553889,25.29,-8.72,160.42,100.56,20.78,27.6,9.469999999999999,-6.610000000000001,43.83999999999999,-8.61,11.94,-0.29000000000000004,102.1825,6.0175,0.3749999999999999,97.72,0.27343230365380194,Low Risk,high NPL net (+0.042); one-year NPL net movement (+0.036); three-year capital trend (+0.022),False,,0
601062,PT Bank Perekonomian Rakyat Prima Dewata,Provinsi Bali,Kab. Badung,-8.6372699,115.1736642,0.0,1.59,88.54,66.13,38.75,9.77,-5.97,0.48,-4.1299999999999955,2.75,6.775434782608696,1.7189130434782607,87.01891304347826,5.3025,1.535,85.3425,0.2732855714921249,Low Risk,deposit funding mix (+0.082); three-year BOPO trend (+0.061); provision coverage (+0.053),False,,0
601095,PT Bank Perekonomian Rakyat Hasta Krida Jaya,Provinsi Jawa Timur,Kab. Kediri,-7.7712193,112.1159398,8.48,4.22,79.42,96.54,52.41,33.05,3.170000000000001,-0.4900000000000002,3.700000000000003,-1.5100000000000051,10.281428571428572,3.7178571428571425,82.9592857142857,8.302857142857144,3.665714285714286,81.78714285714285,0.27317586648740394,Low Risk,high NPL net (+0.077); ROA versus bank history (+0.015); three-year NPL net trend (+0.012),False,,0
601939,PT Bank Perekonomian Rakyat Mindosari,Provinsi Bengkulu,Kab. Kepahiang,-3.6449837,102.5720491,2.48,13.74,59.92,116.91,25.91,18.86,0.56,-0.10999999999999943,0.21999999999999886,-3.3500000000000014,,,,10.965714285714284,3.0599999999999996,81.77857142857142,0.27285700300163146,Low Risk,operating efficiency pressure (+0.055); funding pressure (+0.040); ROA versus bank history (+0.039),False,,0
601114,PT Bank Perekonomian Rakyat Bungamayang Agroloka,Provinsi Lampung,Kab. Lampung Utara,-4.5888604,104.870542,10.61,3.2,80.84,132.41,82.46,39.73,2.869999999999999,1.33,-8.009999999999991,6.939999999999998,,,,23.4,-0.5119999999999999,102.84200000000001,0.2727432777297602,Low Risk,high NPL net (+0.042); loan-to-deposit position (+0.025); one-year NPL net movement (+0.010),False,,0
601036,PT Bank Perekonomian Rakyat Sandi Raya Utama,Provinsi Bali,Kota Denpasar,-8.673215,115.1635209,8.1,0.41,90.61,67.16,38.91,17.52,-12.37,1.8199999999999998,-22.060000000000002,12.959999999999997,9.815238095238096,1.331904761904762,91.05666666666667,6.984999999999999,2.3233333333333333,82.55,0.2727393875077573,Low Risk,one-year ROA movement (+0.033); three-year BOPO trend (+0.033); deposit funding mix (+0.023),False,,0
600811,PT Bank Perekonomian Rakyat Barelang Mandiri,Provinsi Kep. Riau,Kota Batam,1.0822544,103.9923937,4.45,2.53,82.6,97.58,20.62,8.88,0.5700000000000003,-0.13000000000000034,-1.1200000000000045,-3.5299999999999976,5.482592592592592,2.2937037037037036,82.43851851851852,4.6537500000000005,2.7800000000000002,79.61749999999999,0.27247942333270675,Low Risk,deposit funding mix (+0.085); ROA versus bank history (+0.070); loan growth (+0.016),False,,0
600898,PT BANK PEREKONOMIAN RAKYAT DAMPIT,Provinsi Jawa Timur,Kab. Malang,-8.2133594,112.7501161,13.25,0.33,97.68,96.0,122.1,79.09,0.33000000000000007,-2.2399999999999998,15.5,-4.810000000000002,15.818571428571428,5.772857142857143,87.04809523809524,21.551666666666666,1.4249999999999998,82.40833333333335,0.27219349937464754,Low Risk,capital adequacy level (+0.032); high NPL net (+0.027); three-year NPL net trend (+0.022),False,,0
600871,PT Bank Perekonomian Rakyat Central Pitoby,Provinsi Nusa Tenggara Timur,Kota Kupang,-10.1741853,123.5901437,16.85,0.66,94.5,102.37,43.88,10.57,2.990000000000002,-1.21,10.180000000000007,-5.359999999999999,7.9799999999999995,3.724,80.782,7.604285714285715,2.517142857142857,86.95857142857143,0.27206531270331197,Low Risk,high NPL net (+0.082); three-year NPL net trend (+0.029); NPL net versus bank history (+0.023),False,,0
600926,PT Bank Perekonomian Rakyat Depo Mitra Mandiri,Provinsi Jawa Barat,Kota Bekasi,-6.3784374,106.9180384,3.88,2.21,84.54,109.82,39.52,9.28,1.85,-0.7800000000000002,1.0,22.630000000000003,17.67290322580645,-1.974193548387097,119.93225806451613,10.226666666666667,2.535,94.04833333333333,0.271900928819115,Low Risk,one-year KPMM movement (+0.067); deposit funding mix (+0.056); three-year NPL net trend (+0.028),False,,0
600974,PT Bank Perekonomian Rakyat Rogojampi Artha Niaga,Provinsi Jawa Timur,Kab. Banyuwangi,-8.3162014,114.2846258,19.56,-1.76,108.57,212.01,91.79,44.31,-3.3200000000000003,-0.88,3.559999999999988,0.23000000000000398,11.653749999999999,3.3075,86.19125,13.0,2.5140000000000002,90.588,0.2714747107574743,Low Risk,funding pressure (+0.046); deposit growth (+0.026); NPL net versus bank history (+0.018),False,,0
600803,PT Bank Perekonomian Rakyat Paro Laba,Provinsi Sulawesi Utara,Kab. Minahasa,1.3015811,124.9075368,2.37,10.83,54.43,96.12,34.34,17.03,-0.31000000000000005,-4.77,-7.32,-1.8099999999999952,,,,4.433999999999999,2.3019999999999996,84.536,0.27132437092654355,Low Risk,operating efficiency pressure (+0.061); one-year ROA movement (+0.035); funding pressure (+0.029),False,,0
602631,PT Bank Perekonomian Rakyat Dana Makmur,Provinsi Kep. Riau,Kota Batam,1.1106276,104.0106146,2.65,3.02,73.18,112.65,38.72,18.29,0.10999999999999988,0.6699999999999999,-5.739999999999995,-9.899999999999999,5.549259259259259,2.275555555555555,82.78740740740741,6.39375,1.7875,86.40125,0.2713195264279584,Low Risk,deposit funding mix (+0.069); operating efficiency pressure (+0.048); funding pressure (+0.027),False,,0
602626,PT Bank Perekonomian Rakyat Prima Artha Sejahtera,Provinsi Sulawesi Tengah,Kota Palu,-0.9156165,119.8892293,4.36,4.54,79.17,74.07,44.91,24.12,-1.88,1.44,-7.039999999999992,-15.900000000000006,4.216666666666668,2.3466666666666667,88.65333333333332,3.145,3.078333333333333,82.41,0.27130513941365936,Low Risk,ROA versus bank history (+0.044); funding pressure (+0.019); capital adequacy level (+0.016),False,,0
601747,PT Bank Perekonomian Rakyat Artha Mandiri Sejahtera,Provinsi Jawa Timur,Kab. Pacitan,-8.195965,111.0883844,11.24,1.75,89.56,144.62,66.28,45.34,3.09,-0.5899999999999999,1.1700000000000017,4.0,2.619999999999999,4.91,73.43,7.339999999999999,2.747142857142857,80.28571428571429,0.27119596000907054,Low Risk,three-year NPL net trend (+0.037); funding pressure (+0.034); loan growth (+0.032),False,,0
600601,PT Bank Perekonomian Rakyat Bogor Jabar (Perseroda),Provinsi Jawa Barat,Kab. Bogor,-6.2381989,106.5440989,24.34,-1.62,108.23,117.47,36.85,23.97,2.669999999999998,-2.85,14.040000000000006,-0.28999999999999915,16.213125,1.4756250000000002,104.475625,10.236,2.2600000000000002,100.14200000000001,0.27089948923435864,Low Risk,high NPL net (+0.094); NPL net versus bank history (+0.037); one-year NPL net movement (+0.014),False,,1
600695,PT Bank Perekonomian Rakyat Dana Mitra Sakti,Provinsi Jawa Tengah,Kab. Banyumas,-7.4268194,109.2461803,10.45,0.7,94.98,96.19,47.76,16.3,-1.7200000000000006,10.03,-74.27,5.699999999999996,12.805714285714286,1.3971428571428572,90.20857142857143,9.987142857142857,2.062857142857143,85.84,0.270862185903099,Low Risk,one-year ROA movement (+0.072); high NPL net (+0.044); one-year BOPO movement (+0.023),False,,0
601420,PT Bank Perekonomian Rakyat Mitra Budikusuma Mandiri,Provinsi Jawa Tengah,Kab. Kudus,-6.7832098,110.8486812,5.19,4.2,80.8,118.74,37.88,28.54,-1.6599999999999993,2.14,-7.460000000000008,-1.8900000000000006,21.526000000000003,0.744,93.576,16.161428571428573,1.3671428571428572,90.06428571428572,0.26976133001032465,Low Risk,ROA versus bank history (+0.069); asset growth (+0.009); one-year BOPO movement (+0.006),False,,0
602632,PT Bank Perekonomian Rakyat Buana Arta Mulia,Provinsi Kep. Riau,Kab. Karimun,1.0005566,103.389283,5.07,2.53,80.61,99.92,18.38,6.23,2.3600000000000003,-1.23,7.349999999999994,3.8099999999999987,8.923333333333334,1.64,87.26333333333332,6.852499999999999,2.51875,82.67,0.26953430438070036,Low Risk,ROA versus bank history (+0.080); deposit funding mix (+0.072); three-year NPL net trend (+0.024),False,,0
600879,PT Bank Perekonomian Rakyat Abrin Centra Artha,Provinsi Jawa Timur,Kab. Sidoarjo,-7.3601639,112.7622818,33.06,-10.25,180.97,119.33,31.09,19.24,18.68,-11.39,87.89,-46.86999999999999,13.040000000000001,-0.6763157894736839,116.66578947368421,21.15857142857143,1.7685714285714287,90.27285714285715,0.26949172059520615,Low Risk,three-year capital trend (+0.030); high NPL net (+0.023); loan-to-deposit position (+0.022),False,,0
600541,PT Bank Perekonomian Rakyat Semeru,Provinsi Jawa Tengah,Kab. Grobogan,-7.1228652,111.126441,6.59,6.53,65.56,82.9,32.68,11.59,-0.009999999999999787,-0.3899999999999997,-1.7199999999999989,-6.060000000000002,8.443333333333333,4.066666666666666,72.89666666666666,16.5625,1.5324999999999998,90.3675,0.26941511282407526,Low Risk,operating efficiency pressure (+0.102); asset growth (+0.018); profitability level (+0.012),False,,0
600591,PT Bank Perekonomian Rakyat Dutabhakti Insani,Provinsi Jawa Tengah,Kab. Blora,-7.0765134,111.2496365,10.63,1.93,87.0,101.69,35.43,11.11,5.090000000000001,-2.2,14.599999999999994,-4.240000000000002,21.71666666666667,0.07333333333333347,102.77333333333333,16.7,2.278571428571429,87.75999999999999,0.26928033683001545,Low Risk,one-year NPL net movement (+0.042); high NPL net (+0.035); three-year NPL net trend (+0.021),False,,0
600988,PT Bank Perekonomian Rakyat Anugerahdharma Yuwana Jember,Provinsi Jawa Timur,Kab. Jember,-8.1726336,113.6200561,16.03,1.01,92.25,98.27,20.52,7.41,2.0600000000000005,-0.10000000000000009,0.9200000000000017,4.23,11.505,4.561249999999999,77.944375,17.67,2.1016666666666666,88.455,0.26904272123529105,Low Risk,high NPL net (+0.085); three-year NPL net trend (+0.045); NPL net versus bank history (+0.044),False,,0
600573,Perumda BPR Bank Magelang,Provinsi Jawa Tengah,Kota Magelang,-7.4858341,110.2168764,12.15,0.74,94.3,98.39,27.54,14.18,2.3000000000000007,-1.03,9.719999999999999,-4.060000000000002,11.4875,1.2149999999999999,95.14,14.4075,1.29,92.9925,0.2683921007947015,Low Risk,high NPL net (+0.090); three-year capital trend (+0.041); three-year NPL net trend (+0.034),False,,0
602723,PT. BPR Bahteramas Kolaka Utara (Perseroda),Provinsi Sulawesi Tenggara,Kab. Kolaka Utara,-3.7824883,120.9237149,1.46,2.05,87.41,216.16,65.8,52.29,-0.8199999999999998,-0.6500000000000004,1.0999999999999943,-2.4399999999999977,,,,6.0371428571428565,6.674285714285714,77.6542857142857,0.26829261753009004,Low Risk,funding pressure (+0.083); three-year BOPO trend (+0.060); cash liquidity position (+0.026),False,,0
600686,PT BPR BKK Kota Magelang (Perseroda),Provinsi Jawa Tengah,Kota Magelang,-7.4483181,110.2224102,10.65,1.13,93.9,119.11,76.91,12.55,-2.969999999999999,0.29999999999999993,2.5900000000000034,-5.340000000000003,11.8625,1.1175,95.24000000000001,16.4,1.3287499999999999,92.685,0.2679093884535408,Low Risk,capital adequacy level (+0.044); three-year NPL net trend (+0.028); high NPL net (+0.021),False,,0
601812,PT Bank Perekonomian Rakyat Artha Sinar Raharja Indonesia,Provinsi Bali,Kab. Badung,-8.6370592,115.176739,14.42,1.13,92.39,66.36,47.73,22.94,-3.8400000000000016,0.47999999999999987,-14.790000000000006,15.839999999999996,6.461956521739131,1.728913043478261,86.93521739130435,3.5,1.5924999999999998,84.86125,0.2672279621331313,Low Risk,three-year BOPO trend (+0.052); high NPL net (+0.043); one-year BOPO movement (+0.025),False,,0
601867,PT. BANK PEREKONOMIAN RAKYAT NARPADA NUSA,Provinsi Nusa Tenggara Barat,Kab. Lombok Barat,-8.6305206,116.1232123,3.27,-0.82,104.01,98.88,46.12,42.1,0.81,-0.5499999999999999,3.5500000000000114,3.710000000000001,9.991428571428571,4.364285714285714,79.4557142857143,9.59125,4.1375,76.52125000000001,0.2669607277069962,Low Risk,loan growth (+0.121); deposit growth (+0.033); cash liquidity position (+0.012),False,,0
601123,PT Bank Perekonomian Rakyat Mitratama Arthabuana,Provinsi Kalimantan Selatan,Kab. Banjar,-3.3823577,114.6559904,2.44,4.0,65.62,111.8,59.95,12.2,-0.2200000000000002,-0.54,4.6200000000000045,6.460000000000001,10.8825,3.7175000000000002,77.5525,12.264,4.536,80.024,0.2668853269248467,Low Risk,capital adequacy level (+0.047); deposit funding mix (+0.023); loan-to-deposit position (+0.021),False,,0
600897,PT Bank Perekonomian Rakyat Duta Adiarta,Provinsi Sumatera Utara,Kota Medan,3.5943038,98.6340146,1.97,2.96,79.05,61.84,110.98,42.87,-0.8800000000000001,-1.9500000000000002,10.86999999999999,4.510000000000005,7.64625,0.84,100.32000000000001,7.090000000000001,0.7957142857142856,102.59,0.2667467298407929,Low Risk,deposit funding mix (+0.104); capital adequacy level (+0.069); one-year ROA movement (+0.027),False,,0
600948,Perumda BPR Bank Daerah Kabupaten Madiun,Provinsi Jawa Timur,Kab. Madiun,-7.6246565,111.4925201,7.96,3.0,81.21,101.52,37.24,32.34,3.1799999999999997,0.20999999999999996,0.30999999999998806,-0.4099999999999966,10.548333333333334,3.0116666666666667,88.33666666666666,8.040000000000001,3.9683333333333333,82.555,0.2662249096757186,Low Risk,high NPL net (+0.088); three-year NPL net trend (+0.026); loan-to-deposit position (+0.018),False,,0
600967,PT Bank Perekonomian Rakyat Ambulu Dhanaartha,Provinsi Jawa Timur,Kab. Jember,-8.3437106,113.6039757,6.48,5.72,75.28,117.06,66.51,32.61,0.5100000000000007,2.11,-9.319999999999993,-22.64999999999999,12.101875000000001,4.266875,79.005,11.468571428571428,4.345714285714286,80.13714285714286,0.2659388301841164,Low Risk,three-year BOPO trend (+0.030); operating efficiency pressure (+0.020); one-year ROA movement (+0.018),False,,0
601284,PT Bank Perekonomian Rakyat Artha Mitra Kencana,Provinsi Jawa Barat,Kota Bandung,-6.6126986,106.9302546,0.78,3.88,80.18,68.04,23.59,10.47,-0.25,0.3799999999999999,-0.9799999999999898,-6.140000000000001,10.765862068965518,-0.13724137931034483,101.4548275862069,38.565999999999995,-0.08599999999999994,133.036,0.265142722132512,Low Risk,deposit funding mix (+0.074); ROA versus bank history (+0.064); three-year BOPO trend (+0.030),False,,0
600559,Perumda BPR Bank Pasar Kota Semarang,Provinsi Jawa Tengah,Kota Semarang,-6.9830538,110.4081946,13.26,1.81,86.17,97.43,47.21,9.77,-9.250000000000002,-1.6600000000000001,11.710000000000008,-31.839999999999996,18.951666666666668,0.67875,95.76083333333332,14.08285714285714,0.15285714285714289,93.31857142857143,0.2648210374054275,Low Risk,high NPL net (+0.095); three-year capital trend (+0.045); one-year LDR movement (+0.030),False,,0
602559,PT Bank Perekonomian Rakyat Pekanbaru Madani (Perseroda),Provinsi Riau,Kota Pekanbaru,0.4789233,101.3921877,6.95,-1.17,104.34,125.64,7.18,8.96,6.36,-2.5,12.170000000000002,-8.120000000000001,10.355,0.58375,86.045,14.160000000000002,2.3516666666666666,84.66833333333334,0.26446668869450424,Low Risk,funding pressure (+0.063); one-year NPL net movement (+0.041); three-year NPL net trend (+0.032),False,,0
602057,PT Bank Perekonomian Rakyat Nusantara Bona Pasogit Dua Puluh Sembilan,Provinsi Jawa Barat,Kab. Subang,-6.2897432,107.0446827,9.75,3.9,86.65,96.22,14.16,15.98,3.1500000000000004,-0.4200000000000004,0.21999999999999886,-1.8599999999999994,8.412,2.9419999999999997,94.702,13.13,-0.23000000000000007,99.35666666666667,0.2644542108027183,Low Risk,high NPL net (+0.083); funding pressure (+0.036); three-year NPL net trend (+0.018),False,,0
600146,PT BPR Ophir,Provinsi Sumatera Barat,Kab. Pasaman,-0.0118312,99.8277931,17.6,-4.17,138.2,107.18,29.66,0.0,3.4700000000000006,-2.36,15.279999999999987,-19.69,7.57,1.2199999999999998,87.25999999999999,23.35,-1.7560000000000002,127.48400000000001,0.2641422553101826,Low Risk,high NPL net (+0.067); three-year NPL net trend (+0.053); three-year capital trend (+0.039),False,,0
601220,PT BANK PEREKONOMIAN RAKYAT GANTO NAGARI SEMBILAN BELAS LIMA EMPAT,Provinsi Sumatera Barat,Kab. Padang Pariaman,-0.6695762,100.1109399,15.29,-2.44,118.55,101.26,28.16,13.58,3.619999999999999,-2.14,16.739999999999995,-3.16,13.295999999999998,0.32999999999999996,107.00399999999999,11.882,-1.4600000000000002,118.81199999999998,0.2638116844716413,Low Risk,three-year capital trend (+0.059); high NPL net (+0.050); three-year NPL net trend (+0.025),False,,0
601830,PT Bank Perekonomian Rakyat Naga,Provinsi Bali,Kab. Gianyar,-8.6300975,115.2565272,9.33,0.28,101.29,69.87,18.65,16.95,3.62,1.26,-6.079999999999998,2.1099999999999994,5.306818181818182,2.2227272727272727,82.5690909090909,6.477499999999999,2.1037500000000002,86.98375,0.2637695294858847,Low Risk,deposit funding mix (+0.054); high NPL net (+0.047); loan growth (+0.027),False,,0
600911,PT Bank Perekonomian Rakyat Inti Dana Sentosa,Provinsi Lampung,Kota Bandar Lampung,-5.4059217,105.2745379,2.27,9.09,48.28,132.06,43.9,10.92,-0.27,0.05000000000000071,0.0799999999999983,1.5899999999999963,7.371818181818182,3.013636363636364,80.83727272727273,4.282857142857143,2.7399999999999998,81.46000000000001,0.2637272523532148,Low Risk,funding pressure (+0.036); ROA versus bank history (+0.034); deposit funding mix (+0.015),False,,0
600102,PT BPR Wirosari Ijo,Provinsi Jawa Tengah,Kab. Grobogan,-7.0857453,111.08877,7.46,5.6,65.38,100.3,64.25,12.67,-3.3600000000000003,-0.29000000000000004,-0.9200000000000017,5.700000000000003,8.153333333333334,4.376666666666667,72.95666666666666,17.97857142857143,1.4271428571428575,92.74142857142859,0.26366730226039264,Low Risk,operating efficiency pressure (+0.064); high NPL net (+0.020); loan-to-deposit position (+0.009),False,,0
601552,PT Bank Perekonomian Rakyat BKK Kabupaten Pekalongan (Perseroda),Provinsi Jawa Tengah,Kab. Pekalongan,-7.0120302,109.4742483,59.67,-3.1,135.69,71.61,12.17,32.35,28.03,-3.7800000000000002,42.56999999999999,-8.65,6.0,4.25,83.1,20.41,1.2125,94.98249999999999,0.2634674617262917,Low Risk,three-year NPL net trend (+0.061); high NPL net (+0.052); one-year NPL net movement (+0.051),False,,0
601998,PT Bank Perekonomian Rakyat Sindang Binaharta,Provinsi Sumatera Selatan,Kota Lubuklinggau,-3.2804901,102.8806934,13.19,2.13,85.94,95.27,76.41,71.74,3.49,0.44999999999999996,-2.719999999999999,3.799999999999997,,,,8.561428571428571,4.63,79.10857142857142,0.263431752122005,Low Risk,high NPL net (+0.047); three-year NPL net trend (+0.022); three-year capital trend (+0.018),False,,0
601740,PT Bank Perekonomian Rakyat Insumo Sumberarto,Provinsi Jawa Timur,Kota Kediri,-7.8581912,111.9876866,3.93,3.77,84.42,115.77,35.06,11.48,-1.4499999999999997,1.0299999999999998,-3.1400000000000006,-1.2100000000000009,9.316666666666666,2.8366666666666673,87.77333333333333,10.69875,3.76,83.60499999999999,0.26335788667457727,Low Risk,ROA versus bank history (+0.046); deposit funding mix (+0.023); one-year ROA movement (+0.021),False,,0
601110,PT Bank Perekonomian Rakyat Waway Lampung (Perseroda),Provinsi Lampung,Kota Bandar Lampung,-5.4188033,105.24928,1.46,3.26,72.84,136.46,27.29,19.21,-0.27,1.3299999999999998,-11.060000000000002,2.6099999999999994,7.445454545454546,3.543636363636364,78.60454545454546,4.398571428571429,3.5728571428571425,77.95142857142858,0.26327289537687826,Low Risk,funding pressure (+0.039); three-year BOPO trend (+0.039); three-year capital trend (+0.029),False,,0
600567,PT. BPR Weleri Makmur,Provinsi Jawa Tengah,Kota Semarang,-7.0222374,110.359604,15.05,2.42,81.55,88.82,36.69,8.66,0.20000000000000107,-0.6699999999999999,4.459999999999994,0.19999999999999574,18.877083333333335,0.6533333333333332,95.95333333333332,20.636249999999997,0.07499999999999996,105.00125,0.26327085285381563,Low Risk,high NPL net (+0.106); NPL net versus bank history (+0.027); three-year NPL net trend (+0.022),False,,0
601691,PT Bank Perekonomian Rakyat Mahkota Krian Wijaya,Provinsi Jawa Timur,Kab. Sidoarjo,-7.6048307,112.0747095,16.68,0.81,95.84,104.9,71.29,18.9,3.3900000000000006,0.38000000000000006,-4.6499999999999915,0.05000000000001137,13.471052631578948,-0.9673684210526313,118.90605263157896,11.412,1.068,100.75800000000001,0.2631860269620595,Low Risk,high NPL net (+0.026); three-year NPL net trend (+0.024); one-year NPL net movement (+0.018),False,,0
602684,PT Bank Perekonomian Rakyat Fianka Rezalina Fatma,Provinsi Riau,Kota Pekanbaru,0.4737055,101.3922973,0.82,5.76,71.2,456.62,41.94,213.8,-0.7300000000000001,-1.1400000000000006,4.890000000000001,-3.0500000000000043,10.738125,0.150625,88.11625,15.181666666666667,1.1966666666666665,90.19166666666666,0.262882556888447,Low Risk,cash liquidity position (+0.049); operating efficiency pressure (+0.043); funding pressure (+0.033),False,,0
600841,PT Bank Perekonomian Rakyat Paro Dana,Provinsi Gorontalo,Kab. Gorontalo,0.5856612,123.0363732,1.39,19.85,51.58,115.93,46.58,37.81,-4.04,-0.5499999999999972,-0.3100000000000023,-4.990000000000002,,,,11.0625,4.505000000000001,84.2825,0.2626410576612163,Low Risk,ROA versus bank history (+0.034); three-year capital trend (+0.028); funding pressure (+0.027),False,,0
601671,PT Bank Perekonomian Rakyat Dana Raya Jawa Timur,Provinsi Jawa Timur,Kab. Sidoarjo,-7.4679021,112.7130603,3.93,-3.11,116.11,144.08,12.25,12.54,2.87,-4.34,22.379999999999995,-0.5099999999999998,13.806578947368424,-0.8642105263157892,118.37263157894739,12.765,-0.4349999999999999,107.72666666666667,0.26260494213785573,Low Risk,funding pressure (+0.039); deposit growth (+0.037); three-year NPL net trend (+0.032),False,,0
601478,PT Bank Perekonomian Rakyat Badan Kredit Kecamatan Muntilan (Perseroda),Provinsi Jawa Tengah,Kab. Magelang,-7.5702183,110.2513522,27.55,0.04,100.2,80.52,25.37,18.81,10.970000000000002,-1.49,14.100000000000009,-0.41000000000000014,11.495454545454546,1.3854545454545457,89.48181818181818,13.72625,0.46749999999999997,98.24375,0.2622094303871439,Low Risk,high NPL net (+0.063); one-year NPL net movement (+0.051); three-year NPL net trend (+0.050),False,,0
602623,PT Bank Perekonomian Rakyat Ukabima Mitra Dana,Provinsi Kep. Riau,Kota Batam,0.9815439,103.7784303,5.3,2.83,87.97,124.46,44.35,25.23,-0.1800000000000006,0.5,-2.180000000000007,2.4200000000000017,5.451111111111111,2.2825925925925925,82.23962962962963,5.28125,2.8175,79.49625,0.26203956543401025,Low Risk,three-year NPL net trend (+0.040); three-year BOPO trend (+0.036); deposit funding mix (+0.020),False,,0
600181,PT Bank Perekonomian Rakyat Nusamba Plered,Provinsi Jawa Barat,Kab. Purwakarta,-6.6457747,107.3802411,13.27,0.32,98.69,87.46,38.92,20.0,1.299999999999999,0.29000000000000004,-1.3700000000000045,-1.0599999999999952,3.5500000000000007,4.33,76.37,2.5999999999999996,10.115,78.5,0.261585920569795,Low Risk,high NPL net (+0.099); three-year capital trend (+0.040); three-year NPL net trend (+0.026),False,,0
601728,PT Bank Perekonomian Rakyat Artha Rahayu,Provinsi Jawa Tengah,Kab. Cilacap,-7.6661723,109.0069794,6.14,2.82,80.0,86.55,40.27,21.75,-0.33000000000000007,0.9999999999999998,-9.349999999999994,-0.3999999999999986,7.769999999999999,2.07,85.392,5.740000000000001,1.8371428571428574,87.11571428571428,0.2612801617679988,Low Risk,ROA versus bank history (+0.039); funding pressure (+0.036); provision coverage (+0.015),False,,0
602606,PT Bank Perekonomian Rakyat Rasyid,Provinsi DKI Jakarta,Wil. Kota Jakarta Pusat,-6.1766819,106.7843584,4.07,1.68,83.87,86.1,17.01,17.45,-0.009999999999999787,3.1799999999999997,-25.78,-3.2099999999999973,19.467142857142857,-3.619285714285714,149.30285714285716,27.27625,-6.44,178.9925,0.2610184283824084,Low Risk,three-year BOPO trend (+0.050); funding pressure (+0.048); three-year capital trend (+0.029),False,,0
600135,PT Bank Perekonomian Rakyat Karya Kurniautama,Provinsi Jawa Barat,Kab. Bekasi,-6.3185767,107.1335439,7.06,4.46,79.06,95.76,75.76,23.44,0.08999999999999986,0.03000000000000025,0.14000000000000057,-3.6499999999999915,17.404761904761905,-1.0447619047619048,100.74190476190476,11.63,-2.82,61.015,0.26086826087933257,Low Risk,capital adequacy level (+0.061); deposit funding mix (+0.026); three-year capital trend (+0.008),False,,1
601563,PT Bank Perekonomian Rakyat BKK Kota Tegal (Perseroda),Provinsi Jawa Tengah,Kota Tegal,-6.88865,109.0845985,11.57,1.94,82.65,67.84,60.1,18.86,4.37,0.21999999999999997,-1.1400000000000006,0.3999999999999986,18.075,1.53,90.78000000000002,18.80375,1.3287499999999999,92.9375,0.2603692066226646,Low Risk,loan growth (+0.042); three-year NPL net trend (+0.019); one-year NPL net movement (+0.014),False,,0
600547,PT Bank Perekonomian Rakyat Bank Daerah Kudus (Perseroda),Provinsi Jawa Tengah,Kab. Kudus,-6.8144067,110.8297589,20.27,0.74,92.66,83.87,50.89,41.16,2.1799999999999997,-1.02,7.5,3.240000000000002,18.51,1.436,91.204,14.007142857142858,1.8614285714285717,88.37,0.2596553336796766,Low Risk,high NPL net (+0.067); three-year NPL net trend (+0.045); loan growth (+0.027),False,,0
602619,PT Bank Perekonomian Rakyat Global Mentari,Provinsi Kep. Riau,Kota Batam,1.125583,104.038915,6.99,1.95,84.92,88.25,25.06,14.29,1.8100000000000005,0.76,-4.950000000000003,2.3099999999999987,5.388518518518517,2.315185185185185,82.35259259259259,5.29375,2.1487499999999997,81.64875,0.2594288855225328,Low Risk,deposit funding mix (+0.067); ROA versus bank history (+0.047); three-year NPL net trend (+0.034),False,,0
600826,PT Bank Perekonomian Rakyat Satyadhana Artha,Provinsi Jawa Timur,Kab. Sidoarjo,-7.3537781,112.7197299,4.68,1.52,90.68,93.81,30.27,16.29,-0.7000000000000002,1.3,-7.989999999999995,4.699999999999999,13.78684210526316,-0.9860526315789472,119.04184210526316,18.915000000000003,2.168333333333333,87.57666666666667,0.25878425618336814,Low Risk,ROA versus bank history (+0.054); one-year ROA movement (+0.022); three-year BOPO trend (+0.021),False,,1
600432,PT BPR Kredit Mandiri Indonesia,Provinsi Jawa Barat,Kab./Kota Lainnya - Provinsi Jawa Barat,-6.2386172,106.7089556,4.9,3.5,82.35,169.8,41.56,23.85,1.4400000000000004,-2.42,12.159999999999997,4.780000000000001,,,,12.14,1.79,90.77666666666666,0.2586227250456928,Low Risk,funding pressure (+0.032); provision coverage (+0.031); deposit funding mix (+0.018),False,,1
600693,PT Bank Perekonomian Rakyat Restu Artha Abadi,Provinsi Jawa Tengah,Kab. Klaten,-7.6620158,110.6089784,3.79,4.4,77.31,129.4,65.57,14.3,0.5300000000000002,-1.0199999999999996,7.780000000000001,-1.6400000000000006,16.13,0.5008333333333334,98.03083333333335,20.294285714285714,-0.6585714285714285,108.03428571428572,0.2584452724585145,Low Risk,capital adequacy level (+0.067); funding pressure (+0.043); asset growth (+0.033),False,,0
602471,PT Bank Perekonomian Rakyat Walet Jaya Abadi,Provinsi D.I. Yogyakarta,Kota Yogyakarta,-7.8134624,110.3660164,13.32,0.28,98.02,107.57,43.34,17.87,1.8100000000000005,-1.41,8.329999999999998,8.190000000000005,26.827999999999996,-0.29399999999999993,113.61800000000001,22.327142857142857,0.07000000000000016,107.9342857142857,0.2583005587180438,Low Risk,high NPL net (+0.047); three-year NPL net trend (+0.021); deposit funding mix (+0.017),False,,0
601072,PT Bank Perekonomian Rakyat Kita Centradana,Provinsi Bali,Kota Denpasar,-8.6673097,115.15405,12.42,0.34,93.21,79.94,23.71,11.88,3.0600000000000005,-0.019999999999999962,-0.45000000000000284,0.0,9.609523809523811,1.3352380952380953,90.93285714285715,6.4157142857142855,1.76,85.54857142857144,0.2580957801976122,Low Risk,three-year BOPO trend (+0.058); three-year NPL net trend (+0.040); high NPL net (+0.027),False,,0
602031,PT Bank Perekonomian Rakyat Nusantara Bona Pasogit Sembilan Belas,Provinsi Jawa Barat,Kota Depok,-6.1763582,106.6401428,11.57,1.95,93.8,98.39,26.39,10.06,7.09,-0.40000000000000013,1.7000000000000028,-1.5,14.0675,1.7449999999999999,96.8775,14.094999999999999,1.9825,87.5775,0.25798337439425895,Low Risk,high NPL net (+0.063); one-year NPL net movement (+0.033); three-year NPL net trend (+0.023),False,,1
600553,PT BPR Bank Rembang (Perseroda),Provinsi Jawa Tengah,Kab. Rembang,-6.7073215,111.2514138,23.53,0.23,97.35,90.46,23.04,12.12,1.8800000000000026,-0.61,5.239999999999995,-3.5600000000000023,25.25,0.98,91.07,17.31714285714286,3.4199999999999995,83.6557142857143,0.25705289835704753,Low Risk,high NPL net (+0.118); three-year capital trend (+0.041); three-year NPL net trend (+0.032),False,,0
601627,PT Bank Perekonomian Rakyat Badan Kredit Kecamatan Purbalingga (Perseroda),Provinsi Jawa Tengah,Kab. Purbalingga,-7.2001131,109.2092421,7.54,3.91,72.34,85.51,29.75,23.83,0.9100000000000001,-0.4399999999999995,2.1899999999999977,3.1900000000000013,8.68,3.24,75.095,13.4825,1.1775,88.975,0.25690689030771807,Low Risk,loan growth (+0.054); operating efficiency pressure (+0.047); high NPL net (+0.034),False,,0
600740,PT Bank Perekonomian Rakyat Nusumma Jogja,Provinsi D.I. Yogyakarta,Kab. Sleman,-7.6771664,110.3344897,7.72,-6.13,129.65,82.99,20.05,35.15,-12.0,3.330000000000001,-27.359999999999985,-7.079999999999998,12.14681818181818,1.7745454545454549,88.46136363636364,9.048333333333334,1.9216666666666666,84.05166666666666,0.256713273082549,Low Risk,three-year BOPO trend (+0.052); one-year ROA movement (+0.038); loan growth (+0.031),False,,0
602072,PT Bank Perekonomian Rakyat Banda Raya,Provinsi Kep. Riau,Kota Batam,1.1047337,103.9923961,10.43,1.6,89.41,102.1,30.88,8.97,-1.5600000000000005,0.51,-2.230000000000004,-6.5000000000000036,5.26111111111111,2.328148148148148,82.1862962962963,4.9,2.1350000000000002,81.95750000000001,0.2566911176950229,Low Risk,deposit funding mix (+0.080); high NPL net (+0.053); three-year capital trend (+0.048),False,,0
600136,PT Bank Perekonomian Rakyat Puri Artha Pacitan,Provinsi Jawa Timur,Kab. Pacitan,-8.1613706,111.0789019,2.62,4.91,73.43,110.99,57.5,31.01,-0.8799999999999999,0.5099999999999998,-2.75,52.730000000000004,11.239999999999998,1.75,89.56,8.571428571428571,2.295714285714286,82.59,0.2566487654917005,Low Risk,one-year KPMM movement (+0.073); operating efficiency pressure (+0.068); profitability level (+0.011),False,,0
600051,PT Bank Perekonomian Rakyat Kurnia Sewon,Provinsi D.I. Yogyakarta,Kab. Bantul,-7.8278736,110.3647058,8.83,2.08,81.65,94.85,22.81,13.24,-0.4499999999999993,0.9100000000000001,-9.599999999999994,0.3299999999999983,9.409,1.542,88.713,21.01125,0.17000000000000015,106.91375,0.25660623593771315,Low Risk,deposit funding mix (+0.064); high NPL net (+0.059); three-year NPL net trend (+0.018),False,,0
602542,PT Bank Perekonomian Rakyat Palu Anugerah,Provinsi Sulawesi Tengah,Kota Palu,-1.1514047,119.9917751,3.69,5.29,71.49,116.38,22.22,16.36,-0.5100000000000002,0.7199999999999998,3.8999999999999915,0.9399999999999977,4.44,2.0966666666666667,91.21333333333332,3.2566666666666664,2.953333333333333,83.69,0.25631073195383647,Low Risk,operating efficiency pressure (+0.086); funding pressure (+0.025); three-year capital trend (+0.012),False,,0
602662,PT Bank Perekonomian Rakyat Dian Artha Nusa,Provinsi Sulawesi Selatan,Kota Makassar,-5.1648462,119.4091524,0.0,-14.67,263.05,275.62,90.5,28.24,0.0,-4.4399999999999995,-647.5999999999999,-175.99,4.967142857142858,0.07285714285714283,96.80857142857144,4.531428571428572,-0.9671428571428572,110.33857142857143,0.25629529567289555,Low Risk,capital adequacy level (+0.068); three-year capital trend (+0.035); one-year LDR movement (+0.033),False,,0
602552,PT. BPR Samudera,Provinsi Sumatera Barat,Kab. Pesisir Selatan,-1.3486079,100.572639,8.57,0.81,92.94,137.97,35.49,12.69,0.33000000000000007,-0.18999999999999995,0.8700000000000045,-4.589999999999996,3.1699999999999995,2.09,85.83,3.33,2.8899999999999997,83.3,0.2562710402413471,Low Risk,three-year capital trend (+0.040); high NPL net (+0.037); funding pressure (+0.032),False,,1
601120,PT Bank Perekonomian Rakyat Tulus,Provinsi Bali,Kab. Badung,-8.6351703,115.0303815,16.06,-2.73,118.22,82.11,15.04,15.83,3.7399999999999984,-1.22,1.8299999999999983,3.039999999999999,6.426304347826087,1.8128260869565218,86.37369565217391,5.755,2.5816666666666666,79.935,0.2561639520600481,Low Risk,high NPL net (+0.076); three-year capital trend (+0.029); three-year BOPO trend (+0.026),False,,0
601396,PT Bank Perekonomian Rakyat Satya Artha,Provinsi Jawa Tengah,Kota Salatiga,-7.316508,110.4920655,6.75,2.66,83.58,107.18,31.4,16.09,3.61,-0.36999999999999966,1.6299999999999955,0.10999999999999943,14.673333333333332,1.5,89.68666666666667,11.401250000000001,2.95375,85.0475,0.2561629992844415,Low Risk,deposit funding mix (+0.060); three-year capital trend (+0.026); three-year NPL net trend (+0.014),False,,0
600247,PT. BPR Mutiara Nagari,Provinsi Sumatera Barat,Kab. Sawahlunto/Sijunjung,-0.6662378,100.801296,13.71,0.39,99.19,78.14,28.19,23.76,6.570000000000001,-0.18999999999999995,2.799999999999997,3.5100000000000016,7.9316666666666675,-0.011666666666666659,99.86666666666667,5.658333333333334,1.4633333333333336,91.35333333333334,0.255935964370946,Low Risk,loan scale (+0.053); loan growth (+0.042); high NPL net (+0.029),False,,0
600754,PT Bank Perekonomian Rakyat Cahaya Bumi Artha,Provinsi Jawa Timur,Kab. Blitar,-8.1275932,112.166244,5.36,3.59,86.09,140.43,78.94,51.74,-2.839999999999999,-0.5099999999999998,3.3299999999999983,21.419999999999995,8.434000000000001,3.6699999999999995,81.708,7.618333333333333,3.8433333333333337,85.98333333333335,0.2556293528467332,Low Risk,one-year KPMM movement (+0.033); capital adequacy level (+0.020); three-year BOPO trend (+0.019),False,,0
602701,PT Bank Perekonomian Rakyat Pundi Dana Mandiri,Provinsi Jambi,Kota Jambi,-1.5972946,103.6229725,6.01,-0.08,101.11,131.88,55.06,29.36,-8.57,-1.32,9.540000000000006,-22.97,13.35153846153846,2.778461538461538,84.14153846153847,12.534285714285714,2.8228571428571425,83.41571428571429,0.2555064875715226,Low Risk,deposit funding mix (+0.044); three-year capital trend (+0.034); funding pressure (+0.033),False,,0
602709,PT Bank Perekonomian Rakyat Tanah Laut,Provinsi Kalimantan Selatan,Kab. Tanah Laut,-3.8035764,114.7651243,1.39,3.15,73.52,231.66,44.03,45.82,-0.6700000000000002,-0.10999999999999988,0.4200000000000017,0.5300000000000011,,,,9.398,5.522,72.082,0.25545975727669795,Low Risk,loan growth (+0.069); funding pressure (+0.065); operating efficiency pressure (+0.028),False,,0
600830,PT Bank Perekonomian Rakyat Sinardana Buana,Provinsi Jawa Timur,Kab. Sidoarjo,-7.3453997,112.6893221,10.16,-0.29,104.12,78.92,50.94,51.76,1.8800000000000008,4.5,-24.629999999999995,15.79,13.64263157894737,-0.9384210526315787,118.68815789473686,11.299999999999999,1.6500000000000001,94.39857142857143,0.25534357952694137,Low Risk,one-year ROA movement (+0.056); high NPL net (+0.025); one-year KPMM movement (+0.025),False,,0
600545,PT BPR Kendali Artha (Perseroda),Provinsi Jawa Tengah,Kab. Kendal,-7.0118803,110.0775802,13.92,2.2,82.78,92.14,32.47,20.46,2.83,-0.3099999999999996,2.489999999999995,2.379999999999999,18.379,2.7310000000000003,84.976,17.738571428571426,3.172857142857143,84.6657142857143,0.25528724574335476,Low Risk,high NPL net (+0.092); three-year NPL net trend (+0.025); one-year LDR movement (+0.013),False,,0
601362,PT BANK PEREKONOMIAN RAKYAT LAMBANG GANDA,Provinsi Banten,Kab. Serang,-6.1266675,106.2309087,4.46,9.89,72.45,111.87,39.49,25.17,1.3399999999999999,-8.009999999999998,17.830000000000005,5.240000000000002,11.919999999999998,2.8499999999999996,84.91000000000001,6.202500000000001,6.10375,77.91250000000001,0.25526035961441074,Low Risk,operating efficiency pressure (+0.050); profitability level (+0.031); three-year capital trend (+0.014),False,,0
601342,PT Bank Perekonomian Rakyat Nusantara Bona Pasogit Sebelas,Provinsi Jawa Barat,Kab. Sukabumi,-6.2386172,106.7089556,8.64,3.24,83.89,79.71,21.28,21.52,-0.3699999999999992,0.52,-7.6200000000000045,-18.5,15.983333333333334,0.9333333333333332,95.22333333333334,12.14,1.79,90.77666666666666,0.25525782404640035,Low Risk,high NPL net (+0.098); funding pressure (+0.027); one-year KPMM movement (+0.017),False,,1
601415,PT Bank Perekonomian Rakyat Lestari Jogja,Provinsi D.I. Yogyakarta,Kab. Bantul,-7.829086,110.3646081,4.21,1.29,88.06,69.2,20.49,18.99,2.8,2.16,-23.429999999999993,1.0599999999999987,9.871,1.621,88.072,21.588749999999997,0.26875000000000004,106.1125,0.25519897301892686,Low Risk,deposit funding mix (+0.073); ROA versus bank history (+0.049); provision coverage (+0.023),False,,0
601953,PT Bank Perekonomian Rakyat Tiurganda,Provinsi Sumatera Selatan,Kab. Ogan Ilir,-3.1647083,104.6018114,6.74,12.18,69.54,127.93,47.02,40.21,-3.789999999999999,0.2400000000000002,-0.6499999999999915,3.3300000000000054,0.5800000000000001,2.8000000000000007,84.32000000000001,8.49,2.7875,80.78625,0.2550842053132658,Low Risk,operating efficiency pressure (+0.103); profitability level (+0.015); asset growth (+0.015),False,,0
600550,PT Bank Perekonomian Rakyat Badan Kredit Kecamatan Tulung (Perseroda),Provinsi Jawa Tengah,Kab. Klaten,-7.6527793,110.6100082,26.79,-3.03,127.59,92.88,22.25,13.75,-2.460000000000001,-3.4699999999999998,31.49000000000001,-4.489999999999998,14.213333333333333,1.1199999999999999,93.84083333333335,17.00857142857143,0.4028571428571429,100.85142857142857,0.2549213136420511,Low Risk,high NPL net (+0.088); three-year capital trend (+0.055); three-year NPL net trend (+0.032),False,,0
601252,PT Bank Perekonomian Rakyat Citra Bersada Abadi,Provinsi Jawa Barat,Kota Bekasi,-6.2201568,106.9481598,12.48,0.0,179.49,45.24,14.91,19.09,-7.91,2.02,29.22,-29.790000000000003,17.39548387096774,-1.9029032258064518,116.86935483870967,14.834,1.786,92.934,0.25471485897421825,Low Risk,deposit funding mix (+0.086); high NPL net (+0.052); ROA versus bank history (+0.024),False,,0
600129,PT Bank Perekonomian Rakyat Indomitra Artha Pertiwi,Provinsi Jawa Barat,Kab. Bogor,-6.4695396,106.8579311,9.66,-0.6,103.2,54.58,26.9,23.77,-0.5299999999999994,1.17,-8.509999999999991,7.18,17.130625,1.4118750000000002,104.78999999999999,27.072000000000003,2.7960000000000003,122.98600000000002,0.2542287548285702,Low Risk,deposit funding mix (+0.047); one-year ROA movement (+0.022); NPL net versus bank history (+0.012),False,,0
601070,PT Bank Perekonomian Rakyat Jero Anom,Provinsi Bali,Kab. Tabanan,-8.4311331,114.8957224,20.59,-0.69,97.97,68.92,38.46,20.25,1.8999999999999986,1.58,-23.39,7.440000000000001,9.313529411764705,0.8911764705882353,91.5835294117647,9.572857142857142,0.29428571428571443,94.17428571428572,0.2539995488456609,Low Risk,three-year BOPO trend (+0.050); high NPL net (+0.038); one-year BOPO movement (+0.028),False,,0
602722,PT. BPR Bahteramas Konawe Utara (Perseroda),Provinsi Sulawesi Tenggara,Kab. Konawe Utara,-3.8856198,122.0314531,10.41,2.72,85.91,87.33,60.26,30.98,-1.7300000000000004,-2.6699999999999995,5.6499999999999915,-16.000000000000007,,,,3.96,8.462,71.19200000000001,0.2535329278050073,Low Risk,funding pressure (+0.051); high NPL net (+0.023); capital adequacy level (+0.009),False,,1
601230,PT Bank Perekonomian Rakyat Gebu Sijunjung Sejahtera,Provinsi Sumatera Barat,Kab. Sawahlunto/Sijunjung,-0.700778,100.9764341,5.26,-1.38,110.79,57.51,12.95,40.92,-2.9800000000000004,3.05,-23.950000000000003,-2.42,9.340000000000002,0.2833333333333333,97.93333333333334,9.648571428571428,0.5442857142857143,96.67142857142858,0.2531594834411873,Low Risk,loan scale (+0.067); one-year ROA movement (+0.053); loan growth (+0.053),False,,0
601104,PT Bank Perekonomian Rakyat Sari Dana Indonesia,Provinsi Jawa Timur,Kab. Sidoarjo,-7.3717154,112.6249682,0.0,-75.99,999.99,16.0,306.12,44.24,-1.34,-89.71,935.19,271.22,13.910000000000002,1.053684210526316,95.11263157894739,7.1433333333333335,3.823333333333333,81.36666666666666,0.2530546018342928,Low Risk,capital adequacy level (+0.072); deposit funding mix (+0.041); loan scale (+0.037),True,ROA outside audit range; BOPO outside audit range,0
602635,PT Bank Perekonomian Rakyat Kencana Mandiri,Provinsi Jambi,Kota Jambi,-1.6041696,103.6147356,18.11,0.33,98.21,89.01,39.04,19.79,0.4800000000000004,-0.53,3.5799999999999983,1.0700000000000003,12.420769230769228,2.746923076923077,84.36461538461539,9.801428571428572,2.6128571428571425,83.67,0.2528775529096507,Low Risk,high NPL net (+0.078); deposit funding mix (+0.058); three-year NPL net trend (+0.025),False,,0
600857,PT Bank Perekonomian Rakyat Artha Tanah Mas,Provinsi Jawa Tengah,Kota Semarang,-6.986532,110.3797261,13.41,2.81,81.97,90.83,27.46,7.43,0.40000000000000036,-1.2899999999999996,6.890000000000001,0.6099999999999994,18.945416666666667,0.6370833333333332,95.93583333333333,20.2425,-1.4362499999999998,111.43125,0.25284658735789695,Low Risk,high NPL net (+0.109); three-year NPL net trend (+0.017); deposit funding mix (+0.008),False,,0
600185,PT Bank Perekonomian Rakyat Trisurya Tata Artha,Provinsi Jawa Barat,Kab. Karawang,-6.3360773,107.2782638,42.91,-26.82,314.89,122.07,-9.07,18.25,6.939999999999998,-25.91,208.95,-53.63,14.8225,2.0725000000000002,91.11916666666666,13.285999999999998,2.518,89.00399999999999,0.25264413210719155,Low Risk,loan scale (+0.057); high NPL net (+0.031); one-year NPL net movement (+0.012),True,KPMM outside audit range,0
600108,PT Bank Perekonomian Rakyat Antar Guna,Provinsi Jawa Barat,Kab. Bekasi,-6.2638911,107.0523962,7.23,1.9,82.62,83.63,29.36,28.23,2.83,-0.69,4.040000000000006,1.3900000000000006,17.396666666666665,-0.9228571428571428,100.57238095238095,18.51666666666667,0.40999999999999986,102.91333333333334,0.2521461424725443,Low Risk,funding pressure (+0.078); high NPL net (+0.027); three-year NPL net trend (+0.023),False,,0
602074,PT Bank Perekonomian Rakyat Prima Multi Makmur,Provinsi Kalimantan Barat,Kota Pontianak,-0.0322676,109.3427108,2.43,3.76,64.58,35.84,38.63,10.97,-1.48,-1.1800000000000006,2.309999999999995,8.290000000000003,6.562222222222222,1.2922222222222224,89.42444444444443,5.5600000000000005,0.4399999999999999,92.17285714285715,0.2519543815943724,Low Risk,loan growth (+0.051); operating efficiency pressure (+0.041); one-year KPMM movement (+0.023),False,,0
601119,PT Bank Perekonomian Rakyat Batanghari,Provinsi Jambi,Kota Jambi,-1.6005849,103.5938645,15.45,3.06,85.55,94.72,41.46,15.21,-4.370000000000001,0.4500000000000002,1.1499999999999915,-1.7199999999999989,12.625384615384615,2.5369230769230766,85.33846153846154,12.337142857142856,3.02,82.97,0.2518942641475027,Low Risk,high NPL net (+0.087); deposit funding mix (+0.018); three-year ROA trend (+0.005),False,,0
601122,PT Bank Perekonomian Rakyat Lokadana Sentosa,Provinsi Kalimantan Barat,Kab. Kubu Raya,-0.0758382,109.3786021,12.4,2.25,80.04,74.77,60.3,16.03,0.9100000000000001,-0.14000000000000012,-2.009999999999991,4.419999999999995,12.474999999999998,3.035,75.66999999999999,8.588750000000001,2.155,81.9325,0.2516242563263153,Low Risk,high NPL net (+0.052); capital adequacy level (+0.012); loan growth (+0.012),False,,0
602622,PT Bank Perekonomian Rakyat Sulawesi Mitra Abadi,Provinsi Sulawesi Tengah,Kota Palu,-0.914857,119.8526688,7.58,-1.43,110.51,155.79,37.41,21.95,7.09,-5.13,31.64,5.899999999999995,3.143333333333334,4.336666666666667,78.20666666666666,2.6083333333333334,4.073333333333333,77.18666666666667,0.2515914539199509,Low Risk,funding pressure (+0.046); three-year NPL net trend (+0.033); one-year NPL net movement (+0.017),False,,0
600048,PT Bank Perekonomian Rakyat Multi Sembada Dana,Provinsi DKI Jakarta,Wil. Kota Jakarta Pusat,-6.1628288,106.8265553,4.48,1.74,88.64,96.5,25.86,9.24,-3.6999999999999993,0.73,-1.8799999999999955,-4.370000000000001,19.437857142857144,-3.6235714285714287,148.96214285714288,16.5675,-6.0175,183.03750000000002,0.25147022866895385,Low Risk,deposit funding mix (+0.072); ROA versus bank history (+0.045); three-year capital trend (+0.025),False,,0
600256,PT BANK PEREKONOMIAN RAKYAT SULIKI GUNUNG MAS,Provinsi Sumatera Barat,Kab. Limapuluh Koto,-0.1092254,100.4739563,35.31,-10.73,185.28,114.36,8.48,11.71,17.980000000000004,-6.3100000000000005,51.34,-14.379999999999999,5.652857142857142,0.6014285714285714,96.68714285714286,6.206,1.424,90.682,0.2512597909007792,Low Risk,one-year NPL net movement (+0.044); one-year LDR movement (+0.041); high NPL net (+0.029),False,,0
602644,PT Bank Perekonomian Rakyat Central Kepri,Provinsi Kep. Riau,Kota Batam,1.1335462,104.0090522,4.47,3.12,80.62,98.65,23.64,12.98,-0.4300000000000006,0.06000000000000005,0.3200000000000074,-3.3200000000000003,5.481851851851851,2.2718518518518516,82.51185185185186,6.893750000000001,1.8,86.66125,0.25109041097479484,Low Risk,deposit funding mix (+0.070); ROA versus bank history (+0.044); three-year capital trend (+0.017),False,,0
600009,PT Bank Perekonomian Rakyat Berkat Artha Melimpah,Provinsi Banten,Kota Tangerang Selatan,-6.2947587,106.6659252,0.0,-15.0,216.71,40.65,25.71,55.89,-45.7,-12.21,99.37,-165.72,13.407999999999998,1.0919999999999999,94.99199999999999,13.241428571428571,2.3142857142857145,89.78999999999999,0.25101774527361126,Low Risk,three-year BOPO trend (+0.087); deposit funding mix (+0.049); cash liquidity position (+0.031),False,,0
600833,PT Bank Perekonomian Rakyat Pataru Laba,Provinsi Sulawesi Selatan,Kab. Gowa,-5.235857,119.4315205,2.59,7.11,81.52,143.23,44.22,24.35,-0.5,2.1500000000000004,-3.8700000000000045,-8.61,,,,3.8114285714285714,-3.2028571428571433,136.83428571428573,0.2505181022489173,Low Risk,ROA versus bank history (+0.046); funding pressure (+0.034); one-year ROA movement (+0.015),False,,0
601361,PT Bank Perekonomian Rakyat Halden Prime,Provinsi Jawa Barat,Kab. Bandung,-6.9808649,107.5593025,1.49,-8.26,148.71,131.47,31.27,20.86,1.49,-23.75,68.21000000000001,-43.78,9.159999999999998,3.6126666666666667,81.46533333333333,16.571428571428573,1.6171428571428572,91.7942857142857,0.2505043784517919,Low Risk,three-year BOPO trend (+0.064); funding pressure (+0.035); deposit funding mix (+0.030),False,,0
600885,PT Bank Perekonomian Rakyat Mitra Lestari,Provinsi Jambi,Kota Jambi,-3.929464,102.5260658,21.53,1.09,93.02,98.02,32.4,16.98,0.2900000000000027,-3.42,22.61999999999999,3.8099999999999987,12.157692307692306,2.6884615384615382,84.76384615384616,8.244285714285713,4.867142857142857,77.05,0.2502714544358423,Low Risk,high NPL net (+0.082); three-year NPL net trend (+0.040); loan-to-deposit position (+0.013),False,,0
601322,PT Bank Perekonomian Rakyat Laksana Binacilegon,Provinsi Banten,Kota Cilegon,-6.0202617,106.0575016,16.16,-1.44,103.96,226.32,38.12,32.52,6.040000000000001,-7.73,21.549999999999997,9.189999999999998,23.669999999999998,1.1,93.83,8.137142857142859,3.5614285714285714,84.14999999999999,0.2502217034821371,Low Risk,three-year NPL net trend (+0.041); funding pressure (+0.028); one-year NPL net movement (+0.023),False,,0
600083,PT Bank Perekonomian Rakyat Duta Bali,Provinsi Bali,Kota Denpasar,-8.6590192,115.2014465,1.14,1.34,87.7,89.02,107.72,20.3,-1.91,-0.33999999999999986,1.7900000000000063,3.25,10.146666666666667,1.2876190476190477,91.1952380952381,11.56875,1.45875,90.66874999999999,0.25017665745893997,Low Risk,capital adequacy level (+0.046); loan growth (+0.039); three-year BOPO trend (+0.019),False,,0
600605,PT Bank Perekonomian Rakyat Gunung Rizki Pusaka Utama,Provinsi Jawa Tengah,Kota Semarang,-7.0424071,110.3344572,15.09,3.0,82.63,95.66,33.75,16.3,-2.66,0.040000000000000036,3.25,3.3500000000000014,18.87541666666667,0.6291666666666665,95.90833333333332,20.63125,0.0025000000000001688,104.86625000000001,0.2500983235223091,Low Risk,high NPL net (+0.105); three-year NPL net trend (+0.019); loan-to-deposit position (+0.005),False,,0
601800,PT Bank Perekonomian Rakyat Rama Ganda,Provinsi Jawa Barat,Kota Bogor,-6.5467888,106.7841753,10.24,2.79,86.36,94.79,22.42,15.57,-0.8100000000000005,-0.1299999999999999,0.6500000000000057,-1.6999999999999993,11.219999999999999,0.22999999999999998,96.00999999999999,20.105,-0.15249999999999997,99.42250000000001,0.24997796135833553,Low Risk,funding pressure (+0.064); high NPL net (+0.062); three-year capital trend (+0.012),False,,0
601929,PT Bank Perekonomian Rakyat VII Koto,Provinsi Sumatera Barat,Kab. Padang Pariaman,-0.5778543,100.2239098,6.57,2.85,85.0,140.63,39.04,13.55,0.33000000000000007,1.1700000000000002,-6.420000000000002,-5.640000000000001,15.039999999999997,-0.728,113.71399999999998,11.913333333333332,-2.3699999999999997,123.24333333333334,0.24979894547939052,Low Risk,three-year BOPO trend (+0.067); funding pressure (+0.044); one-year ROA movement (+0.009),False,,0
601188,PT Bank Perekonomian Rakyat Solok Selatan,Provinsi Sumatera Barat,Kab./Kota Lainnya - Provinsi Sumatera Barat,-1.1685754,100.680283,3.56,3.83,81.56,112.39,46.99,11.18,1.5,-0.04999999999999982,-2.4200000000000017,0.2700000000000031,4.245,0.69,97.92499999999998,8.780000000000001,2.008,97.582,0.24921112472145768,Low Risk,ROA versus bank history (+0.058); three-year NPL net trend (+0.025); loan-to-deposit position (+0.019),False,,0
600759,PT Bank Perekonomian Rakyat Prima Kredit Utama,Provinsi Jawa Timur,Kota Surabaya,-7.2966927,112.6936327,3.21,2.85,85.57,134.44,46.9,10.16,-1.62,-0.3799999999999999,1.539999999999992,-1.9400000000000048,9.445,0.8781249999999999,110.903125,6.90875,4.25875,91.89750000000001,0.24813639105747495,Low Risk,deposit funding mix (+0.078); funding pressure (+0.035); three-year capital trend (+0.027),False,,0
600987,PT Bank Perekonomian Rakyat Rini Bhaktinusa,Provinsi Jawa Timur,Kab. Jember,-8.2246897,113.3742138,0.0,3.72,80.69,0.0,413.85,47.15,-15.88,-0.22999999999999998,2.6400000000000006,332.09000000000003,12.506875,4.391875,78.66687499999999,6.9799999999999995,5.384285714285714,76.25999999999999,0.24789905726054118,Low Risk,capital adequacy level (+0.065); deposit funding mix (+0.033); asset scale (+0.015),False,,0
601938,PT Bank Perekonomian Rakyat Ingin Jaya,Provinsi NAD,Kab. Aceh Besar,5.5318008,95.2822647,7.12,3.47,79.67,70.78,50.95,4.04,2.1500000000000004,-1.8199999999999998,6.359999999999999,4.890000000000001,,,,5.4366666666666665,1.8966666666666665,88.42666666666668,0.24789804358160641,Low Risk,loan growth (+0.060); high NPL net (+0.024); one-year NPL net movement (+0.020),False,,0
601712,PT Bank Perekonomian Rakyat Anugerahdharma Yuwana Bondowoso,Provinsi Jawa Timur,Kab. Bondowoso,-7.9162681,113.8175727,3.13,5.97,70.35,83.01,31.68,19.31,-1.8100000000000005,-0.4300000000000006,5.089999999999989,-2.8800000000000026,2.6800000000000006,10.95,45.849999999999994,13.895000000000001,5.1425,70.59,0.2475368644386205,Low Risk,operating efficiency pressure (+0.098); profitability level (+0.017); three-year capital trend (+0.009),False,,0
600867,PT Bank Perekonomian Rakyat Putera Dana,Provinsi Jawa Timur,Kota Malang,-7.9379571,112.6229803,4.1,2.45,86.85,97.47,24.8,28.01,1.5699999999999998,-0.45999999999999996,5.61999999999999,0.9700000000000024,25.088333333333335,4.005,80.83,18.776,4.994,74.372,0.24698144193460847,Low Risk,deposit funding mix (+0.089); three-year capital trend (+0.043); three-year ROA trend (+0.011),False,,0
602609,PT. BPR Tunas Mitra Mandiri,Provinsi Riau,Kota Pekanbaru,0.5353047,101.4207372,5.7,1.62,90.44,135.29,43.8,5.36,2.56,-0.7599999999999998,7.679999999999993,17.509999999999998,10.433125,0.409375,86.91375,8.9975,-1.3937499999999994,89.50375,0.2469136128526801,Low Risk,deposit growth (+0.026); deposit funding mix (+0.022); funding pressure (+0.011),False,,0
602022,PT Bank Perekonomian Rakyat Fajar Warapastika,Provinsi Lampung,Kab. Lampung Timur,-5.1268721,105.3665313,1.85,8.51,69.06,213.03,44.11,24.38,0.31000000000000005,1.71,-0.5099999999999909,4.450000000000003,8.475,12.155000000000001,61.715,12.777142857142858,4.041428571428571,90.16857142857144,0.24651344738575662,Low Risk,funding pressure (+0.040); profitability level (+0.016); provision coverage (+0.013),False,,0
600863,PT Bank Perekonomian Rakyat Mitra Central Dana,Provinsi Sumatera Selatan,Kota Palembang,-2.9867153,104.7607674,8.19,0.01,99.42,51.54,59.14,7.84,-1.3399999999999999,0.73,-7.090000000000003,-3.710000000000001,8.251818181818182,2.7418181818181817,81.14363636363636,8.682857142857143,1.874285714285714,85.65285714285713,0.2463809832350943,Low Risk,three-year BOPO trend (+0.034); three-year NPL net trend (+0.033); capital adequacy level (+0.019),False,,0
600577,PT Bank Perekonomian Rakyat Inti Ambarawa Sejahtera,Provinsi Jawa Tengah,Kab. Semarang,-7.2511239,110.4136824,3.78,3.05,83.28,79.99,72.4,24.52,-4.960000000000001,-0.28000000000000025,-0.5699999999999932,1.8400000000000034,16.553333333333335,3.9533333333333336,79.06166666666667,12.505,4.295,77.48375,0.2461574341742742,Low Risk,capital adequacy level (+0.076); deposit funding mix (+0.024); loan growth (+0.008),False,,0
601131,PT Bank Perekonomian Rakyat Mangatur Ganda,Provinsi Sumatera Utara,Kab. Labuhan Batu,2.3681174,100.0795491,2.98,6.98,79.48,80.47,36.77,33.14,1.02,-1.709999999999999,8.64,4.75,3.36,1.4800000000000004,92.61,3.404,3.342,85.184,0.2454887426190897,Low Risk,loan growth (+0.082); profitability level (+0.045); one-year LDR movement (+0.024),False,,0
601000,PT Bank Perekonomian Rakyat Karya Artha Sejahtera Indonesia,Provinsi Bali,Kab. Badung,-8.5865566,115.2071755,10.45,0.44,95.2,69.73,14.54,19.09,6.999999999999999,-0.46,5.079999999999998,-3.710000000000001,6.548260869565218,1.7439130434782608,86.87413043478261,9.911249999999999,1.3650000000000002,90.83250000000001,0.24526333878312487,Low Risk,high NPL net (+0.052); deposit funding mix (+0.040); one-year NPL net movement (+0.030),False,,0
601030,PT Bank Perekonomian Rakyat Tata Anjung Sari,Provinsi Bali,Kota Denpasar,-8.6820307,115.1899556,12.47,1.13,91.17,75.32,20.44,15.46,-0.1899999999999995,2.16,-15.469999999999999,6.770000000000001,9.607142857142858,1.297619047619048,91.03,8.64,1.7014285714285715,89.54142857142857,0.24521522668974638,Low Risk,high NPL net (+0.086); three-year NPL net trend (+0.041); ROA versus bank history (+0.028),False,,0
600995,PT Bank Perekonomian Rakyat Karuna Ramanda Sejahtera,Provinsi Bali,Kab. Badung,-8.6792024,115.1417471,2.38,1.96,84.95,75.7,33.37,13.86,2.02,0.31000000000000005,-2.030000000000001,-0.28999999999999915,6.723695652173913,1.7108695652173913,87.09695652173913,5.271428571428571,2.5371428571428574,80.99000000000001,0.24510808716124277,Low Risk,deposit funding mix (+0.064); three-year BOPO trend (+0.034); provision coverage (+0.028),False,,0
600182,PT Bank Perekonomian Rakyat Nusamba Sukaraja,Provinsi Jawa Barat,Kab. Sukabumi,-6.9078959,106.9781214,18.69,1.26,94.09,85.25,34.36,27.61,4.370000000000001,-0.44999999999999996,1.710000000000008,-0.4100000000000037,12.633333333333335,1.5933333333333335,91.82333333333334,9.245714285714286,1.8557142857142856,91.94714285714285,0.24494026612295772,Low Risk,high NPL net (+0.070); three-year NPL net trend (+0.034); NPL net versus bank history (+0.031),False,,0
600835,PT Bank Perekonomian Rakyat Citra Dana Mandiri,Provinsi Lampung,Kota Bandar Lampung,-5.4058675,105.2736924,1.69,6.77,61.63,105.86,20.76,7.15,-2.0500000000000003,0.09999999999999964,-3.0500000000000043,6.040000000000001,7.424545454545455,3.2245454545454546,79.62363636363636,4.365714285714286,3.0714285714285716,79.55285714285715,0.24492018117211603,Low Risk,deposit funding mix (+0.049); NPL net versus bank history (+0.018); ROA versus bank history (+0.017),False,,0
601865,PT Bank Perekonomian Rakyat Eka Ayu Artha Bhuwana,Provinsi Bali,Kab. Gianyar,-8.6041884,115.2514375,2.34,5.89,60.98,77.63,44.39,17.59,-1.7300000000000004,0.7699999999999996,-2.5800000000000054,7.020000000000003,5.624545454545454,1.9677272727272728,84.40136363636363,3.5442857142857145,2.504285714285714,82.65285714285713,0.24409246798397827,Low Risk,operating efficiency pressure (+0.054); three-year BOPO trend (+0.033); NPL net versus bank history (+0.020),False,,0
601176,PT Bank Perekonomian Rakyat Pembangunan Nagari,Provinsi Sumatera Barat,Kab. Agam,-0.4051733,100.0123954,60.8,-13.27,273.85,96.5,5.28,13.16,31.709999999999997,-9.469999999999999,139.10000000000002,-22.77,7.886666666666668,1.6983333333333333,93.26166666666666,13.047142857142857,-0.89,107.37428571428572,0.2437815396920748,Low Risk,one-year NPL net movement (+0.043); one-year LDR movement (+0.040); high NPL net (+0.031),False,,0
602683,PT Bank Perekonomian Rakyat Ronatama Mandiri Jambi,Provinsi Jambi,Kota Jambi,-1.6192143,103.5918822,4.97,5.01,77.5,164.5,37.83,19.13,-1.58,-1.8100000000000005,8.519999999999996,-9.630000000000003,13.43153846153846,2.386923076923077,85.95769230769231,13.834285714285713,2.741428571428571,84.12,0.24337159930215066,Low Risk,funding pressure (+0.050); loan-to-deposit position (+0.017); profitability level (+0.013),False,,0
602571,PT Bank Perekonomian Rakyat Budi Intidana Sentosa,Provinsi Lampung,Kota Bandar Lampung,-5.4135192,105.2616884,2.59,-2.79,119.04,81.44,42.2,13.17,-2.1500000000000004,0.48999999999999977,-2.6400000000000006,25.6,7.342727272727273,4.093636363636364,74.40454545454546,4.2371428571428575,4.437142857142858,71.35142857142857,0.24236728979573263,Low Risk,deposit funding mix (+0.072); one-year KPMM movement (+0.030); asset scale (+0.015),False,,0
601723,PT Bank Perekonomian Rakyat Karunia Berkat Intidana,Provinsi Jawa Timur,Kab. Mojokerto,-7.5403157,112.1719884,2.3,0.72,100.82,96.47,105.11,28.37,1.5999999999999999,0.020000000000000018,6.589999999999989,22.25,14.845714285714285,4.6899999999999995,78.01714285714287,10.952000000000002,1.234,98.264,0.24225951594965964,Low Risk,capital adequacy level (+0.062); one-year KPMM movement (+0.038); one-year NPL net movement (+0.017),False,,0
601171,PT BPR Rangkiang Aur Denai,Provinsi Sumatera Barat,Kota Bukittinggi,-0.3106974,100.3841215,9.72,2.26,85.23,100.84,17.55,17.29,3.620000000000001,-0.06000000000000005,0.21000000000000796,-2.629999999999999,,,,6.336,1.6299999999999997,94.842,0.24192181623248274,Low Risk,high NPL net (+0.060); one-year NPL net movement (+0.031); three-year NPL net trend (+0.030),False,,0
600980,PT Bank Perekonomian Rakyat Tridana Kencana,Provinsi Jawa Timur,Kab. Situbondo,-7.7238391,113.6870455,7.25,3.67,74.35,100.54,28.1,12.23,1.7800000000000002,-0.14000000000000012,15.819999999999993,2.270000000000003,20.17,1.2000000000000002,89.03999999999999,7.822500000000001,5.137499999999999,71.4875,0.24163606489300687,Low Risk,deposit funding mix (+0.026); operating efficiency pressure (+0.020); high NPL net (+0.018),False,,0
602688,PT Bank Perekonomian Rakyat Satya Mitra Andalan,Provinsi Kep. Riau,Kota Batam,1.1238186,104.0117973,7.83,0.91,92.13,92.8,33.15,10.12,0.009999999999999787,-0.19000000000000006,0.4200000000000017,-3.3100000000000023,5.357407407407407,2.3537037037037036,82.08555555555556,6.41875,2.09875,84.01374999999999,0.24146523744727585,Low Risk,deposit funding mix (+0.053); three-year capital trend (+0.033); high NPL net (+0.029),False,,0
600915,PT Bank Perekonomian Rakyat Tumpang Arthasarana,Provinsi Jawa Timur,Kab. Malang,-8.01112,112.7549645,21.91,1.94,87.67,255.88,142.18,12.18,-6.169999999999998,-4.720000000000001,22.730000000000004,8.300000000000011,15.406190476190474,5.696190476190476,87.5247619047619,29.629999999999995,1.15,84.686,0.2413524694061145,Low Risk,funding pressure (+0.054); high NPL net (+0.018); NPL net versus bank history (+0.018),False,,0
600080,PT Bank Perekonomian Rakyat Tridharma Depok,Provinsi Jawa Barat,Kota Depok,-6.3914122,106.8193342,17.46,-5.48,122.21,113.38,22.97,10.9,3.6000000000000014,1.17,-8.679999999999993,3.6199999999999974,13.773000000000001,2.1165,95.457,24.986,-0.426,103.628,0.24118488813321154,Low Risk,high NPL net (+0.055); deposit funding mix (+0.036); three-year NPL net trend (+0.024),False,,0
600956,PT Bank Perekonomian Rakyat Sumberdhana Anda,Provinsi Jawa Timur,Kab. Tulungagung,-8.0845129,111.8940115,1.18,7.53,68.97,89.12,21.11,16.53,0.16999999999999993,-0.54,-0.5499999999999972,-1.120000000000001,6.332000000000001,4.022,79.348,6.978333333333334,3.703333333333333,80.93499999999999,0.2411367428862925,Low Risk,operating efficiency pressure (+0.059); one-year LDR movement (+0.057); profitability level (+0.026),False,,0
601948,PT Bank Perekonomian Rakyat Dian Binarta,Provinsi Bengkulu,Kab. Bengkulu Utara,-3.3178402,101.5836582,1.35,2.6,86.99,164.79,15.78,25.34,0.6100000000000001,0.74,-4.820000000000007,2.0,,,,8.87,4.062857142857142,83.33571428571427,0.24102466919742646,Low Risk,three-year BOPO trend (+0.079); funding pressure (+0.070); three-year ROA trend (+0.011),False,,0
601006,PT Bank Perekonomian Rakyat Pedungan,Provinsi Bali,Kota Denpasar,-8.6854416,115.1830168,15.88,1.86,87.78,59.64,47.98,23.06,-0.1999999999999975,0.020000000000000018,2.3599999999999994,-0.7900000000000063,9.444761904761904,1.262857142857143,91.19142857142857,10.487142857142857,1.977142857142857,86.7057142857143,0.24098952073632932,Low Risk,high NPL net (+0.090); loan growth (+0.038); loan growth versus deposit growth (+0.009),False,,0
600902,PT Bank Perekonomian Rakyat Lestari Jatim,Provinsi Jawa Timur,Kab. Malang,-7.9106239,112.6550093,2.96,1.67,83.2,71.26,20.74,16.77,-0.54,0.5999999999999999,-5.069999999999993,1.5599999999999987,16.30857142857143,5.709047619047619,87.73761904761905,14.751666666666667,4.5249999999999995,78.41000000000001,0.24086990148328213,Low Risk,deposit funding mix (+0.088); three-year BOPO trend (+0.055); provision coverage (+0.027),False,,0
601419,PT Bank Perekonomian Rakyat Gampingartha Raya,Provinsi D.I. Yogyakarta,Kab. Sleman,-7.780258,110.3425984,12.37,0.7,95.37,80.01,52.29,14.98,-0.6600000000000001,-0.8800000000000001,6.25,-4.539999999999999,11.935454545454546,1.464090909090909,90.01954545454547,15.66,0.898,96.64200000000001,0.24047780875767186,Low Risk,deposit funding mix (+0.052); high NPL net (+0.051); three-year capital trend (+0.013),False,,0
601795,PT Bank Perekonomian Rakyat Bina Usaha Dana (Perseroda),Provinsi Nusa Tenggara Timur,Kab. Flores Timur,-8.3273248,123.0018246,4.33,1.79,84.21,164.82,49.35,10.93,1.2600000000000002,0.42999999999999994,-4.550000000000011,-13.229999999999997,,,,9.502857142857142,3.1799999999999997,82.76714285714284,0.24018228720067264,Low Risk,funding pressure (+0.035); three-year capital trend (+0.020); one-year NPL net movement (+0.018),False,,0
601066,PT Bank Perekonomian Rakyat Kamadana,Provinsi Bali,Kab. Bangli,-8.4914415,114.9502337,31.97,-8.98,155.71,76.5,-0.21,23.16,14.75,-5.8100000000000005,19.670000000000016,-13.33,13.939999999999998,0.019999999999999574,98.36999999999999,8.661428571428571,1.8928571428571428,83.7057142857143,0.2400854529993702,Low Risk,one-year NPL net movement (+0.040); high NPL net (+0.034); three-year capital trend (+0.030),True,KPMM outside audit range,0
601187,PT. BPR Artha Niaga Solok,Provinsi Sumatera Barat,Kab. Solok Selatan,-1.1680165,100.6289053,1.91,3.38,81.87,156.08,29.58,13.24,-0.050000000000000044,-0.31000000000000005,1.6899999999999977,9.409999999999997,13.14,-2.16,109.42000000000002,9.705,1.6575000000000002,101.965,0.24008141458063498,Low Risk,ROA versus bank history (+0.051); three-year NPL net trend (+0.024); asset growth (+0.015),False,,0
602015,PT. BPR Sungai Rumbai,Provinsi Sumatera Barat,Kab. Dharmasraya,-1.2195839,101.737289,18.81,-30.77,232.03,104.79,-29.41,13.81,-7.880000000000003,-31.259999999999998,16.78,-51.94,11.400000000000002,1.5300000000000011,83.19000000000003,11.474,-0.2520000000000001,99.74,0.2400280885792147,Low Risk,loan scale (+0.057); high NPL net (+0.048); three-year capital trend (+0.037),True,KPMM outside audit range,1
600844,PT Bank Perekonomian Rakyat Genteng,Provinsi Jawa Timur,Kab. Banyuwangi,-8.3962471,114.1442413,15.54,0.6,98.36,86.91,48.37,13.64,2.0299999999999994,-1.62,13.120000000000005,18.88,12.15625,3.0124999999999997,87.4675,7.665,5.5775,72.4475,0.2393512900400813,Low Risk,high NPL net (+0.072); three-year NPL net trend (+0.023); NPL net versus bank history (+0.022),False,,0
600039,PT Bank Perekonomian Rakyat Kawan,Provinsi Jawa Timur,Kab. Malang,-8.0187175,112.4993703,2.55,1.72,87.53,88.28,23.34,20.92,-3.5200000000000005,-0.020000000000000018,6.359999999999999,-4.080000000000002,16.328095238095237,5.706666666666667,87.53142857142858,20.081249999999997,2.97375,87.09,0.23859328253578663,Low Risk,deposit funding mix (+0.086); three-year BOPO trend (+0.051); ROA versus bank history (+0.034),False,,0
601080,PT Bank Perekonomian Rakyat Danayasa,Provinsi Nusa Tenggara Barat,Kab. Lombok Barat,-8.5862729,116.0730876,19.94,0.83,91.82,96.6,78.69,31.04,-5.219999999999999,0.7999999999999999,-6.490000000000009,-2.8299999999999983,7.609999999999999,4.128571428571428,81.19714285714288,8.726666666666667,4.301666666666667,75.215,0.2382937677952691,Low Risk,three-year capital trend (+0.033); high NPL net (+0.032); capital adequacy level (+0.012),False,,0
602048,PT Bank Perekonomian Rakyat Nusantara Bona Pasogit Dua Puluh Tujuh,Provinsi Jawa Barat,Kab. Bandung,-6.6291493,106.6337553,10.71,2.49,89.16,116.17,24.35,13.79,3.960000000000001,-1.83,6.019999999999996,-2.759999999999998,8.545333333333332,2.896,85.43533333333333,12.655,-0.3933333333333333,97.55666666666667,0.23808887128001588,Low Risk,high NPL net (+0.036); three-year capital trend (+0.025); three-year NPL net trend (+0.024),False,,1
600138,PT Bank Perekonomian Rakyat Binalanggeng Mulia,Provinsi Jawa Tengah,Kota Surakarta/Solo,-7.5768688,110.8170564,6.07,2.96,81.74,209.23,57.96,15.79,-0.27999999999999936,-0.98,5.569999999999993,1.6099999999999994,15.0075,0.5199999999999999,97.20333333333333,14.418571428571429,0.2100000000000001,102.6657142857143,0.23808259381759836,Low Risk,funding pressure (+0.071); three-year NPL net trend (+0.015); deposit funding mix (+0.011),False,,0
601121,Perumda BPR Khatulistiwa Pontianak,Provinsi Kalimantan Barat,Kota Pontianak,-0.0313781,109.3306878,6.57,1.15,86.83,169.91,30.64,39.83,4.4,-1.88,11.450000000000003,0.7899999999999991,6.102222222222222,1.5822222222222222,86.95222222222222,4.782857142857144,1.317142857142857,88.75857142857141,0.2380682425592476,Low Risk,funding pressure (+0.054); one-year NPL net movement (+0.037); three-year NPL net trend (+0.025),False,,0
601040,PT Bank Perekonomian Rakyat Sari Wira Tama,Provinsi Bali,Kab. Badung,-8.7246561,115.1748337,3.95,2.76,81.48,110.72,48.11,19.83,-0.2599999999999998,1.6799999999999997,-13.259999999999991,-3.1899999999999977,6.689565217391305,1.693478260869565,87.17239130434783,9.083333333333334,0.9716666666666667,92.79666666666667,0.23753152103031247,Low Risk,three-year BOPO trend (+0.050); one-year BOPO movement (+0.032); capital adequacy level (+0.011),False,,0
601578,PT Bank Perekonomian Rakyat Badan Kredit Kecamatan Karangmalang (Perseroda),Provinsi Jawa Tengah,Kab. Sragen,-7.2326672,110.4374016,7.82,2.72,79.34,57.16,27.12,9.5,4.44,-0.7899999999999996,8.36,1.2600000000000016,17.674,1.0260000000000002,92.556,10.42,4.00875,79.54125,0.2374350226157567,Low Risk,loan growth (+0.074); high NPL net (+0.033); one-year NPL net movement (+0.024),False,,0
602712,PT Bank Perekonomian Rakyat Prima Riau Sentosa,Provinsi Riau,Kota Pekanbaru,0.2554412,101.0708079,4.99,2.66,78.73,98.3,35.18,12.86,3.93,-2.45,12.740000000000009,6.870000000000001,10.4775,0.344375,87.645625,12.891666666666666,0.525,94.88333333333333,0.2371565047575213,Low Risk,loan growth (+0.058); one-year NPL net movement (+0.037); three-year NPL net trend (+0.026),False,,0
602636,PT Bank Perekonomian Rakyat Central Dana Mandiri,Provinsi Jambi,Kota Jambi,-1.5992164,103.619892,3.22,4.49,69.14,104.58,29.52,12.52,-3.2999999999999994,-0.3099999999999996,3.3599999999999994,3.1499999999999986,13.566153846153846,2.4269230769230767,86.60076923076923,12.932857142857143,2.17,87.98285714285714,0.23685823332004188,Low Risk,operating efficiency pressure (+0.072); deposit funding mix (+0.037); loan-to-deposit position (+0.007),False,,0
601877,PT Bank Perekonomian Rakyat Bandar Jaya,Provinsi Sumatera Utara,Kab. Simalungun,3.161582,99.3253259,4.48,5.05,79.13,145.88,29.74,22.42,0.4200000000000008,0.47999999999999954,-3.4000000000000057,-2.5500000000000007,3.143333333333333,3.1199999999999997,87.05,4.486,2.3600000000000003,90.80799999999999,0.23684149040558541,Low Risk,ROA versus bank history (+0.033); loan-to-deposit position (+0.022); funding pressure (+0.017),False,,0
601469,PT Bank Perekonomian Rakyat Soka Panca Artha,Provinsi Jawa Tengah,Kab. Banyumas,-7.4209446,109.096861,13.35,0.06,97.93,80.11,73.44,22.3,2.91,-1.8499999999999999,13.290000000000006,2.0,12.391428571428573,1.4885714285714287,89.78714285714285,12.36375,1.495,89.60374999999999,0.23635929954089047,Low Risk,capital adequacy level (+0.031); high NPL net (+0.020); three-year NPL net trend (+0.015),False,,0
600637,PT BPR BKK Kota Semarang (Perseroda),Provinsi Jawa Tengah,Kota Semarang,-6.9868039,110.4162924,4.63,2.47,80.14,81.86,48.81,21.12,-1.0200000000000005,0.33000000000000007,-2.719999999999999,3.3100000000000023,19.31125,0.6512499999999999,96.01208333333334,17.418333333333333,-0.7099999999999999,99.55,0.23634287474856971,Low Risk,loan growth (+0.071); three-year BOPO trend (+0.031); three-year NPL net trend (+0.026),False,,0
601952,PT Bank Perekonomian Rakyat Multidana Mandiri,Provinsi Sumatera Selatan,Kota Palembang,-2.9863639,104.7607541,8.19,1.17,84.88,44.01,88.11,14.63,-2.7700000000000014,-0.45999999999999996,4.060000000000002,4.540000000000006,8.251818181818182,2.6363636363636362,82.46545454545455,8.682857142857143,1.7085714285714286,87.73000000000002,0.23621951983938505,Low Risk,capital adequacy level (+0.036); high NPL net (+0.015); three-year BOPO trend (+0.014),False,,0
601185,PT BPR Solok Sakato,Provinsi Sumatera Barat,Kota Solok,-0.7894921,100.6593978,5.46,3.19,81.43,111.46,37.03,24.6,1.98,0.3799999999999999,0.27000000000001023,2.1899999999999977,1.0099999999999998,2.53,81.28,9.341666666666667,1.8733333333333333,97.26499999999999,0.23615506924032656,Low Risk,loan growth (+0.029); three-year NPL net trend (+0.025); loan-to-deposit position (+0.021),False,,0
601302,PT Bank Perekonomian Rakyat Gamon,Provinsi DKI Jakarta,Wil. Kota Jakarta Pusat,-6.1833551,106.8228111,11.05,1.42,85.5,78.51,34.57,5.85,-1.9799999999999986,0.17999999999999994,-2.680000000000007,0.9500000000000028,18.96857142857143,-3.600714285714286,149.1864285714286,22.12375,-0.5075000000000001,105.65875,0.2357935846223967,Low Risk,deposit funding mix (+0.055); high NPL net (+0.051); three-year NPL net trend (+0.015),False,,0
601245,PT Bank Perekonomian Rakyat Artha Bersama,Provinsi Jawa Barat,Kota Depok,-6.3902548,106.7961558,4.93,1.31,91.86,185.77,20.17,7.41,0.5599999999999996,-0.040000000000000036,-0.6200000000000045,1.1700000000000017,14.3995,1.777,96.9745,22.716666666666665,-0.9566666666666667,105.34499999999998,0.2351800546418857,Low Risk,funding pressure (+0.053); deposit funding mix (+0.036); loan-to-deposit position (+0.016),False,,0
600727,PT Bank Perekonomian Rakyat Bank Jogja (Perseroda),Provinsi D.I. Yogyakarta,Kota Yogyakarta,-7.7471979,110.2989808,7.92,1.52,82.66,124.34,43.62,12.47,1.21,0.75,-10.370000000000005,2.239999999999995,27.907999999999998,-0.5419999999999999,116.69000000000001,9.725,2.686666666666666,81.76833333333333,0.2351390514065532,Low Risk,high NPL net (+0.050); three-year NPL net trend (+0.021); one-year BOPO movement (+0.015),False,,0
601240,PT Bank Perekonomian Rakyat Nusantara Bona Pasogit Dua,Provinsi Jawa Barat,Kab. Bogor,-6.2386172,106.7089556,8.76,4.86,82.19,102.62,18.99,11.53,3.1499999999999995,-0.1299999999999999,-0.04000000000000625,-2.2300000000000004,17.186875,1.0706250000000002,106.10312499999999,4.9,3.5,82.35,0.23499507426539398,Low Risk,high NPL net (+0.071); loan-to-deposit position (+0.017); three-year NPL net trend (+0.014),False,,1
600260,PT. BPR Cincin Permata Andalas,Provinsi Sumatera Barat,Kab. Padang Pariaman,-0.6776203,100.2875969,7.53,0.0,136.29,106.42,9.96,12.11,4.67,-1.34,46.749999999999986,-10.48,14.847999999999999,-0.158,103.45599999999999,8.6,-1.2342857142857144,108.45142857142858,0.234891472274213,Low Risk,three-year capital trend (+0.042); loan growth (+0.041); high NPL net (+0.026),False,,0
602553,PT Bank Perekonomian Rakyat Mina Mandiri Perseroda,Provinsi Jawa Timur,Kab. Pasuruan,-7.6680588,112.8778631,6.26,2.2,89.98,112.39,60.79,44.97,-0.6800000000000006,-0.36999999999999966,3.230000000000004,-9.410000000000004,16.89818181818182,7.733636363636363,87.65545454545455,25.095,0.33000000000000007,99.02000000000001,0.23475797750135835,Low Risk,capital adequacy level (+0.062); three-year capital trend (+0.032); ROA versus bank history (+0.009),False,,0
602018,PT. BPR Gema Ampekkoto Sejahtera,Provinsi Sumatera Barat,Kab. Agam,-0.3388435,100.354741,2.23,2.34,87.27,146.72,51.73,11.99,-3.27,-4.83,-1.5499999999999972,4.539999999999999,17.648333333333333,-0.9033333333333333,124.35833333333333,8.806666666666667,1.42,100.22000000000001,0.2346320609091252,Low Risk,ROA versus bank history (+0.071); asset growth (+0.014); funding pressure (+0.011),False,,0
601999,PT Bank Perekonomian Rakyat Bahtera Masyarakat,Provinsi DKI Jakarta,Wil. Kota Jakarta Pusat,-6.1740797,106.8145197,15.71,0.59,97.94,86.41,28.36,8.25,-1.7699999999999996,0.43999999999999995,-2.8500000000000085,-1.240000000000002,18.63571428571429,-3.541428571428572,148.29785714285714,28.965000000000003,-6.475,180.97500000000002,0.23461271673269443,Low Risk,high NPL net (+0.090); NPL net versus bank history (+0.035); three-year NPL net trend (+0.034),False,,0
600316,PT Bank Perekonomian Rakyat Darbeni Rizki,Provinsi Banten,Kota Tangerang,-6.2103653,106.6858474,10.75,-0.72,104.34,103.81,15.36,7.04,-4.99,-1.28,5.329999999999998,-6.09,16.265333333333334,1.6273333333333333,97.41800000000002,22.407999999999998,-1.062,131.52399999999997,0.23357365544712516,Low Risk,high NPL net (+0.052); three-year capital trend (+0.028); three-year NPL net trend (+0.021),False,,0
600884,PT Bank Perekonomian Rakyat Amanat Kesejahteraan Indonesia,Provinsi Jawa Timur,Kota Batu,-7.8819609,112.5331133,10.46,1.18,94.6,92.67,33.05,12.34,1.4000000000000004,-0.050000000000000044,-0.14000000000000057,-1.1300000000000026,24.925,-25.39,345.28,18.20333333333333,-15.676666666666668,258.3733333333333,0.2330693750450376,Low Risk,deposit funding mix (+0.040); high NPL net (+0.037); three-year capital trend (+0.013),False,,0
602601,PT Bank Perekonomian Rakyat Yaspis Dana Prima,Provinsi Sulawesi Tengah,Kab. Poso,-1.5937184,120.4765901,3.24,3.44,83.59,114.79,67.04,26.1,1.0100000000000002,-2.52,7.420000000000002,-10.509999999999991,,,,4.195,3.375,81.03166666666667,0.2328319612258391,Low Risk,capital adequacy level (+0.066); funding pressure (+0.021); three-year capital trend (+0.011),False,,0
602051,PT Bank Perekonomian Rakyat Gunadhana Mitrasembada,Provinsi Jawa Barat,Kota Bandung,-6.920962,107.6132486,13.45,-1.31,109.77,71.06,19.11,7.22,-0.5800000000000001,-4.03,29.319999999999993,-5.629999999999999,10.32896551724138,0.04172413793103447,100.43448275862069,5.79875,0.9812500000000001,94.32625,0.2328272364428907,Low Risk,high NPL net (+0.084); deposit funding mix (+0.036); three-year NPL net trend (+0.021),False,,0
601497,PT BPR BKK Lasem (Perseroda),Provinsi Jawa Tengah,Kab. Rembang,-6.714838,111.2880602,25.25,0.98,91.07,83.82,22.67,17.7,2.8200000000000003,-0.33000000000000007,2.839999999999989,1.4800000000000004,23.53,0.22999999999999998,97.35,17.071428571428573,3.3128571428571427,84.55285714285715,0.23268992158235313,Low Risk,high NPL net (+0.090); three-year NPL net trend (+0.035); NPL net versus bank history (+0.030),False,,0
601404,PT Bank Perekonomian Rakyat Kartasura Saribumi,Provinsi Jawa Tengah,Kab. Sukoharjo,-7.5543472,110.7401091,8.86,1.12,96.32,112.6,0.0,5.9,0.05999999999999872,0.32000000000000006,2.1199999999999903,-21.77,16.97153846153846,1.4615384615384615,94.91153846153847,19.44625,-0.028749999999999942,111.92999999999999,0.23265527012848677,Low Risk,high NPL net (+0.051); three-year capital trend (+0.033); three-year NPL net trend (+0.030),False,,0
602558,PT Bank Perekonomian Rakyat LSE Manggala,Provinsi Kep. Riau,Kota Batam,1.1009247,103.9232551,10.39,3.02,77.45,94.24,22.8,12.55,1.7100000000000009,-0.4700000000000002,1.6899999999999977,-1.0799999999999983,5.262592592592592,2.275555555555555,82.62925925925927,4.928749999999999,2.6275,80.695,0.23260586925506122,Low Risk,high NPL net (+0.079); three-year NPL net trend (+0.019); deposit funding mix (+0.010),False,,0
600392,PERUMDA BPR Bank Cirebon,Provinsi Jawa Barat,Kota Cirebon,-6.7203017,108.5673143,12.24,-36.88,336.57,90.81,-55.59,20.15,10.11,-33.52,210.5,-72.94,8.29,-0.05599999999999881,87.55600000000001,12.945,-3.1599999999999997,88.05000000000001,0.23253866238106502,Low Risk,high NPL net (+0.042); one-year NPL net movement (+0.036); three-year capital trend (+0.027),True,KPMM outside audit range,0
600402,PT Bank Perekonomian Rakyat Muria Harta Nusantara,Provinsi Jawa Barat,Kab. Bandung,-6.9400563,107.7397617,7.41,3.37,84.91,106.07,26.2,30.11,-0.040000000000000036,-1.54,3.509999999999991,2.219999999999999,8.765333333333333,2.8373333333333335,85.71866666666666,10.214,0.32199999999999995,99.03,0.2323155428619431,Low Risk,three-year NPL net trend (+0.033); high NPL net (+0.025); one-year LDR movement (+0.017),False,,0
600285,Perumda BPR Purwakarta,Provinsi Jawa Barat,Kab. Purwakarta,-6.5302237,107.4439985,3.55,4.33,76.37,205.18,69.48,60.91,0.13999999999999968,-0.22999999999999954,1.0400000000000063,-24.89999999999999,13.27,0.3200000000000003,98.69,15.27,2.6100000000000003,75.235,0.23215280104873684,Low Risk,funding pressure (+0.047); capital adequacy level (+0.022); operating efficiency pressure (+0.010),False,,1
600072,PT Bank Perekonomian Rakyat Dana Raya Jakarta,Provinsi Jawa Barat,Kab. Bogor,-6.2388071,106.7913684,9.46,0.42,99.03,108.04,24.88,16.74,-10.27,-2.7600000000000002,19.950000000000003,6.649999999999999,17.143125,1.348125,105.050625,,,,0.23158565976319517,Low Risk,deposit funding mix (+0.033); three-year BOPO trend (+0.020); high NPL net (+0.013),False,,1
601546,PT Bank Perekonomian Rakyat Padat Ganda,Provinsi Jawa Timur,Kab. Sidoarjo,-7.3497525,112.6890729,4.17,4.86,90.28,147.75,61.62,24.43,-2.0700000000000003,-3.1399999999999997,9.590000000000003,-11.46,13.800263157894738,-1.0739473684210523,119.05236842105265,12.155714285714286,0.9142857142857144,96.37571428571427,0.2313494816706914,Low Risk,capital adequacy level (+0.053); funding pressure (+0.032); three-year capital trend (+0.028),False,,0
601051,PT Bank Perekonomian Rakyat Sinar Kuta,Provinsi Bali,Kab. Badung,-8.6749466,115.0956307,4.4,2.42,81.66,99.56,82.12,9.99,-1.5599999999999996,-0.20999999999999996,0.6299999999999955,3.8500000000000085,6.679782608695653,1.7008695652173913,87.16847826086956,4.348571428571428,2.174285714285714,83.26142857142857,0.23120736554966206,Low Risk,capital adequacy level (+0.064); three-year BOPO trend (+0.011); operating efficiency pressure (+0.010),False,,0
601841,PT Bank Perekonomian Rakyat Hari Depan,Provinsi Bali,Kota Denpasar,-8.6649463,115.2381036,13.67,1.25,86.42,91.57,47.48,20.35,-14.520000000000001,0.17999999999999994,-3.5999999999999943,13.019999999999996,9.55,1.2919047619047621,91.25619047619047,12.81625,0.47750000000000004,99.89500000000001,0.23104253284164894,Low Risk,high NPL net (+0.031); three-year BOPO trend (+0.023); deposit funding mix (+0.011),False,,0
601052,PT Bank Perekonomian Rakyat Jaya Kerti,Provinsi Bali,Kab. Badung,-8.5957883,115.1286732,0.5,7.03,53.65,80.78,82.04,12.91,-2.26,2.0200000000000005,-8.5,-4.809999999999988,6.764565217391305,1.6006521739130435,87.77739130434782,9.223749999999999,1.2737500000000002,90.19125,0.2306439531767576,Low Risk,capital adequacy level (+0.051); profitability level (+0.025); operating efficiency pressure (+0.024),False,,0
601371,PT Bank Perekonomian Rakyat Buana Artha Lestari,Provinsi Jawa Tengah,Kota Surakarta/Solo,-7.5677968,110.7816116,8.33,1.76,83.26,88.15,17.5,11.54,-1.75,-0.2899999999999998,0.35999999999999943,2.630000000000001,14.819166666666666,0.62,97.07666666666667,14.854999999999999,2.0533333333333332,90.41166666666668,0.2302048064817505,Low Risk,deposit funding mix (+0.062); high NPL net (+0.055); NPL net versus bank history (+0.022),False,,0
602591,PT Bank Perekonomian Rakyat Karya Bakti Sejahtera,Provinsi Jawa Barat,Kota Bekasi,-6.2481486,106.9640327,1.74,2.97,87.5,100.56,34.22,17.9,-2.5699999999999994,1.8400000000000003,-7.159999999999997,-4.730000000000004,17.741935483870968,-1.998709677419355,119.8367741935484,15.367500000000001,1.96,92.285,0.23019763747582417,Low Risk,deposit funding mix (+0.083); three-year capital trend (+0.030); one-year ROA movement (+0.010),False,,0
601221,PT BPR Nagari Kasang,Provinsi Sumatera Barat,Kab. Padang Pariaman,-0.7887416,100.313031,14.47,1.46,87.2,71.37,62.89,16.0,4.550000000000001,1.57,-12.420000000000002,-0.46999999999999886,13.459999999999999,-0.45,113.27399999999997,6.028333333333333,1.2683333333333333,100.80333333333333,0.23016090411231144,Low Risk,high NPL net (+0.041); ROA versus bank history (+0.019); one-year BOPO movement (+0.016),False,,0
602761,PT Bank Perekonomian Rakyat Nusumma Jawa Barat,Provinsi Jawa Barat,Kab. Tasikmalaya,-7.3470883,108.1317561,7.13,2.43,87.44,135.16,24.28,26.63,1.0300000000000002,-1.3699999999999997,6.6200000000000045,-6.5,13.706,1.036,94.35,7.8500000000000005,2.4,85.34499999999998,0.22998639488578326,Low Risk,high NPL net (+0.042); funding pressure (+0.039); three-year NPL net trend (+0.031),False,,0
601991,PT Bank Perekonomian Rakyat Laksana Abadisunggal,Provinsi Sumatera Utara,Kab. Deli Serdang,3.6087533,98.5794792,2.57,4.54,80.18,202.82,47.49,66.28,-1.21,-1.0499999999999998,5.700000000000003,6.550000000000004,6.389333333333334,1.0666666666666664,101.006,8.61375,-2.8750000000000004,126.0875,0.2298999636575916,Low Risk,funding pressure (+0.069); profitability level (+0.020); cash liquidity position (+0.016),False,,0
600395,PT Bank Perekonomian Rakyat Triastra Sejahtera,Provinsi Jawa Barat,Kota Cirebon,-6.7726808,108.4797349,4.78,2.94,85.1,116.36,17.27,22.5,1.5500000000000003,0.43999999999999995,-4.3500000000000085,3.289999999999999,9.782,-8.02,137.85,6.244999999999999,1.8875,88.29750000000001,0.229529638024558,Low Risk,three-year NPL net trend (+0.057); three-year BOPO trend (+0.051); one-year NPL net movement (+0.017),False,,0
601367,PT Bank Perekonomian Rakyat Mranggen Mitra Persada,Provinsi Jawa Tengah,Kab. Demak,-6.9559169,110.4891173,2.08,6.47,67.95,90.9,33.9,11.2,-2.84,1.7399999999999993,-6.969999999999999,5.449999999999999,20.838,2.03,88.20200000000001,23.148571428571433,1.5,90.30571428571429,0.22935198552189068,Low Risk,loan growth (+0.047); provision coverage (+0.036); one-year KPMM movement (+0.024),False,,0
601427,PT Bank Perekonomian Rakyat Sinar Garuda Prima,Provinsi Jawa Tengah,Kota Magelang,-7.5332403,110.1395093,17.66,0.0,112.28,113.29,74.25,22.19,-0.8200000000000003,-3.51,31.379999999999995,-2.730000000000004,10.11,1.4,90.64500000000001,10.678749999999999,1.76,86.5125,0.22922218335817002,Low Risk,three-year capital trend (+0.050); high NPL net (+0.035); operating efficiency pressure (+0.013),False,,0
601564,PT Bank Perekonomian Rakyat BKK Kabupaten Tegal (Perseroda),Provinsi Jawa Tengah,Kab. Tegal,-7.0041836,108.9834249,14.6,1.03,91.62,78.04,34.35,14.44,6.79,-0.3599999999999999,3.1200000000000045,2.4700000000000024,21.405,1.8299999999999996,89.741,16.852857142857143,0.35,98.67857142857143,0.2291165736317184,Low Risk,high NPL net (+0.050); one-year NPL net movement (+0.044); three-year NPL net trend (+0.028),False,,0
600030,PT Bank Perekonomian Rakyat Multi Artha Bersama,Provinsi Jawa Barat,Kab. Bogor,-6.4425257,106.8214665,4.46,3.12,86.91,64.49,7.46,20.18,1.02,-2.38,8.049999999999997,-53.78,17.455625,1.179375,105.80812499999999,21.565,1.85,92.55,0.2290017923659928,Low Risk,deposit funding mix (+0.066); three-year capital trend (+0.039); deposit growth (+0.009),False,,0
600795,PT Bank Perekonomian Rakyat Arta Swasembada,Provinsi Jawa Timur,Kab. Mojokerto,-7.5037749,112.4610814,10.92,0.25,100.79,134.86,89.67,12.26,-1.5099999999999998,-0.08000000000000002,1.0600000000000023,-7.549999999999997,13.614285714285714,4.757142857142857,78.02142857142859,10.629999999999999,3.316,76.486,0.22866034368686103,Low Risk,capital adequacy level (+0.031); funding pressure (+0.022); high NPL net (+0.017),False,,0
601256,PT BANK PEREKONOMIAN RAKYAT BANTORU PERINTIS,Provinsi Jawa Barat,Kota Depok,-6.3922724,106.8364087,0.05,6.79,78.73,203.78,51.99,52.09,-0.33,0.7999999999999998,-2.489999999999995,5.760000000000005,14.6435,1.5030000000000001,97.631,23.763333333333332,0.21333333333333337,100.10166666666665,0.22822269072167672,Low Risk,ROA versus bank history (+0.033); profitability level (+0.022); funding pressure (+0.013),False,,0
600963,PT Bank Perekonomian Rakyat Artha Samudera Indonesia,Provinsi Jawa Timur,Kab. Kediri,-7.8824268,111.9272594,3.41,4.79,78.44,104.66,49.61,13.7,-1.6600000000000001,0.7199999999999998,-3.030000000000001,1.740000000000002,10.643571428571429,3.677142857142857,83.0292857142857,8.9375,3.75,85.30375,0.2280874432900012,Low Risk,ROA versus bank history (+0.067); capital adequacy level (+0.014); loan-to-deposit position (+0.013),False,,0
602586,PT Bank Perekonomian Rakyat Delta Dana Mandiri,Provinsi Riau,Kota Pekanbaru,0.5290548,101.4401994,17.0,-33.8,153.83,90.2,73.72,33.79,7.16,1.730000000000004,-3.780000000000001,9.049999999999997,9.726875,2.623125,82.951875,7.585,3.0337499999999995,81.57999999999998,0.22804897876414165,Low Risk,funding pressure (+0.026); one-year NPL net movement (+0.023); three-year NPL net trend (+0.019),False,,0
600978,PT Bank Perekonomian Rakyat Nusamba Rambipuji,Provinsi Jawa Timur,Kab. Jember,-8.2157511,113.5933704,12.49,0.89,95.46,84.14,45.47,33.75,0.15000000000000036,-0.16000000000000003,0.4399999999999977,6.369999999999997,11.72625,4.56875,77.74374999999999,14.397142857142857,2.7785714285714285,84.93999999999998,0.22800170469520648,Low Risk,high NPL net (+0.063); three-year NPL net trend (+0.034); one-year LDR movement (+0.013),False,,0
602055,PT Bank Perekonomian Rakyat Daya Lumbung Asia,Provinsi Jawa Barat,Kota Bandung,-6.9277542,107.6008633,0.42,1.1,89.28,50.21,64.65,10.21,0.07999999999999996,-0.010000000000000009,-1.2199999999999989,-19.309999999999988,10.778275862068964,-0.0413793103448276,101.14103448275861,7.0649999999999995,0.7962499999999999,95.345,0.2279888196773336,Low Risk,deposit funding mix (+0.088); capital adequacy level (+0.061); one-year KPMM movement (+0.029),False,,0
601208,PT Bank Perekonomian Rakyat Swadaya Anak Nagari,Provinsi Sumatera Barat,Kab. Pasaman,0.0755404,99.818983,7.57,1.22,87.26,73.92,26.02,33.48,2.99,-0.6400000000000001,5.710000000000008,8.2,17.6,-4.17,138.2,25.356,-2.8340000000000005,137.672,0.22768183163034594,Low Risk,three-year BOPO trend (+0.054); three-year NPL net trend (+0.038); one-year KPMM movement (+0.032),False,,0
600784,Perumda BPR Tuah Karimun,Provinsi Kep. Riau,Kab. Karimun,0.9940849,103.4261932,15.79,0.15,99.27,108.48,17.78,14.51,5.779999999999999,2.5,-13.64,0.9800000000000004,5.3500000000000005,2.433333333333333,81.04333333333334,5.5125,2.81625,80.33749999999999,0.2274408594167911,Low Risk,high NPL net (+0.051); loan-to-deposit position (+0.018); one-year NPL net movement (+0.015),False,,0
601861,PT Bank Perekonomian Rakyat Mulia Wacana,Provinsi Bali,Kab. Gianyar,-8.5905903,115.2798366,0.9,4.25,64.6,83.6,62.13,36.58,-1.31,-0.7400000000000002,2.8399999999999963,-3.6699999999999946,5.6899999999999995,2.0422727272727275,84.23681818181818,4.984285714285714,2.6014285714285714,79.04,0.22706715379110842,Low Risk,provision coverage (+0.043); capital adequacy level (+0.040); operating efficiency pressure (+0.033),False,,0
600255,PT BPR Tilatang Kamang,Provinsi Sumatera Barat,Kab. Agam,-0.2616469,100.3734637,4.23,2.34,81.57,69.81,42.36,17.28,0.3400000000000003,-0.25,1.279999999999987,14.2,17.315,-0.9033333333333333,125.30833333333332,7.434,1.614,95.574,0.22686782022841406,Low Risk,loan growth (+0.052); one-year KPMM movement (+0.048); capital adequacy level (+0.014),False,,0
600645,PT Bank Perekonomian Rakyat Nusamba Adiwerna,Provinsi Jawa Tengah,Kab. Tegal,-6.9529308,109.1351537,15.13,0.52,96.77,93.74,24.29,19.41,3.3100000000000005,-0.8,3.9200000000000017,-0.490000000000002,21.352,1.8809999999999998,89.226,21.287142857142857,1.8057142857142858,89.92714285714285,0.22676141812506279,Low Risk,high NPL net (+0.063); three-year NPL net trend (+0.035); ROA versus bank history (+0.020),False,,0
601694,PT Bank Perekonomian Rakyat Hartaraya Ciptamulia,Provinsi Jawa Timur,Kab. Blitar,-8.0408816,112.0361814,8.4,3.79,78.57,88.59,88.45,25.64,1.7700000000000005,-0.5800000000000001,1.3599999999999994,5.519999999999996,7.8260000000000005,3.63,83.212,6.3566666666666665,4.516666666666667,77.39333333333333,0.22657961420670206,Low Risk,high NPL net (+0.039); loan-to-deposit position (+0.017); one-year NPL net movement (+0.010),False,,0
600189,PT Bank Perekonomian Rakyat Sinar Mas Pelita,Provinsi Jawa Barat,Kab. Bogor,-6.2381989,106.5440989,3.37,11.17,62.37,119.59,25.07,25.88,0.31000000000000005,1.2899999999999991,-3.8600000000000065,-0.16000000000000014,17.52375,0.6762500000000001,107.341875,14.430000000000001,-0.29800000000000004,109.314,0.2259980789152788,Low Risk,operating efficiency pressure (+0.064); profitability level (+0.014); loan-to-deposit position (+0.008),False,,1
601115,PT BPR Sejahtera,Provinsi Jawa Tengah,Kab. Magelang,-7.3907262,110.2455604,12.41,1.32,92.27,128.26,35.77,22.58,1.9700000000000006,-0.06999999999999984,2.089999999999989,5.040000000000003,12.871818181818183,1.2690909090909093,90.20272727272727,14.415,1.98875,87.1825,0.22583322381386425,Low Risk,three-year BOPO trend (+0.022); high NPL net (+0.018); funding pressure (+0.014),False,,0
600801,PT BANK PEREKONOMIAN RAKYAT RONABASA,Provinsi Kalimantan Timur,Kota Balikpapan,-1.2551287,116.8397242,4.34,8.0,77.27,115.32,37.46,10.99,1.9899999999999998,-1.3399999999999999,4.0,3.3000000000000043,,,,3.8200000000000003,-0.10250000000000026,99.60625,0.2258323492391712,Low Risk,one-year NPL net movement (+0.022); three-year ROA trend (+0.018); funding pressure (+0.012),False,,0
600145,PT Bank Perekonomian Rakyat Kirana Indonesia,Provinsi Jawa Timur,Kota Surabaya,-7.2887171,112.6854369,6.37,2.74,84.4,79.64,13.56,16.69,5.21,-3.66,13.990000000000009,-15.03,9.2475,0.8849999999999999,110.97625,6.833749999999999,3.4925,93.91,0.22557521057683408,Low Risk,deposit funding mix (+0.043); one-year NPL net movement (+0.040); three-year NPL net trend (+0.029),False,,0
601024,PT Bank Perekonomian Rakyat Krisna Yuna Dana,Provinsi Bali,Kab. Gianyar,-8.6305235,115.2570545,2.78,3.1,76.46,84.65,40.34,11.77,-3.47,-0.3999999999999999,4.959999999999994,-6.039999999999999,5.6045454545454545,2.0945454545454543,83.69772727272726,7.29625,1.7512500000000002,90.0875,0.22530673915665209,Low Risk,ROA versus bank history (+0.049); three-year BOPO trend (+0.035); operating efficiency pressure (+0.013),False,,0
601028,PT Bank Perekonomian Rakyat Puskusa Bali Dwipa,Provinsi Bali,Kab. Gianyar,-8.5894457,115.1890672,15.04,0.0,128.07,94.58,89.03,53.55,7.859999999999999,0.0,27.169999999999987,4.25,5.047272727272727,2.2354545454545454,81.35181818181819,9.997142857142858,1.282857142857143,87.3142857142857,0.22513622374940773,Low Risk,one-year NPL net movement (+0.026); high NPL net (+0.025); three-year NPL net trend (+0.008),False,,0
600992,PT Bank Perekonomian Rakyat Eka Usaha Mandiri,Provinsi Jawa Timur,Kab. Jember,-8.1720497,113.674626,9.27,1.72,86.83,58.23,57.3,47.7,-0.7599999999999998,0.85,-3.9399999999999977,-0.6600000000000037,11.9275,4.516875,78.283125,20.058,2.202,88.138,0.22505577090895865,Low Risk,three-year BOPO trend (+0.054); one-year ROA movement (+0.018); cash liquidity position (+0.012),False,,0
600003,PT Bank Perekonomian Rakyat Bank Shinta Putra,Provinsi D.I. Yogyakarta,Kab. Kulon Progo,-7.8517522,110.1615834,11.17,0.9,93.8,124.55,31.32,4.07,-3.1999999999999993,-0.5399999999999999,3.0999999999999943,-1.2899999999999991,8.04,0.585,93.875,11.575714285714286,2.042857142857143,84.64,0.22460620129533448,Low Risk,high NPL net (+0.052); three-year NPL net trend (+0.032); funding pressure (+0.023),False,,0
601008,PT Bank Perekonomian Rakyat Desa Sangeh,Provinsi Bali,Kab. Badung,-8.602921,115.0332141,13.26,1.83,82.98,60.4,29.18,24.5,-5.49,-0.020000000000000018,-0.769999999999996,-3.1099999999999994,6.4871739130434785,1.713695652173913,87.13978260869565,10.144285714285713,0.4914285714285714,97.67999999999999,0.22445649962268122,Low Risk,high NPL net (+0.065); three-year BOPO trend (+0.030); three-year capital trend (+0.024),False,,0
601783,PT Bank Perekonomian Rakyat Mitra Jaya Mandiri,Provinsi Jawa Timur,Kab. Jember,-8.2495335,113.4766881,2.19,7.36,68.06,128.04,39.92,22.81,0.3699999999999999,-0.9899999999999993,2.769999999999996,-53.3,12.370000000000001,4.164375,79.45625,4.756666666666667,5.631666666666667,74.47666666666666,0.22426406776523722,Low Risk,loan growth (+0.035); operating efficiency pressure (+0.032); funding pressure (+0.018),False,,0
601423,PT Bank Perekonomian Rakyat Karti Centra Artha,Provinsi Jawa Tengah,Kota Semarang,-6.9908817,110.4107604,13.02,-7.72,113.69,157.08,14.12,18.67,2.289999999999999,-11.95,33.81999999999999,-6.860000000000001,18.96166666666667,1.0758333333333332,94.61416666666666,12.348333333333334,1.5266666666666666,89.30166666666666,0.22368430352824673,Low Risk,high NPL net (+0.031); three-year capital trend (+0.031); three-year NPL net trend (+0.021),False,,0
600595,PT BPR Rudo Indobank,Provinsi Jawa Tengah,Kota Semarang,-6.9963615,110.4349723,13.29,1.8,87.16,90.7,43.48,14.8,-1.6500000000000004,0.22999999999999998,0.11999999999999034,-0.3100000000000023,18.950416666666666,0.6791666666666666,95.71958333333333,22.57,1.4040000000000001,89.076,0.22365089053458947,Low Risk,high NPL net (+0.073); deposit funding mix (+0.021); ROA versus bank history (+0.013),False,,0
602598,PT Bank Perekonomian Rakyat Kepri Batam,Provinsi Kep. Riau,Kota Batam,1.0963397,103.9569106,3.37,3.15,76.07,101.2,48.51,9.09,2.1500000000000004,-0.73,5.539999999999992,-4.140000000000001,5.522592592592592,2.2707407407407407,82.68037037037037,5.80625,2.61125,80.8675,0.22350538063561576,Low Risk,deposit funding mix (+0.056); one-year NPL net movement (+0.014); three-year capital trend (+0.010),False,,0
601985,PT Bank Perekonomian Rakyat Pancur Banua Khatulistiwa,Provinsi Kalimantan Barat,Kab. Mempawah (d/h Kab. Pontianak),0.2776714,109.0756672,19.49,-1.02,105.35,90.93,20.96,10.59,-3.110000000000003,-1.77,7.789999999999992,1.7800000000000011,,,,3.4933333333333336,1.4866666666666664,86.92,0.22341769097396225,Low Risk,high NPL net (+0.049); three-year BOPO trend (+0.027); loan growth (+0.015),False,,0
601732,PT Bank Perekonomian Rakyat Karyaperdana Sejahtera,Provinsi Jawa Timur,Kota Surabaya,-7.2959255,112.7048211,9.16,-1.72,111.71,70.07,25.65,21.7,-13.25,0.22999999999999998,-6.070000000000007,4.34,9.073125000000001,1.1637499999999998,109.269375,6.165,4.83,88.63,0.22311400357778272,Low Risk,high NPL net (+0.050); deposit funding mix (+0.035); deposit growth (+0.014),False,,0
602579,PT Bank Perekonomian Rakyat Pesisir Tanadoang,Provinsi Sulawesi Selatan,Kab. Selayar,-7.0788234,120.7423396,3.14,2.03,89.23,139.08,98.71,19.29,1.4200000000000002,-1.31,8.86,-0.39000000000000057,,,,3.6133333333333333,0.71,117.06833333333334,0.2227953415494747,Low Risk,capital adequacy level (+0.058); funding pressure (+0.026); three-year capital trend (+0.015),False,,0
600930,PT Bank Perekonomian Rakyat Kredit Mandiri Kalimantan Timur,Provinsi Kalimantan Timur,Kota Samarinda,-0.4841518,117.0909377,0.0,-19.0,190.7,144.42,103.73,210.32,0.0,-26.47,-209.62,-191.70999999999998,4.593333333333334,2.4899999999999998,86.55499999999999,5.41375,2.53375,86.72125,0.2226656016461431,Low Risk,capital adequacy level (+0.061); funding pressure (+0.031); asset growth (+0.011),False,,0
601231,PT BANK PEREKONOMIAN RAKYAT LESTARI JABAR,Provinsi Jawa Barat,Kota Bekasi,-6.2522519,106.9934894,9.93,0.45,96.76,66.15,33.59,14.23,-4.26,-0.03999999999999998,1.0900000000000034,0.13000000000000256,17.477741935483873,-1.9174193548387097,119.53806451612903,2.983333333333334,3.636666666666667,80.99333333333334,0.22254253380053454,Low Risk,high NPL net (+0.042); deposit funding mix (+0.037); provision coverage (+0.024),False,,0
601817,PT Bank Perekonomian Rakyat Suryajaya Ubud,Provinsi Bali,Kab. Gianyar,-8.5653874,115.2856882,9.41,1.58,89.12,108.24,37.02,9.54,-0.25,-0.07999999999999985,2.6300000000000097,6.700000000000003,5.303181818181819,2.1636363636363636,83.12227272727273,3.815714285714286,2.6585714285714284,76.15857142857143,0.22211776325798321,Low Risk,three-year NPL net trend (+0.031); high NPL net (+0.029); loan-to-deposit position (+0.021),False,,0
601023,PT Bank Perekonomian Rakyat Nusamba Tegallalang,Provinsi Bali,Kab. Gianyar,-8.4855281,115.2451403,7.19,1.42,88.52,51.87,18.45,20.5,3.99,0.5199999999999999,-4.650000000000006,0.03999999999999915,5.404090909090909,2.170909090909091,83.14954545454545,6.06375,2.2462500000000003,80.33000000000001,0.22191686467741376,Low Risk,three-year BOPO trend (+0.072); three-year NPL net trend (+0.044); one-year NPL net movement (+0.027),False,,0
600127,PT Bank Perekonomian Rakyat Artha Jaya Natapala,Provinsi Banten,Kota Tangerang Selatan,-6.2717934,106.7399252,12.86,-8.81,178.38,67.19,58.46,14.17,-19.71,1.3099999999999987,19.609999999999985,5.369999999999997,12.121999999999998,0.47299999999999986,98.82499999999999,14.79,4.5425,90.16,0.22177901057989532,Low Risk,deposit funding mix (+0.058); high NPL net (+0.033); one-year LDR movement (+0.009),False,,0
601177,PT Bank Perekonomian Rakyat Cempaka Wadah Sejahtera,Provinsi Riau,Kota Pekanbaru,0.4988748,101.4517549,1.87,3.26,76.84,143.89,23.42,15.64,1.52,0.8899999999999997,3.3400000000000034,5.120000000000001,10.6725,0.306875,87.76375,12.92875,-1.9899999999999995,92.8775,0.22173679354860004,Low Risk,ROA versus bank history (+0.049); funding pressure (+0.020); deposit funding mix (+0.020),False,,0
601425,PT Bank Perekonomian Rakyat Bank Wonogiri (Perseroda),Provinsi Jawa Tengah,Kab. Wonogiri,-7.819075,110.9209718,9.26,2.19,82.0,118.28,28.23,22.06,2.1899999999999995,-0.16999999999999993,-0.09999999999999432,-0.7699999999999996,7.694999999999999,2.705,79.74,19.75,1.502,88.84200000000001,0.22166639548069098,Low Risk,high NPL net (+0.051); three-year NPL net trend (+0.017); funding pressure (+0.015),False,,0
601270,PT Bank Perekonomian Rakyat Artharindo,Provinsi DKI Jakarta,Wil. Kota Jakarta Pusat,-6.1658365,106.8094535,9.09,1.61,86.72,77.33,35.83,7.64,2.7299999999999995,-1.7299999999999998,12.89,-0.030000000000001137,19.10857142857143,-3.6142857142857143,149.09928571428574,28.463750000000005,-5.598750000000001,175.78500000000003,0.22143303105613923,Low Risk,high NPL net (+0.051); deposit funding mix (+0.047); one-year NPL net movement (+0.019),False,,0
600787,PT Bank Perekonomian Rakyat Mandiri Artha Abadi,Provinsi Jawa Tengah,Kota Semarang,-7.0577939,110.3510538,17.11,1.09,90.1,83.0,22.37,12.26,1.8699999999999992,-1.05,3.1799999999999926,2.1300000000000026,18.79125,0.7087499999999999,95.59708333333333,20.378749999999997,0.24124999999999996,103.9325,0.22119874298803902,Low Risk,high NPL net (+0.083); three-year NPL net trend (+0.030); NPL net versus bank history (+0.028),False,,0
601785,PT Bank Perekonomian Rakyat Pare Artorejo,Provinsi Jawa Timur,Kab. Kediri,-7.7715178,112.1918328,10.65,-4.29,119.56,169.95,81.25,51.94,2.530000000000001,-9.18,43.06,-1.3199999999999932,10.126428571428571,4.325714285714286,80.09214285714286,4.5200000000000005,6.522,71.386,0.2211309138760699,Low Risk,three-year capital trend (+0.034); funding pressure (+0.026); loan-to-deposit position (+0.016),False,,0
602067,PT BANK PEREKONOMIAN RAKYAT BANK SAMARINDA,Provinsi Kalimantan Timur,Kota Samarinda,-0.4929867,117.1326287,5.61,-1.79,113.16,85.96,117.15,23.39,-4.3500000000000005,0.7199999999999998,11.530000000000001,-1.4399999999999977,3.6583333333333337,-0.3783333333333334,99.47833333333334,4.7124999999999995,0.38250000000000006,96.41375,0.2205545790812073,Low Risk,loan growth (+0.072); capital adequacy level (+0.067); one-year ROA movement (+0.012),False,,0
602600,PT Bank Perekonomian Rakyat Agra Dhana,Provinsi Kep. Riau,Kota Batam,1.1181241,104.0245419,0.87,3.13,78.72,99.67,33.11,10.2,0.71,0.13999999999999968,-7.719999999999999,1.9899999999999984,5.615185185185185,2.271481481481481,82.58222222222223,6.2425,2.0675,81.99375,0.22032397158878117,Low Risk,deposit funding mix (+0.066); three-year BOPO trend (+0.055); provision coverage (+0.015),False,,0
601280,PT Bank Perekonomian Rakyat Nusantara Bona Pasogit Dua Belas,Provinsi Banten,Kota Tangerang Selatan,-6.3385569,106.6559492,10.86,0.72,95.79,71.67,33.49,20.35,3.6599999999999993,0.24,-3.009999999999991,-3.469999999999999,12.322,-0.48000000000000015,107.08399999999999,11.755,1.005,99.98125,0.22029160572738854,Low Risk,high NPL net (+0.047); three-year NPL net trend (+0.027); three-year capital trend (+0.024),False,,0
601331,PT Bank Perekonomian Rakyat Bangunarta,Provinsi Jawa Barat,Kab. Subang,-6.2372083,106.2142554,8.24,5.28,73.93,83.87,16.44,20.12,1.2700000000000005,-0.8499999999999996,18.150000000000006,-0.16999999999999815,8.714,2.6659999999999995,97.246,6.52625,5.4475,81.27624999999999,0.21994963125543576,Low Risk,operating efficiency pressure (+0.056); high NPL net (+0.051); NPL net versus bank history (+0.008),False,,1
601881,PT Bank Perekonomian Rakyat Sentral Mitra Sejahtera,Provinsi Kep. Bangka Belitung,Kab. Bangka,-1.8483451,106.1180813,6.12,3.58,79.29,100.32,40.2,16.18,2.89,-0.22999999999999998,-0.8099999999999881,-2.4099999999999966,,,,4.81,3.7999999999999994,81.22666666666667,0.2199291565338958,Low Risk,one-year NPL net movement (+0.016); three-year ROA trend (+0.015); ROA versus bank history (+0.013),False,,0
600062,PT Bank Perekonomian Rakyat Universal,Provinsi Banten,Kota Tangerang Selatan,-6.2386172,106.7089556,7.42,2.01,87.41,104.68,16.62,14.8,3.13,-0.31000000000000005,3.450000000000003,0.6000000000000014,12.665999999999999,-0.6090000000000002,107.92199999999998,4.9,3.5,82.35,0.21952284014124795,Low Risk,deposit funding mix (+0.056); high NPL net (+0.027); asset growth (+0.019),False,,1
600791,PT Bank Perekonomian Rakyat Paro Tua,Provinsi Kalimantan Timur,Kota Bontang,0.1254537,117.4967943,2.07,10.74,71.82,158.9,47.13,19.19,-1.19,-0.03999999999999915,1.1299999999999955,4.160000000000004,8.09,-6.735,135.14,4.6475,-2.45125,111.395,0.21941075715440728,Low Risk,operating efficiency pressure (+0.024); funding pressure (+0.022); ROA versus bank history (+0.015),False,,0
602469,PT Bank Perekonomian Rakyat Magga Jaya Utama,Provinsi Banten,Kota Tangerang,-6.1787305,106.5833306,2.46,2.02,85.31,80.64,16.86,8.78,0.3900000000000001,0.6300000000000001,-2.280000000000001,-0.6999999999999993,16.817999999999998,1.4446666666666668,98.68666666666668,12.074999999999998,1.9866666666666666,85.68833333333333,0.21926100216887623,Low Risk,deposit funding mix (+0.066); ROA versus bank history (+0.032); three-year BOPO trend (+0.025),False,,0
600746,PT Bank Perekonomian Rakyat Bhumikarya Pala,Provinsi D.I. Yogyakarta,Kab. Sleman,-7.7600227,110.3609894,0.0,0.64,95.57,0.0,7252.46,7.25,-6.94,-4.1000000000000005,1.059999999999988,7195.77,12.497727272727273,1.466818181818182,90.01045454545455,16.810000000000002,0.6700000000000003,96.24833333333333,0.21918165834926598,Low Risk,capital adequacy level (+0.063); deposit funding mix (+0.016); funding pressure (+0.015),True,KPMM outside audit range,0
602669,PT Bank Perekonomian Rakyat Bahteramas Konawe (Perseroda),Provinsi Sulawesi Tenggara,Kab. Konawe,-3.8856198,122.0314531,2.53,1.9,88.02,415.49,22.18,52.72,2.4299999999999997,-4.6,11.519999999999996,-9.59,,,,5.536,8.626000000000001,70.77000000000001,0.2189879051362852,Low Risk,funding pressure (+0.070); one-year ROA movement (+0.022); one-year NPL net movement (+0.021),False,,1
601714,PT Bank Perekonomian Rakyat Delta Artha Panggung,Provinsi Jawa Timur,Kab. Banyuwangi,-8.4010146,114.2621155,28.67,-3.0,131.0,66.22,21.36,15.43,9.530000000000001,-2.74,27.450000000000003,2.969999999999999,10.514999999999999,3.4625,83.3875,14.075,1.2875,94.0025,0.21876781090539005,Low Risk,one-year NPL net movement (+0.046); high NPL net (+0.044); loan growth (+0.034),False,,0
600925,PT Bank Perekonomian Rakyat Bank Wisman Perkasa,Provinsi Jawa Timur,Kab. Pasuruan,-7.6640603,112.6783879,0.93,1.75,92.95,284.87,216.02,13.22,-1.56,-0.5800000000000001,1.8500000000000085,17.909999999999997,17.38272727272727,7.774545454545454,87.38545454545455,22.28,13.402000000000001,90.056,0.21866325358453678,Low Risk,deposit growth (+0.028); loan scale (+0.023); capital adequacy level (+0.015),False,,0
600748,PT Bank Perekonomian Rakyat Danagung,Provinsi D.I. Yogyakarta,Kab. Sleman,-7.7821047,110.3641877,17.03,0.11,100.4,87.42,23.88,13.5,2.1800000000000015,-0.22000000000000003,0.6300000000000097,-1.5800000000000018,11.723636363636361,1.4909090909090912,89.7909090909091,14.198571428571428,1.5171428571428571,89.10142857142857,0.21855159727144105,Low Risk,high NPL net (+0.074); NPL net versus bank history (+0.028); one-year NPL net movement (+0.012),False,,0
601570,PT Bank Perekonomian Rakyat BKK Taman (Perseroda),Provinsi Jawa Tengah,Kab. Pemalang,-7.005105,109.0627197,14.01,1.02,86.74,68.72,29.94,34.16,4.1,-0.1399999999999999,4.549999999999997,2.84,31.686666666666664,-2.373333333333333,120.25,19.052857142857142,0.33142857142857135,100.16142857142857,0.2180936370620425,Low Risk,high NPL net (+0.040); three-year NPL net trend (+0.030); loan growth (+0.030),False,,1
602612,PT Bank Perekonomian Rakyat Artha Karya Usaha,Provinsi Jawa Barat,Kota Bandung,-6.916334,107.6030558,6.62,0.8,93.13,68.18,20.91,52.88,3.2800000000000002,-2.92,14.83999999999999,1.3500000000000014,10.56448275862069,-0.031034482758620703,101.00827586206896,6.262857142857143,0.8185714285714285,95.84285714285714,0.21801101886180482,Low Risk,deposit funding mix (+0.051); funding pressure (+0.041); three-year NPL net trend (+0.018),False,,0
600872,PT Bank Perekonomian Rakyat Pamekasan Purapersada,Provinsi Jawa Timur,Kab. Pamekasan,-7.160005,113.4759764,4.66,-3.01,124.31,76.9,124.88,59.84,-2.13,1.63,-13.050000000000011,8.549999999999997,,,,13.07,0.33499999999999996,102.34500000000001,0.21631767476212913,Low Risk,capital adequacy level (+0.056); one-year ROA movement (+0.019); provision coverage (+0.009),False,,0
602649,PT Bank Perekonomian Rakyat Bobato Lestari,Provinsi Maluku Utara,Kota Ternate,0.7388788,127.3351655,1.41,8.46,61.06,209.4,28.62,21.57,0.30999999999999983,-0.5099999999999998,2.3500000000000014,3.6000000000000014,6.31,-6.83,125.79000000000002,12.143333333333333,0.19833333333333325,115.26666666666665,0.21595592098976518,Low Risk,funding pressure (+0.042); operating efficiency pressure (+0.020); one-year ROA movement (+0.017),False,,0
602563,PT Bank Perekonomian Rakyat Metro Asia Mandiri,Provinsi Jawa Barat,Kota Bandung,-6.9413486,107.655615,15.98,-6.29,136.41,61.67,32.6,13.14,-2.7699999999999996,-5.3100000000000005,29.47999999999999,-4.600000000000001,10.241724137931033,0.21344827586206894,99.51586206896552,16.33,-2.27,108.14875,0.21579947113924877,Low Risk,high NPL net (+0.056); deposit funding mix (+0.038); three-year capital trend (+0.037),False,,0
601669,PT Bank Perekonomian Rakyat Anglomas Indah,Provinsi Jawa Timur,Kab. Sidoarjo,-7.3324035,112.6954479,1.77,3.71,75.17,101.37,93.16,59.35,0.3600000000000001,0.6400000000000001,-5.099999999999994,7.090000000000003,13.86342105263158,-1.0436842105263155,119.45,12.498571428571427,1.0785714285714285,98.53428571428572,0.21543535969164365,Low Risk,capital adequacy level (+0.036); three-year BOPO trend (+0.027); cash liquidity position (+0.010),False,,0
600613,PT BPR Berkah (Perseroda),Provinsi Banten,Kab. Pandeglang,-6.3101822,106.1069625,5.64,1.61,90.87,244.24,27.18,17.95,2.6899999999999995,-0.5700000000000001,2.8299999999999983,10.2,3.0200000000000005,-2.97,120.24000000000001,6.06625,5.75125,79.90375,0.21525088530741862,Low Risk,funding pressure (+0.049); three-year NPL net trend (+0.027); loan-to-deposit position (+0.021),False,,0
600959,PT Bank Perekonomian Rakyat Bintang Tulungagung,Provinsi Jawa Timur,Kab. Tulungagung,-8.0555797,111.8991086,2.76,5.98,73.22,89.28,48.4,17.61,-0.8800000000000003,1.08,-4.150000000000006,2.990000000000002,6.016000000000001,4.332,78.498,6.715,3.9616666666666673,80.22666666666667,0.21524835253880997,Low Risk,operating efficiency pressure (+0.039); profitability level (+0.012); one-year ROA movement (+0.011),False,,0
600883,PT Bank Perekonomian Rakyat Kencana Graha,Provinsi Kep. Riau,Kota Batam,1.1363662,104.0057245,7.47,0.5,95.53,101.84,32.35,8.84,-0.9699999999999998,-0.29000000000000004,2.489999999999995,0.20000000000000284,5.37074074074074,2.368888888888889,81.95962962962962,6.17375,2.3737500000000002,83.06125,0.2149158404422528,Low Risk,deposit funding mix (+0.050); high NPL net (+0.031); three-year capital trend (+0.026),False,,0
602652,PT Bank Perekonomian Rakyat Mitra Harmoni Mataram,Provinsi Nusa Tenggara Barat,Kota Mataram,-8.5803257,116.095679,7.56,1.86,88.93,102.31,41.34,23.67,-0.13000000000000078,-0.21999999999999997,0.7600000000000051,3.6700000000000017,7.845,2.305,85.92999999999999,10.790000000000001,4.13,75.69666666666667,0.21465222442081414,Low Risk,three-year NPL net trend (+0.024); high NPL net (+0.024); three-year BOPO trend (+0.018),False,,0
601688,PT Bank Perekonomian Rakyat Ulintha Ganda,Provinsi Jawa Timur,Kab. Lamongan,-7.1010233,112.167972,1.92,5.79,84.16,150.12,66.17,10.7,0.76,0.8700000000000001,-1.6300000000000097,-0.030000000000001137,10.766,3.614,81.976,8.612,4.593999999999999,77.938,0.21449529559080602,Low Risk,capital adequacy level (+0.049); funding pressure (+0.029); asset scale (+0.008),False,,0
602675,PT Bank Perekonomian Rakyat Dana Mitra Utama,Provinsi Kep. Riau,Kota Batam,1.1238186,104.0106146,9.96,0.74,92.69,92.09,28.76,8.22,-0.0799999999999983,-0.77,7.3799999999999955,-7.16,5.278518518518518,2.36,82.06481481481481,6.1525,2.12,83.94375,0.21447249194334153,Low Risk,high NPL net (+0.050); deposit funding mix (+0.043); NPL net versus bank history (+0.021),False,,0
602474,PT Bank Perekonomian Rakyat Cahaya Fajar,Provinsi Jawa Barat,Kota Cirebon,-6.8113402,108.5615685,5.27,2.05,85.52,79.07,19.4,11.77,2.26,0.5799999999999998,-3.8500000000000085,1.5399999999999991,9.684000000000001,-7.841999999999999,137.76600000000002,8.373333333333333,0.5666666666666668,93.02333333333333,0.21445101238124972,Low Risk,deposit funding mix (+0.065); ROA versus bank history (+0.036); three-year NPL net trend (+0.018),False,,0
601238,PT Bank Perekonomian Rakyat Cileungsi Krida Sejahtera,Provinsi Jawa Barat,Kab. Bogor,-6.4069066,106.9657091,8.34,0.07,100.73,76.55,16.93,13.24,1.9799999999999995,0.0,-3.8499999999999943,1.75,17.213125,1.37,104.944375,12.795,0.8133333333333331,100.73,0.21439771905646993,Low Risk,deposit funding mix (+0.045); high NPL net (+0.037); three-year NPL net trend (+0.007),False,,0
601249,PT Bank Perekonomian Rakyat Sukma Hitamajaya,Provinsi Jawa Barat,Kota Depok,-6.4035802,106.8336245,3.29,3.85,86.62,130.52,32.08,14.8,0.3900000000000001,0.20999999999999996,-0.3199999999999932,10.049999999999997,14.4815,1.65,97.2365,23.223333333333333,0.7033333333333331,98.78666666666668,0.21436692382380002,Low Risk,loan-to-deposit position (+0.022); deposit funding mix (+0.018); one-year KPMM movement (+0.012),False,,0
601682,PT Bank Perekonomian Rakyat Restudhana Citrasejahtera,Provinsi Jawa Timur,Kab. Banyuwangi,-8.216032,114.3151912,6.3,3.33,87.04,66.34,48.13,51.1,0.2400000000000002,-1.8899999999999997,15.970000000000013,-51.779999999999994,13.31125,2.6712499999999997,88.88250000000001,15.652000000000001,1.496,94.89399999999999,0.2143054133258163,Low Risk,loan growth (+0.043); one-year LDR movement (+0.019); three-year capital trend (+0.017),False,,0
601116,PT Bank Perekonomian Rakyat Cinta Manis Agroloka,Provinsi Sumatera Selatan,Kab. Ogan Ilir,-3.4417537,104.6660434,0.58,2.8,84.32,282.45,50.09,49.74,-0.9600000000000001,0.3899999999999997,-1.4000000000000057,2.190000000000005,6.74,12.18,69.54000000000002,7.757142857142857,2.8214285714285716,84.64999999999999,0.213814531826636,Low Risk,loan growth (+0.039); funding pressure (+0.036); deposit growth (+0.013),False,,0
602560,Perumda BPR Kota Blitar,Provinsi Jawa Timur,Kota Blitar,-8.1009698,112.1611626,3.72,2.13,119.12,82.63,84.07,29.62,-1.6599999999999997,1.65,22.900000000000006,-24.680000000000007,10.03,4.69,77.11000000000001,8.372,4.723999999999999,77.59,0.21370006688832865,Low Risk,capital adequacy level (+0.055); three-year capital trend (+0.019); one-year ROA movement (+0.016),False,,0
600922,PT Bank Perekonomian Dwicahaya Nusaperkasa,Provinsi Jawa Timur,Kota Batu,-7.9044627,112.5648271,27.9,-55.52,619.28,182.77,-76.88,0.21,20.75,-60.330000000000005,545.9499999999999,-93.85,16.205000000000002,2.960000000000001,82.94,20.96,2.27,87.04666666666667,0.2135917664093801,Low Risk,one-year NPL net movement (+0.030); deposit growth (+0.017); three-year capital trend (+0.013),True,ROA outside audit range; BOPO outside audit range; KPMM outside audit range,0
601441,PT Bank Perekonomian Rakyat Mitra Pati Mandiri,Provinsi Jawa Tengah,Kab. Pati,-6.651737,111.0057639,5.6,3.74,80.27,139.91,39.44,24.46,0.13999999999999968,-0.1299999999999999,0.14000000000000057,-0.6900000000000048,12.173333333333334,3.5699999999999994,83.02111111111111,14.12142857142857,3.777142857142858,82.43714285714285,0.21353496509855557,Low Risk,funding pressure (+0.031); provision coverage (+0.012); loan-to-deposit position (+0.011),False,,0
600537,PT Bank Perekonomian Rakyat Araya Arta,Provinsi Jawa Tengah,Kab. Kebumen,-7.6646307,109.6554463,2.43,3.38,79.29,185.33,25.65,24.42,-0.6299999999999999,-0.25,1.2900000000000063,-2.370000000000001,10.2875,2.4400000000000004,82.4575,12.217500000000001,1.9275,86.125,0.21350291188675846,Low Risk,funding pressure (+0.060); loan-to-deposit position (+0.016); deposit funding mix (+0.009),False,,0
600453,PT Bank Perekonomian Rakyat Cianjur Jabar,Provinsi Jawa Barat,Kab. Cianjur,-6.2372083,106.2142554,10.83,0.03,100.84,105.08,29.13,30.44,7.6899999999999995,-0.7899999999999999,3.8200000000000074,-1.3200000000000003,13.294999999999998,-1.03,110.39750000000001,6.202500000000001,6.10375,77.9125,0.2134827757794868,Low Risk,one-year NPL net movement (+0.028); loan-to-deposit position (+0.020); high NPL net (+0.016),False,,1
601068,PT Bank Perekonomian Rakyat Dharmawarga Utama,Provinsi Bali,Kab. Tabanan,-8.5347353,115.0947349,9.36,0.99,90.98,114.14,57.26,21.26,2.01,0.71,-5.439999999999998,4.799999999999997,9.974117647058824,0.7923529411764706,91.99470588235293,8.65625,0.8737499999999999,92.95875,0.21334354302052216,Low Risk,high NPL net (+0.016); funding pressure (+0.013); one-year NPL net movement (+0.012),False,,0
600245,PT. BPR Pulau Punjung,Provinsi Sumatera Barat,Kab./Kota Lainnya - Provinsi Sumatera Barat,-0.9528118,101.4962001,5.14,3.01,84.0,101.81,38.39,10.34,2.1199999999999997,0.20999999999999996,-1.8400000000000034,-1.1300000000000026,3.4550000000000005,1.1,96.70499999999998,10.704285714285716,-4.567142857142857,118.78,0.21308045435294065,Low Risk,ROA versus bank history (+0.030); three-year NPL net trend (+0.019); loan-to-deposit position (+0.016),False,,0
601825,PT Bank Perekonomian Rakyat Suryajaya Kubutambahan,Provinsi Bali,Kab. Buleleng,-8.0794421,115.1656102,5.87,-1.64,113.93,148.39,33.33,17.48,3.96,-2.09,17.230000000000004,9.779999999999998,13.133333333333333,-1.8066666666666664,122.00166666666667,14.07,-1.3649999999999998,116.7825,0.21252395649361705,Low Risk,one-year NPL net movement (+0.033); funding pressure (+0.025); three-year NPL net trend (+0.025),False,,0
601364,PT Bank Perekonomian Rakyat Mitra Kopjaya Mandiri,Provinsi Jawa Barat,Kab. Tasikmalaya,-7.3405435,108.1241256,5.15,4.05,77.89,106.22,40.6,28.46,4.29,1.0,-4.670000000000002,2.3400000000000034,14.101999999999999,0.712,96.25999999999999,8.18,2.1300000000000003,86.93666666666667,0.21238840161022188,Low Risk,one-year NPL net movement (+0.022); loan-to-deposit position (+0.012); one-year BOPO movement (+0.006),False,,0
601074,PT Bank Perekonomian Rakyat Siwi Sedana,Provinsi Bali,Kab. Badung,-8.6299496,115.1565072,0.52,1.69,86.25,80.08,75.63,20.27,-6.57,-0.7800000000000002,6.3700000000000045,7.179999999999993,6.76413043478261,1.7167391304347825,87.06869565217391,7.526249999999999,1.14875,88.62125,0.21218768572332772,Low Risk,capital adequacy level (+0.066); asset scale (+0.011); funding pressure (+0.010),False,,0
600103,PT Bank Perekonomian Rakyat Sentral Mandiri,Provinsi Jawa Barat,Kab. Bekasi,-6.2795851,106.9108747,4.7,0.7,94.88,66.01,34.22,18.24,-10.899999999999999,2.54,-20.52000000000001,-14.560000000000002,17.517142857142858,-0.8657142857142857,99.98857142857142,20.2575,-8.24875,159.89,0.2120623246086006,Low Risk,deposit funding mix (+0.050); three-year NPL net trend (+0.013); NPL net versus bank history (+0.010),False,,0
601468,PT. BPR Hitamajaya Argamandiri,Provinsi Jawa Barat,Kab. Bogor,-6.4055599,106.9588047,3.76,3.54,84.41,132.49,20.72,21.68,1.5499999999999998,-0.08999999999999986,0.539999999999992,-0.46000000000000085,17.499375,1.1531250000000002,105.96437499999999,13.558333333333332,0.23500000000000001,103.45,0.21205844822662934,Low Risk,funding pressure (+0.058); one-year NPL net movement (+0.012); loan-to-deposit position (+0.011),False,,0
600685,PT Bank Perekonomian Rakyat Nusamba Ampel,Provinsi Jawa Tengah,Kab. Boyolali,-7.4456683,110.5356408,11.85,0.3,98.33,87.82,22.82,17.2,1.7300000000000004,-0.26999999999999996,0.6899999999999977,-1.0300000000000011,5.033999999999999,2.372,84.72800000000001,8.760000000000002,2.0375,86.475,0.2118732755983672,Low Risk,high NPL net (+0.062); three-year NPL net trend (+0.030); three-year ROA trend (+0.020),False,,0
601279,PT Bank Perekonomian Rakyat Artha Sarana Abadi,Provinsi Jawa Barat,Kab. Bekasi,-6.245838,106.9897588,2.97,1.97,86.0,89.31,24.45,10.25,-8.059999999999999,0.56,-2.7900000000000063,-10.040000000000003,17.59952380952381,-0.9261904761904761,100.41142857142856,20.1,-0.93,110.485,0.21150685612436348,Low Risk,deposit funding mix (+0.077); three-year capital trend (+0.033); loan growth versus deposit growth (+0.008),False,,1
601519,PT BPR BKK Purwodadi (Perseroda),Provinsi Jawa Tengah,Kab. Grobogan,-7.1239942,110.6093732,6.58,4.01,71.36,85.85,30.01,11.35,-0.1200000000000001,-0.20999999999999996,0.4899999999999949,-0.879999999999999,8.446666666666667,4.906666666666667,70.96333333333332,18.978571428571428,1.7685714285714287,88.72857142857143,0.21147225509671083,Low Risk,operating efficiency pressure (+0.071); loan-to-deposit position (+0.004); loan growth (+0.004),False,,0
601057,PT Bank Perekonomian Rakyat Artha Adyamurthi,Provinsi Bali,Kab. Tabanan,-8.5335044,115.0881393,9.51,2.03,83.99,67.33,71.95,49.54,-4.120000000000001,-1.1,4.6499999999999915,-2.9200000000000017,9.965294117647058,0.7311764705882354,92.40588235294116,8.6375,0.7437499999999999,93.83250000000001,0.21101835545161332,Low Risk,capital adequacy level (+0.043); high NPL net (+0.019); three-year capital trend (+0.009),False,,1
600919,PT Bank Perekonomian Rakyat Centraldjaja Pratama,Provinsi Jawa Timur,Kab. Malang,-8.1317197,112.5663855,15.07,2.16,87.06,78.57,120.06,66.21,7.07,-0.2799999999999998,1.8700000000000045,-1.8700000000000045,15.731904761904762,5.685714285714286,87.55380952380953,13.805714285714284,14.484285714285717,83.61,0.21022839532318918,Low Risk,one-year NPL net movement (+0.030); high NPL net (+0.027); three-year NPL net trend (+0.008),False,,0
601267,PT Bank Perekonomian Rakyat Markoni Saranajaya,Provinsi Jawa Barat,Kab. Subang,-6.3345715,107.7680397,16.04,0.1,99.77,68.95,38.23,10.35,0.23999999999999844,-1.0899999999999999,7.579999999999998,1.8099999999999952,7.154000000000001,3.7019999999999995,92.078,9.15,3.33,79.7,0.2102011812823063,Low Risk,high NPL net (+0.059); three-year NPL net trend (+0.027); loan growth (+0.008),False,,0
602760,PT Bank Perekonomian Rakyat Karya Bersama Ugahari,Provinsi Sumatera Utara,Kab. Deli Serdang,3.5211304,98.7919595,4.15,5.71,78.44,90.09,16.34,11.48,0.3400000000000003,2.84,-2.530000000000001,-1.4200000000000017,6.284,0.9886666666666664,101.122,5.159999999999999,3.7560000000000002,86.708,0.2101920898793145,Low Risk,ROA versus bank history (+0.064); deposit funding mix (+0.017); three-year NPL net trend (+0.017),False,,0
602470,PT Bank Perekonomian Rakyat Pundhi Arta Indonesia,Provinsi Jawa Timur,Kab. Ngawi,-7.4029631,111.4088745,5.18,4.15,74.79,146.06,17.8,20.88,1.8199999999999998,-0.8399999999999999,3.6300000000000097,-0.46000000000000085,,,,8.19,2.015,86.21833333333335,0.21001213888507894,Low Risk,loan-to-deposit position (+0.030); funding pressure (+0.028); operating efficiency pressure (+0.013),False,,0
601752,PT Bank Perekonomian Rakyat Candisaka Arta,Provinsi Jawa Timur,Kab. Sidoarjo,-7.4846958,112.7103477,7.53,0.62,96.51,109.68,22.03,36.07,3.95,-1.04,5.410000000000011,-0.29999999999999716,13.711842105263159,-0.9623684210526312,118.88842105263159,12.165000000000001,-1.0566666666666666,110.99333333333334,0.20986206741998872,Low Risk,three-year NPL net trend (+0.020); high NPL net (+0.019); one-year NPL net movement (+0.017),False,,0
601012,PT Bank Perekonomian Rakyat Sedana Murni,Provinsi Bali,Kab. Tabanan,-8.5285944,115.0405723,9.12,2.79,77.34,87.14,33.3,12.01,-6.790000000000001,-0.27,-1.1299999999999955,-3.970000000000006,9.988235294117645,0.6864705882352942,92.79705882352941,8.698571428571428,0.9057142857142857,94.94142857142856,0.20965461082884732,Low Risk,high NPL net (+0.056); provision coverage (+0.008); three-year capital trend (+0.004),False,,0
602472,PT Bank Perekonomian Rakyat Surya Artha Utama Perseroda,Provinsi Jawa Timur,Kota Surabaya,-7.2628383,112.6663852,2.56,2.79,79.79,153.0,40.59,12.39,0.27,0.0,-0.009999999999990905,-3.1899999999999977,9.485625,0.881875,111.264375,7.470000000000001,2.8550000000000004,98.315,0.2085804060556132,Low Risk,funding pressure (+0.069); deposit funding mix (+0.019); one-year KPMM movement (+0.005),False,,0
602745,PT Bank Perekonomian Rakyat Anak Negeri Papua,Provinsi Papua,Kota Jayapura,-2.5670268,140.5328083,12.1,-0.4,104.04,64.95,26.12,14.89,4.46,-1.19,10.530000000000001,-0.379999999999999,18.589999999999996,-1.5466666666666666,109.45333333333332,14.266,-0.7539999999999999,102.96600000000001,0.20843860586206714,Low Risk,high NPL net (+0.060); one-year NPL net movement (+0.025); three-year NPL net trend (+0.023),False,,0
601320,PT BPR Sinar Mitra Sejahtera,Provinsi Jawa Tengah,Kota Semarang,-6.9965556,110.3772853,56.15,-15.97,252.46,83.5,17.1,6.96,14.829999999999998,-11.030000000000001,108.80000000000001,11.560000000000002,17.164583333333336,1.4195833333333334,88.83208333333333,14.9075,1.2925,86.47875,0.20823730864252793,Low Risk,one-year NPL net movement (+0.032); deposit funding mix (+0.019); deposit growth (+0.015),False,,0
600989,PT Bank Perekonomian Rakyat Cahaya Arthabali,Provinsi Bali,Kab. Badung,-8.5631937,115.1644056,14.88,2.53,110.14,67.37,52.57,37.92,-2.3599999999999977,1.5599999999999998,17.459999999999994,-0.4099999999999966,6.451956521739131,1.6984782608695652,86.54934782608696,12.10375,0.2875,93.88374999999999,0.20795162187888655,Low Risk,high NPL net (+0.052); one-year ROA movement (+0.011); capital adequacy level (+0.009),False,,0
601286,PT Bank Perekonomian Rakyat Datagita Mustika,Provinsi Jawa Barat,Kab. Bogor,-6.57393,106.6295628,2.99,1.79,87.5,87.54,93.47,63.67,-3.66,-1.19,5.840000000000003,-1.5499999999999972,17.5475,1.2625000000000002,105.77125,12.215000000000002,0.5816666666666667,93.70166666666667,0.20788927209821126,Low Risk,capital adequacy level (+0.054); three-year BOPO trend (+0.032); cash liquidity position (+0.015),False,,0
601856,PT Bank Perekonomian Rakyat Angsa Sedanayoga,Provinsi Bali,Kab. Gianyar,-8.5295374,115.1964247,16.28,-0.46,105.38,55.84,40.46,31.12,4.1800000000000015,-2.46,28.489999999999995,5.640000000000001,4.990909090909091,2.2563636363636363,82.38318181818181,12.989999999999998,1.2125,96.61375000000001,0.2074639447165133,Low Risk,high NPL net (+0.049); three-year NPL net trend (+0.022); one-year KPMM movement (+0.015),False,,0
601153,PT BPR LPN Labuh Gunung,Provinsi Sumatera Barat,Kab. Limapuluh Koto,-0.2162327,100.5576884,14.71,-0.84,108.02,94.55,16.35,12.47,3.0900000000000016,-0.35,3.839999999999989,-0.889999999999997,8.595714285714285,-0.8114285714285715,107.72428571428573,4.0025,0.5349999999999999,97.22,0.20733431450233966,Low Risk,high NPL net (+0.035); three-year BOPO trend (+0.021); deposit funding mix (+0.007),False,,0
600084,PT Bank Perekonomian Rakyat Langgenglestari Bersama,Provinsi Lampung,Kota Bandar Lampung,-5.3386766,105.2904227,7.18,1.7,88.2,83.55,28.91,5.43,-10.010000000000002,1.0499999999999998,-4.390000000000001,2.41,6.925454545454546,3.6854545454545455,77.20818181818181,1.9083333333333332,3.848333333333333,75.67833333333334,0.2073300524529211,Low Risk,deposit funding mix (+0.070); high NPL net (+0.021); three-year capital trend (+0.009),False,,0
601962,PT BANK PEREKONOMIAN RAKYAT NUSANTARA BONA PASOGIT SEMBILAN,Provinsi Sumatera Utara,Kab. Samosir,2.60268,98.7016551,7.96,2.58,87.61,97.86,40.18,17.74,2.25,-1.8399999999999999,4.150000000000006,-2.1700000000000017,,,,5.505,2.676666666666667,87.48166666666667,0.2069763948056255,Low Risk,high NPL net (+0.027); three-year capital trend (+0.016); loan-to-deposit position (+0.015),False,,1
601347,PT Bank Perekonomian Rakyat Lima Padma Mandiri,Provinsi Jawa Barat,Kota Bandung,-6.9119107,107.6034846,3.69,2.66,90.48,240.92,15.81,32.6,0.56,0.3500000000000001,-2.5,-2.3199999999999985,10.66551724137931,-0.09517241379310347,101.09965517241379,6.744285714285715,0.12142857142857146,98.98714285714286,0.20625661634994555,Low Risk,funding pressure (+0.078); loan-to-deposit position (+0.022); one-year KPMM movement (+0.007),False,,0
602464,PT Bank Perekonomian Rakyat Cemerlang Kapuas Makmur,Provinsi Kalimantan Barat,Kota Pontianak,-0.0423214,109.3471844,5.13,0.31,96.93,75.36,106.35,32.33,0.6299999999999999,-0.35000000000000003,3.6700000000000017,6.409999999999997,6.262222222222222,1.6755555555555555,85.83,6.974285714285714,2.0557142857142856,81.60285714285715,0.2060993445817759,Low Risk,loan growth (+0.035); capital adequacy level (+0.023); three-year NPL net trend (+0.021),False,,0
601822,PT Bank Perekonomian Rakyat Padma,Provinsi Bali,Kota Denpasar,-8.4060374,114.876599,9.19,0.69,92.37,96.01,29.12,7.98,4.1,0.31999999999999995,-0.9399999999999977,5.490000000000002,9.763333333333334,1.3185714285714287,90.97285714285714,11.20142857142857,0.09714285714285723,94.97428571428573,0.20560415525474665,Low Risk,high NPL net (+0.034); one-year NPL net movement (+0.024); NPL net versus bank history (+0.018),False,,0
601418,PT Bank Perekonomian Rakyat Mitra Pandanaran Mandiri,Provinsi Jawa Tengah,Kab. Boyolali,-7.5417965,110.5923654,2.98,2.18,87.13,100.32,44.88,18.16,-0.040000000000000036,0.30000000000000027,-3.5600000000000023,5.910000000000004,6.808,1.996,86.968,11.807142857142859,1.2371428571428573,93.11999999999999,0.2054377247316496,Low Risk,three-year BOPO trend (+0.034); ROA versus bank history (+0.028); loan growth (+0.011),False,,0
600738,PT Bank Perekonomian Rakyat Profidana Paramitra,Provinsi D.I. Yogyakarta,Kab. Bantul,-7.8602984,110.3054245,9.14,1.92,87.26,92.19,33.77,19.16,-0.1999999999999993,-0.30000000000000027,2.25,0.7100000000000009,9.378,1.558,88.152,10.224285714285713,1.452857142857143,88.15285714285713,0.20529108518551292,Low Risk,high NPL net (+0.057); three-year NPL net trend (+0.016); one-year LDR movement (+0.015),False,,0
600479,PT Bank Perekonomian Rakyat Nusa Intim,Provinsi Papua,Kab. Jayapura,-2.5661901,140.6950016,12.89,-3.25,102.69,90.69,16.53,8.12,9.43,-7.0600000000000005,18.00999999999999,-7.239999999999998,,,,14.107999999999999,-0.184,103.23600000000002,0.20404334561062829,Low Risk,high NPL net (+0.047); deposit funding mix (+0.037); one-year NPL net movement (+0.018),False,,0
601042,PT Bank Perekonomian Rakyat Suadana,Provinsi Bali,Kab. Gianyar,-8.5723887,115.2454459,8.83,0.91,88.18,70.02,42.72,20.45,-2.1400000000000006,-0.20000000000000007,0.8600000000000136,-12.380000000000003,5.329545454545454,2.1940909090909093,83.16499999999999,2.9971428571428573,3.4928571428571433,71.22714285714285,0.2039833249545097,Low Risk,three-year capital trend (+0.021); high NPL net (+0.017); one-year KPMM movement (+0.009),False,,0
601844,PT Bank Perekonomian Rakyat Bali Dananiaga,Provinsi Bali,Kota Denpasar,-8.6549027,115.2149976,15.53,0.47,96.19,98.98,39.4,11.05,-2.630000000000001,-0.51,7.469999999999999,0.9499999999999957,9.461428571428572,1.3290476190476193,90.79095238095238,10.16,0.81,96.82,0.203813669575183,Low Risk,high NPL net (+0.041); provision coverage (+0.015); one-year LDR movement (+0.006),False,,0
600683,PT Bank Perekonomian Rakyat Sukadana,Provinsi Jawa Tengah,Kota Surakarta/Solo,-7.5712994,110.8199084,13.86,1.82,91.18,96.21,27.15,15.48,-4.43,-0.47,10.620000000000005,-1.7200000000000024,14.358333333333334,0.6149999999999999,96.41666666666667,13.305714285714286,0.3728571428571428,101.31714285714285,0.20377978233814084,Low Risk,high NPL net (+0.056); loan growth (+0.015); three-year capital trend (+0.013),False,,1
600310,PT Bank Perekonomian Rakyat Bank Jombang Perseroda,Provinsi Jawa Timur,Kab. Jombang,-7.5440915,112.0816456,5.83,1.44,88.12,161.09,18.8,17.01,3.38,-0.040000000000000036,1.4399999999999977,-0.7799999999999976,11.778333333333334,5.97,76.41833333333334,13.581999999999999,0.942,102.30199999999999,0.20354296522231988,Low Risk,funding pressure (+0.039); loan-to-deposit position (+0.029); three-year NPL net trend (+0.021),False,,0
600990,PT Bank Perekonomian Rakyat Wahyu Nirmala,Provinsi Bali,Kab. Badung,-8.6076748,115.1655947,2.05,3.61,73.27,94.39,23.25,24.66,-0.31000000000000005,-0.7799999999999998,3.1499999999999915,-5.670000000000002,6.730869565217391,1.675,87.3508695652174,4.34,2.207142857142857,80.49428571428572,0.2034162405022429,Low Risk,ROA versus bank history (+0.056); deposit funding mix (+0.019); operating efficiency pressure (+0.016),False,,0
602693,PT Bank Perekonomian Rakyat Catur Mas,Provinsi Sumatera Selatan,Kota Palembang,-2.9814077,104.7624596,7.94,0.85,92.93,68.64,34.6,15.97,-7.19,2.26,-32.50999999999999,14.330000000000002,8.274545454545455,2.665454545454545,81.73363636363636,8.718571428571428,1.7542857142857142,86.58,0.2032791718447504,Low Risk,three-year BOPO trend (+0.043); one-year BOPO movement (+0.019); high NPL net (+0.013),False,,0
602548,PT Bank Perekonomian Rakyat Subang Gemi Nastiti (Perseroda),Provinsi Jawa Barat,Kab. Subang,-6.5595902,107.7677226,5.22,1.25,92.2,153.12,20.82,20.44,1.2299999999999995,-0.010000000000000009,0.07000000000000739,1.6700000000000017,9.318000000000001,3.472,93.592,13.475,-3.8600000000000003,113.375,0.20307508933879403,Low Risk,funding pressure (+0.029); loan-to-deposit position (+0.024); three-year NPL net trend (+0.021),False,,0
601826,PT Bank Perekonomian Rakyat Permata Sedana,Provinsi Bali,Kab. Badung,-8.7056351,115.0943324,7.5,-0.16,98.03,77.0,32.15,16.01,-29.369999999999997,-1.23,7.469999999999999,1.9299999999999997,6.612391304347827,1.7569565217391303,86.81260869565217,2.4842857142857144,2.4614285714285713,81.79285714285713,0.2029817408600741,Low Risk,three-year BOPO trend (+0.050); three-year NPL net trend (+0.043); NPL net versus bank history (+0.010),False,,0
601813,PT Bank Perekonomian Rakyat Bank Kertiawan,Provinsi Bali,Kota Denpasar,-8.6386131,115.1356342,7.46,3.5,78.98,104.04,24.09,18.72,3.55,-0.1499999999999999,8.510000000000005,-3.8599999999999994,9.845714285714285,1.184761904761905,91.61047619047619,5.20625,1.615,85.58875,0.20290686164459362,Low Risk,high NPL net (+0.032); asset growth (+0.030); three-year capital trend (+0.011),False,,0
601054,PT Bank Perekonomian Rakyat Cerdas,Provinsi Bali,Kab. Gianyar,-8.5986706,115.1805984,5.78,2.11,80.27,63.94,38.42,26.04,3.0200000000000005,0.7799999999999998,-6.38000000000001,0.13000000000000256,5.468181818181818,2.1395454545454546,83.52454545454545,5.46,1.9228571428571428,87.70857142857142,0.2027794390556558,Low Risk,three-year BOPO trend (+0.043); one-year NPL net movement (+0.018); loan growth versus deposit growth (+0.011),False,,1
600091,PT Bank Perekonomian Rakyat Menaramas Mitra,Provinsi Jawa Barat,Kota Bekasi,-6.2770275,106.9707018,6.95,0.65,92.15,224.27,25.02,30.14,-0.1299999999999999,-0.039999999999999925,-1.3900000000000006,0.5300000000000011,17.573870967741936,-1.9238709677419354,119.68677419354839,45.94,-11.73,211.68,0.2027571987304038,Low Risk,funding pressure (+0.055); loan-to-deposit position (+0.015); high NPL net (+0.007),False,,1
601048,PT Bank Perekonomian Rakyat Shri Gangga Bali,Provinsi Bali,Kota Denpasar,-8.6537433,115.2119334,10.17,0.14,97.65,61.38,33.79,27.48,10.17,-0.65,5.150000000000006,-0.3299999999999983,9.716666666666667,1.3447619047619048,90.72142857142856,10.830000000000002,0.8512500000000001,96.6375,0.20235696605311018,Low Risk,high NPL net (+0.035); one-year NPL net movement (+0.034); one-year LDR movement (+0.025),False,,0
600298,PT Bank Perekonomian Rakyat Hulu Sungai Selatan Perseroda,Provinsi Kalimantan Selatan,Kab. Hulu Sungai Selatan,-2.7887771,115.2649786,4.04,0.83,89.21,88.58,80.64,51.67,-4.159999999999999,0.20999999999999996,-6.530000000000001,12.760000000000005,,,,4.67,1.1949999999999998,91.32,0.2021785213228423,Low Risk,three-year BOPO trend (+0.038); cash liquidity position (+0.016); capital adequacy level (+0.014),False,,0
601820,PT Bank Perekonomian Rakyat Ulatidana Rahayu,Provinsi Bali,Kab. Gianyar,-8.5939673,115.2475933,1.74,3.37,74.85,88.31,24.68,11.97,-3.6399999999999997,0.16000000000000014,-0.04000000000000625,-17.46,5.651818181818182,2.0822727272727275,83.77090909090909,3.5428571428571423,2.7485714285714287,75.65285714285713,0.20179078804323133,Low Risk,three-year BOPO trend (+0.047); operating efficiency pressure (+0.027); one-year KPMM movement (+0.024),False,,0
600840,PT Bank Perekonomian Rakyat Artha Senapati,Provinsi Jawa Timur,Kab. Pasuruan,-7.7773429,112.6081285,0.15,4.31,78.89,143.59,100.84,32.07,-0.59,0.0699999999999994,0.4300000000000068,3.2700000000000102,17.453636363636363,7.541818181818181,88.66363636363637,17.1525,17.37,81.4225,0.20146343908873715,Low Risk,capital adequacy level (+0.051); three-year BOPO trend (+0.012); funding pressure (+0.010),False,,0
602556,PT Bank Perekonomian Rakyat Mataram Mitra Manunggal,Provinsi D.I. Yogyakarta,Kota Yogyakarta,-7.8048789,110.3604619,64.33,-8.19,217.31,41.83,28.14,27.2,0.3199999999999932,-2.2799999999999994,48.860000000000014,-18.6,16.625999999999998,1.4,89.76,15.040000000000001,1.28,90.89285714285714,0.20113496266210454,Low Risk,high NPL net (+0.069); three-year NPL net trend (+0.033); asset growth (+0.011),False,,0
600756,PT Bank Perekonomian Rakyat Artanawa,Provinsi Jawa Timur,Kab. Madiun,-7.700024,111.47267,5.59,3.8,75.44,64.0,41.83,55.79,1.9899999999999998,-0.4500000000000002,5.969999999999999,2.4299999999999997,10.943333333333333,2.8783333333333334,89.29833333333333,8.573333333333332,4.036666666666666,82.07333333333334,0.2006985840484319,Low Risk,loan growth (+0.058); one-year NPL net movement (+0.008); three-year NPL net trend (+0.005),False,,0
600953,PT Bank Perekonomian Rakyat Artha Pamenang,Provinsi Jawa Timur,Kab. Kediri,-7.8410892,111.9182067,3.8,6.26,74.03,117.2,33.16,11.38,0.9899999999999998,-0.6000000000000005,2.269999999999996,-1.1800000000000068,10.615714285714285,3.572142857142857,83.3442857142857,8.88875,3.56625,85.85499999999999,0.20038499546729482,Low Risk,operating efficiency pressure (+0.047); funding pressure (+0.023); profitability level (+0.011),False,,0
601063,PT Bank Perekonomian Rakyat Prisma Bali,Provinsi Bali,Kab. Tabanan,-8.5538967,115.1361579,4.34,0.88,94.22,61.0,72.84,22.5,-4.130000000000001,1.05,-5.180000000000007,1.9000000000000057,10.26941176470588,0.7988235294117647,91.80411764705882,11.618571428571428,0.02285714285714275,94.06714285714285,0.19986815610869743,Low Risk,capital adequacy level (+0.059); one-year ROA movement (+0.010); loan growth (+0.009),False,,0
600895,PT Bank Perekonomian Rakyat Estetika Artha Guna,Provinsi Jawa Tengah,Kota Semarang,-6.9928811,110.4113075,9.24,-2.14,115.22,117.99,77.25,13.9,-2.1999999999999993,-0.7000000000000002,2.739999999999995,-2.2099999999999937,19.11916666666667,0.8433333333333333,94.55041666666666,12.978333333333333,0.5966666666666668,89.04666666666667,0.19859347350248155,Low Risk,capital adequacy level (+0.040); high NPL net (+0.011); NPL net versus bank history (+0.002),False,,0
601429,PT BPR Mitra,Provinsi Jawa Tengah,Kota Magelang,-7.4731598,110.2157229,13.28,0.83,92.99,85.53,21.44,13.21,4.559999999999999,-1.38,9.780000000000001,0.5199999999999996,11.205,1.1925,95.4675,13.357500000000002,1.3375,92.655,0.19812254778489613,Low Risk,high NPL net (+0.034); three-year NPL net trend (+0.023); one-year NPL net movement (+0.016),False,,0
600609,PT BPR Lebak Sejahtera,Provinsi Banten,Kab. Lebak,-6.3586096,106.2467958,2.18,5.22,78.84,85.37,43.5,25.34,-0.19999999999999973,-1.7999999999999998,5.5,-13.189999999999998,,,,6.06625,5.75125,79.90375,0.19810866440030522,Low Risk,funding pressure (+0.055); profitability level (+0.014); three-year ROA trend (+0.011),False,,0
600089,Bank Perekonomian Rakyat Hariarta Sedana,Provinsi Banten,Kota Tangerang,-6.2386172,106.7089556,6.21,-0.27,102.6,177.16,24.23,14.13,2.46,-1.84,13.36999999999999,9.88,16.567999999999998,1.5973333333333335,97.53400000000002,7.42,2.01,87.41,0.19808031019452088,Low Risk,funding pressure (+0.022); three-year NPL net trend (+0.020); loan-to-deposit position (+0.018),False,,1
602751,PT Bank Perekonomian Rakyat Muhadi Setia Budi,Provinsi Jawa Tengah,Kab. Brebes,-6.8740456,109.0405619,2.65,3.33,78.77,174.49,21.71,19.85,-0.43000000000000016,0.29000000000000004,-2.799999999999997,-4.869999999999997,20.355,0.5225,96.425,18.755714285714287,1.1142857142857143,93.63857142857144,0.19792098241409178,Low Risk,funding pressure (+0.031); loan-to-deposit position (+0.019); three-year NPL net trend (+0.015),False,,0
601386,PT Bank Perekonomian Rakyat Artha Parama,Provinsi D.I. Yogyakarta,Kab. Bantul,-7.8586481,110.3056385,11.12,1.81,86.6,90.67,44.91,14.91,-4.100000000000001,0.050000000000000044,-0.1700000000000017,3.3799999999999955,9.18,1.569,88.21799999999999,10.896666666666667,1.4983333333333333,88.27833333333332,0.1976716462590241,Low Risk,high NPL net (+0.022); deposit funding mix (+0.020); three-year BOPO trend (+0.008),False,,0
600014,PT Bank Perekonomian Rakyat Muliatama Dananjaya,Provinsi Jawa Barat,Kota Depok,-6.3762581,106.8969242,10.28,1.28,89.65,78.51,25.44,6.58,-4.49,-0.43999999999999995,-2.539999999999992,0.360000000000003,14.132000000000001,1.7785,97.085,7.691428571428572,4.147142857142858,89.41571428571429,0.1975592620499346,Low Risk,three-year BOPO trend (+0.029); high NPL net (+0.024); deposit funding mix (+0.011),False,,0
601128,PT Bank Perekonomian Rakyat Parasari Urati,Provinsi Bali,Kab. Badung,-8.6421695,115.1140669,3.0,2.46,81.67,86.11,29.7,12.35,-3.5999999999999996,0.54,-4.390000000000001,-2.9400000000000013,6.710217391304348,1.7,87.16826086956522,6.1075,2.12875,83.97375,0.19743399459139208,Low Risk,three-year BOPO trend (+0.039); provision coverage (+0.024); operating efficiency pressure (+0.016),False,,1
601994,PT BANK PEREKONOMIAN RAKYAT DUTA PARAMARTA,Provinsi Sumatera Utara,Kab. Deli Serdang,3.5545449,98.5891197,3.11,3.47,84.67,143.74,41.8,33.09,-1.7100000000000004,0.6800000000000002,-2.799999999999997,-4.850000000000001,6.3533333333333335,1.1379999999999997,100.70666666666666,8.91625,-1.9537500000000003,120.23125,0.19742333120018604,Low Risk,funding pressure (+0.031); deposit funding mix (+0.028); one-year ROA movement (+0.003),False,,0
601086,PT Bank Perekonomian Rakyat Toelangan Dasa Nusantara,Provinsi Jawa Timur,Kab. Sidoarjo,-7.479307,112.6456678,10.28,1.07,92.84,114.62,54.81,29.83,-0.39000000000000057,-0.3799999999999999,1.960000000000008,1.9299999999999997,13.639473684210529,-0.9742105263157892,118.98500000000001,16.996250000000003,0.011250000000000093,106.39625000000001,0.19740092575110538,Low Risk,high NPL net (+0.024); three-year NPL net trend (+0.024); loan-to-deposit position (+0.009),False,,0
600627,PT Bank Perekonomian Rakyat Artha Kaliwungu,Provinsi Jawa Tengah,Kab. Kendal,-7.0321972,110.1825369,6.75,4.9,69.39,72.54,26.61,21.13,-1.8200000000000003,-0.5099999999999998,-0.4200000000000017,-0.8000000000000007,19.096,2.461,86.315,19.65625,2.70375,85.05125000000001,0.19737998417708588,Low Risk,operating efficiency pressure (+0.084); profitability level (+0.003); high NPL net (+0.003),False,,0
601610,PT Bank Perekonomian Rakyat Badan Kredit Kecamatan Mandiraja (Perseroda),Provinsi Jawa Tengah,Kab. Banjarnegara,-7.213372,109.6397853,24.67,-2.73,118.17,89.6,17.85,24.11,10.590000000000002,-2.9699999999999998,19.680000000000007,0.05000000000000071,23.189999999999998,0.8799999999999999,92.90999999999998,25.107142857142858,1.384285714285714,94.02,0.19711519983010303,Low Risk,high NPL net (+0.045); one-year NPL net movement (+0.033); three-year NPL net trend (+0.026),False,,0
601439,PT Bank Perekonomian Rakyat Antar Rumeksa Arta,Provinsi Jawa Tengah,Kab. Karanganyar,-7.5898449,110.8377474,17.0,1.4,89.85,96.92,64.41,9.37,-8.850000000000001,-0.2200000000000002,0.14000000000000057,-1.6400000000000006,14.89,-0.599,106.71900000000001,14.450000000000001,0.5042857142857143,101.01285714285713,0.19640364186798503,Low Risk,three-year BOPO trend (+0.013); high NPL net (+0.010); three-year NPL net trend (+0.010),False,,0
601816,PT Bank Perekonomian Rakyat Mayun Utama Perdana,Provinsi Bali,Kab. Badung,-8.5871042,115.1768777,2.37,0.97,89.96,73.99,80.88,32.16,-3.5999999999999996,-1.2700000000000002,7.929999999999993,0.36999999999999034,6.7239130434782615,1.732391304347826,86.98804347826086,12.241428571428571,1.7285714285714289,89.08142857142856,0.19615614781739252,Low Risk,capital adequacy level (+0.048); three-year capital trend (+0.027); three-year BOPO trend (+0.012),False,,0
602595,PT Bank Perekonomian Rakyat Danamas Simpan Pinjam,Provinsi Kep. Riau,Kota Batam,1.1158595,104.0561489,1.18,2.49,76.62,98.48,30.18,8.33,-0.53,-0.2999999999999998,2.3900000000000006,-1.5599999999999987,5.603703703703703,2.295185185185185,82.66000000000001,5.7925,2.06875,81.75625,0.1960886583797521,Low Risk,deposit funding mix (+0.062); three-year capital trend (+0.029); three-year BOPO trend (+0.016),False,,0
602617,PT Bank Perekonomian Rakyat Karimun Sejahtera,Provinsi Kep. Riau,Kab. Karimun,0.9936437,103.4271393,8.85,1.28,89.46,85.39,13.68,6.91,0.8899999999999997,0.25,-1.5600000000000023,-1.75,7.663333333333334,2.056666666666666,84.31333333333333,6.379999999999999,2.675,81.56375,0.19595447965376384,Low Risk,deposit funding mix (+0.058); high NPL net (+0.044); three-year NPL net trend (+0.014),False,,0
600060,PT Bank Perekonomian Rakyat Sejahtera Artha Sembada,Provinsi Jawa Tengah,Kab. Pekalongan,-6.8907239,109.6258582,6.0,4.25,83.1,127.15,26.5,25.42,3.29,-1.12,6.0,1.4899999999999984,59.67,-3.1,135.69,27.11875,0.29374999999999996,101.55625,0.19539418182354754,Low Risk,loan-to-deposit position (+0.028); three-year NPL net trend (+0.021); one-year NPL net movement (+0.010),False,,0
600017,PT Bank Perekonomian Rakyat Akasia Mas,Provinsi Banten,Kota Tangerang Selatan,-6.2655763,106.6523948,2.02,2.38,83.89,107.13,21.53,11.89,-1.38,0.6299999999999999,-2.489999999999995,-4.119999999999997,13.205999999999998,-0.6460000000000001,108.27399999999997,12.914285714285715,0.10428571428571447,106.23285714285714,0.19512197523133024,Low Risk,deposit funding mix (+0.064); three-year capital trend (+0.021); loan growth (+0.013),False,,0
600773,PT Bank Perekonomian Rakyat Kosanda,Provinsi Jawa Timur,Kota Surabaya,-7.2402797,112.7370291,0.0,-10.3,179.91,0.0,439.24,9999.39,0.0,-40.150000000000006,107.35,30.879999999999995,9.645625,1.7,105.006875,9.055,-0.25625,102.435,0.19487073498356156,Low Risk,loan scale (+0.046); capital adequacy level (+0.042); one-year KPMM movement (+0.024),True,Cash_Ratio outside audit range,0
600134,PT Bank Perekonomian Rakyat Tata Artha Sadaya,Provinsi Jawa Barat,Kota Cimahi,-6.8892747,107.5539297,4.42,3.13,83.96,158.86,15.03,11.48,1.2999999999999998,-0.30000000000000027,1.3199999999999932,0.5599999999999987,8.745000000000001,-1.06,104.725,8.688333333333334,1.0133333333333334,94.57333333333334,0.19483484148531163,Low Risk,funding pressure (+0.031); deposit funding mix (+0.019); loan-to-deposit position (+0.015),False,,0
601979,PT Bank Perekonomian Rakyat Panca Arta Monjali,Provinsi D.I. Yogyakarta,Kab. Sleman,-7.7257646,110.3595593,7.93,1.06,90.85,105.9,32.24,11.33,-3.870000000000001,0.5900000000000001,-6.090000000000003,0.14000000000000057,12.137272727272727,1.447727272727273,90.22500000000001,13.622857142857145,1.1600000000000001,92.62142857142858,0.19473768163648994,Low Risk,high NPL net (+0.026); three-year BOPO trend (+0.013); NPL net versus bank history (+0.007),False,,0
600406,PT Bank Perekonomian Rakyat Hayura Artalola,Provinsi Jawa Barat,Kab. Bandung,-7.0611915,107.4569055,2.17,4.92,80.86,88.85,25.76,25.27,0.32999999999999985,0.6200000000000001,-2.230000000000004,-0.6099999999999994,9.114666666666666,2.734,85.98866666666667,11.51142857142857,0.8914285714285717,96.41,0.1942337308620122,Low Risk,ROA versus bank history (+0.017); funding pressure (+0.014); provision coverage (+0.013),False,,0
600054,PT Bank Perekonomian Rakyat Sum Adiyatra,Provinsi Jawa Timur,Kab. Blitar,-8.0817548,112.3268232,5.49,0.9,94.92,118.46,53.44,11.13,-2.91,0.18000000000000005,-2.8499999999999943,-4.130000000000003,8.408,4.208,79.942,17.215,5.0725,76.9225,0.19399495516893522,Low Risk,funding pressure (+0.028); deposit funding mix (+0.008); NPL net versus bank history (+0.008),False,,0
601451,PT Bank Perekonomian Rakyat Artha Sambhara,Provinsi Jawa Tengah,Kab. Magelang,-7.4875924,110.0639435,16.22,1.58,89.26,81.61,30.79,16.94,-1.1099999999999994,-1.75,13.0,1.0299999999999976,12.525454545454545,1.2454545454545456,90.47636363636364,8.74625,1.69875,88.60249999999999,0.19394219628362486,Low Risk,high NPL net (+0.050); three-year capital trend (+0.018); loan growth (+0.016),False,,0
601855,PT Bank Perekonomian Rakyat Kusemas Dana Mandiri,Provinsi Bali,Kab. Badung,-8.7387045,115.1761343,4.5,0.79,92.79,81.77,29.03,21.16,4.44,-0.039999999999999925,3.0400000000000063,3.1799999999999997,6.677608695652174,1.7363043478260867,86.92652173913044,9.053333333333333,1.1933333333333331,92.98666666666666,0.19363487083742537,Low Risk,one-year NPL net movement (+0.030); three-year capital trend (+0.028); three-year BOPO trend (+0.013),False,,0
602728,PT Bank Perekonomian Rakyat Bintang Dana Persada,Provinsi Sumatera Selatan,Kota Palembang,-2.9866497,104.7604201,6.08,0.74,93.97,89.77,33.71,28.4,0.5700000000000003,-1.03,6.780000000000001,-1.1999999999999957,8.443636363636365,2.6754545454545453,81.63909090909091,8.984285714285715,1.7699999999999998,86.43142857142857,0.19335872185166475,Low Risk,three-year capital trend (+0.017); deposit funding mix (+0.015); provision coverage (+0.013),False,,0
601835,PT Bank Perekonomian Rakyat Mas Giri Wangi,Provinsi Bali,Kab. Gianyar,-8.5489546,115.3040154,1.53,3.84,70.45,93.41,27.69,22.95,-0.21999999999999997,-1.6900000000000004,0.12000000000000455,11.080000000000002,5.661363636363636,2.060909090909091,83.97090909090909,3.77125,2.41625,79.6875,0.19292629250968651,Low Risk,operating efficiency pressure (+0.045); provision coverage (+0.035); asset growth (+0.022),False,,0
602573,PT Bank Perekonomian Rakyat Celebes Mitra Perdana,Provinsi Sulawesi Utara,Kota Manado,1.4681087,124.8290719,1.38,2.01,87.08,87.38,34.31,12.25,-5.13,2.17,-14.120000000000005,-1.3699999999999974,11.934,2.318,92.07200000000002,14.45,1.8775,93.915,0.19277500839954087,Low Risk,deposit funding mix (+0.063); one-year ROA movement (+0.018); one-year BOPO movement (+0.014),False,,0
601462,PT Bank Perekonomian Rakyat Shinta Bhakti Wedi,Provinsi Jawa Tengah,Kab. Klaten,-7.7535595,110.5799276,9.7,1.88,84.33,79.22,30.67,19.29,2.0599999999999996,-0.6699999999999999,4.390000000000001,2.490000000000002,15.637500000000001,0.7108333333333334,97.44583333333334,14.93125,0.84375,94.10875,0.19274094944250159,Low Risk,high NPL net (+0.044); one-year NPL net movement (+0.023); three-year ROA trend (+0.015),False,,0
601009,PT Bank Perekonomian Rakyat Desa Sanur,Provinsi Bali,Kota Denpasar,-8.6549027,115.2007919,14.24,1.07,88.14,57.3,21.41,32.53,-5.249999999999998,0.67,-8.980000000000004,4.0,9.522857142857143,1.3004761904761906,91.1742857142857,8.48,1.52375,90.27374999999999,0.1924094688460604,Low Risk,high NPL net (+0.077); three-year NPL net trend (+0.024); one-year KPMM movement (+0.009),False,,0
600571,PT. BPR Nusamba Pecangaan Jepara,Provinsi Jawa Tengah,Kab. Jepara,-6.7016665,110.590661,7.66,2.04,90.45,80.9,20.17,16.92,-1.9399999999999995,1.07,-5.450000000000003,-3.759999999999998,11.89,1.48,89.87999999999998,11.37,2.43,86.04833333333333,0.19191103141518945,Low Risk,three-year BOPO trend (+0.036); three-year capital trend (+0.018); one-year NPL net movement (+0.015),False,,0
602025,PT Bank Perekonomian Rakyat Tahuan Ganda,Provinsi Lampung,Kab. Lampung Selatan,-5.3269155,105.200047,0.83,14.98,62.62,114.83,48.7,28.13,-0.2400000000000001,-1.3999999999999986,2.9299999999999997,-3.979999999999997,5.27,3.25,93.07999999999998,2.6733333333333333,3.56,77.56666666666666,0.19188046447385682,Low Risk,three-year capital trend (+0.024); operating efficiency pressure (+0.020); profitability level (+0.011),False,,0
602016,PT BPR Sago Dharma Pejuang,Provinsi Sumatera Barat,Kab. Limapuluh Koto,-0.2261249,100.6266314,9.58,-0.94,104.15,102.06,23.6,21.68,4.36,-1.58,6.219999999999999,5.010000000000002,9.328571428571427,-0.7971428571428572,108.27714285714286,5.285,0.56,98.1875,0.19179192983468685,Low Risk,one-year NPL net movement (+0.016); three-year NPL net trend (+0.013); high NPL net (+0.010),False,,1
600641,PT Bank Perekonomian Rakyat Bank Tegal (Perseroda),Provinsi Jawa Tengah,Kab. Tegal,-6.9264501,109.0828876,11.07,1.54,87.45,116.71,21.45,17.39,2.290000000000001,0.030000000000000027,-1.019999999999996,2.8999999999999986,21.758000000000003,1.779,90.15799999999999,21.358571428571427,1.8628571428571428,89.24142857142859,0.19134217639659307,Low Risk,high NPL net (+0.045); NPL net versus bank history (+0.017); one-year NPL net movement (+0.011),False,,0
601300,PT Bank Perekonomian Rakyat Rifi Maligi,Provinsi Banten,Kota Tangerang,-6.2326656,106.7282662,0.86,0.5,96.04,259.02,7.16,17.56,-1.3800000000000003,0.09000000000000002,-1.7299999999999898,-10.919999999999998,16.924666666666663,1.546,97.97133333333335,14.965000000000002,3.896666666666667,102.66833333333334,0.19129913606939278,Low Risk,deposit funding mix (+0.040); funding pressure (+0.024); NPL net versus bank history (+0.021),False,,0
601163,PT BPR Talawi Sakato Sejahtera,Provinsi Sumatera Barat,Kota Sawahlunto,-0.5922845,100.7327179,2.55,3.1,81.91,116.14,60.99,35.99,0.7099999999999997,0.4900000000000002,-1.9500000000000028,1.6900000000000048,11.5,2.11,89.1,7.487500000000001,1.8625,88.25,0.1908781188650942,Low Risk,capital adequacy level (+0.024); asset scale (+0.007); loan growth (+0.006),False,,1
600736,PT Bank Perekonomian Rakyat Nusamba Temon,Provinsi D.I. Yogyakarta,Kab. Kulon Progo,-7.8864026,110.0701353,11.88,0.15,98.87,108.51,18.74,15.25,0.6699999999999999,-0.49,2.460000000000008,3.6099999999999977,7.685,0.96,91.34,11.861666666666666,1.3683333333333334,89.26833333333333,0.19078796646005358,Low Risk,high NPL net (+0.034); one-year LDR movement (+0.019); provision coverage (+0.018),False,,0
601918,PT Bank Perekonomian Rakyat Capta Mulia Abadi,Provinsi Sulawesi Selatan,Kab. Tana Toraja,-2.9709071,119.8955064,13.37,1.15,93.76,83.18,31.39,29.24,-2.6400000000000023,-6.83,-0.2599999999999909,-377.96000000000004,1.3900000000000006,-6.32,188.62,4.0275,4.623749999999999,74.6225,0.19035509880569082,Low Risk,high NPL net (+0.043); NPL net versus bank history (+0.021); loan growth versus deposit growth (+0.009),False,,0
600356,Perumda BPR Galuh Ciamis,Provinsi Jawa Barat,Kab. Ciamis,-7.3319996,108.3586882,6.24,-0.98,103.72,155.98,37.42,26.64,1.08,-1.56,7.980000000000004,-0.37999999999999545,,,,8.751999999999999,3.5199999999999996,83.412,0.18987056941622943,Low Risk,three-year NPL net trend (+0.026); funding pressure (+0.022); three-year capital trend (+0.015),False,,0
602738,PT Bank Perekonomian Rakyat Sinar Mulia Papua,Provinsi Papua Barat,Kab. Manokwari,-0.8657047,134.0516634,6.23,1.96,84.96,74.74,53.86,19.12,1.6100000000000003,0.040000000000000036,-0.25,7.839999999999996,,,,7.2725,2.64,80.94,0.18929846779551524,Low Risk,one-year KPMM movement (+0.026); three-year NPL net trend (+0.020); ROA versus bank history (+0.011),False,,0
602461,PT Bank Perekonomian Rakyat Guna Rakyat,Provinsi Sumatera Utara,Kab. Deli Serdang,3.5532132,98.6955417,7.16,2.82,84.21,109.26,38.4,14.01,0.3700000000000001,-0.7800000000000002,3.3900000000000006,3.8999999999999986,6.083333333333333,1.1813333333333331,100.73733333333332,4.29,2.4842857142857144,93.88857142857144,0.18918553262718749,Low Risk,three-year NPL net trend (+0.026); high NPL net (+0.015); loan-to-deposit position (+0.011),False,,0
601152,PT BANK PEREKONOMIAN RAKYAT LUMBUNG PITIH NAGARI PADANG KUNING,Provinsi Sumatera Barat,Kab. Limapuluh Koto,-0.246292,100.3896713,8.52,1.47,89.94,103.67,45.78,29.19,0.049999999999998934,-0.3900000000000001,2.3999999999999915,-1.0700000000000003,9.48,-1.1414285714285715,110.30714285714286,6.575999999999999,1.7879999999999998,93.89999999999999,0.18866711273882622,Low Risk,high NPL net (+0.035); loan-to-deposit position (+0.011); loan growth (+0.005),False,,0
601890,PT Bank Perekonomian Rakyat Ukabima Lumbung Sejahtera,Provinsi Jawa Barat,Kab. Bandung,-6.9378258,107.5439713,4.51,3.23,88.02,128.46,25.13,20.09,-2.6800000000000006,-0.16000000000000014,-3.3200000000000074,2.3000000000000007,8.958666666666666,2.8466666666666667,85.51133333333334,12.20625,1.0462500000000001,96.09125,0.18847782453135364,Low Risk,deposit funding mix (+0.028); funding pressure (+0.007); one-year BOPO movement (+0.004),False,,0
601853,PT Bank Perekonomian Rakyat Mitra Balijaya Mandiri,Provinsi Bali,Kab. Badung,-8.6179413,115.1384762,7.81,1.11,89.75,79.9,37.16,10.76,-0.6100000000000003,0.2400000000000001,2.6599999999999966,-9.540000000000006,6.605652173913044,1.7293478260869564,86.99260869565217,4.18,2.6550000000000002,80.39375000000001,0.1880282539347214,Low Risk,three-year capital trend (+0.022); high NPL net (+0.015); three-year BOPO trend (+0.008),False,,1
601850,PT Bank Perekonomian Rakyat Hoki,Provinsi Bali,Kota Denpasar,-8.6387798,115.204597,0.81,6.37,63.68,98.84,17.05,18.1,-0.6099999999999999,0.020000000000000462,-3.1000000000000014,-3.6499999999999986,10.162380952380952,1.0480952380952382,92.33904761904762,8.12125,0.44875,96.76,0.18760424430949177,Low Risk,operating efficiency pressure (+0.031); ROA versus bank history (+0.027); asset growth (+0.014),False,,0
600374,PT Bank Perekonomian Rakyat NTB (Perseroda),Provinsi Nusa Tenggara Barat,Kota Mataram,-8.5959734,116.1422867,7.2,4.48,74.75,129.39,47.67,16.01,0.16999999999999993,0.7500000000000004,-2.780000000000001,-4.809999999999995,7.935,1.65,89.475,9.110000000000001,2.1471428571428572,86.9857142857143,0.18686620329242598,Low Risk,high NPL net (+0.021); capital adequacy level (+0.009); operating efficiency pressure (+0.008),False,,0
601193,PT Bank Perekonomian Rakyat Prima Mulia Anugrah,Provinsi Sumatera Barat,Kota Solok,-0.8004416,100.6633439,1.01,2.53,81.28,102.97,34.85,29.4,-1.93,0.36999999999999966,-3.8299999999999983,11.32,5.46,3.19,81.43,10.083333333333334,1.9833333333333334,97.29,0.186251976316773,Low Risk,ROA versus bank history (+0.045); loan-to-deposit position (+0.009); asset growth (+0.008),False,,0
600111,PT Bank Perekonomian Rakyat Dana Pensiun Taspen,Provinsi Jawa Barat,Kota Bekasi,-6.2420072,106.9979723,0.03,4.75,71.94,134.33,15.25,10.46,0.019999999999999997,-0.7599999999999998,5.8999999999999915,-2.2600000000000016,17.797096774193548,-2.0561290322580645,120.33870967741936,15.972,-2.336,116.25399999999999,0.185811048263604,Low Risk,operating efficiency pressure (+0.029); funding pressure (+0.023); asset growth (+0.021),False,,0
600001,PT Bank Perekonomian Rakyat Jawa Timur Perseroda,Provinsi Jawa Timur,Kota Surabaya,-7.3024204,112.7347433,7.37,0.85,91.25,105.66,34.33,6.99,2.6900000000000004,0.10999999999999999,-0.29000000000000625,-2.770000000000003,9.185,1.0031249999999998,110.548125,8.14375,3.1375,109.2675,0.18569442006545064,Low Risk,high NPL net (+0.022); three-year capital trend (+0.020); three-year NPL net trend (+0.016),False,,0
601002,PT Bank Perekonomian Rakyat Harta Mulia,Provinsi Bali,Kab. Tabanan,-8.5335044,115.0881393,3.03,0.49,102.91,39.39,48.91,28.29,-4.870000000000001,0.45,2.8499999999999943,10.469999999999999,10.346470588235293,0.821764705882353,91.29294117647058,9.4475,0.93625,91.4675,0.18551718737346262,Low Risk,three-year BOPO trend (+0.028); one-year LDR movement (+0.023); one-year KPMM movement (+0.021),False,,1
600106,PT. BPR Matahari Artadaya,Provinsi Banten,Kab. Tangerang,-6.2386172,106.7089556,2.36,1.46,85.89,88.3,38.41,38.68,-3.8000000000000003,-0.8300000000000001,8.820000000000007,-36.71000000000001,13.026666666666666,2.5122222222222224,94.8338888888889,15.780000000000001,3.266666666666667,88.16666666666667,0.18524637685472686,Low Risk,one-year LDR movement (+0.051); three-year capital trend (+0.024); one-year KPMM movement (+0.014),False,,1
601357,PT Bank Perekonomian Rakyat Nusa,Provinsi Jawa Barat,Kab. Cianjur,-6.8759081,107.0909144,2.97,5.19,87.9,73.02,28.51,8.33,-0.17999999999999972,0.0600000000000005,6.3700000000000045,-16.16,15.259999999999998,-2.3200000000000003,113.63250000000002,18.744,-1.718,110.23800000000001,0.18522565233589547,Low Risk,deposit funding mix (+0.054); three-year capital trend (+0.013); profitability level (+0.006),False,,0
600369,Perumda BPR BKPD Pangandaran,Provinsi Jawa Barat,Kab. Pangandaran,-7.6835346,108.6481722,8.53,0.96,93.44,104.43,16.27,19.36,2.549999999999999,-0.030000000000000027,0.8700000000000045,-1.8399999999999999,,,,3.8659999999999997,2.2439999999999998,83.24000000000001,0.18481121653045215,Low Risk,high NPL net (+0.038); three-year capital trend (+0.016); loan-to-deposit position (+0.014),False,,0
600033,PT Bank Perekonomian Rakyat Polatama Kusuma,Provinsi Jawa Timur,Kab. Madiun,-7.6257844,111.4952473,2.82,3.42,81.53,131.11,26.6,38.42,-1.9499999999999997,0.8500000000000001,-2.8299999999999983,-3.389999999999997,11.405000000000001,2.9416666666666664,88.28333333333335,8.896666666666667,3.8983333333333334,82.50166666666667,0.184447860530369,Low Risk,funding pressure (+0.034); loan-to-deposit position (+0.018); one-year ROA movement (+0.016),False,,0
600583,Koperasi Bank Perekonomian Rakyat Wedariyaksa,Provinsi Jawa Tengah,Kab. Pati,-6.8226384,110.4602544,8.09,3.32,90.1,94.98,30.61,32.19,-0.370000000000001,-0.040000000000000036,-0.09000000000000341,-0.5100000000000016,11.896666666666667,3.6166666666666663,81.92888888888889,20.83875,1.7525,90.77625,0.18354900661430643,Low Risk,high NPL net (+0.050); loan-to-deposit position (+0.008); profitability level (+0.007),False,,0
600918,PT BANK PEREKONOMIAN RAKYAT SURUNGAN NAULI,Provinsi Sumatera Utara,Kab. Toba Samosir,2.60268,98.7016551,1.4,4.65,80.62,182.46,48.79,41.1,-0.6600000000000001,-1.5699999999999994,4.530000000000001,7.43,,,,6.598333333333334,2.3316666666666666,88.64666666666666,0.18340531202291127,Low Risk,funding pressure (+0.022); asset scale (+0.010); operating efficiency pressure (+0.006),False,,1
600731,PT Bank Perekonomian Rakyat Shinta Daya,Provinsi D.I. Yogyakarta,Kab. Sleman,-7.7283083,110.3266745,10.71,2.36,81.13,93.57,29.1,16.65,0.8000000000000007,-0.6699999999999999,5.049999999999997,2.620000000000001,12.010909090909092,1.388636363636364,90.66681818181819,9.328333333333333,2.025,83.93999999999998,0.1833991310535079,Low Risk,high NPL net (+0.046); three-year NPL net trend (+0.011); loan growth (+0.008),False,,0
601460,PT. BPR Juwana Artha Sentosa,Provinsi Jawa Tengah,Kab. Pati,-6.7162574,111.1397929,9.95,0.84,94.39,104.03,19.87,12.26,-1.8900000000000006,-0.57,2.7099999999999937,-4.84,11.69,3.8922222222222214,81.45222222222223,19.25714285714286,3.3328571428571427,84.07857142857142,0.18317108994817594,Low Risk,high NPL net (+0.043); three-year capital trend (+0.031); one-year LDR movement (+0.012),False,,0
601268,PT Bank Perekonomian Rakyat Tata Asia,Provinsi Jawa Barat,Kota Bandung,-6.2372083,106.2142554,0.92,0.53,95.15,61.35,26.76,44.91,-1.4,0.5,-3.6999999999999886,7.720000000000002,10.761034482758621,-0.021724137931034494,100.93862068965517,7.44125,6.04125,78.62375,0.18296677368078676,Low Risk,deposit funding mix (+0.067); three-year capital trend (+0.027); one-year LDR movement (+0.005),False,,1
601965,PT Bank Perekonomian Rakyat Disky Surya Jaya,Provinsi Sumatera Utara,Kab. Deli Serdang,3.6007788,98.5532341,21.96,-29.85,314.53,143.41,-11.73,1.76,0.9800000000000004,-30.130000000000003,216.24999999999997,-40.769999999999996,5.096666666666666,3.3593333333333333,85.38266666666667,6.5600000000000005,2.2112499999999997,91.49875,0.18198166649724065,Low Risk,deposit growth (+0.019); high NPL net (+0.015); deposit funding mix (+0.006),True,KPMM outside audit range,0
601167,PT BANK PEREKONOMIAN RAKYAT DHARMA NAGARI,Provinsi Sumatera Barat,Kab. Sawahlunto/Sijunjung,-0.8781817,100.9182507,6.67,1.89,86.63,100.0,23.99,25.97,-1.6199999999999992,0.8199999999999998,-11.030000000000001,-0.13000000000000256,9.105,-0.26166666666666666,101.96,7.796250000000001,0.6025,96.5975,0.18188769012365763,Low Risk,ROA versus bank history (+0.029); loan-to-deposit position (+0.014); one-year ROA movement (+0.014),False,,0
601843,PT Bank Perekonomian Rakyat Khrisna Darma Adipala,Provinsi Bali,Kab. Badung,-8.5936364,115.2127781,3.8,0.25,85.68,120.36,20.71,17.7,1.52,1.0,-11.299999999999997,1.6300000000000026,6.692826086956522,1.7480434782608696,87.08108695652174,8.927142857142858,1.9100000000000001,90.61999999999999,0.18185536406713246,Low Risk,provision coverage (+0.023); funding pressure (+0.018); three-year capital trend (+0.018),False,,0
601049,PT Bank Perekonomian Rakyat Tish,Provinsi Bali,Kab. Gianyar,-8.5986706,115.1805984,3.51,1.67,80.17,58.09,60.62,16.31,-2.24,-0.14000000000000012,-7.489999999999995,1.1400000000000006,5.571363636363636,2.1595454545454547,83.5290909090909,5.784285714285715,1.9857142857142858,87.72285714285714,0.18151997663647337,Low Risk,capital adequacy level (+0.030); three-year BOPO trend (+0.016); provision coverage (+0.007),False,,1
601372,PT Bank Perekonomian Rakyat Kartasura Makmur,Provinsi Jawa Tengah,Kab. Sukoharjo,-7.556782,110.7419436,9.24,0.4,98.48,116.24,27.23,9.96,0.040000000000000924,-1.85,7.25,3.1799999999999997,16.942307692307693,1.516923076923077,94.74538461538462,19.39875,0.06125000000000003,111.66,0.18126462121146508,Low Risk,high NPL net (+0.027); loan-to-deposit position (+0.008); loan growth versus deposit growth (+0.007),False,,0
601094,PT BANK PEREKONOMIAN RAKYAT KARYA PARHUTA,Provinsi Sumatera Utara,Kab. Tapanuli Selatan,1.6026194,99.2719615,0.56,3.4,84.06,90.26,26.8,38.73,-0.09999999999999998,-0.3599999999999999,1.2600000000000051,-10.84,,,,4.574,3.4219999999999997,86.73,0.1811837247501073,Low Risk,funding pressure (+0.030); three-year capital trend (+0.018); cash liquidity position (+0.007),False,,0
601775,PT Bank Perekonomian Rakyat Pujon Jayamakmur,Provinsi Jawa Timur,Kab. Malang,-7.8436997,112.4672682,4.76,3.75,84.56,124.96,25.79,13.32,-3.25,0.8700000000000001,-1.3400000000000034,-4.59,16.222857142857144,5.61,87.67285714285715,20.103333333333335,-16.533333333333335,261.71999999999997,0.18053953264941724,Low Risk,one-year ROA movement (+0.011); funding pressure (+0.009); loan-to-deposit position (+0.008),False,,0
601229,PT. BPR Bukit Cati Pematang Panjang,Provinsi Sumatera Barat,Kab. Sawahlunto/Sijunjung,-0.7305257,100.9595369,9.9,0.0,101.61,68.17,37.75,45.24,0.5899999999999999,-2.07,16.47,4.710000000000001,8.566666666666668,0.053333333333333344,99.46333333333332,8.18125,0.69125,95.97375,0.18044730414736895,Low Risk,loan growth (+0.032); three-year NPL net trend (+0.026); cash liquidity position (+0.010),False,,0
601159,PT BPR Batang Palangki Mandiri,Provinsi Sumatera Barat,Kab. Sawahlunto/Sijunjung,-0.7091681,100.8892265,1.87,2.29,81.75,65.15,68.92,20.89,0.09000000000000008,-0.33999999999999986,-0.01999999999999602,-6.609999999999999,9.905000000000001,-0.3283333333333333,102.77333333333333,10.132857142857144,0.01999999999999989,100.82000000000001,0.1804115894825524,Low Risk,capital adequacy level (+0.051); one-year LDR movement (+0.019); three-year capital trend (+0.007),False,,0
601859,PT Bank Perekonomian Rakyat Kita,Provinsi Bali,Kab. Badung,-8.6855916,115.1065933,4.82,1.41,90.53,118.83,28.04,23.85,0.8600000000000003,0.039999999999999813,-1.0300000000000011,-4.910000000000004,6.6706521739130435,1.7228260869565217,86.97565217391303,2.867142857142857,2.237142857142857,82.86428571428571,0.18003883697990217,Low Risk,three-year capital trend (+0.020); three-year NPL net trend (+0.016); funding pressure (+0.015),False,,0
600104,PT Bank Perekonomian Rakyat Pondok Meja Indah,Provinsi Jambi,Kab. Muaro Jambi,-1.6928014,103.5836537,7.55,1.61,93.93,130.95,30.53,10.35,-0.6900000000000004,-2.3,9.27000000000001,3.3500000000000014,3.3400000000000007,14.920000000000002,62.78,12.646249999999998,3.13875,82.78875,0.17995291066854957,Low Risk,three-year NPL net trend (+0.022); high NPL net (+0.019); loan-to-deposit position (+0.018),False,,0
601368,PT Bank Perekonomian Rakyat Setia Karib Abadi,Provinsi Jawa Tengah,Kota Semarang,-6.9932419,110.4160078,18.22,1.33,90.05,77.83,21.06,17.97,-2.5500000000000007,-0.29000000000000004,0.4899999999999949,-0.860000000000003,18.745,0.6987499999999999,95.59916666666665,14.819999999999999,-0.2966666666666664,94.98666666666666,0.17948450291931403,Low Risk,high NPL net (+0.064); loan growth (+0.010); deposit funding mix (+0.009),False,,0
600050,PT Bank Perekonomian Rakyat Amal Bhakti Sejahtera,Provinsi Banten,Kab. Pandeglang,-6.3791556,105.831295,3.02,-2.97,120.24,128.08,49.68,18.11,-1.7499999999999996,-1.1400000000000001,-3.469999999999999,8.600000000000001,5.640000000000001,1.61,90.87000000000002,6.656250000000001,5.88625,79.36875,0.1794475169883765,Low Risk,three-year capital trend (+0.030); profitability level (+0.009); funding pressure (+0.006),False,,0
602646,PT Bank Perekonomian Rakyat Dana Central Mulia,Provinsi Kep. Riau,Kota Batam,1.1249612,104.0024588,6.06,1.94,83.83,102.4,25.76,8.31,1.7599999999999998,-0.5,2.799999999999997,-1.4899999999999984,5.422962962962963,2.3155555555555556,82.39296296296297,6.942500000000001,1.9525000000000001,85.68375,0.1789227659075982,Low Risk,deposit funding mix (+0.047); three-year NPL net trend (+0.013); three-year capital trend (+0.009),False,,0
602625,PT Bank Perekonomian Rakyat Sinergi Utama,Provinsi Kep. Riau,Kota Batam,1.0949,103.9942367,4.97,0.73,83.38,75.6,21.25,16.59,-1.4700000000000006,-1.98,-2.0500000000000114,-7.899999999999999,5.463333333333333,2.3603703703703705,82.40962962962963,5.01,2.44875,82.07,0.17889786012410752,Low Risk,deposit funding mix (+0.057); three-year capital trend (+0.018); one-year LDR movement (+0.012),False,,0
601961,PT Bank Perekonomian Rakyat Nusantara Bona Pasogit Sepuluh,Provinsi Sumatera Utara,Kab. Humbang Hasundutan,2.4055744,98.6731315,7.14,3.08,86.81,98.57,26.46,11.55,-0.79,0.52,-1.6799999999999926,-1.0899999999999999,,,,5.935,2.6566666666666667,87.51333333333334,0.1786512719149248,Low Risk,high NPL net (+0.014); loan-to-deposit position (+0.014); three-year capital trend (+0.007),False,,0
601847,PT Bank Perekonomian Rakyat Arthabudaya,Provinsi Bali,Kab. Tabanan,-8.5130836,115.0883428,5.7,1.97,85.41,89.62,24.67,13.66,-3.8899999999999997,1.0699999999999998,-8.299999999999997,2.620000000000001,10.189411764705882,0.7347058823529412,92.32235294117646,9.0925,0.7500000000000001,93.925,0.1785609248881988,Low Risk,three-year BOPO trend (+0.048); three-year capital trend (+0.021); one-year ROA movement (+0.005),False,,0
601767,PT Bank Perekonomian Rakyat Mitra Catur Mandiri,Provinsi Jawa Timur,Kab. Malang,-7.9599102,112.7149596,4.91,3.06,82.48,116.82,35.37,10.59,0.35000000000000053,-1.4,5.920000000000002,2.0899999999999963,16.215714285714284,5.642857142857143,87.77190476190476,22.496666666666666,1.89,81.365,0.1782830442113465,Low Risk,funding pressure (+0.016); deposit funding mix (+0.009); loan-to-deposit position (+0.004),False,,0
600721,PT Bank Perekonomian Rakyat Bank Daerah Gunungkidul (Perseroda),Provinsi D.I. Yogyakarta,Kab. Gunung Kidul,-7.9674618,110.6001332,6.66,1.72,79.22,100.94,29.26,14.79,-0.5300000000000002,0.010000000000000009,-1.6800000000000068,-2.389999999999997,17.645000000000003,-0.32000000000000006,61.30499999999999,11.45857142857143,1.4271428571428568,79.57714285714285,0.17794777136934062,Low Risk,three-year NPL net trend (+0.022); high NPL net (+0.012); loan-to-deposit position (+0.011),False,,0
600311,PT Bank Perekonomian Rakyat Karyajatnika Sadaya,Provinsi Jawa Barat,Kota Bandung,-6.9081108,107.5791373,2.03,0.23,99.43,54.25,21.45,5.45,-1.2600000000000002,0.12000000000000001,0.0800000000000125,-5.66,10.722758620689657,-0.011379310344827597,100.79103448275862,5.061428571428571,1.5671428571428572,93.13285714285715,0.17777224104566144,Low Risk,three-year BOPO trend (+0.047); three-year NPL net trend (+0.038); three-year capital trend (+0.012),False,,0
601815,PT Bank Perekonomian Rakyat Santi Pala,Provinsi Bali,Kab. Badung,-8.5884976,115.212886,0.0,3.21,79.24,123.8,43.8,18.89,-0.4,-0.20000000000000018,-0.30000000000001137,-5.6200000000000045,6.775434782608696,1.683695652173913,87.22108695652175,8.061428571428571,1.1385714285714286,91.23714285714287,0.17742994166251466,Low Risk,three-year BOPO trend (+0.030); funding pressure (+0.014); NPL net versus bank history (+0.014),False,,0
601186,PT Bank Perekonomian Rakyat Lugas Dana Mandiri,Provinsi Sumatera Barat,Kota Padang,-0.8682432,100.3602371,11.05,-1.68,109.01,100.28,20.85,13.07,4.030000000000001,-0.9199999999999999,5.290000000000006,-0.9699999999999989,6.7299999999999995,1.8175,105.77000000000001,7.243333333333333,1.5033333333333332,101.93166666666666,0.17739499188711713,Low Risk,high NPL net (+0.024); one-year NPL net movement (+0.018); loan-to-deposit position (+0.014),False,,0
602549,PT Bank Perekonomian Rakyat Pagai Utara Selatan,Provinsi Sumatera Barat,Kab. Kepulauan Mentawai,-2.4146029,99.5653475,4.44,13.21,101.74,131.64,16.93,14.18,-5.5200000000000005,-0.6399999999999988,-3.1400000000000006,-1.8099999999999987,1.6399999999999997,3.530000000000001,85.65999999999998,3.944,2.122,87.218,0.17708026692202766,Low Risk,funding pressure (+0.016); loan-to-deposit position (+0.014); profitability level (+0.010),False,,0
601169,PT BPR Lumbuang Pitih Nagari Panampuang,Provinsi Sumatera Barat,Kab. Agam,-0.2994713,100.3882144,10.28,-0.08,101.33,42.01,53.62,26.46,-3.3500000000000014,-0.7999999999999999,5.640000000000001,4.479999999999997,16.30666666666667,-0.5,122.01499999999999,6.224,2.098,91.62199999999999,0.17675878850634208,Low Risk,loan growth (+0.028); three-year NPL net trend (+0.026); one-year KPMM movement (+0.008),False,,0
600745,PT Bank Perekonomian Rakyat Arthaguna Mandiri,Provinsi Jawa Barat,Kab. Bandung Barat,-6.9383766,107.4513063,4.84,2.66,88.74,168.45,18.28,19.7,0.39999999999999947,-1.7999999999999998,4.259999999999991,0.019999999999999574,7.220000000000001,2.045,89.76999999999998,7.982857142857142,1.897142857142857,90.14999999999999,0.17629599738820467,Low Risk,funding pressure (+0.023); loan-to-deposit position (+0.021); three-year NPL net trend (+0.019),False,,0
600409,PT Bank Perekonomian Rakyat Cipatujah Jawa Barat Perseroda,Provinsi Jawa Barat,Kab. Tasikmalaya,-7.5479589,107.9545657,10.97,-5.34,132.16,100.41,16.15,31.2,5.050000000000001,-8.129999999999999,48.019999999999996,-5.740000000000002,12.937999999999999,2.59,85.40599999999999,8.643333333333333,2.3916666666666666,86.60833333333333,0.1761282982748972,Low Risk,one-year NPL net movement (+0.026); high NPL net (+0.019); three-year NPL net trend (+0.017),False,,0
602066,PT Bank Perekonomian Rakyat Mitra Primalestari,Provinsi Kalimantan Barat,Kab. Sanggau,0.1230151,110.6011042,7.36,1.93,85.61,60.9,35.37,31.73,0.6699999999999999,0.5799999999999998,-15.510000000000005,-5.130000000000003,3.0699999999999994,3.37,73.74,8.43,2.40625,80.58,0.17503490802057695,Low Risk,high NPL net (+0.032); three-year capital trend (+0.018); deposit funding mix (+0.015),False,,0
601754,PT Bank Perekonomian Rakyat Mitra Majujaya Mandiri,Provinsi Jawa Timur,Kab. Sidoarjo,-7.4450029,112.5933656,6.24,4.91,74.7,105.42,34.9,27.13,3.7,-0.2999999999999998,-1.4099999999999966,-1.8900000000000006,13.745789473684212,-1.0752631578947365,119.46236842105264,17.381666666666664,1.9033333333333335,91.34833333333331,0.17485161210008757,Low Risk,three-year NPL net trend (+0.017); one-year NPL net movement (+0.013); loan-to-deposit position (+0.007),False,,0
602052,PT Bank Perekonomian Rakyat Baldah Sentosa,Provinsi Jawa Barat,Kab. Cirebon,-6.7341533,108.4433046,6.34,1.37,94.3,121.6,27.73,21.53,0.41999999999999993,-0.5199999999999998,2.25,-1.4899999999999984,10.572499999999998,1.7449999999999999,88.71249999999999,5.625,2.77,83.965,0.174733586113784,Low Risk,three-year NPL net trend (+0.019); funding pressure (+0.014); loan-to-deposit position (+0.008),False,,0
601127,PT Bank Perekonomian Rakyat Bayudhana,Provinsi Bali,Kab. Badung,-8.5630671,115.1622622,7.18,0.52,96.01,106.02,43.14,14.64,1.88,-0.56,3.8800000000000097,6.810000000000002,6.6193478260869565,1.7421739130434784,86.85652173913043,14.940000000000001,0.07625000000000004,100.36,0.17473148659939547,Low Risk,high NPL net (+0.011); one-year LDR movement (+0.010); loan-to-deposit position (+0.010),False,,0
600752,Koperasi Bank Perekonomian Rakyat Jetis,Provinsi Jawa Timur,Kab. Ponorogo,-7.8646006,111.3825715,5.18,2.64,76.62,56.76,67.94,66.32,-1.17,0.3500000000000001,-3.089999999999989,1.8199999999999932,7.130000000000001,2.985,83.005,5.974285714285715,4.178571428571429,79.91142857142857,0.1745788012610009,Low Risk,capital adequacy level (+0.025); three-year NPL net trend (+0.010); one-year BOPO movement (+0.004),False,,0
600614,PT Bank Perekonomian Rakyat Gunung Slamet,Provinsi Jawa Tengah,Kab. Cilacap,-7.6475016,109.046026,4.77,2.22,79.75,85.33,35.94,19.79,-0.0600000000000005,1.0800000000000003,-10.719999999999999,-10.969999999999999,8.044,2.19,85.442,8.147142857142857,1.8771428571428572,87.19714285714285,0.17400323004817053,Low Risk,loan growth (+0.022); three-year capital trend (+0.018); one-year ROA movement (+0.012),False,,0
601155,PT. BPR Mitra Usaha Muaro Paiti,Provinsi Sumatera Barat,Kab. Limapuluh Koto,0.2442447,100.5462534,0.33,1.44,89.97,58.75,27.59,31.24,0.27,0.33999999999999986,-2.760000000000005,0.3500000000000014,10.65,-1.1371428571428572,110.30285714285715,10.126000000000001,-2.4739999999999998,118.98600000000002,0.17398217750318928,Low Risk,ROA versus bank history (+0.032); asset scale (+0.012); three-year BOPO trend (+0.011),False,,0
602621,PT Bank Perekonomian Rakyat Ukabima Grazia,Provinsi Sumatera Selatan,Kota Palembang,-2.9650282,104.7552904,0.59,6.01,74.36,102.57,42.07,19.53,-0.7999999999999999,0.6099999999999994,-3.469999999999999,1.7199999999999989,8.942727272727273,2.196363636363636,83.42181818181818,9.768571428571429,1.0171428571428571,89.23285714285714,0.1739306483741156,Low Risk,three-year BOPO trend (+0.032); NPL net versus bank history (+0.014); profitability level (+0.008),False,,0
601907,PT Bank Perekonomian Rakyat Kabalong Abdi Swadaya,Provinsi Nusa Tenggara Barat,Kab. Sumbawa,-8.4658817,117.0385539,1.51,2.76,77.27,180.89,31.51,37.38,-1.2899999999999998,-0.1200000000000001,-6.160000000000011,-20.279999999999998,13.865,5.945,73.88,12.270000000000001,4.106666666666667,81.40333333333332,0.17367127249019546,Low Risk,funding pressure (+0.036); operating efficiency pressure (+0.008); one-year KPMM movement (+0.008),False,,0
602561,Perumda BPR Rokan Hulu,Provinsi Riau,Kab. Rokan Hulu,0.877665,100.2888975,5.67,0.7,96.53,155.52,14.42,21.38,1.2699999999999996,-0.3800000000000001,0.730000000000004,-1.3800000000000008,,,,4.4675,0.7125,95.17999999999999,0.17315072988459684,Low Risk,funding pressure (+0.030); loan-to-deposit position (+0.017); one-year NPL net movement (+0.014),False,,0
600063,PT Bank Perekonomian Rakyat Binarta Luhur,Provinsi Sulawesi Tengah,Kab. Parigi Moutong,-0.1842249,119.8325497,2.78,1.98,89.24,108.1,39.94,20.29,2.42,-2.7899999999999996,12.319999999999993,-1.0399999999999991,,,,3.408333333333333,3.5050000000000003,80.73166666666667,0.17291449383307772,Low Risk,three-year NPL net trend (+0.025); loan-to-deposit position (+0.013); NPL net versus bank history (+0.009),False,,0
602602,PT Bank Perekonomian Kintamas Mitra Dana,Provinsi Kep. Riau,Kota Batam,1.1214833,103.9982333,4.82,1.19,88.92,91.96,21.62,7.1,1.5500000000000003,-0.6300000000000001,3.3299999999999983,-3.3299999999999983,5.4688888888888885,2.3433333333333333,82.20444444444445,6.6375,1.93375,85.1875,0.17276722728915866,Low Risk,deposit funding mix (+0.030); three-year capital trend (+0.022); three-year NPL net trend (+0.011),False,,0
601207,PT Bank Perekonomian Rakyat Pagaruyung,Provinsi Sumatera Barat,Kab. Tanah Datar,-0.4111588,100.5003583,9.17,0.8,93.08,86.13,24.27,19.33,-1.0299999999999994,0.37000000000000005,-3.8400000000000034,0.120000000000001,15.969999999999999,-2.6700000000000004,119.0175,15.969999999999999,-2.67,119.0175,0.1723904971861219,Low Risk,high NPL net (+0.028); three-year BOPO trend (+0.009); one-year BOPO movement (+0.006),False,,0
600650,PT Bank Perekonomian Rakyat Nusumma Jateng,Provinsi Jawa Tengah,Kab. Tegal,-6.9415665,109.1137228,6.07,3.76,80.79,118.05,17.77,18.82,-1.7199999999999998,0.5299999999999998,-0.9199999999999875,-0.030000000000001137,22.258000000000003,1.557,90.824,22.58142857142857,1.342857142857143,92.21000000000001,0.17190653099796022,Low Risk,three-year BOPO trend (+0.033); funding pressure (+0.005); loan-to-deposit position (+0.004),False,,0
600941,PT BANK PEREKONOMIAN RAKYAT SADHYA MUKTI PARAMA,Provinsi Jawa Timur,Kab. Malang,-8.0819481,112.4999472,22.41,-10.11,194.75,93.74,85.19,79.63,-18.98,-6.84,69.07,33.949999999999996,15.38238095238095,6.2700000000000005,82.42571428571429,13.904285714285711,14.937142857142858,73.95142857142858,0.1716729459789906,Low Risk,capital adequacy level (+0.019); loan-to-deposit position (+0.018); one-year KPMM movement (+0.014),False,,0
601038,PT Bank Perekonomian Rakyat Karya Sari Sedana,Provinsi Bali,Kab. Badung,-8.7243513,115.1756512,3.68,1.43,87.61,69.43,46.93,15.16,3.12,-0.7900000000000003,4.640000000000001,-2.4299999999999997,6.695434782608696,1.7223913043478258,87.0391304347826,9.128333333333334,1.1933333333333334,91.77500000000002,0.17148150239674417,Low Risk,three-year BOPO trend (+0.037); one-year NPL net movement (+0.023); three-year ROA trend (+0.004),False,,0
601219,PT BPR LA Mangau Sejahtera,Provinsi Sumatera Barat,Kota Pariaman,-0.6185646,100.1182221,7.4,-7.49,146.24,65.68,49.12,47.49,-10.299999999999999,-3.4700000000000006,19.41000000000001,-24.140000000000008,2.0700000000000003,0.29000000000000004,101.31,13.459999999999999,-0.4499999999999999,113.274,0.1712983587534364,Low Risk,loan scale (+0.035); three-year capital trend (+0.023); high NPL net (+0.008),False,,0
600271,Perumda BPR Sukabumi,Provinsi Jawa Barat,Kota Sukabumi,-6.9599764,106.886791,24.45,0.24,98.84,66.17,23.61,47.78,2.3000000000000007,-1.35,-32.21000000000001,17.46,4.449999999999999,5.41,69.93,10.782,1.75,90.482,0.17126478216242405,Low Risk,high NPL net (+0.045); one-year KPMM movement (+0.023); three-year NPL net trend (+0.018),False,,0
602762,PT BPR Prima Master Bank,Provinsi Jawa Timur,Kota Surabaya,-7.2373726,112.7351466,16.49,-2.67,140.01,60.0,0.62,25.98,0.9299999999999979,-1.3199999999999998,20.36999999999999,-8.07,8.615,1.223125,107.500625,6.49125,-2.16,113.605,0.17115682019953424,Low Risk,high NPL net (+0.050); three-year capital trend (+0.018); loan growth (+0.013),False,,0
601329,PT Bank Perekonomian Rakyat Nata Citraperdana,Provinsi Jawa Barat,Kota Bandung,-6.9256065,107.5983376,3.07,3.41,78.49,77.81,20.07,14.72,2.46,-0.18999999999999995,12.179999999999993,0.05999999999999872,10.68689655172414,-0.1210344827586207,101.51310344827587,4.845,0.6212500000000001,96.7475,0.17077971940858006,Low Risk,deposit funding mix (+0.062); one-year NPL net movement (+0.010); three-year capital trend (+0.008),False,,0
602640,Perumda BPR Garut,Provinsi Jawa Barat,Kab. Garut,-7.2059377,107.9440327,4.73,3.32,80.63,116.98,39.66,28.28,1.3400000000000003,-0.54,-0.35999999999999943,1.2999999999999972,0.0,0.23999999999999977,97.55000000000001,7.539999999999999,2.1079999999999997,89.44800000000001,0.17066977597471147,Low Risk,three-year NPL net trend (+0.026); loan-to-deposit position (+0.017); ROA versus bank history (+0.008),False,,0
601130,PT Bank Perekonomian Rakyat Ronggolawe,Provinsi Kalimantan Timur,Kota Samarinda,-0.5009721,117.1342715,0.0,3.59,77.21,197.5,47.61,19.23,-0.28,0.48,6.239999999999995,12.259999999999998,4.593333333333334,-1.2750000000000001,105.46999999999998,5.41375,-0.29000000000000004,100.9075,0.17058001640096923,Low Risk,deposit funding mix (+0.013); funding pressure (+0.010); one-year KPMM movement (+0.007),False,,0
602660,PT Bank Perekonomian Rakyat Kredit Mandiri Celebes Sejahtera,Provinsi Sulawesi Utara,Kota Manado,1.5002174,124.8878728,3.66,2.88,75.01,95.07,34.04,17.27,0.08000000000000007,-1.2700000000000005,11.100000000000009,-0.39000000000000057,11.478,2.1439999999999997,94.48600000000002,11.219999999999999,1.7339999999999995,92.792,0.17035402133873073,Low Risk,deposit funding mix (+0.042); one-year ROA movement (+0.006); provision coverage (+0.004),False,,0
600557,PT BPR Bank Wonosobo (Perseroda),Provinsi Jawa Tengah,Kab. Wonosobo,-7.3911101,109.8724781,8.01,1.64,86.41,111.04,18.95,9.87,1.6099999999999994,-0.15000000000000013,2.8999999999999915,-2.16,18.133333333333333,2.3,87.74666666666667,12.74,2.391428571428572,84.19714285714285,0.16988766255379492,Low Risk,high NPL net (+0.036); one-year LDR movement (+0.014); loan-to-deposit position (+0.013),False,,0
600610,PT Bank Perekonomian Rakyat Kembang Parama,Provinsi Jawa Tengah,Kab. Magelang,-7.578904,110.2781293,12.06,1.48,88.33,78.57,31.35,14.97,0.5099999999999998,-1.2600000000000002,9.780000000000001,-1.509999999999998,12.903636363636364,1.2545454545454546,90.56090909090909,14.42,-0.47874999999999995,101.89874999999999,0.16970006777337635,Low Risk,high NPL net (+0.031); three-year BOPO trend (+0.029); cash liquidity position (+0.011),False,,0
600725,PT Bank Perekonomian Rakyat Bank Sleman (Perseroda),Provinsi D.I. Yogyakarta,Kab. Sleman,-7.7095781,110.2918927,3.29,2.24,73.3,102.6,39.27,20.4,0.20999999999999996,0.06000000000000005,-0.6899999999999977,0.15000000000000568,12.348181818181816,1.3940909090909093,91.02272727272728,9.388333333333334,1.2933333333333332,88.74,0.16958682968382402,Low Risk,operating efficiency pressure (+0.045); loan-to-deposit position (+0.010); NPL net versus bank history (+0.009),False,,0
600734,PT Bank Perekonomian Rakyat Nusamba Banguntapan,Provinsi D.I. Yogyakarta,Kab. Bantul,-7.8146546,110.4100194,3.6,1.15,94.7,107.88,22.56,8.67,-2.4499999999999997,0.6599999999999999,-2.5600000000000023,2.16,9.932,1.6350000000000002,87.40799999999999,13.30125,2.2962499999999997,85.54124999999999,0.16942306417497124,Low Risk,three-year BOPO trend (+0.036); loan growth (+0.011); three-year ROA trend (+0.008),False,,0
602046,PT Bank Perekonomian Rakyat Mitra Rukun Mandiri,Provinsi Jawa Barat,Kab. Bandung,-6.2372083,106.2142554,0.08,4.91,76.88,110.72,34.1,11.08,-0.36,-0.17999999999999972,0.519999999999996,-4.07,9.253999999999998,2.7346666666666666,86.25399999999999,7.546250000000001,5.49375,80.9075,0.16916571777909128,Low Risk,three-year capital trend (+0.014); funding pressure (+0.012); deposit funding mix (+0.009),False,,1
600887,PT BANK PEREKONOMIAN RAKYAT BUANA AGRIBISNIS,Provinsi Sumatera Utara,Kab. Simalungun,2.9378087,98.60846,7.56,1.87,92.27,107.92,35.67,9.97,1.1999999999999993,-0.29000000000000004,5.5,-0.14000000000000057,2.1166666666666667,4.18,82.67,4.845,2.22875,88.65375,0.16872372394830573,Low Risk,loan-to-deposit position (+0.013); high NPL net (+0.011); one-year LDR movement (+0.010),False,,0
600827,PT Bank Perekonomian Rakyat Pemberdayaan Ekonomi Rakyat Batang,Provinsi Jawa Tengah,Kab. Batang,-6.8991703,109.7204851,4.76,1.79,89.13,171.87,19.91,22.28,-0.6699999999999999,0.14000000000000012,-0.7400000000000091,1.5399999999999991,18.560000000000002,0.7599999999999998,93.07999999999998,27.273749999999996,0.6012499999999998,100.8025,0.16855211308687723,Low Risk,funding pressure (+0.038); loan-to-deposit position (+0.022); provision coverage (+0.003),False,,0
600806,PT Bank Perekonomian Rakyat Ratna Artha Pusaka,Provinsi Jawa Barat,Kota Bandung,-6.902092,107.6015258,3.93,1.1,90.71,105.25,19.52,13.23,0.31000000000000005,-0.029999999999999805,0.6299999999999955,-1.7199999999999989,10.657241379310346,-0.0413793103448276,101.09172413793102,6.9871428571428575,0.8099999999999999,95.13571428571429,0.16814866071573842,Low Risk,deposit funding mix (+0.041); three-year NPL net trend (+0.009); loan-to-deposit position (+0.006),False,,0
601507,PT BPR BKK Pati ( Perseroda ),Provinsi Jawa Tengah,Kab. Pati,-6.7457716,111.036573,14.95,2.39,80.85,64.39,28.88,10.85,1.0099999999999998,-0.33000000000000007,1.509999999999991,0.2799999999999976,11.134444444444444,3.7199999999999998,82.95666666666666,12.785714285714286,3.9699999999999998,82.35428571428572,0.1680362566530855,Low Risk,high NPL net (+0.071); ROA versus bank history (+0.006); asset growth (+0.002),False,,0
601064,PT Bank Perekonomian Rakyat Bumi Prima Dana,Provinsi Bali,Kab. Tabanan,-8.5537558,115.1380656,3.33,1.66,88.17,97.75,22.36,17.0,-1.0,0.26,-0.6799999999999926,-10.990000000000002,10.328823529411764,0.7529411764705882,92.15999999999998,11.46142857142857,-0.41428571428571426,97.90714285714284,0.1677503652877076,Low Risk,three-year capital trend (+0.024); provision coverage (+0.022); three-year BOPO trend (+0.015),False,,0
600913,PT Bank Perekonomian Rakyat Artha Prima Perkasa,Provinsi Kep. Riau,Kota Batam,1.144804,104.0035109,4.01,1.93,87.62,97.15,44.6,13.03,0.96,0.53,-0.7199999999999989,0.1700000000000017,5.498888888888889,2.3159259259259257,82.25259259259259,6.60625,2.1950000000000003,84.05,0.16719945658615876,Low Risk,deposit funding mix (+0.045); loan-to-deposit position (+0.006); capital adequacy level (+0.003),False,,0
601479,PT Bank Perekonomian Rakyat Badan Kredit Kecamatan Blora (Perseroda),Provinsi Jawa Tengah,Kab. Blora,-6.5647339,106.5306384,4.02,4.12,72.75,89.39,22.82,28.94,-1.0900000000000007,0.08000000000000007,-2.8400000000000034,0.4800000000000004,23.92,-0.6566666666666666,107.52333333333333,6.006,0.37799999999999995,94.654,0.16710851404912028,Low Risk,operating efficiency pressure (+0.042); profitability level (+0.005); three-year capital trend (+0.004),False,,0
600013,PT Bank Perekonomian Rakyat Nusantara Bona Pasogit 24,Provinsi Riau,Kab. Bengkalis,1.269812,101.1992097,1.08,4.91,78.57,85.09,33.88,33.45,-0.6199999999999999,-0.47999999999999954,-1.8600000000000136,-11.46,4.19,3.2249999999999996,68.255,8.446666666666667,-3.051666666666666,94.85333333333334,0.1669320022834961,Low Risk,three-year capital trend (+0.020); funding pressure (+0.019); operating efficiency pressure (+0.009),False,,0
602608,PT Bank Perekonomian Rakyat Pembangunan Kerinci,Provinsi Jambi,Kota Sungai Penuh,-2.0659174,101.3948618,8.62,-3.46,124.24,102.99,24.64,10.63,-1.0600000000000005,-3.33,23.39999999999999,1.4400000000000013,,,,7.974000000000001,2.4219999999999997,84.668,0.16689340480858283,Low Risk,high NPL net (+0.025); three-year NPL net trend (+0.015); loan-to-deposit position (+0.013),False,,0
600149,PT Bank Perekonomian Rakyat Nusantara Bona Pasogit Tiga Puluh Tiga,Provinsi Sumatera Utara,Kab. Deli Serdang,2.9108829,98.1965657,7.07,2.49,92.06,74.45,19.27,9.76,0.6000000000000005,0.8800000000000001,-0.8499999999999943,0.4299999999999997,6.089333333333333,1.2033333333333331,100.214,4.81625,2.0612500000000002,89.04625,0.1668598901008299,Low Risk,loan growth (+0.014); high NPL net (+0.014); three-year NPL net trend (+0.011),False,,0
602736,PT Bank Perekonomian Rakyat Dana Pensiun Taspen Jateng,Provinsi Jawa Tengah,Kab. Banyumas,-7.5146129,109.2202061,0.44,5.49,70.05,124.16,23.59,18.16,-0.23000000000000004,-0.09999999999999964,7.619999999999997,3.0,14.235714285714286,0.7128571428571429,93.77000000000001,11.215714285714286,1.087142857142857,91.54714285714284,0.16654636767891196,Low Risk,ROA versus bank history (+0.034); deposit funding mix (+0.011); funding pressure (+0.010),False,,0
601717,PT Bank Perekonomian Rakyat Agro Cipta Adiguna,Provinsi Jawa Timur,Kab. Kediri,-7.7655037,112.184586,4.64,3.83,78.63,87.72,46.72,24.63,-0.5600000000000005,0.25,-2.25,-1.5300000000000011,10.555714285714286,3.7457142857142856,83.01571428571427,5.7219999999999995,4.898000000000001,79.572,0.16643960725564433,Low Risk,capital adequacy level (+0.011); loan growth (+0.007); one-year LDR movement (+0.004),False,,0
601875,PT Bank Perekonomian Rakyat Nusantara Bona Pasogit Tujuh Belas,Provinsi Sumatera Utara,Kab. Deli Serdang,-1.2771515,97.4356112,6.74,1.38,91.78,93.96,13.97,10.82,-1.9100000000000001,1.25,-5.909999999999997,0.41999999999999993,6.1113333333333335,1.2773333333333332,100.23266666666667,2.3983333333333334,3.19,87.16166666666668,0.16632276904177148,Low Risk,three-year BOPO trend (+0.027); three-year capital trend (+0.018); one-year ROA movement (+0.010),False,,0
600672,PT Bank Perekonomian Rakyat Bank Sukoharjo (Perseroda),Provinsi Jawa Tengah,Kab. Sukoharjo,-7.6686211,110.7371215,2.8,2.55,75.65,119.59,46.16,14.97,1.2999999999999998,0.29000000000000004,-0.6899999999999977,-3.6400000000000006,17.43769230769231,1.3515384615384616,96.50153846153846,15.428333333333333,0.6549999999999999,95.59999999999998,0.16630056754173334,Low Risk,funding pressure (+0.018); three-year NPL net trend (+0.009); loan-to-deposit position (+0.008),False,,0
601026,PT Bank Perekonomian Rakyat Sadhu Artha,Provinsi Bali,Kab. Gianyar,-8.6089933,115.3111485,3.64,1.73,89.26,92.42,32.97,13.67,-2.3000000000000003,2.31,-13.469999999999999,2.1799999999999997,5.565454545454545,2.1568181818181817,83.11590909090908,6.317500000000001,2.91,78.04500000000002,0.16599733065355984,Low Risk,three-year BOPO trend (+0.020); one-year BOPO movement (+0.015); one-year ROA movement (+0.010),False,,0
602720,PT Bank Perekonomian Rakyat Tritunggal,Provinsi Kalimantan Barat,Kab. Sintang,0.0661596,111.4752072,0.45,2.23,81.33,72.22,27.88,33.19,0.23,0.04999999999999982,0.23000000000000398,-3.960000000000001,,,,9.29375,2.36875,81.115,0.16531165454127977,Low Risk,funding pressure (+0.025); three-year capital trend (+0.019); asset growth (+0.013),False,,0
601761,PT Bank Perekonomian Rakyat Delta Artha Perseroda,Provinsi Jawa Timur,Kab. Sidoarjo,-7.4205395,112.5685902,6.16,2.38,78.47,119.87,23.66,9.81,2.5300000000000002,0.0,1.5499999999999972,1.4400000000000013,13.747894736842108,-1.0086842105263156,119.36315789473684,9.886000000000001,2.88,86.524,0.16526867283081545,Low Risk,funding pressure (+0.018); three-year NPL net trend (+0.015); one-year NPL net movement (+0.008),False,,0
601218,PT BPR Tri Capital Investama Sumbar,Provinsi Sumatera Barat,Kota Pariaman,-0.8263696,100.325395,2.07,0.29,101.31,81.7,25.29,15.06,-1.7000000000000002,-0.54,6.960000000000008,-10.730000000000004,7.4,-7.49,146.24,8.74,1.1749999999999998,103.21499999999999,0.16494760625802654,Low Risk,three-year BOPO trend (+0.047); one-year LDR movement (+0.009); loan growth (+0.002),False,,0
602577,PT Bank Perekonomian Rakyat Kerta Raharja Gemilang (Perseroda),Provinsi Banten,Kab. Tangerang,-6.2283887,106.5207825,1.83,1.26,90.96,350.51,33.11,35.06,-0.31999999999999984,0.26,-2.4000000000000057,7.259999999999998,13.056111111111111,2.5233333333333334,94.55222222222223,14.430000000000001,-0.29799999999999993,109.314,0.16464921231248042,Low Risk,funding pressure (+0.045); loan-to-deposit position (+0.013); profitability level (+0.001),False,,0
602551,PT. BPR Sipora,Provinsi Sumatera Barat,Kab. Kepulauan Mentawai,-2.0539235,99.5723192,1.64,3.53,85.66,162.52,31.16,11.89,0.5699999999999998,0.5499999999999998,-5.469999999999999,-1.889999999999997,4.44,13.210000000000003,101.73999999999998,4.504,4.058000000000001,90.434,0.16421345929628045,Low Risk,ROA versus bank history (+0.014); funding pressure (+0.013); three-year ROA trend (+0.005),False,,0
600274,PT Bank Perekonomian Rakyat Solider,Provinsi Sumatera Utara,Kab. Deli Serdang,3.5774311,98.5440116,4.2,3.06,75.51,83.46,22.39,12.37,-0.3199999999999994,0.27,-2.4299999999999926,-3.9899999999999984,6.280666666666666,1.165333333333333,101.31733333333334,8.780000000000001,-1.9025000000000003,121.37625,0.1641431357735208,Low Risk,ROA versus bank history (+0.025); three-year capital trend (+0.011); deposit funding mix (+0.005),False,,0
600969,PT Bank Perekonomian Rakyat Cinde Wilis,Provinsi Jawa Timur,Kab. Jember,-8.2524965,113.4887606,4.7,2.44,82.42,93.63,19.39,10.4,1.0700000000000003,-0.31999999999999984,1.1099999999999994,-0.5999999999999979,12.213125000000002,4.471875,78.55874999999999,6.419999999999999,5.9799999999999995,74.545,0.1640752876332168,Low Risk,deposit funding mix (+0.045); three-year capital trend (+0.016); profitability level (+0.001),False,,0
602638,PT Bank Perekonomian Rakyat Kerta Raharja Perseroda,Provinsi Jawa Barat,Kab. Bandung,-6.2372083,106.2142554,4.2,1.16,92.18,137.13,18.76,10.39,-0.7800000000000002,-0.040000000000000036,0.36000000000001364,-0.18999999999999773,8.979333333333333,2.984666666666667,85.234,7.03125,5.9625,78.995,0.16382679570365952,Low Risk,funding pressure (+0.026); three-year NPL net trend (+0.021); loan-to-deposit position (+0.020),False,,1
600903,PT Bank Perekonomian Rakyat Haneda Mitra Usaha,Provinsi DKI Jakarta,Wil. Kota Jakarta Timur,-6.250393,106.862891,5.11,-6.64,226.11,92.29,-18.16,4.73,-1.6399999999999997,-2.0199999999999996,-128.76,-20.48,23.34,2.215,88.23500000000001,19.9025,-1.0425,109.47500000000001,0.16380990830335665,Low Risk,three-year NPL net trend (+0.013); one-year BOPO movement (+0.012); loan growth (+0.011),True,KPMM outside audit range,0
600220,PT Bank Perekonomian Rakyat Artha Sari Sentosa,Provinsi Jawa Tengah,Kab. Sukoharjo,-7.7040133,110.7115368,7.32,1.68,88.6,92.62,15.9,25.04,3.3400000000000003,-0.040000000000000036,0.19999999999998863,-2.700000000000001,17.09,1.4184615384615387,95.50538461538463,15.42,0.06428571428571425,101.09142857142858,0.16379496843121197,Low Risk,high NPL net (+0.022); three-year capital trend (+0.021); three-year NPL net trend (+0.012),False,,0
601481,PT BPR BKK Jepara (Perseroda),Provinsi Jawa Tengah,Kab. Jepara,-6.5903835,110.6660578,11.89,1.48,89.88,76.91,20.63,28.6,2.880000000000001,-2.98,21.86,-0.4800000000000004,7.66,2.04,90.44999999999999,10.610000000000001,2.1985714285714284,86.53,0.16343858029884062,Low Risk,high NPL net (+0.036); three-year NPL net trend (+0.020); NPL net versus bank history (+0.011),False,,0
602650,PT Bank Perekonomian Rakyat Central Artha,Provinsi Jawa Tengah,Kota Tegal,-6.8592208,109.1137502,5.43,2.36,86.11,101.12,26.23,25.99,0.20999999999999996,0.6299999999999999,-3.260000000000005,4.490000000000002,21.145,1.32,89.05000000000001,20.86875,1.32625,91.64125000000001,0.16319536926016998,Low Risk,three-year NPL net trend (+0.022); one-year BOPO movement (+0.012); NPL net versus bank history (+0.011),False,,0
602741,PT Bank Perekonomian Rakyat Baturaja (Perseroda),Provinsi Sumatera Selatan,Kab. Ogan Komering Ulu,-4.122874,104.1711676,0.16,3.58,84.6,165.9,17.27,26.19,0.13,0.56,-2.4200000000000017,0.09999999999999787,8.25,1.9100000000000001,85.46,6.454285714285715,3.1114285714285717,79.40142857142857,0.16293009991195956,Low Risk,ROA versus bank history (+0.032); three-year BOPO trend (+0.009); loan-to-deposit position (+0.008),False,,0
601366,PT Bank Perekonomian Rakyat Bandung Kidul,Provinsi Jawa Barat,Kab. Bandung,-6.2372083,106.2142554,3.55,4.12,76.6,118.43,34.18,10.22,-1.12,0.2200000000000002,-0.7700000000000102,0.020000000000003126,9.022666666666664,2.7873333333333337,86.27266666666668,7.1125,5.592499999999999,80.9425,0.16285816201724024,Low Risk,funding pressure (+0.011); operating efficiency pressure (+0.005); profitability level (+0.005),False,,1
601412,PT Bank Perekonomian Rakyat Arthayasa Ageng,Provinsi Jawa Tengah,Kab. Boyolali,-7.3617952,110.6367733,5.9,2.97,84.37,98.12,37.74,13.52,-2.2300000000000004,-0.6099999999999999,6.670000000000002,-4.299999999999997,6.223999999999999,1.8379999999999999,87.52000000000001,9.50375,1.70375,88.22,0.16277768899386158,Low Risk,loan-to-deposit position (+0.009); provision coverage (+0.007); three-year capital trend (+0.004),False,,0
601118,PT Bank Perekonomian Rakyat Dana Nusantara,Provinsi Kep. Riau,Kota Batam,1.0998194,103.9453985,4.85,1.8,81.8,100.96,21.97,7.11,3.1399999999999997,-0.5900000000000001,4.25,-6.030000000000001,5.467777777777777,2.3207407407407405,82.46814814814815,5.62125,2.7800000000000002,80.15125,0.16245849939498894,Low Risk,three-year NPL net trend (+0.014); three-year capital trend (+0.013); loan-to-deposit position (+0.009),False,,0
602582,PT Bank Perekonomian Rakyat Utomo Manunggal Sejahtera Lampung,Provinsi Lampung,Kota Bandar Lampung,-5.3997792,105.2333821,0.85,3.33,75.41,130.61,28.13,16.28,-0.32999999999999996,-0.22999999999999998,1.6099999999999994,-2.2300000000000004,7.500909090909091,3.5372727272727276,78.3709090909091,1.8549999999999998,4.03,75.22,0.1622401150535145,Low Risk,deposit funding mix (+0.043); one-year KPMM movement (+0.008); three-year capital trend (+0.008),False,,0
601359,PT Bank Perekonomian Rakyat Supra Artapersada,Provinsi Jawa Barat,Kab. Sukabumi,-6.9089203,106.8907386,4.44,2.08,88.17,80.29,20.11,10.04,0.7500000000000004,0.42000000000000015,-2.289999999999992,1.6999999999999993,17.383333333333336,1.32,93.79666666666667,14.784,1.3820000000000001,92.616,0.1621273613015673,Low Risk,loan growth (+0.031); NPL net versus bank history (+0.011); three-year NPL net trend (+0.008),False,,0
600077,Bank Perekonomian Rakyat Dana Mandiri Bogor,Provinsi Jawa Barat,Kab. Bogor,-6.5989291,106.640438,4.25,-8.0,129.38,93.48,13.45,5.25,-3.5599999999999996,-3.1799999999999997,13.569999999999993,-4.260000000000002,17.46875,1.8743750000000001,103.15375,13.731666666666667,1.3550000000000002,90.85333333333334,0.1618217964644645,Low Risk,loan growth (+0.032); one-year LDR movement (+0.021); NPL net versus bank history (+0.010),False,,0
601562,PT Bank Perekonomian Rakyat BKK Batang (Perseroda),Provinsi Jawa Tengah,Kab. Batang,-6.9020216,109.7292471,18.56,0.76,93.08,59.79,29.26,24.3,-3.0600000000000023,-0.14,1.019999999999996,-3.129999999999999,4.760000000000002,1.7899999999999998,89.12999999999998,25.674285714285713,1.2242857142857144,97.75714285714285,0.16156677435362146,Low Risk,high NPL net (+0.035); three-year BOPO trend (+0.019); three-year NPL net trend (+0.008),False,,0
600649,PT Bank Perekonomian Rakyat BKK Purworejo (Perseroda),Provinsi Jawa Tengah,Kab. Purworejo,-7.6922248,109.8393552,13.39,0.9,92.03,61.63,29.81,12.47,1.200000000000001,0.050000000000000044,0.2600000000000051,2.599999999999998,,,,7.555714285714286,2.2257142857142855,82.62428571428572,0.16148733358869435,Low Risk,high NPL net (+0.032); loan growth (+0.018); one-year NPL net movement (+0.010),False,,0
601440,PT Bank Perekonomian Rakyat Bank Djoko Tingkir (Perseroda) Kabupaten Sragen,Provinsi Jawa Tengah,Kab. Sragen,-7.4282129,111.0185899,1.91,3.01,73.8,86.81,18.03,16.94,-0.3899999999999999,0.3599999999999999,-4.200000000000003,-0.7699999999999996,18.856,0.9680000000000002,93.664,16.81,0.3028571428571429,98.03999999999999,0.16107419581267024,Low Risk,three-year BOPO trend (+0.037); ROA versus bank history (+0.023); NPL net versus bank history (+0.008),False,,0
601909,PT Bank Perekonomian Rakyat Prima Nadi,Provinsi Nusa Tenggara Barat,Kota Mataram,-8.5927598,116.1266461,11.42,1.43,86.42,61.73,34.07,9.92,-0.08000000000000007,-0.15000000000000013,-0.7999999999999972,3.1799999999999997,6.879999999999999,2.4125,86.55749999999999,7.4316666666666675,3.8733333333333335,78.08,0.16067497090824423,Low Risk,high NPL net (+0.053); NPL net versus bank history (+0.004); one-year NPL net movement (+0.004),False,,0
601755,PT Bank Perekonomian Rakyat Mitra Cemawis Mandiri,Provinsi Jawa Timur,Kab. Gresik,-7.1968168,112.5601479,5.07,5.01,77.21,80.65,25.41,30.72,0.3000000000000007,-1.2800000000000002,4.509999999999991,2.460000000000001,17.685555555555556,2.051111111111111,92.53333333333333,15.342857142857143,0.23857142857142843,95.22714285714285,0.16048018782674486,Low Risk,funding pressure (+0.024); profitability level (+0.009); operating efficiency pressure (+0.004),False,,0
600939,PT Bank Perekonomian Rakyat Sentral Arta Asia,Provinsi Jawa Timur,Kab. Lumajang,-8.1259315,113.2134058,7.82,2.53,82.25,58.62,29.42,26.07,-0.6899999999999995,-0.27,3.6599999999999966,2.9200000000000017,7.057499999999999,2.9775,79.6125,5.3566666666666665,3.891666666666667,77.8,0.16032462487208382,Low Risk,high NPL net (+0.040); three-year NPL net trend (+0.016); one-year NPL net movement (+0.004),False,,0
600873,PT BPR Dinamika Bangun Arta,Provinsi Jawa Tengah,Kota Salatiga,-7.327773,110.5050701,3.99,3.57,79.16,80.56,43.72,7.84,0.2400000000000002,-0.56,3.299999999999997,2.5600000000000023,15.593333333333332,1.1966666666666668,91.16000000000001,11.74625,2.84,85.60000000000001,0.16024728904789187,Low Risk,deposit funding mix (+0.023); capital adequacy level (+0.011); loan growth (+0.003),False,,0
601360,PT Bank Perekonomian Rakyat Arthia Sere,Provinsi Jawa Barat,Kota Cirebon,-6.8245396,108.5700659,5.51,1.05,91.06,56.64,20.91,35.06,3.8499999999999996,-0.31000000000000005,2.1700000000000017,0.5199999999999996,9.636,-7.641999999999999,136.658,10.0025,0.6875,93.5775,0.1598532524107085,Low Risk,loan growth (+0.019); one-year NPL net movement (+0.019); three-year NPL net trend (+0.008),False,,0
601914,PT Bank Perekonomian Rakyat Lugasganda,Provinsi Nusa Tenggara Timur,Kab. Manggarai,-8.6144522,120.4549508,0.58,7.87,81.49,128.36,36.36,12.05,-0.9400000000000001,-1.5599999999999996,2.7099999999999937,-7.549999999999997,,,,10.834,3.102,85.83,0.15981357205451938,Low Risk,three-year capital trend (+0.013); funding pressure (+0.011); one-year KPMM movement (+0.010),False,,0
600042,PT Bank Perekonomian Rakyat Supradanamas,Provinsi Jawa Barat,Kota Bekasi,-6.2806478,106.9111245,5.14,1.28,92.89,101.72,34.8,13.29,-2.96,-0.6299999999999999,6.890000000000001,0.0899999999999963,17.63225806451613,-1.944193548387097,119.66290322580646,20.2025,-8.32125,160.13875000000002,0.1595768378258155,Low Risk,deposit funding mix (+0.037); NPL net versus bank history (+0.006); loan-to-deposit position (+0.005),False,,0
601863,PT Bank Perekonomian Rakyat Raga Jayatama,Provinsi Bali,Kab. Gianyar,-8.6024164,115.2503147,0.0,1.73,80.23,58.05,50.26,39.74,-1.0,-0.13000000000000012,1.5600000000000023,5.829999999999998,5.7309090909090905,2.1568181818181817,83.52636363636363,4.378571428571429,2.82,78.58285714285715,0.15938055195833994,Low Risk,provision coverage (+0.036); one-year KPMM movement (+0.025); three-year NPL net trend (+0.009),False,,0
601870,PT Bank Perekonomian Rakyat Terabina Seraya Mulia,Provinsi Riau,Kab. Bengkalis,1.0134115,102.7065716,5.23,2.56,71.94,61.23,51.13,11.85,-4.639999999999999,2.39,-25.870000000000005,-0.07000000000000028,2.115,4.3999999999999995,71.57,7.2725,2.29,83.34375,0.15844252513413426,Low Risk,operating efficiency pressure (+0.038); one-year ROA movement (+0.004); one-year BOPO movement (+0.004),False,,0
601350,PT Bank Perekonomian Rakyat Mitra Parahyangan,Provinsi Jawa Barat,Kota Bandung,-6.9095814,107.4779911,11.01,-0.68,102.99,74.1,13.55,16.43,0.9700000000000006,-1.3,5.519999999999996,-1.0299999999999994,10.413103448275862,0.01999999999999999,100.66827586206897,7.227142857142858,1.7571428571428573,92.7057142857143,0.15836290887983015,Low Risk,high NPL net (+0.044); deposit funding mix (+0.039); cash liquidity position (+0.011),False,,0
601166,PT Bank Perekonomian Rakyat LPN Kampung Dalam,Provinsi Sumatera Barat,Kab. Sawahlunto/Sijunjung,-0.8155768,101.0083076,21.02,-5.53,135.46,70.86,15.6,13.24,4.300000000000001,-5.46,26.91000000000001,-3.0999999999999996,6.713333333333334,0.9750000000000001,93.82166666666666,7.313750000000001,1.4775,91.47125,0.15813511601129213,Low Risk,three-year NPL net trend (+0.028); loan growth (+0.015); high NPL net (+0.005),False,,0
601047,PT Bank Perekonomian Rakyat Artha Bali Jaya,Provinsi Bali,Kab. Gianyar,-8.6309466,115.258456,4.73,1.94,83.72,77.17,23.77,9.58,-7.68,0.52,-4.0,3.370000000000001,5.515909090909091,2.1472727272727274,83.36772727272727,7.0525,1.8962500000000002,89.18,0.1577490591683596,Low Risk,three-year BOPO trend (+0.045); loan growth (+0.009); three-year ROA trend (+0.008),False,,0
601466,PT Bank Perekonomian Rakyat Arthaguna Sejahtera,Provinsi Jawa Barat,Kota Depok,-6.3950734,106.7914821,0.43,2.29,89.11,127.33,14.43,9.15,0.02999999999999997,0.6400000000000001,-3.680000000000007,-0.4900000000000002,14.624500000000001,1.7280000000000002,97.112,23.46666666666667,-1.12,105.80333333333333,0.1576230615041484,Low Risk,deposit funding mix (+0.042); three-year capital trend (+0.013); loan-to-deposit position (+0.007),False,,0
600785,PT Bank Perekonomian Rakyat Dana Utama,Provinsi Jawa Tengah,Kota Surakarta/Solo,-7.5712994,110.8199084,3.39,1.84,88.54,90.08,27.65,15.12,0.25,-0.17999999999999994,1.730000000000004,-2.870000000000001,15.230833333333335,0.6133333333333333,96.63666666666667,14.801428571428572,0.37000000000000005,101.69428571428571,0.15754368995131054,Low Risk,deposit funding mix (+0.049); three-year capital trend (+0.005); deposit growth (+0.003),False,,1
601628,PT Bank Perekonomian Rakyat Badan Kredit Kecamatan Cilacap (Perseroda),Provinsi Jawa Tengah,Kab. Cilacap,-7.3498505,109.0548391,12.17,1.54,88.32,67.17,28.47,43.72,2.5299999999999994,-0.77,5.709999999999994,-0.3200000000000003,6.563999999999998,2.3259999999999996,83.728,14.1325,0.9087500000000001,92.14625000000001,0.15754025445609196,Low Risk,high NPL net (+0.037); three-year NPL net trend (+0.017); one-year NPL net movement (+0.005),False,,0
601450,PT Bank Perekonomian Rakyat Trihasta Prasodjo,Provinsi Jawa Tengah,Kab. Karanganyar,-7.5709318,110.8252692,4.19,3.74,79.55,105.8,32.33,12.42,-3.4699999999999998,-0.11999999999999966,2.6099999999999994,0.639999999999997,16.171,-0.8330000000000002,107.749,14.687142857142858,0.0985714285714285,102.97857142857143,0.15720948805803167,Low Risk,three-year NPL net trend (+0.015); loan-to-deposit position (+0.009); NPL net versus bank history (+0.008),False,,0
600660,PT Bank Perekonomian Rakyat Bank Guna Daya,Provinsi Jawa Tengah,Kab. Boyolali,-7.5177312,110.585094,7.45,1.82,88.06,79.9,21.07,5.74,4.44,-0.20999999999999974,-0.6599999999999966,-3.84,5.914,2.068,86.78200000000001,11.168571428571429,1.2885714285714285,92.98714285714287,0.15719875948751116,Low Risk,one-year NPL net movement (+0.016); high NPL net (+0.014); three-year NPL net trend (+0.012),False,,0
600630,PT. BPR BKK Temanggung (Perseroda),Provinsi Jawa Tengah,Kab. Temanggung,-7.2379171,109.962124,6.96,3.87,81.75,78.55,20.31,9.08,-0.08000000000000007,0.5500000000000003,9.150000000000006,1.3599999999999994,18.765,1.375,90.175,15.798333333333332,1.8266666666666664,87.88,0.1565417625094361,Low Risk,ROA versus bank history (+0.021); three-year ROA trend (+0.009); high NPL net (+0.009),False,,0
601039,PT Bank Perekonomian Rakyat Sari Werdhi Sedana,Provinsi Bali,Kab. Gianyar,-8.5329853,115.3004058,1.35,3.65,72.76,88.61,63.8,37.78,-1.2799999999999998,0.08000000000000007,2.760000000000005,4.289999999999999,5.669545454545455,2.069545454545455,83.86590909090908,4.4425,2.3375000000000004,79.26375,0.15621186204390994,Low Risk,capital adequacy level (+0.041); operating efficiency pressure (+0.011); one-year KPMM movement (+0.004),False,,0
600949,PD. BPR Bank Daerah Kab. Kediri,Provinsi Jawa Timur,Kab. Kediri,-7.8974324,111.9542242,1.71,1.94,88.85,120.62,28.21,22.83,-0.17999999999999994,-2.4200000000000004,7.239999999999995,-8.159999999999997,10.764999999999999,3.880714285714286,82.28571428571429,9.754999999999999,4.1274999999999995,83.15875,0.15615495894726583,Low Risk,one-year ROA movement (+0.023); three-year capital trend (+0.019); funding pressure (+0.011),False,,0
600679,PT Bank Perekonomian Rakyat Rejeki Insani,Provinsi Jawa Tengah,Kota Surakarta/Solo,-7.5598819,110.8096615,6.91,1.66,86.71,83.16,27.25,17.56,3.45,-0.4600000000000002,4.509999999999991,-7.710000000000001,14.9375,0.6283333333333333,96.78916666666667,14.450000000000001,0.5042857142857143,101.01285714285713,0.15574179255941764,Low Risk,three-year capital trend (+0.014); three-year NPL net trend (+0.012); high NPL net (+0.010),False,,0
600188,PT Bank Perekonomian Rakyat Nehemia,Provinsi Jawa Barat,Kab. Bandung Barat,-6.8429322,107.4828626,2.68,0.16,98.75,75.72,123.19,10.18,-0.16999999999999993,-0.12999999999999998,0.9500000000000028,1.0600000000000023,8.3,3.295,84.76499999999999,8.008571428571429,3.4471428571428575,92.25571428571428,0.15545963089170128,Low Risk,capital adequacy level (+0.027); deposit funding mix (+0.022); asset scale (+0.006),False,,0
601845,PT Bank Perekonomian Rakyat Aruna Nirmaladuta,Provinsi Bali,Kab. Gianyar,-8.5478388,115.3082183,3.75,1.87,82.54,77.42,19.86,16.75,-5.4399999999999995,1.09,-7.679999999999993,1.8099999999999987,5.5604545454545455,2.1504545454545454,83.42136363636364,3.49375,2.6625,78.17625000000001,0.15540763056723073,Low Risk,three-year BOPO trend (+0.021); three-year capital trend (+0.013); one-year NPL net movement (+0.012),False,,0
601309,PT Bank Perekonomian Rakyat Arta Pundi Mekar,Provinsi Jawa Barat,Kota Bekasi,-6.2388071,106.7913684,0.97,2.36,89.12,150.19,26.02,14.51,-0.43999999999999995,0.33999999999999986,-2.539999999999992,-0.8599999999999994,17.766774193548386,-1.979032258064516,119.78451612903227,26.75,0.11,98.84,0.15487731400593566,Low Risk,deposit funding mix (+0.031); loan-to-deposit position (+0.007); provision coverage (+0.002),False,,1
600044,PT Bank Perekonomian Rakyat Bina Dana Swadaya,Provinsi DKI Jakarta,Wil. Kota Jakarta Selatan,-6.2222564,106.8441463,19.04,-4.96,130.86,64.02,10.4,17.62,-12.27,-1.1800000000000002,-4.7099999999999795,0.5800000000000001,13.629999999999999,3.1199999999999997,82.86000000000001,20.075000000000003,-0.7175,130.405,0.15453229447489097,Low Risk,high NPL net (+0.034); three-year BOPO trend (+0.008); deposit funding mix (+0.004),False,,0
601846,PT Bank Perekonomian Rakyat Varis Mandiri,Provinsi Bali,Kab. Badung,-8.6011878,115.1579196,3.13,1.37,88.81,90.36,27.83,19.04,0.21999999999999975,0.7200000000000001,-6.269999999999996,-4.890000000000001,6.707391304347826,1.7236956521739129,87.01304347826087,5.37,1.4375,85.95875000000001,0.15449852021107624,Low Risk,three-year capital trend (+0.017); three-year BOPO trend (+0.008); asset growth (+0.006),False,,0
601021,PT Bank Perekonomian Rakyat Nusamba Manggis,Provinsi Bali,Kab. Karangasem,-8.4392791,115.4297524,3.49,3.06,79.99,71.49,25.36,16.43,-2.88,0.43999999999999995,-4.540000000000006,2.34,7.079999999999999,2.87,80.41999999999999,2.7225,2.34375,80.3425,0.15393011089476866,Low Risk,three-year BOPO trend (+0.035); ROA versus bank history (+0.022); one-year BOPO movement (+0.004),False,,0
601158,PT Bank Perekonomian Rakyat Modern Express,Provinsi Maluku,Kota Ambon,-3.7000482,128.1816689,1.09,4.03,72.85,91.84,16.02,21.6,0.06000000000000005,-1.71,2.0999999999999943,-0.9800000000000004,,,,11.362,0.9000000000000001,89.826,0.1534504648896835,Low Risk,funding pressure (+0.037); operating efficiency pressure (+0.016); one-year ROA movement (+0.008),False,,0
601125,PT Bank Perekonomian Rakyat Dhanarta Dwiprima Kota Bontang,Provinsi Kalimantan Timur,Kota Bontang,0.1317424,117.4839005,9.42,-14.97,193.01,37.99,47.44,87.75,0.9100000000000001,-15.05,91.38,21.929999999999996,4.415,6.12,74.54499999999999,3.72875,0.7625000000000002,96.24624999999999,0.15338045061412847,Low Risk,one-year KPMM movement (+0.026); loan growth (+0.012); loan-to-deposit position (+0.007),False,,0
602611,Perumda BPR Marunting Sejahtera,Provinsi Kalimantan Tengah,Kab. Kotawaringin Barat,-2.6752043,111.6280842,9.22,1.46,89.41,53.98,41.64,54.03,2.460000000000001,-1.5499999999999998,8.769999999999996,0.04999999999999716,1.2999999999999998,10.704999999999998,65.42,7.508750000000001,3.9875,87.01875,0.15312567962818374,Low Risk,high NPL net (+0.028); one-year NPL net movement (+0.010); loan growth (+0.007),False,,0
601864,PT Bank Perekonomian Rakyat Dewata Candradana,Provinsi Bali,Kota Denpasar,-8.6026435,115.2083123,6.8,1.56,87.8,93.9,15.85,11.49,-3.1499999999999995,0.7200000000000001,-6.8700000000000045,-0.019999999999999574,9.877142857142857,1.2771428571428574,91.19047619047619,6.7299999999999995,1.6042857142857143,90.10714285714286,0.15248459846461124,Low Risk,three-year BOPO trend (+0.026); asset growth (+0.012); high NPL net (+0.006),False,,0
601348,PT Bank Perekonomian Rakyat Sahabat Sejati,Provinsi Jawa Barat,Kab. Cirebon,-6.804267,108.4323887,6.16,0.88,94.72,84.11,22.58,18.42,0.7700000000000005,-1.25,4.810000000000002,1.5999999999999979,10.6175,1.8675,88.60749999999999,5.9,2.4025,85.8925,0.15239336542375245,Low Risk,funding pressure (+0.034); deposit funding mix (+0.009); NPL net versus bank history (+0.002),False,,0
601191,PT Bank Perekonomian Rakyat Gonjong Limo,Provinsi Sumatera Barat,Kab. Limapuluh Koto,-0.1795635,100.6544179,2.86,-1.07,110.85,110.27,28.2,11.5,-3.4099999999999997,-1.83,6.089999999999989,3.9499999999999993,10.288571428571428,-0.7785714285714286,107.32000000000001,6.965,0.5925,96.5125,0.15237259263448344,Low Risk,asset scale (+0.018); funding pressure (+0.013); loan-to-deposit position (+0.007),False,,0
601467,PT. BPR Daya Perdana Nusantara,Provinsi Jawa Barat,Kota Depok,-6.3572587,106.8572181,3.37,1.41,92.41,146.56,26.82,10.99,-1.2400000000000002,-0.25,0.9299999999999926,6.91,14.477500000000001,1.7720000000000002,96.94699999999999,10.622,4.630000000000001,90.83999999999999,0.1523002899326404,Low Risk,funding pressure (+0.020); loan-to-deposit position (+0.017); provision coverage (+0.004),False,,0
600715,PT Bank Perekonomian Rakyat Bhakti Daya Ekonomi,Provinsi D.I. Yogyakarta,Kab. Sleman,-7.6670783,110.4150184,6.8,0.73,93.38,71.25,30.46,9.21,1.5899999999999999,-0.050000000000000044,-0.5900000000000034,1.9200000000000017,12.188636363636363,1.462727272727273,90.11,15.253333333333336,-0.6049999999999998,104.03666666666668,0.15220580365208278,Low Risk,loan growth (+0.024); three-year NPL net trend (+0.016); high NPL net (+0.009),False,,0
601990,PT. BPR Lingga Sejahtera,Provinsi Kalimantan Tengah,Kab. Kotawaringin Barat,-2.673498,111.6361471,1.86,2.55,78.42,144.75,17.98,11.91,1.12,0.18999999999999995,-2.010000000000005,-10.61,4.98,10.159999999999998,70.91499999999999,8.42875,3.85125,88.3925,0.1518531022640392,Low Risk,funding pressure (+0.021); loan-to-deposit position (+0.012); three-year capital trend (+0.009),False,,0
602627,Perumda BPR Bank Sumedang,Provinsi Jawa Barat,Kab. Sumedang,-6.8843811,107.7712273,3.59,3.57,76.62,82.2,46.49,30.41,1.9899999999999998,-0.9499999999999997,5.1200000000000045,9.100000000000001,14.356666666666664,5.703333333333333,81.66000000000001,9.038,-2.9519999999999995,115.13200000000002,0.15168984324326285,Low Risk,one-year KPMM movement (+0.012); one-year NPL net movement (+0.007); loan growth (+0.006),False,,0
601025,PT Bank Perekonomian Rakyat Pusaka,Provinsi Bali,Kota Denpasar,-7.485443,108.3491079,3.97,1.0,91.09,58.78,50.13,25.36,-1.4700000000000002,-1.04,7.260000000000005,5.0,10.011904761904763,1.303809523809524,91.03380952380952,9.643333333333333,3.1266666666666665,84.01833333333333,0.15163437174598374,Low Risk,provision coverage (+0.044); one-year KPMM movement (+0.011); loan growth (+0.008),False,,0
601314,PT Bank Perekonomian Rakyat Xen,Provinsi Jawa Barat,Kota Depok,-6.3907421,106.816141,2.31,0.65,94.01,61.65,21.42,20.24,-4.859999999999999,0.63,-5.219999999999999,-6.689999999999998,14.5305,1.81,96.86699999999999,28.016,-1.652,109.268,0.15090448551987473,Low Risk,three-year BOPO trend (+0.051); three-year NPL net trend (+0.008); one-year LDR movement (+0.006),False,,0
602698,PT Bank Perekonomian Rakyat Bank Kotabaru Perseroda,Provinsi Kalimantan Selatan,Kab. Kota Baru,-3.2494793,116.2207901,0.59,2.81,82.86,166.04,58.37,42.39,-1.0300000000000002,-1.1,0.5900000000000034,-14.390000000000008,,,,3.6725,2.5525,78.7575,0.1508544673224153,Low Risk,one-year KPMM movement (+0.009); loan-to-deposit position (+0.009); asset growth (+0.008),False,,0
602062,PT Bank Perekonomian Rakyat Artha Jaya Mandiri,Provinsi Jawa Barat,Kota Tasikmalaya,-7.3227495,108.1259519,3.09,3.06,87.35,124.88,33.34,25.5,-3.1000000000000005,-1.85,0.7999999999999972,0.5800000000000054,5.510000000000001,2.1766666666666663,83.27333333333334,8.523333333333332,2.295,85.36000000000001,0.15067755394714236,Low Risk,funding pressure (+0.012); loan-to-deposit position (+0.004),False,,0
600802,PT Bank Perekonomian Rakyat Taman Dhana,Provinsi Jawa Timur,Kab. Sidoarjo,-7.3921664,112.6095865,0.22,5.19,75.94,151.73,55.09,21.03,0.22,0.4200000000000008,-1.75,-1.0999999999999943,13.90421052631579,-1.0826315789473682,119.42973684210529,10.7425,-17.9225,320.4925,0.15044676775546076,Low Risk,funding pressure (+0.015); provision coverage (+0.005); operating efficiency pressure (+0.005),False,,0
601109,PT Bank Perekonomian Rakyat Eka Bumi Artha,Provinsi Lampung,Kota Metro,-5.1159771,105.304943,0.47,3.43,70.13,204.08,15.99,24.27,0.13999999999999996,0.14000000000000012,-1.0900000000000034,0.13000000000000078,6.28,2.9199999999999995,93.05000000000001,16.56375,2.6025,94.73750000000001,0.15027395886831715,Low Risk,funding pressure (+0.028); operating efficiency pressure (+0.026); loan-to-deposit position (+0.008),False,,0
601902,PT Bank Perekonomian Rakyat Prima Kredit Mandiri,Provinsi Banten,Kab. Tangerang,-6.2386172,106.7089556,4.89,1.28,93.72,96.88,40.57,11.96,0.3099999999999996,-2.3099999999999996,9.469999999999999,-0.6599999999999966,12.886111111111113,2.522222222222222,94.39888888888889,14.020000000000001,3.3466666666666662,85.36333333333334,0.15009450170305888,Low Risk,deposit funding mix (+0.015); loan growth (+0.009); three-year capital trend (+0.005),False,,1
600701,PT. BPR Kusuma Sumbing,Provinsi Jawa Tengah,Kab. Temanggung,-7.286204,110.0931391,9.62,0.36,98.16,70.84,41.26,22.08,-1.4300000000000015,-0.10999999999999999,0.4899999999999949,7.829999999999998,18.321666666666665,1.9600000000000002,87.44,15.66625,2.4762500000000003,84.70375,0.15009175485971774,Low Risk,high NPL net (+0.019); one-year KPMM movement (+0.016); loan growth (+0.007),False,,0
601959,PT Bank Perekonomian Rakyat Nusantara Bona Pasogit Empat,Provinsi Sumatera Utara,Kab. Asahan,2.9340584,99.0174892,9.3,1.27,89.83,67.02,24.31,25.56,1.5200000000000005,0.26,-4.579999999999998,-0.6400000000000006,,,,4.636666666666667,3.1833333333333336,84.04,0.15006795098573697,Low Risk,high NPL net (+0.024); three-year NPL net trend (+0.009); one-year NPL net movement (+0.004),False,,0
601354,PT Bank Perekonomian Rakyat Sarikusuma Surya,Provinsi Jawa Barat,Kab. Bandung,-6.963439,107.6459457,13.18,1.38,94.8,83.52,33.08,25.44,0.9499999999999993,-2.12,7.259999999999991,4.889999999999997,8.380666666666665,2.9699999999999998,85.05933333333334,13.608749999999999,-0.5150000000000001,100.50874999999999,0.14990559033183135,Low Risk,high NPL net (+0.026); asset growth (+0.001),False,,0
600798,PT Bank Perekonomian Rakyat Bank Benta Tesa,Provinsi Jawa Timur,Kab. Sidoarjo,-7.4362957,112.7181061,3.56,1.17,87.23,28.93,48.84,10.18,3.34,-0.13000000000000012,-1.3399999999999892,-1.1099999999999994,13.816315789473686,-0.9768421052631576,119.1326315789474,12.021666666666667,1.1983333333333335,88.79666666666667,0.14986074055111234,Low Risk,deposit funding mix (+0.043); one-year NPL net movement (+0.008); three-year NPL net trend (+0.002),False,,0
601056,PT Bank Perekonomian Rakyat Saraswati Eka Bumi,Provinsi Bali,Kab. Badung,-8.721559,115.1824565,4.83,1.01,90.69,94.37,30.06,15.19,1.5,-0.1499999999999999,-0.18999999999999773,-3.4899999999999984,6.670434782608696,1.7315217391304345,86.97217391304348,8.936666666666667,1.2633333333333334,91.26166666666667,0.14959513517455109,Low Risk,deposit funding mix (+0.032); one-year NPL net movement (+0.008); three-year capital trend (+0.007),False,,0
601053,PT Bank Perekonomian Rakyat Urban Bali,Provinsi Bali,Kab. Badung,-8.6367948,115.1780143,2.71,1.21,86.16,74.13,26.58,13.17,2.4,-0.44999999999999996,2.3100000000000023,-3.3400000000000034,6.716521739130435,1.7271739130434782,87.07065217391305,4.96375,1.5825,85.63999999999999,0.14922440314335209,Low Risk,provision coverage (+0.032); three-year capital trend (+0.019); one-year LDR movement (+0.006),False,,0
601233,PT BANK PEREKONOMIAN RAKYAT NARIBI PERKASA,Provinsi Jawa Barat,Kota Depok,-6.3911793,106.8236827,6.52,0.42,97.39,123.53,28.46,16.84,0.02999999999999936,-2.47,9.260000000000005,-2.4899999999999984,14.320000000000002,1.8215,96.698,25.168333333333333,-0.47833333333333333,102.72333333333331,0.1491040687639887,Low Risk,three-year NPL net trend (+0.014); funding pressure (+0.011); loan-to-deposit position (+0.007),False,,0
602668,PT Bank Perekonomian Rakyat Bahteramas Baubau (Perseroda),Provinsi Sulawesi Tenggara,Kota Bau-Bau,-5.4624953,122.6016864,1.61,1.66,91.2,87.35,16.43,31.49,-0.08999999999999986,0.96,2.8900000000000006,-0.7800000000000011,11.19,2.91,85.93999999999998,9.4625,5.10625,82.485,0.1489416916320429,Low Risk,ROA versus bank history (+0.025); funding pressure (+0.019); deposit funding mix (+0.005),False,,0
601033,PT Bank Perekonomian Rakyat Tapa,Provinsi Bali,Kab. Badung,-8.6769382,115.1368389,1.25,2.73,79.3,73.15,27.59,13.33,-5.61,-0.010000000000000231,-0.8700000000000045,-7.099999999999998,6.748260869565217,1.6941304347826085,87.21978260869564,4.6085714285714285,1.832857142857143,85.05857142857143,0.14854984084059783,Low Risk,three-year BOPO trend (+0.034); operating efficiency pressure (+0.008); NPL net versus bank history (+0.008),False,,0
600837,PT Bank Perekonomian Rakyat Nusumma Jatim,Provinsi Jawa Timur,Kab. Jombang,-7.5736298,112.2041409,1.66,4.44,73.18,119.27,21.29,11.62,0.69,-0.08999999999999986,1.0700000000000074,5.039999999999999,12.473333333333334,5.47,78.90833333333333,12.3925,0.25250000000000006,107.71,0.1483468957703768,Low Risk,operating efficiency pressure (+0.027); one-year LDR movement (+0.009); provision coverage (+0.005),False,,0
601225,PT Bank Perekonomian Rakyat Batang Kapas,Provinsi Sumatera Barat,Kab. Pesisir Selatan,-1.345943,100.4732556,4.91,1.99,84.58,89.74,23.77,18.02,2.69,-0.2100000000000002,0.3999999999999915,-1.6400000000000006,4.39,1.6966666666666665,88.61666666666667,4.245,2.595,85.39,0.14797633968645046,Low Risk,three-year capital trend (+0.013); three-year NPL net trend (+0.010); loan-to-deposit position (+0.007),False,,0
602473,PT BPR Majo Lelo Sati Tambun Ijuk,Provinsi Sumatera Barat,Kab. Limapuluh Koto,-0.2031022,100.5896996,1.05,2.03,87.4,103.06,35.36,10.94,-0.8399999999999999,0.5299999999999998,-1.7399999999999949,8.399999999999999,10.547142857142857,-1.2214285714285715,110.67,7.4174999999999995,-0.18249999999999994,102.375,0.14790344501816058,Low Risk,ROA versus bank history (+0.016); loan-to-deposit position (+0.007); one-year KPMM movement (+0.007),False,,0
600823,PT Bank Perekonomian Rakyat Sulawesi Mandiri,Provinsi Sulawesi Selatan,Kota Makassar,-5.1613341,119.410109,1.84,-1.06,102.63,75.01,13.11,12.24,-15.370000000000001,1.8199999999999998,-11.900000000000006,5.8,4.704285714285715,-1.8714285714285714,119.72571428571429,4.268571428571429,-2.911428571428572,133.2557142857143,0.14773287748724406,Low Risk,deposit funding mix (+0.038); three-year capital trend (+0.013); one-year ROA movement (+0.007),False,,0
601384,PT Bank Perekonomian Rakyat Hidup Artha Putra,Provinsi Jawa Tengah,Kab. Pemalang,-6.8885405,109.1718586,5.98,1.61,87.31,97.23,38.2,7.38,1.6400000000000006,-0.47999999999999976,4.740000000000009,-4.1299999999999955,34.36333333333333,-2.57,120.06,22.497500000000002,2.0475,88.455,0.14748354763951144,Low Risk,one-year NPL net movement (+0.008); loan-to-deposit position (+0.008); deposit funding mix (+0.007),False,,0
601296,PT Bank Perekonomian Rakyat Mitra Daya Mandiri,Provinsi Jawa Barat,Kab. Bogor,-6.2381989,106.5440989,1.45,2.79,90.62,82.69,30.47,15.51,-0.95,-3.4699999999999998,9.680000000000007,0.34999999999999787,17.64375,1.2000000000000002,105.57624999999999,14.813999999999998,1.3780000000000001,103.66400000000002,0.14735292785544574,Low Risk,one-year ROA movement (+0.025); funding pressure (+0.015); high NPL net (+0.013),False,,1
600706,PT. BPR BKK Kebumen (Perseroda),Provinsi Jawa Tengah,Kab. Kebumen,-7.645502,109.5319875,5.81,1.89,85.05,81.29,24.45,21.99,0.5099999999999998,-1.36,10.469999999999999,1.009999999999998,9.442499999999999,2.8125,81.0175,12.868571428571428,2.275714285714286,83.85714285714286,0.14677036457212586,Low Risk,loan growth (+0.031); three-year NPL net trend (+0.012); asset growth (+0.002),False,,0
600018,PT Bank Perekonomian Rakyat Nusantara Bona Pasogit Dua Puluh Lima,Provinsi Sumatera Utara,Kab. Deli Serdang,3.13109,98.1237286,6.39,1.98,86.85,70.54,28.18,12.49,-5.6000000000000005,-0.04999999999999982,-2.5600000000000023,-3.539999999999999,6.134666666666666,1.237333333333333,100.56133333333334,4.864285714285714,1.8328571428571425,89.26571428571427,0.14567269984022654,Low Risk,three-year NPL net trend (+0.015); asset growth (+0.003); three-year capital trend (+0.002),False,,0
601454,PT Bank Perekonomian Rakyat Taruna Adidaya Santosa,Provinsi Jawa Tengah,Kab. Kudus,-6.8297203,110.8255294,7.69,2.16,85.42,77.59,43.63,12.96,-3.999999999999999,-0.2599999999999998,1.4500000000000028,1.0700000000000003,21.026000000000003,1.152,92.65199999999999,15.804285714285713,1.6585714285714286,89.4042857142857,0.14486644945250474,Low Risk,high NPL net (+0.021); deposit funding mix (+0.014); capital adequacy level (+0.003),False,,0
600007,PT Bank Perekonomian Rakyat Cikarang Raharja,Provinsi Jawa Barat,Kab. Bekasi,-6.2584032,107.1336666,21.7,-4.55,137.12,42.17,13.42,25.72,-2.2699999999999996,-4.55,-68.84,-1.2100000000000009,16.707619047619048,-0.6157142857142857,97.97714285714285,11.28,0.585,46.725,0.14428602093557985,Low Risk,high NPL net (+0.016); one-year BOPO movement (+0.013); loan growth (+0.009),False,,0
602042,PT Bank Perekonomian Rakyat Sarimadu (Perseroda),Provinsi Riau,Kab. Kampar,0.2400797,100.8842169,8.89,-4.72,124.92,98.87,19.81,10.66,-4.459999999999999,-0.5,4.969999999999999,1.2899999999999991,,,,2.35,1.4360000000000002,90.686,0.1441143642772354,Low Risk,high NPL net (+0.032); loan-to-deposit position (+0.009); asset growth (+0.002),False,,0
600866,PT Bank Perekonomian Rakyat BPR Kota Pasuruan Perseroda,Provinsi Jawa Timur,Kota Pasuruan,-7.6427507,112.8873166,2.22,2.49,79.12,104.36,36.2,28.86,-2.2600000000000002,-0.46999999999999975,0.29000000000000625,3.970000000000006,,,,27.115,0.18500000000000005,104.45,0.14376213428272222,Low Risk,loan-to-deposit position (+0.011); loan growth (+0.008); one-year LDR movement (+0.008),False,,0
601878,PT Bank Perekonomian Rakyat Banyu Arthacitra,Provinsi Jawa Tengah,Kab. Cilacap,-7.6092149,108.8502576,3.02,2.65,84.26,83.97,28.32,20.56,0.9100000000000001,-0.8300000000000001,3.760000000000005,-2.0599999999999987,8.393999999999998,2.104,84.53999999999999,6.6899999999999995,2.2314285714285718,84.37,0.14325313288760155,Low Risk,three-year NPL net trend (+0.014); three-year capital trend (+0.006); asset growth (+0.003),False,,0
602708,PT Bank Perekonomian Rakyat Danamas Belu,Provinsi Nusa Tenggara Timur,Kab. Belu,-9.1076766,124.8954638,3.56,-3.98,123.84,66.25,48.6,21.4,-0.14000000000000012,-2.51,13.560000000000002,-4.780000000000001,9.77,2.98,80.96000000000001,9.502857142857142,3.1799999999999997,82.76714285714286,0.14281832236870223,Low Risk,loan growth (+0.016); three-year capital trend (+0.013); operating efficiency pressure (+0.005),False,,0
600598,PT Bank Perekonomian Rakyat Artha Mertoyudan,Provinsi Jawa Tengah,Kab. Magelang,-7.5727105,109.6400728,6.3,2.46,81.24,91.6,39.94,11.35,0.04999999999999982,-0.9100000000000001,7.699999999999989,2.6400000000000006,13.427272727272726,1.1654545454545455,91.20545454545454,13.92625,1.88,86.60499999999999,0.1426991917671548,Low Risk,capital adequacy level (+0.007); loan growth (+0.004); one-year ROA movement (+0.003),False,,0
600799,PT Bank Perekonomian Rakyat Ukabima Lestari,Provinsi Kep. Bangka Belitung,Kota Pangkal Pinang,-2.1791163,106.0846874,0.6,7.57,68.69,93.38,21.45,28.74,-0.67,-0.20999999999999996,0.09999999999999432,-2.1099999999999994,9.67,3.120000000000001,81.80000000000001,5.7299999999999995,3.1350000000000002,82.99333333333334,0.14229936361621565,Low Risk,operating efficiency pressure (+0.021); three-year capital trend (+0.019); cash liquidity position (+0.006),False,,0
601147,PT Bank Perekonomian Rakyat Agrimakmur Lestari,Provinsi Sulawesi Barat,Kab. Mamuju Utara,-1.5406752,119.4022307,0.2,6.01,55.67,81.92,39.44,47.74,-0.46,0.02999999999999936,-0.5499999999999972,-1.7899999999999991,,,,3.8383333333333334,2.8333333333333335,86.32666666666667,0.14192587796243664,Low Risk,operating efficiency pressure (+0.027); profitability level (+0.014); three-year capital trend (+0.004),False,,0
601872,PT BANK PEREKONOMIAN RAKYAT NUSANTARA BONA PASOGIT DUA PULUH,Provinsi Sumatera Utara,Kab. Deli Serdang,-1.2771515,97.3830704,7.11,2.14,90.17,86.56,14.31,18.57,2.5600000000000005,-0.2599999999999998,0.8299999999999983,-1.5199999999999996,6.086666666666667,1.2266666666666663,100.33999999999999,2.3366666666666664,3.063333333333334,87.42999999999999,0.1418318462776172,Low Risk,high NPL net (+0.017); three-year capital trend (+0.011); three-year NPL net trend (+0.011),False,,0
601672,PT Bank Perekonomian Rakyat Raga Surya Nuansa,Provinsi Jawa Timur,Kab. Ponorogo,-7.9666909,111.305869,9.53,0.46,95.21,64.62,18.78,46.17,-1.9900000000000002,-0.51,3.809999999999988,-0.5799999999999983,6.0425,3.53,78.3575,5.5633333333333335,3.6,77.715,0.14136994256775173,Low Risk,high NPL net (+0.029); three-year NPL net trend (+0.013); NPL net versus bank history (+0.011),False,,0
600075,PT. BPR Hidup Arthagraha,Provinsi Jawa Tengah,Kab. Magelang,-7.5794515,110.2796237,2.58,2.08,82.96,80.51,33.38,20.68,-1.88,0.6300000000000001,-3.710000000000008,1.5900000000000034,13.765454545454544,1.2000000000000002,91.0490909090909,15.605,-0.55375,102.57,0.14029554548265827,Low Risk,loan growth (+0.033); one-year ROA movement (+0.005); provision coverage (+0.004),False,,0
602604,PT Bank Perekonomian Rakyat Christa Jaya Perdana,Provinsi Nusa Tenggara Timur,Kota Kupang,-10.1710459,123.5954357,2.74,2.84,84.3,87.87,42.48,13.05,-0.8499999999999996,0.3899999999999997,0.1700000000000017,-3.8000000000000043,10.802,3.2880000000000003,82.82199999999999,9.620000000000001,2.2057142857142855,88.41571428571429,0.13993456361676526,Low Risk,funding pressure (+0.020); capital adequacy level (+0.007); loan-to-deposit position (+0.003),False,,0
601197,PT Bank Perekonomian Rakyat Gudam,Provinsi Sumatera Barat,Kab. Tanah Datar,-0.423586,100.437326,5.19,-2.71,120.64,75.77,16.39,16.75,-5.2299999999999995,2.54,-17.959999999999994,-4.099999999999998,16.965,-1.7925000000000002,112.1275,11.666666666666666,-1.7700000000000002,112.52666666666666,0.13974045870698215,Low Risk,three-year NPL net trend (+0.009); one-year ROA movement (+0.007); one-year BOPO movement (+0.006),False,,0
601046,PT Bank Perekonomian Rakyat Sri Partha Bali,Provinsi Bali,Kota Denpasar,-8.6595675,115.2023667,0.0,0.24,101.47,65.29,44.64,15.68,0.0,-1.03,9.200000000000003,-4.530000000000001,10.200952380952382,1.3400000000000003,90.5395238095238,11.71125,1.59625,88.94749999999999,0.1391160716190632,Low Risk,provision coverage (+0.027); capital adequacy level (+0.005); one-year LDR movement (+0.004),False,,0
601165,PT BANK PEREKONOMIAN RAKYAT LUMBUNG PITIH NAGARI TARANTANG,Provinsi Sumatera Barat,Kab./Kota Lainnya - Provinsi Sumatera Barat,-0.6746875,100.395847,3.35,-1.63,111.85,81.47,13.85,24.71,-2.2499999999999996,-1.8099999999999998,11.61,-2.040000000000001,4.3500000000000005,3.42,82.77999999999999,8.338,0.584,103.76199999999999,0.13875630092986602,Low Risk,loan growth (+0.020); one-year LDR movement (+0.014); asset scale (+0.007),False,,0
601735,PT Bank Perekonomian Rakyat Caruban Indah,Provinsi Jawa Timur,Kab. Madiun,-7.6160505,111.5520772,4.76,2.59,84.1,76.08,28.33,34.82,3.2699999999999996,-0.8000000000000003,2.280000000000001,2.0599999999999987,11.081666666666665,3.08,87.855,11.313333333333333,2.473333333333333,84.85166666666667,0.13691218231833632,Low Risk,three-year NPL net trend (+0.009); one-year LDR movement (+0.005); one-year NPL net movement (+0.005),False,,0
601022,PT Bank Perekonomian Rakyat Nusamba Mengwi,Provinsi Bali,Kab. Badung,-8.5846318,115.1522062,6.43,1.99,85.35,57.39,20.55,21.44,-0.41999999999999993,1.02,-7.410000000000011,1.0600000000000023,6.635652173913043,1.710217391304348,87.08826086956522,7.76125,2.165,86.975,0.1363389597314333,Low Risk,three-year BOPO trend (+0.028); one-year BOPO movement (+0.010); one-year ROA movement (+0.009),False,,0
600855,PT Bank Perekonomian Rakyat Jwalita Trenggalek Perseroda,Provinsi Jawa Timur,Kab. Trenggalek,-8.0871842,111.6519502,3.53,2.4,82.28,40.48,27.62,26.98,1.0399999999999996,-0.06000000000000005,-0.18999999999999773,-0.9499999999999993,,,,3.9480000000000004,4.784000000000001,76.526,0.13621063528452682,Low Risk,one-year LDR movement (+0.022); high NPL net (+0.004); loan growth (+0.003),False,,0
601260,PT Bank Perekonomian Rakyat Sarana Utama Multidana,Provinsi DKI Jakarta,Wil. Kota Jakarta Pusat,-6.1903132,106.80309,3.77,0.77,93.88,91.24,12.16,8.73,-0.3400000000000003,-0.26,2.2299999999999898,-0.28999999999999915,19.48857142857143,-3.5542857142857147,148.58785714285713,30.175714285714285,-7.235714285714287,189.51142857142855,0.13620142197284577,Low Risk,deposit funding mix (+0.043); three-year capital trend (+0.007); deposit growth (+0.003),False,,0
601963,PT Bank Perekonomian Rakyat Nusantara Bona Pasogit Satu,Provinsi Sumatera Utara,Kab. Tapanuli Utara,2.2078134,98.969089,6.41,2.66,88.35,83.26,27.62,11.85,-0.4900000000000002,0.3600000000000003,-1.9200000000000017,-1.0399999999999991,,,,4.890000000000001,2.981666666666667,85.88833333333334,0.1357206048077612,Low Risk,three-year ROA trend (+0.003); asset growth (+0.002); three-year BOPO trend (+0.001),False,,1
600842,PT Bank Perekonomian Rakyat Surasari Hutama,Provinsi Jawa Timur,Kab. Pasuruan,-7.566954,112.6659616,0.08,9.94,62.78,96.12,18.48,18.28,-0.009999999999999995,0.9199999999999999,-3.6400000000000006,0.879999999999999,17.459999999999997,7.03,90.12818181818183,25.18,-0.7225,105.33250000000001,0.13542600879151054,Low Risk,operating efficiency pressure (+0.017); ROA versus bank history (+0.012); profitability level (+0.005),False,,0
600668,PT Bank Perekonomian Rakyat Bank Daerah Karanganyar (Perseroda),Provinsi Jawa Tengah,Kab. Karanganyar,-7.5951744,110.9414144,3.92,1.29,89.51,96.99,23.89,12.24,-0.41000000000000014,-0.09999999999999987,0.8400000000000034,-0.259999999999998,16.198,-0.5880000000000001,106.753,16.37,0.17666666666666675,103.29333333333334,0.1351282942986854,Low Risk,NPL net versus bank history (+0.014); three-year NPL net trend (+0.010); loan-to-deposit position (+0.008),False,,0
600889,PT Bank Perekonomian Rakyat Duta Kepulauan Riau,Provinsi Kep. Riau,Kota Tanjung Pinang,0.9249543,104.4459741,3.24,1.96,84.61,108.29,21.59,9.25,-1.4799999999999995,-0.6099999999999999,0.7800000000000011,-5.850000000000001,6.33875,1.74125,86.72875,6.338749999999999,1.74125,86.72874999999999,0.13437102099209222,Low Risk,three-year capital trend (+0.012); deposit funding mix (+0.011); loan-to-deposit position (+0.008),False,,0
601011,PT Bank Perekonomian Rakyat Sari Sedana,Provinsi Bali,Kota Denpasar,-8.6998016,115.1761013,0.39,1.36,87.31,69.69,47.04,20.87,0.31,0.44000000000000006,-3.1200000000000045,-6.030000000000001,10.182380952380953,1.2866666666666668,91.21380952380953,10.94,3.2199999999999998,79.495,0.13375398532190153,Low Risk,three-year capital trend (+0.010); NPL net versus bank history (+0.004); deposit funding mix (+0.004),False,,0
602026,PT Bank Perekonomian Rakyat Lampung Bina Sejahtera,Provinsi Lampung,Kota Bandar Lampung,-5.4313526,105.251273,0.53,4.42,72.66,88.15,19.28,29.01,-0.2899999999999999,-0.16999999999999993,0.1599999999999966,-1.7699999999999996,7.53,3.438181818181818,78.6209090909091,6.864285714285714,3.375714285714286,78.18857142857142,0.13358001616843884,Low Risk,three-year capital trend (+0.016); operating efficiency pressure (+0.010); cash liquidity position (+0.006),False,,0
602679,PT Bank Perekonomian Rakyat Utomo Manunggal Sejahtera Sumsel,Provinsi Sumatera Selatan,Kab. Ogan Komering Ulu,-4.2187042,104.1721409,0.2,2.3,82.35,140.71,14.41,16.4,-0.42,-0.1200000000000001,1.3999999999999915,-3.09,8.23,2.5500000000000003,86.585,6.448571428571428,3.294285714285714,79.72285714285714,0.13339576950849394,Low Risk,funding pressure (+0.016); one-year KPMM movement (+0.011); deposit funding mix (+0.010),False,,0
601837,PT Bank Perekonomian Rakyat Sadana Utama Bali,Provinsi Bali,Kab. Badung,-8.6077066,115.1838267,0.82,1.13,92.93,63.73,37.39,15.23,0.5499999999999999,0.41999999999999993,0.010000000000005116,-3.950000000000003,6.757608695652174,1.728913043478261,86.92347826086957,6.168571428571428,2.062857142857143,85.89999999999999,0.13293318039616353,Low Risk,provision coverage (+0.025); three-year capital trend (+0.009); one-year LDR movement (+0.004),False,,0
601470,PT Bank Perekonomian Rakyat SAS,Provinsi Jawa Tengah,Kab. Kebumen,-7.6384277,109.4496624,3.52,3.97,77.28,89.93,19.61,9.47,1.92,0.5100000000000002,-2.5600000000000023,0.34999999999999787,10.014999999999999,2.2925,82.96000000000001,9.102857142857143,2.587142857142857,80.46714285714286,0.132208746497668,Low Risk,one-year NPL net movement (+0.008); deposit funding mix (+0.006); loan growth (+0.004),False,,0
601931,PT Bank Perekonomian Rakyat Perbaungan Hombar Makmur,Provinsi Sumatera Utara,Kab. Serdang Bedagai,3.5673577,98.9574411,2.97,4.68,74.62,74.58,28.58,21.4,0.4400000000000004,-0.23000000000000043,-0.19999999999998863,-0.9700000000000024,5.629999999999999,-1.5099999999999998,109.32999999999998,5.220000000000001,5.712,75.988,0.1320169247760245,Low Risk,profitability level (+0.007); operating efficiency pressure (+0.003); deposit funding mix (+0.002),False,,0
602068,PT Bank Perekonomian Rakyat Siliwangi Kota Tasikmalaya,Provinsi Jawa Barat,Kota Tasikmalaya,-7.3490451,108.2188646,2.33,0.91,95.54,90.12,13.79,25.85,-0.9199999999999999,-0.21999999999999986,3.1500000000000057,-0.45000000000000107,5.763333333333333,2.893333333333333,80.54333333333334,9.495999999999999,2.218,83.16799999999999,0.13161137824242433,Low Risk,funding pressure (+0.027); three-year capital trend (+0.009); loan growth (+0.007),False,,0
602607,PT Bank Perekonomian Rakyat Central Sejahtera,Provinsi Kep. Riau,Kota Tanjung Pinang,0.9211816,104.4565173,3.5,2.61,80.14,80.1,18.88,12.79,0.27,-1.27,6.959999999999994,-1.8500000000000014,6.30625,1.6600000000000001,87.28750000000001,6.30625,1.66,87.2875,0.13149267669289572,Low Risk,three-year capital trend (+0.010); asset growth (+0.008); three-year NPL net trend (+0.005),False,,0
600996,PT Bank Perekonomian Rakyat Sari Dananiaga,Provinsi Bali,Kab. Tabanan,-8.5572069,115.1366682,2.1,1.93,85.31,85.72,44.7,37.21,-1.9499999999999997,-0.8600000000000001,4.590000000000003,-0.10999999999999943,10.401176470588235,0.7370588235294119,92.32823529411765,11.938571428571427,-0.12714285714285722,95.34,0.13119413619084955,Low Risk,one-year LDR movement (+0.010); capital adequacy level (+0.003); loan growth (+0.003),False,,0
601316,PT Bank Perekonomian Rakyat Dian Faraqo Gemilang,Provinsi Jawa Barat,Kota Bekasi,-6.2327065,106.961352,3.12,2.0,91.02,92.0,17.58,10.56,-15.54,-0.96,-1.0200000000000102,1.1999999999999993,17.69741935483871,-1.9674193548387098,119.72322580645161,14.452000000000002,1.546,109.28600000000002,0.13096439917146627,Low Risk,loan growth (+0.020); funding pressure (+0.009); loan-to-deposit position (+0.003),False,,0
601505,PT BPR BKK Kudus (Perseroda),Provinsi Jawa Tengah,Kab. Kudus,-6.8176507,110.7763751,9.9,2.12,82.31,53.55,23.2,22.13,-3.25,-0.75,5.359999999999999,2.9800000000000004,20.584,1.16,93.27399999999999,15.488571428571428,1.6642857142857144,89.84857142857143,0.13068258252780923,Low Risk,high NPL net (+0.029); NPL net versus bank history (+0.010); one-year NPL net movement (+0.010),False,,0
601791,PT Bank Perekonomian Rakyat Sentral Investasi Prima,Provinsi Jawa Barat,Kota Bandung,-6.9285132,107.6035165,4.1,-0.33,104.02,144.47,39.76,30.15,-0.9900000000000002,-2.19,9.929999999999993,0.509999999999998,10.651379310344828,0.00793103448275861,100.63275862068966,7.265,1.0175,93.04374999999999,0.13063045582347627,Low Risk,three-year capital trend (+0.009); loan-to-deposit position (+0.005); one-year LDR movement (+0.004),False,,0
601828,PT Bank Perekonomian Rakyat Cahaya Binawerdi,Provinsi Bali,Kab. Badung,-8.6296762,114.9403193,7.99,0.66,93.86,35.3,23.79,23.15,-2.4499999999999993,0.87,-7.320000000000007,0.33999999999999986,6.601739130434782,1.7391304347826086,86.90326086956522,12.598571428571429,-0.16571428571428573,98.0657142857143,0.13059861376449525,Low Risk,high NPL net (+0.024); one-year ROA movement (+0.007); one-year NPL net movement (+0.006),False,,0
600615,PT Bank Perekonomian Rakyat Badan Kredit Kecamatan Wonosobo (Perseroda),Provinsi Jawa Tengah,Kab. Wonosobo,-7.4159755,109.8895614,5.65,2.18,87.12,110.56,30.43,22.76,-2.9800000000000004,0.18000000000000016,-0.6599999999999966,1.7100000000000009,18.919999999999998,2.1199999999999997,87.50999999999999,12.081428571428571,2.414285714285714,83.57428571428571,0.13006854562288742,Low Risk,loan-to-deposit position (+0.010); three-year capital trend (+0.008); three-year ROA trend (+0.003),False,,0
601866,PT Bank Perekonomian Rakyat Sari Jaya Sedana,Provinsi Bali,Kab. Klungkung,-8.5409608,115.4141239,3.58,2.44,79.9,63.52,34.32,30.26,-0.7000000000000002,-0.14000000000000012,-1.9199999999999875,-2.219999999999999,2.8125,2.5450000000000004,80.5375,2.73375,2.445,80.065,0.13000549218181126,Low Risk,three-year BOPO trend (+0.018); operating efficiency pressure (+0.003); asset growth (+0.001),False,,0
601851,PT Bank Perekonomian Rakyat Mitra Bali Srisedana Mandiri,Provinsi Bali,Kab. Gianyar,-8.5131634,115.2678501,0.77,2.16,84.64,52.23,52.39,10.75,0.6,0.44000000000000017,-1.9000000000000057,-1.2999999999999972,5.695909090909091,2.137272727272727,83.32590909090908,5.081250000000001,2.43125,78.25,0.1288253858889485,Low Risk,three-year BOPO trend (+0.018); profitability level (+0.004); one-year NPL net movement (+0.004),False,,0
600621,PT Bank Perekonomian Rakyat Citanduy Artha,Provinsi Jawa Tengah,Kab. Cilacap,-7.4486564,108.8142669,1.43,2.53,81.1,140.36,19.46,14.43,0.3699999999999999,-0.1200000000000001,1.0899999999999892,-0.39000000000000057,8.712,2.128,85.172,10.64125,1.7862500000000001,85.915,0.12867811205419294,Low Risk,funding pressure (+0.016); loan-to-deposit position (+0.007); provision coverage (+0.003),False,,0
600224,PT Bank Perekonomian Rakyat Candi Agung Amuntai,Provinsi Kalimantan Selatan,Kab. Hulu Sungai Utara,-2.4468525,115.2092218,2.6,0.07,99.25,85.5,50.95,23.3,0.040000000000000036,1.86,-13.560000000000002,5.350000000000001,,,,2.4699999999999998,2.68,79.34,0.12851749269389132,Low Risk,one-year BOPO movement (+0.015); one-year ROA movement (+0.013); three-year BOPO trend (+0.006),False,,0
601595,PT Bank Perekonomian Rakyat Badan Kredit Kecamatan Boyolali (Perseroda),Provinsi Jawa Tengah,Kab. Boyolali,-7.2609302,110.2763832,5.86,2.72,84.48,78.76,29.49,17.84,-2.3199999999999994,0.5300000000000002,-0.20000000000000284,0.10999999999999943,6.231999999999999,1.888,87.498,15.90375,4.26,78.01374999999999,0.1281998977904662,Low Risk,one-year LDR movement (+0.003); NPL net versus bank history (+0.002); three-year ROA trend (+0.002),False,,0
600304,PT BPR Tabalong Bersinar,Provinsi Kalimantan Selatan,Kab. Tabalong,-2.1637123,115.3803988,1.13,1.61,84.66,110.41,54.3,10.74,-0.9300000000000002,0.4700000000000002,-2.1200000000000045,-7.770000000000003,,,,3.205,1.91,86.63499999999999,0.12775648485035157,Low Risk,three-year BOPO trend (+0.008); capital adequacy level (+0.005); loan-to-deposit position (+0.003),False,,1
600809,PT Bank Perekonomian Rakyat Perdana Lintas Khatulistiwa,Provinsi Kalimantan Barat,Kota Pontianak,-0.0333145,109.3437311,0.8,0.94,91.66,85.24,42.98,7.29,0.66,0.51,-5.290000000000006,5.559999999999995,6.743333333333334,1.6055555555555556,86.41555555555556,5.792857142857143,0.8428571428571426,88.30428571428571,0.12752248565229551,Low Risk,capital adequacy level (+0.005); one-year LDR movement (+0.004); profitability level (+0.004),False,,0
601335,PT Bank Perekonomian Rakyat Bumi Bandung Kencana,Provinsi Jawa Barat,Kota Cimahi,-6.9162854,107.5647767,0.57,0.78,95.5,72.54,27.39,22.34,-0.07000000000000006,0.10999999999999999,-1.1200000000000045,4.010000000000002,10.670000000000002,0.11499999999999988,98.95499999999998,10.196666666666667,2.478333333333333,88.855,0.12749796366957522,Low Risk,loan growth (+0.023); one-year ROA movement (+0.006); deposit funding mix (+0.001),False,,0
601742,Koperasi Bank Perekonomian Rakyat Takeran,Provinsi Jawa Timur,Kab. Magetan,-7.6591691,111.3065735,6.59,2.57,79.43,62.15,36.88,31.58,2.67,-0.4700000000000002,2.010000000000005,-0.46000000000000085,17.266666666666666,-2.0766666666666667,102.82666666666667,9.898571428571428,2.1328571428571426,88.45000000000002,0.1271228338353646,Low Risk,one-year NPL net movement (+0.007); three-year NPL net trend (+0.007); loan growth (+0.004),False,,0
600515,PERUMDA BPR Majalengka,Provinsi Jawa Barat,Kab. Majalengka,-6.8341904,108.2364905,6.84,1.08,96.68,76.96,18.05,19.33,0.7599999999999998,-0.030000000000000027,2.4000000000000057,-0.25,,,,6.47,2.6,82.83,0.1267860056018336,Low Risk,three-year NPL net trend (+0.010); high NPL net (+0.005); NPL net versus bank history (+0.004),False,,0
602555,PT BANK PEREKONOMIAN RAKYAT BEPEDE KALTIM SEJAHTERA,Provinsi Kalimantan Timur,Kab. Kutai Kartanegara,-0.432497,116.9929363,3.0,3.24,86.82,93.48,33.49,8.57,0.8300000000000001,0.28000000000000025,-0.9300000000000068,-2.229999999999997,12.75,2.09,87.62,5.03875,-0.2462500000000003,99.70625000000001,0.1263522448435493,Low Risk,three-year capital trend (+0.007); loan-to-deposit position (+0.006),False,,0
600253,PT Bank Perekonomian Rakyat Pariangan Kota Batusangkar,Provinsi Sumatera Barat,Kab. Tanah Datar,-0.423586,100.4341731,2.9,0.86,93.29,103.72,16.55,18.65,1.0,0.010000000000000009,1.1800000000000068,-2.4499999999999993,17.537499999999998,-2.685,118.96499999999999,12.43,-2.9599999999999995,121.64333333333333,0.12588294980154763,Low Risk,three-year capital trend (+0.024); loan-to-deposit position (+0.010); profitability level (+0.004),False,,0
600140,PT Bank Perekonomian Rakyat Nusantara Bona Pasogit Tiga Puluh Empat,Provinsi Sumatera Utara,Kota Pematang Siantar,2.9641433,99.0658206,1.22,2.53,87.01,89.51,25.26,16.81,0.58,-0.3400000000000003,1.240000000000009,-7.260000000000002,,,,6.14,3.084,85.892,0.1258411013229995,Low Risk,three-year capital trend (+0.009); one-year LDR movement (+0.003); loan-to-deposit position (+0.002),False,,0
600639,PT Bank Perekonomian Rakyat Bank Brebes (Perseroda),Provinsi Jawa Tengah,Kab. Brebes,-6.9268493,108.871502,3.74,1.09,93.29,106.87,23.28,18.74,-2.0199999999999996,-0.6099999999999999,0.5200000000000102,1.6099999999999994,20.082500000000003,1.0825,92.79499999999999,21.491666666666664,-0.01833333333333324,101.69500000000001,0.12582296567676832,Low Risk,loan-to-deposit position (+0.010); one-year LDR movement (+0.009); loan growth (+0.004),False,,0
600569,PT. BPR Nusamba Cepiring,Provinsi Jawa Tengah,Kab. Kendal,-6.9462097,110.0798548,4.25,2.72,85.64,107.78,19.77,13.61,-0.7199999999999998,-1.1599999999999997,3.8900000000000006,-3.469999999999999,19.346,2.6790000000000003,84.69,18.87375,3.0025,83.6025,0.12578606336091558,Low Risk,one-year NPL net movement (+0.010); NPL net versus bank history (+0.008); loan-to-deposit position (+0.007),False,,0
602748,PT Bank Perekonomian Rakyat Dana Mulia Sejahtera,Provinsi Kep. Riau,Kota Tanjung Pinang,0.9310591,104.4387325,5.18,2.08,84.35,111.45,16.46,7.73,-1.3600000000000003,-0.009999999999999787,-0.9500000000000028,-2.0599999999999987,6.09625,1.72625,86.76125,6.0962499999999995,1.7262499999999998,86.76124999999999,0.12533037236603897,Low Risk,funding pressure (+0.016); deposit funding mix (+0.005); one-year KPMM movement (+0.004),False,,0
601001,PT Bank Perekonomian Rakyat Kusuma Mandala Jaya,Provinsi Bali,Kab. Badung,-8.6366485,115.1782897,0.86,1.38,88.45,85.47,52.13,32.25,0.13,0.11999999999999988,-0.35999999999999943,-2.6099999999999994,6.756739130434783,1.7234782608695653,87.0208695652174,5.195,1.5612499999999998,85.35374999999999,0.12526644208830567,Low Risk,capital adequacy level (+0.005); provision coverage (+0.004); one-year LDR movement (+0.003),False,,0
601958,PT Bank Perekonomian Rakyat Nusantara Bona Pasogit Tujuh,Provinsi Sumatera Utara,Kab. Simalungun,-1.523973,97.4396866,1.18,4.32,83.63,93.58,30.81,16.42,-0.1100000000000001,-0.6299999999999999,2.1199999999999903,-3.080000000000002,4.243333333333333,3.3633333333333333,85.55,3.3250000000000006,2.6999999999999997,88.52,0.12487667604962141,Low Risk,profitability level (+0.006); three-year capital trend (+0.003); asset growth (+0.002),False,,0
601860,PT Bank Perekonomian Rakyat Balaguna Perasta,Provinsi Bali,Kab. Klungkung,-8.5421636,115.3905561,1.85,3.0,74.75,50.85,29.36,19.42,-1.25,0.41000000000000014,-3.5999999999999943,-6.149999999999999,3.245,2.4050000000000002,81.825,2.6825,2.4487500000000004,79.805,0.12484256403418775,Low Risk,three-year BOPO trend (+0.014); three-year capital trend (+0.006); one-year KPMM movement (+0.003),False,,0
601576,PT Bank Perekonomian Rakyat Badan Kredit Kecamatan Wonogiri (Perseroda),Provinsi Jawa Tengah,Kab. Wonogiri,-7.9304472,110.8697227,5.88,2.79,80.35,97.83,18.75,9.76,-0.40000000000000036,0.18999999999999995,-0.2600000000000051,-0.21999999999999886,9.385,2.405,80.565,14.396666666666667,1.0999999999999999,77.88666666666667,0.1246514752809405,Low Risk,loan-to-deposit position (+0.010); three-year capital trend (+0.003); loan growth (+0.000),False,,0
601192,PT BPR X Koto Singkarak,Provinsi Sumatera Barat,Kab. Solok,-0.8101671,100.6494506,1.32,2.35,85.5,95.58,38.08,12.74,0.55,-0.009999999999999787,1.9599999999999937,-3.6300000000000026,14.255,1.93,114.25999999999999,8.962857142857144,2.1685714285714286,94.49000000000001,0.12459287768747626,Low Risk,three-year capital trend (+0.008); one-year KPMM movement (+0.003); loan-to-deposit position (+0.002),False,,0
600420,PERUMDA Bank Perekonomian Rakyat Kabupaten Cirebon,Provinsi Jawa Barat,Kab. Cirebon,-6.7879896,108.5149847,6.01,2.7,81.34,90.12,16.77,40.88,0.46999999999999975,-0.06999999999999984,-0.5999999999999943,-0.019999999999999574,10.655,1.4124999999999999,91.95249999999999,7.289999999999999,0.9974999999999998,92.08749999999999,0.12418428132734197,Low Risk,loan-to-deposit position (+0.006); three-year BOPO trend (+0.006); deposit funding mix (+0.005),False,,0
602578,PT Bank Perekonomian Rakyat Tanaoba Lais Manekat,Provinsi Nusa Tenggara Timur,Kota Kupang,-10.15952,123.5872167,3.79,2.19,85.35,112.8,24.46,6.42,-0.40000000000000036,-0.27,2.259999999999991,-0.7399999999999984,10.592,3.418,82.612,9.47,2.2985714285714285,88.26571428571428,0.12370698969114936,Low Risk,funding pressure (+0.007); loan-to-deposit position (+0.006); provision coverage (+0.001),False,,0
600619,PT Bank Perekonomian Rakyat Gunung Simping Artha,Provinsi Jawa Tengah,Kab. Banyumas,-7.4245375,109.1995857,0.71,2.22,80.16,128.82,15.74,11.48,-0.16000000000000003,-0.45999999999999996,3.0,-5.139999999999999,14.19714285714286,1.18,92.3257142857143,11.177142857142858,1.554285714285714,90.10285714285715,0.12244130079146627,Low Risk,funding pressure (+0.011); one-year KPMM movement (+0.009); loan-to-deposit position (+0.006),False,,0
601126,PT Bank Perekonomian Rakyat Centradana Kapuas,Provinsi Kalimantan Barat,Kota Pontianak,-0.0299911,109.3333619,3.62,2.38,77.2,80.66,27.44,5.53,-4.16,0.13999999999999968,-0.5499999999999972,-1.0299999999999976,6.430000000000001,1.4455555555555557,88.02222222222221,5.204285714285715,1.1414285714285715,90.13428571428571,0.1221070222749047,Low Risk,provision coverage (+0.007); loan growth (+0.003); one-year KPMM movement (+0.002),False,,0
602575,Perumda BPR Bintan,Provinsi Kep. Riau,Kab. Bintan (d/h Kab. Kepulauan Riau),0.9597278,104.2527093,4.59,1.98,83.03,91.04,32.79,8.32,0.4399999999999995,0.26,-1.7000000000000028,-1.3000000000000043,,,,3.99,1.9575,84.72375,0.12206448400574266,Low Risk,loan-to-deposit position (+0.006); one-year LDR movement (+0.003); three-year ROA trend (+0.003),False,,0
600418,PT Bank Perekonomian Rakyat Cirebon Jabar (Perseroda),Provinsi Jawa Barat,Kab. Cirebon,-6.7488021,108.4142478,6.47,2.6,82.83,69.24,25.94,27.23,0.019999999999999574,0.29000000000000004,-2.969999999999999,0.1700000000000017,10.54,1.4375,91.58,5.760000000000001,1.7299999999999998,91.37333333333333,0.12183071542176444,Low Risk,three-year NPL net trend (+0.010); three-year BOPO trend (+0.008); three-year ROA trend (+0.003),False,,0
600011,PT BANK PEREKONOMIAN RAKYAT NUSANTARA BONA PASOGIT DUA PULUH DUA,Provinsi Sumatera Utara,Kota Binjai,-1.3282004,97.4559099,3.77,1.87,91.9,84.08,16.06,14.31,-1.0900000000000003,-0.3500000000000001,-0.12999999999999545,-2.9700000000000024,,,,2.893333333333333,3.108333333333333,87.14166666666665,0.12107521996506987,Low Risk,three-year capital trend (+0.013); operating efficiency pressure (+0.003),False,,0
600483,PERUMDA BPR Kuningan,Provinsi Jawa Barat,Kab. Kuningan,-6.982576,108.4831023,2.52,1.27,90.16,123.01,17.14,13.48,0.2999999999999998,0.030000000000000027,-3.9099999999999966,0.10000000000000142,32.300000000000004,-6.034999999999999,155.49,16.308,-1.6179999999999999,116.45599999999999,0.12095513531283428,Low Risk,funding pressure (+0.010); loan-to-deposit position (+0.006); one-year LDR movement (+0.004),False,,0
601591,PT Bank Perekonomian Rakyat Badan Kredit Kecamatan Tasikmadu (Perseroda) Kabupaten Karanganyar,Provinsi Jawa Tengah,Kab. Karanganyar,-7.3211712,110.4403654,6.78,2.01,84.59,87.81,18.95,13.17,0.39000000000000057,-0.11000000000000032,0.5499999999999972,-1.870000000000001,15.912,-0.66,107.245,10.7975,3.5612500000000002,82.7275,0.1201010991106981,Low Risk,three-year NPL net trend (+0.012); high NPL net (+0.007); loan-to-deposit position (+0.003),False,,0
602639,PT Bank Perekonomian Rakyat Dana Raya,Provinsi Sulawesi Utara,Kota Manado,1.4708918,124.8362998,0.41,4.8,73.17,87.35,25.7,16.55,-0.12000000000000005,0.009999999999999787,-0.0799999999999983,2.91,12.128,1.7600000000000002,94.85400000000001,14.692499999999999,1.18,97.39250000000001,0.12009651052819424,Low Risk,three-year BOPO trend (+0.006); deposit funding mix (+0.004); profitability level (+0.004),False,,0
602685,PT Bank Perekonomian Rakyat Asia Sejahtera,Provinsi Kep. Riau,Kota Tanjung Pinang,0.9196744,104.4565173,1.63,2.86,77.22,92.51,15.23,8.55,0.5399999999999998,-0.8400000000000003,2.75,-0.5,6.54,1.6287500000000001,87.6525,6.54,1.62875,87.6525,0.11982288672713759,Low Risk,loan-to-deposit position (+0.011); one-year ROA movement (+0.010); asset growth (+0.010),False,,0
602676,PT Bank Perekonomian Rakyat Mega Mas Lestari,Provinsi Kep. Riau,Kab. Karimun,0.9984015,103.4183705,2.13,3.49,73.06,104.49,27.57,12.02,0.040000000000000036,-0.04999999999999982,-0.5300000000000011,1.4499999999999993,9.903333333333334,1.3199999999999996,89.77999999999999,7.220000000000001,2.3987499999999997,83.61375,0.11969186792932304,Low Risk,loan-to-deposit position (+0.007); deposit funding mix (+0.006); deposit growth (+0.002),False,,0
602070,PT Bank Perekonomian Rakyat Hasamitra,Provinsi Sulawesi Selatan,Kota Makassar,-5.1619203,119.4187459,0.24,2.53,76.45,124.29,20.65,8.19,-0.10000000000000003,-0.17000000000000037,2.510000000000005,-0.0400000000000027,4.932857142857143,-2.3842857142857143,123.46571428571428,4.497142857142857,-3.4242857142857153,136.99571428571429,0.11959032301362724,Low Risk,deposit funding mix (+0.015); funding pressure (+0.003); three-year BOPO trend (+0.001),False,,0
600719,PT Bank Perekonomian Rakyat Bank Bantul (Perseroda),Provinsi D.I. Yogyakarta,Kab. Bantul,-7.8885757,110.3239571,1.51,1.89,79.59,112.72,33.69,13.91,-1.0999999999999999,0.22999999999999998,-2.969999999999999,0.35999999999999943,10.141,1.561,88.919,12.43875,1.115,91.19874999999999,0.11948331093430502,Low Risk,funding pressure (+0.007); three-year BOPO trend (+0.005); deposit funding mix (+0.004),False,,0
601417,PT Bank Perekonomian Rakyat Danarakyat Sentosa,Provinsi Jawa Tengah,Kab. Magelang,-7.498374,110.085208,4.59,3.4,75.3,71.68,28.48,11.44,0.5,-0.050000000000000266,-0.38000000000000966,1.3500000000000014,13.582727272727272,1.08,91.74545454545455,10.2,1.47125,90.3475,0.11947766423524134,Low Risk,provision coverage (+0.006); loan growth (+0.003); three-year ROA trend (+0.003),False,,0
600320,PT Bank Perekonomian Rakyat Rokan Hilir (Perseroda),Provinsi Riau,Kab. Rokan Hilir,1.9402064,100.4386279,2.21,4.12,81.77,104.64,25.93,19.52,-0.26000000000000023,0.26000000000000023,0.37999999999999545,-4.5,,,,2.41,3.3166666666666664,86.30666666666666,0.118949683894576,Low Risk,loan-to-deposit position (+0.010); three-year capital trend (+0.008); profitability level (+0.004),False,,0
602665,PD. BPR Artha Sukapura,Provinsi Jawa Barat,Kab. Tasikmalaya,-7.3227749,108.2250729,3.82,2.28,77.11,91.96,21.73,29.13,-1.0100000000000002,-0.4500000000000002,-4.560000000000002,-1.1900000000000013,14.368,1.066,96.41599999999998,8.18,2.13,86.93666666666667,0.11882402620464352,Low Risk,three-year BOPO trend (+0.006); loan-to-deposit position (+0.006); one-year LDR movement (+0.005),False,,0
600549,PT BPR Bank Bapas 69 (Perseroda),Provinsi Jawa Tengah,Kab. Magelang,-7.4874653,110.0513689,2.49,2.64,74.34,80.61,25.16,19.8,0.4500000000000002,-0.11999999999999966,-0.519999999999996,0.6700000000000017,13.773636363636363,1.1490909090909092,91.83272727272727,10.462499999999999,1.5662500000000001,90.4675,0.11820035935648823,Low Risk,operating efficiency pressure (+0.016); NPL net versus bank history (+0.005); loan growth (+0.001),False,,0
602075,PT Bank Perekonomian Rakyat Dana Bintan Sejahtera,Provinsi Kep. Riau,Kota Tanjung Pinang,0.9297963,104.4378413,1.28,1.76,86.6,107.05,28.72,20.11,-0.41999999999999993,-0.95,6.61999999999999,10.689999999999998,6.58375,1.76625,86.48,6.58375,1.7662499999999999,86.47999999999999,0.11736599269909018,Low Risk,one-year KPMM movement (+0.011); loan-to-deposit position (+0.006); asset growth (+0.002),False,,0
600998,PT Bank Perekonomian Rakyat Indra Candra,Provinsi Bali,Kab. Buleleng,-8.3894462,114.810593,1.31,1.54,83.01,39.19,45.01,11.76,-0.09999999999999987,-0.7199999999999998,6.840000000000003,5.239999999999995,13.893333333333333,-2.3366666666666664,127.15500000000002,12.327142857142857,-0.024285714285714275,96.31142857142858,0.11712832013080993,Low Risk,loan growth (+0.018); one-year KPMM movement (+0.006); capital adequacy level (+0.002),False,,0
600092,PT BANK PEREKONOMIAN RAKYAT NUSANTARA BONA PASOGIT ENAM BELAS,Provinsi Sumatera Utara,Kab. Labuhan Batu,2.0800225,99.8504196,3.36,1.48,92.61,66.38,29.46,11.31,2.07,-0.69,2.3400000000000034,0.6900000000000013,2.98,6.98,79.48,3.04,4.29,83.415,0.11704441371218703,Low Risk,one-year NPL net movement (+0.013); three-year ROA trend (+0.006),False,,0
600088,PT Bank Perekonomian Rakyat Artha Huda Abadi,Provinsi Jawa Tengah,Kab. Pati,-6.7182651,110.8660247,2.88,3.48,82.54,117.06,15.81,21.04,0.2999999999999998,-0.06999999999999984,-0.5999999999999943,-0.29999999999999893,12.475555555555555,3.598888888888889,82.7688888888889,16.49142857142857,1.47,89.8157142857143,0.11660655262601163,Low Risk,funding pressure (+0.014); loan-to-deposit position (+0.005),False,,0
600067,PT Bank Perekonomian Rakyat Prima,Provinsi Jawa Tengah,Kab. Magelang,-7.4865687,110.1018698,4.79,1.95,84.32,79.95,24.97,7.29,-1.0899999999999999,-0.6500000000000001,3.4599999999999937,4.379999999999999,13.564545454545454,1.211818181818182,90.92545454545456,10.174999999999999,1.6524999999999999,89.22,0.11493267765761285,Low Risk,deposit funding mix (+0.005); loan growth (+0.002); asset growth (+0.002),False,,0
600886,PT Bank Perekonomian Rakyat Dharma Indra,Provinsi Jawa Timur,Kab. Lumajang,-8.1606425,113.091497,1.83,2.68,77.82,75.59,40.88,21.22,-2.6399999999999997,0.38000000000000034,-1.2800000000000011,0.3300000000000054,8.555,2.94,80.72,7.339999999999999,3.3614285714285717,81.27285714285713,0.11463873323771195,Low Risk,three-year BOPO trend (+0.022); NPL net versus bank history (+0.006); capital adequacy level (+0.003),False,,0
601930,PT BANK PEREKONOMIAN RAKYAT PIJER PODI KEKELENGEN,Provinsi Sumatera Utara,Kab. Deli Serdang,3.4875307,98.3660502,3.41,1.1,92.92,91.93,16.42,14.32,0.9900000000000002,-0.6299999999999999,4.079999999999998,0.19000000000000128,6.333333333333333,1.2959999999999996,100.15666666666667,7.805714285714286,-1.3114285714285718,115.17857142857143,0.11411394386688088,Low Risk,three-year NPL net trend (+0.013); loan-to-deposit position (+0.005); NPL net versus bank history (+0.003),False,,0
600927,PT Bank Perekonomian Rakyat Sentral Arta Jaya,Provinsi Jawa Timur,Kota Probolinggo,-7.7556629,113.2184429,6.08,1.13,86.68,73.59,33.63,19.9,-1.7299999999999995,-0.3500000000000001,-0.519999999999996,2.0500000000000043,35.88,-3.91,165.81,8.531666666666668,1.1783333333333335,96.89,0.11347107134937588,Low Risk,one-year LDR movement (+0.007); loan growth (+0.003); asset growth (+0.002),False,,0
600252,PT Bank Perekonomian Rakyat Lengayang,Provinsi Sumatera Barat,Kab. Pesisir Selatan,-1.5227229,100.4777396,2.94,2.36,85.19,105.88,20.89,20.95,-0.040000000000000036,0.21999999999999975,-1.8400000000000034,1.0700000000000003,5.046666666666666,1.5733333333333335,88.41333333333334,4.737500000000001,2.5025,85.2375,0.11311946890145928,Low Risk,loan-to-deposit position (+0.009); asset growth (+0.001),False,,0
600670,PT Bank Perekonomian Rakyat Bank Klaten (Perseroda) Kabupaten Klaten,Provinsi Jawa Tengah,Kab. Klaten,-7.7158338,110.5678709,3.65,2.2,78.33,86.31,24.5,9.54,1.44,-0.10999999999999988,0.030000000000001137,1.9299999999999997,16.141666666666666,0.6841666666666667,97.94583333333334,14.745,0.39625,99.40125,0.11249392246248437,Low Risk,one-year NPL net movement (+0.008); loan-to-deposit position (+0.003); three-year BOPO trend (+0.002),False,,0
601020,PT Bank Perekonomian Rakyat Nusamba Kubutambahan,Provinsi Bali,Kab. Buleleng,-8.0933064,115.0928959,3.01,1.93,87.84,72.34,23.62,38.01,-1.25,-0.26,0.21000000000000796,0.5400000000000027,13.61,-2.4016666666666664,126.35000000000001,14.6775,-1.9024999999999999,120.52499999999999,0.1117947809147248,Low Risk,three-year capital trend (+0.015); one-year LDR movement (+0.006); loan growth (+0.004),False,,0
600769,PT Bank Perekonomian Rakyat Bank Daerah Lamongan Perseroda,Provinsi Jawa Timur,Kab. Lamongan,-7.2132107,112.1062679,4.4,2.57,82.23,79.81,14.1,31.67,-0.7999999999999998,0.33999999999999986,-1.8499999999999943,0.28999999999999915,10.27,4.258,82.362,7.966666666666666,3.018333333333333,89.98333333333333,0.11135561741253479,Low Risk,three-year BOPO trend (+0.007); three-year ROA trend (+0.001); loan growth (+0.001),False,,0
600019,Perumda BPR Bank Kota Bogor,Provinsi Jawa Barat,Kota Bogor,-6.5831202,106.7864918,1.84,2.82,80.87,114.71,48.61,8.98,-0.039999999999999813,-0.020000000000000018,-0.6499999999999915,-3.4399999999999977,15.42,0.21500000000000008,98.755,24.330000000000002,0.16000000000000014,98.968,0.11079233420693425,Low Risk,loan-to-deposit position (+0.007); one-year LDR movement (+0.003); one-year KPMM movement (+0.003),False,,0
600908,PT Bank Perekonomian Rakyat Sejahtera Batam,Provinsi Kep. Riau,Kota Batam,1.1009183,103.9934805,1.59,2.43,80.23,82.7,39.58,8.26,-0.9599999999999997,-0.3999999999999999,3.469999999999999,0.29999999999999716,5.588518518518518,2.297407407407407,82.5262962962963,6.004999999999999,2.03125,83.10499999999999,0.11050925291606836,Low Risk,provision coverage (+0.006); deposit funding mix (+0.005); one-year ROA movement (+0.002),False,,0
601873,PT BANK PEREKONOMIAN RAKYAT NUSANTARA BONA PASOGIT DELAPAN BELAS,Provinsi Sumatera Utara,Kab. Serdang Bedagai,3.0861099,98.2735685,5.63,-1.51,109.33,69.96,12.58,23.55,2.54,-4.35,22.03,-6.340000000000002,2.9699999999999998,4.68,74.61999999999999,4.972857142857143,2.3314285714285714,86.05428571428571,0.11001626351102976,Low Risk,three-year NPL net trend (+0.009); three-year capital trend (+0.006); one-year NPL net movement (+0.005),False,,0
600666,PT Bank Perekonomian Rakyat Bank Boyolali (Perseroda),Provinsi Jawa Tengah,Kab. Boyolali,-7.5135707,110.5896062,2.98,2.17,79.6,82.46,37.55,12.18,-1.0399999999999996,-0.1200000000000001,2.009999999999991,4.519999999999996,6.808,1.998,88.474,12.98,1.625714285714286,94.90571428571427,0.1087689293981186,Low Risk,provision coverage (+0.003); one-year KPMM movement (+0.003); loan growth (+0.001),False,,0
601019,PT Bank Perekonomian Rakyat Bank Daerah Gianyar (Perseroda),Provinsi Bali,Kab. Gianyar,-8.5412058,115.3146523,1.42,1.09,83.92,43.05,42.38,9.73,-0.16000000000000014,-0.08999999999999986,-0.01999999999999602,-8.61,5.666363636363636,2.1859090909090906,83.35863636363636,3.7849999999999997,2.7600000000000002,78.00375,0.10804025682760542,Low Risk,three-year capital trend (+0.004); loan growth (+0.003); one-year KPMM movement (+0.003),False,,0
600961,PT Bank Perekonomian Rakyat Ekadharma Bhinaraharja,Provinsi Jawa Timur,Kab. Magetan,-7.6214419,111.3341407,2.16,3.11,77.65,107.55,18.55,13.76,1.3400000000000003,0.6799999999999997,-0.1699999999999875,2.4800000000000004,18.743333333333336,-2.256666666666667,103.42,11.816666666666668,1.8283333333333331,89.89999999999999,0.107532464156597,Low Risk,one-year LDR movement (+0.008); loan-to-deposit position (+0.006); one-year NPL net movement (+0.005),False,,0
600324,PT Bank Perekonomian Rakyat Karyautama Jabar Perseroda,Provinsi Jawa Barat,Kab. Subang,-6.6782997,107.6846843,10.91,-7.82,126.98,81.38,24.16,20.08,-11.41,-8.6,31.090000000000003,-6.079999999999998,8.180000000000001,5.286,86.636,6.552,-1.1619999999999997,103.36800000000001,0.10708267943502815,Low Risk,high NPL net (+0.018); NPL net versus bank history (+0.001),False,,0
601071,PT Bank Perekonomian Rakyat Cahaya Bina Putra,Provinsi Bali,Kab. Badung,-8.6452752,115.1667532,5.89,0.87,90.87,65.19,22.81,22.25,-1.67,-0.2899999999999999,2.280000000000001,8.28,6.647391304347827,1.7345652173913042,86.96826086956521,4.56625,1.625,85.05125000000001,0.10616076782246923,Low Risk,one-year KPMM movement (+0.012); loan growth (+0.002); asset growth (+0.002),False,,0
601766,PT Bank Perekonomian Rakyat Bank Tulungagung Perseroda,Provinsi Jawa Timur,Kab. Tulungagung,-8.0501593,111.9059895,1.0,3.33,76.13,101.9,56.98,31.86,0.07999999999999996,0.43000000000000016,1.4399999999999977,-0.8800000000000026,6.368,4.862,77.916,7.008333333333334,4.403333333333333,79.74166666666666,0.1053366514204303,Low Risk,loan-to-deposit position (+0.005); loan growth (+0.001); capital adequacy level (+0.001),False,,0
601964,PT BANK PEREKONOMIAN RAKYAT NUSANTARA BONA PASOGIT TIGA,Provinsi Sumatera Utara,Kota Sibolga,1.7388856,98.7829316,2.98,2.91,86.4,63.9,25.85,15.44,-0.41999999999999993,-0.029999999999999805,1.2900000000000063,1.0200000000000031,,,,4.471666666666667,2.975,86.67666666666668,0.10497995201111494,Low Risk,loan growth (+0.003),False,,0
601447,PT Bank Perekonomian Rakyat Ambarketawang Persada,Provinsi D.I. Yogyakarta,Kab. Bantul,-7.7998153,110.3299035,1.84,3.64,74.82,95.73,33.75,13.66,-1.2099999999999997,0.050000000000000266,0.029999999999986926,2.75,10.108,1.386,89.396,14.191666666666665,1.0,95.21333333333332,0.1046949917757462,Low Risk,deposit funding mix (+0.005); loan-to-deposit position (+0.002); loan growth (+0.000),False,,0
601956,PT Bank Perekonomian Rakyat Nusantara Bona Pasogit Delapan,Provinsi Sumatera Utara,Kab. Dairi,-1.7275255,97.2887469,0.0,4.11,86.36,101.56,15.55,13.81,-1.88,0.5100000000000002,-0.2600000000000051,0.040000000000000924,,,,3.521666666666667,2.735,88.06500000000001,0.1039743366755356,Low Risk,loan-to-deposit position (+0.005); profitability level (+0.004); NPL net versus bank history (+0.003),False,,0
600723,PT Bank Perekonomian Rakyat Bank Kulon Progo (Perseroda),Provinsi D.I. Yogyakarta,Kab. Kulon Progo,-7.8027904,109.993005,4.2,1.02,88.88,72.69,22.12,9.09,1.12,0.040000000000000036,-3.700000000000003,-0.029999999999997584,11.525,0.5249999999999999,96.33500000000001,14.396,0.9019999999999999,92.75399999999999,0.10397292061099844,Low Risk,one-year NPL net movement (+0.006); one-year BOPO movement (+0.004); three-year BOPO trend (+0.002),False,,0
600555,PT BPR Bank Temanggung (Perseroda),Provinsi Jawa Tengah,Kab. Temanggung,-7.2941077,109.9563348,2.14,2.45,77.14,66.68,24.21,33.26,0.17000000000000015,-0.06999999999999984,-2.8700000000000045,0.490000000000002,19.56833333333333,1.611666666666667,90.94333333333333,15.037142857142856,2.0799999999999996,88.42999999999999,0.10372061683099947,Low Risk,NPL net versus bank history (+0.007); one-year LDR movement (+0.007); one-year BOPO movement (+0.006),False,,0
601879,PT Bank Perekonomian Rakyat Bank Daerah Pati (Perseroda),Provinsi Jawa Tengah,Kab. Pati,-6.7375413,110.8339703,2.62,2.37,80.03,106.72,24.86,13.09,0.8,0.03000000000000025,0.37999999999999545,-0.8300000000000018,12.504444444444443,3.7222222222222223,83.04777777777778,16.52857142857143,1.6285714285714286,90.17428571428572,0.10322890002939285,Low Risk,loan-to-deposit position (+0.009); one-year KPMM movement (+0.002); loan growth (+0.000),False,,0
602666,PT Bank Perekonomian Rakyat Artha Galunggung Perseroda,Provinsi Jawa Barat,Kota Tasikmalaya,-7.3424228,108.214867,2.37,2.48,79.86,90.47,21.1,29.82,0.6700000000000002,-0.010000000000000231,3.969999999999999,-0.5199999999999996,5.75,2.3699999999999997,85.77,9.488,1.904,86.304,0.10179806102584216,Low Risk,loan-to-deposit position (+0.005); one-year LDR movement (+0.003),False,,0
601924,PT Bank Perekonomian Rakyat Prisma Dana,Provinsi Sulawesi Utara,Kota Manado,-2.2912284,105.2167757,1.87,4.08,84.7,95.52,13.28,18.91,-0.41999999999999993,0.8900000000000001,-1.759999999999991,-1.9300000000000015,11.836,1.904,92.54800000000002,7.642857142857143,1.3985714285714284,89.14,0.09982021129640911,Low Risk,deposit funding mix (+0.004); one-year LDR movement (+0.003); one-year KPMM movement (+0.002),False,,0
601957,PT Bank Perekonomian Rakyat Nusantara Bona Pasogit Enam,Provinsi Sumatera Utara,Kab. Simalungun,-1.523973,97.4861463,0.69,3.17,85.25,101.71,16.88,19.23,-0.3600000000000001,-0.8700000000000001,0.7399999999999949,-3.6700000000000017,4.406666666666667,3.7466666666666666,85.00999999999999,3.4066666666666667,2.891666666666667,88.25,0.09975627249980483,Low Risk,three-year capital trend (+0.006); loan-to-deposit position (+0.005); one-year KPMM movement (+0.001),False,,0
601788,PT Bank Perekonomian Rakyat Wiradhana Putramas,Provinsi Jawa Timur,Kab. Sidoarjo,-7.3564183,112.1004109,0.39,4.07,80.68,64.16,32.55,9.87,0.10999999999999999,0.0900000000000003,-2.4599999999999937,-0.2600000000000051,13.899736842105265,-1.0531578947368418,119.305,8.522857142857143,3.912857142857143,85.73714285714286,0.0984222055088718,Low Risk,loan-to-deposit position (+0.002); loan growth (+0.002); profitability level (+0.002),False,,0
600931,PT Bank Perekonomian Rakyat Angga Perkasa,Provinsi Jawa Timur,Kab. Probolinggo,-7.7973871,113.2316767,1.0,0.49,94.11,22.76,29.48,19.52,0.18000000000000005,0.38,-4.570000000000007,-0.5999999999999979,5.31,2.4299999999999997,80.71,11.122,1.11,97.412,0.09799541323609055,Low Risk,one-year BOPO movement (+0.003); one-year KPMM movement (+0.002); loan growth (+0.002),False,,0
600258,PT. BPR Harau,Provinsi Sumatera Barat,Kab. Limapuluh Koto,-0.167351,100.6571518,2.52,2.12,86.48,88.98,17.41,13.02,1.37,-0.029999999999999805,1.7900000000000063,-0.6000000000000014,10.337142857142856,-1.2342857142857144,110.80142857142857,7.050000000000001,-0.20500000000000007,102.605,0.09774049793440502,Low Risk,loan-to-deposit position (+0.005); one-year NPL net movement (+0.004),False,,0
600249,PT Bank Perekonomian Rakyat Gema Pesisir,Provinsi Sumatera Barat,Kab. Pesisir Selatan,-1.9811004,100.8399424,1.66,1.92,87.72,86.38,18.28,11.1,0.52,-0.07000000000000006,1.2099999999999937,-2.0199999999999996,5.473333333333333,1.72,87.57000000000001,7.696000000000001,-0.146,100.112,0.09683272218649745,Low Risk,provision coverage (+0.004); one-year KPMM movement (+0.002); loan-to-deposit position (+0.002),False,,0
600999,PT Bank Perekonomian Rakyat Bank Daerah Bangli (Perseroda),Provinsi Bali,Kab. Bangli,-8.3488984,115.2757365,3.2,1.66,81.97,49.46,20.6,33.49,-1.7400000000000002,-0.28,2.0,-2.2699999999999996,28.324999999999996,-5.300000000000001,135.24,7.366250000000001,1.39625,89.065,0.09377081298474259,Low Risk,three-year capital trend (+0.002); asset growth (+0.000); operating efficiency pressure (+0.000),False,,0
601874,PT Bank Perekonomian Rakyat Nusantara Bona Pasogit Lima Belas,Provinsi Sumatera Utara,Kab. Karo,3.1435854,98.4585024,0.98,3.4,85.17,73.46,13.68,18.51,-0.21999999999999997,-0.03000000000000025,-0.14000000000000057,-1.4600000000000009,5.199999999999999,2.4200000000000004,77.59999999999998,5.7457142857142856,1.772857142857143,90.50714285714285,0.0929442512483009,Low Risk,three-year capital trend (+0.008),False,,0
601919,PT Bank Perekonomian Rakyat Arya Bira Karsa,Provinsi Sulawesi Utara,Kab. Minahasa Utara,1.4636055,124.925655,0.58,2.03,76.23,69.04,15.03,10.75,-0.87,0.04999999999999982,-1.1700000000000017,-0.8500000000000014,16.79,0.2999999999999998,98.18000000000002,11.836,1.904,92.548,0.08806973737196248,Low Risk,NPL net versus bank history (+0.003); provision coverage (+0.002); operating efficiency pressure (+0.000),False,,0
601015,PT Bank Perekonomian Rakyat Tri Darma Putri,Provinsi Bali,Kab. Klungkung,-8.5402888,115.3985562,1.27,1.29,89.88,58.84,14.08,11.71,-4.92,-0.07000000000000006,1.539999999999992,0.47000000000000064,3.39,2.8325000000000005,78.0425,2.755,2.6624999999999996,77.91375000000001,0.07983297698340647,Low Risk,asset scale (+0.010); equity-to-assets position (+0.007); high NPL net (+0.006),False,,0
